split,repeat,fold,row_index,true,new,original,wide_svm
0,0,0,3,van,van,van,van
0,0,0,10,van,van,van,van
0,0,0,19,opel,opel,opel,opel
0,0,0,32,opel,saab,saab,saab
0,0,0,38,saab,saab,opel,saab
0,0,0,80,bus,bus,bus,bus
0,0,0,90,saab,saab,saab,saab
0,0,0,98,opel,opel,opel,opel
0,0,0,102,van,van,van,van
0,0,0,109,bus,bus,bus,bus
0,0,0,112,opel,opel,opel,opel
0,0,0,114,van,van,van,van
0,0,0,139,van,van,van,van
0,0,0,144,opel,opel,opel,opel
0,0,0,150,saab,saab,saab,saab
0,0,0,153,saab,saab,saab,saab
0,0,0,161,opel,saab,saab,saab
0,0,0,169,van,van,van,van
0,0,0,184,saab,saab,saab,saab
0,0,0,216,saab,opel,opel,opel
0,0,0,224,saab,saab,saab,saab
0,0,0,249,saab,saab,saab,saab
0,0,0,277,opel,saab,opel,saab
0,0,0,281,bus,bus,bus,bus
0,0,0,287,van,van,van,van
0,0,0,294,bus,bus,bus,bus
0,0,0,307,opel,opel,opel,opel
0,0,0,310,saab,opel,opel,opel
0,0,0,314,bus,bus,bus,bus
0,0,0,321,bus,bus,bus,bus
0,0,0,328,van,van,van,van
0,0,0,337,bus,bus,bus,bus
0,0,0,344,opel,opel,opel,opel
0,0,0,357,saab,saab,saab,saab
0,0,0,360,saab,saab,saab,saab
0,0,0,366,van,van,van,van
0,0,0,367,saab,saab,saab,saab
0,0,0,373,bus,bus,bus,bus
0,0,0,387,van,van,van,van
0,0,0,389,opel,opel,opel,opel
0,0,0,390,bus,bus,bus,bus
0,0,0,394,saab,opel,opel,opel
0,0,0,399,van,van,van,van
0,0,0,424,opel,opel,opel,opel
0,0,0,435,van,van,van,van
0,0,0,449,van,van,van,van
0,0,0,453,bus,bus,bus,bus
0,0,0,471,opel,opel,opel,opel
0,0,0,479,bus,bus,bus,bus
0,0,0,502,opel,saab,saab,saab
0,0,0,507,opel,saab,saab,saab
0,0,0,531,bus,bus,bus,bus
0,0,0,535,van,van,van,van
0,0,0,537,van,van,van,van
0,0,0,549,saab,saab,saab,saab
0,0,0,591,opel,opel,opel,opel
0,0,0,592,bus,bus,bus,bus
0,0,0,593,saab,saab,opel,saab
0,0,0,595,opel,opel,opel,opel
0,0,0,596,opel,opel,opel,opel
0,0,0,607,van,van,van,van
0,0,0,646,bus,bus,bus,bus
0,0,0,670,opel,saab,opel,saab
0,0,0,684,bus,bus,bus,bus
0,0,0,688,saab,van,van,van
0,0,0,702,opel,opel,opel,opel
0,0,0,703,van,van,van,van
0,0,0,720,opel,saab,saab,saab
0,0,0,739,van,van,van,van
0,0,0,752,bus,bus,bus,bus
0,0,0,761,saab,saab,saab,saab
0,0,0,776,saab,opel,saab,opel
0,0,0,777,bus,bus,bus,bus
0,0,0,784,van,saab,saab,saab
0,0,0,785,bus,bus,bus,bus
0,0,0,796,opel,opel,opel,opel
0,0,0,803,bus,bus,bus,bus
0,0,0,805,bus,bus,bus,bus
0,0,0,807,saab,saab,saab,saab
0,0,0,819,saab,saab,saab,saab
0,0,0,831,bus,bus,bus,bus
0,0,0,835,bus,bus,bus,bus
0,0,0,841,saab,saab,saab,saab
0,0,0,844,saab,opel,saab,opel
0,0,0,845,van,van,van,van
1,0,1,2,saab,saab,saab,saab
1,0,1,23,bus,van,van,van
1,0,1,27,saab,saab,saab,saab
1,0,1,29,saab,opel,opel,opel
1,0,1,59,van,van,van,van
1,0,1,91,opel,saab,saab,saab
1,0,1,92,saab,opel,saab,opel
1,0,1,97,bus,bus,bus,bus
1,0,1,108,bus,bus,bus,bus
1,0,1,124,van,bus,van,bus
1,0,1,128,van,van,van,van
1,0,1,134,opel,opel,opel,opel
1,0,1,143,bus,bus,bus,bus
1,0,1,192,saab,saab,saab,saab
1,0,1,196,saab,opel,opel,opel
1,0,1,199,bus,bus,bus,bus
1,0,1,206,opel,saab,saab,saab
1,0,1,214,opel,opel,opel,opel
1,0,1,218,bus,bus,bus,bus
1,0,1,227,van,van,van,van
1,0,1,232,bus,bus,bus,bus
1,0,1,251,opel,opel,opel,opel
1,0,1,263,van,van,van,van
1,0,1,271,saab,saab,saab,saab
1,0,1,299,bus,bus,bus,bus
1,0,1,300,saab,opel,opel,opel
1,0,1,324,saab,saab,saab,saab
1,0,1,327,opel,opel,saab,opel
1,0,1,355,opel,saab,saab,saab
1,0,1,368,bus,bus,bus,bus
1,0,1,369,opel,saab,saab,saab
1,0,1,378,saab,opel,opel,opel
1,0,1,413,opel,opel,saab,opel
1,0,1,431,bus,bus,bus,bus
1,0,1,437,opel,opel,opel,opel
1,0,1,456,van,van,van,van
1,0,1,464,bus,bus,bus,bus
1,0,1,470,van,van,van,van
1,0,1,477,van,van,van,van
1,0,1,492,bus,bus,bus,bus
1,0,1,506,saab,saab,saab,saab
1,0,1,518,saab,saab,saab,saab
1,0,1,521,van,van,van,van
1,0,1,538,opel,opel,opel,opel
1,0,1,539,bus,bus,bus,bus
1,0,1,547,bus,van,van,van
1,0,1,551,opel,opel,opel,opel
1,0,1,554,saab,saab,saab,saab
1,0,1,555,opel,opel,opel,opel
1,0,1,556,bus,bus,bus,bus
1,0,1,567,saab,saab,saab,saab
1,0,1,579,opel,van,van,van
1,0,1,589,opel,opel,opel,opel
1,0,1,594,van,van,van,van
1,0,1,604,opel,saab,saab,saab
1,0,1,608,opel,opel,opel,opel
1,0,1,629,van,van,van,van
1,0,1,638,bus,bus,bus,bus
1,0,1,640,opel,saab,saab,saab
1,0,1,641,bus,bus,bus,bus
1,0,1,647,saab,saab,saab,saab
1,0,1,654,saab,opel,opel,opel
1,0,1,657,van,van,van,van
1,0,1,668,van,van,van,van
1,0,1,683,bus,bus,bus,bus
1,0,1,685,bus,bus,bus,bus
1,0,1,695,van,van,van,van
1,0,1,713,saab,saab,saab,saab
1,0,1,718,opel,opel,opel,opel
1,0,1,726,saab,saab,saab,saab
1,0,1,730,opel,opel,opel,opel
1,0,1,737,bus,bus,bus,bus
1,0,1,751,van,van,van,van
1,0,1,754,van,van,van,van
1,0,1,757,saab,saab,saab,saab
1,0,1,772,opel,saab,saab,saab
1,0,1,786,saab,saab,saab,saab
1,0,1,787,van,van,van,van
1,0,1,789,saab,saab,saab,saab
1,0,1,790,bus,bus,bus,bus
1,0,1,799,bus,bus,bus,bus
1,0,1,800,van,van,van,van
1,0,1,828,van,van,van,van
1,0,1,834,saab,opel,opel,opel
1,0,1,839,van,van,van,van
2,0,2,4,bus,bus,bus,bus
2,0,2,6,bus,bus,bus,bus
2,0,2,7,van,van,van,van
2,0,2,12,bus,bus,bus,bus
2,0,2,34,opel,opel,opel,opel
2,0,2,43,saab,saab,saab,saab
2,0,2,52,opel,opel,opel,opel
2,0,2,54,bus,bus,bus,bus
2,0,2,55,van,van,van,van
2,0,2,60,opel,opel,opel,opel
2,0,2,61,opel,opel,opel,opel
2,0,2,62,van,van,van,van
2,0,2,68,van,van,van,van
2,0,2,71,opel,opel,opel,opel
2,0,2,113,opel,van,opel,van
2,0,2,115,van,van,van,van
2,0,2,118,bus,bus,bus,bus
2,0,2,120,saab,saab,saab,saab
2,0,2,149,van,van,van,van
2,0,2,158,saab,saab,saab,saab
2,0,2,173,bus,bus,bus,bus
2,0,2,195,bus,bus,bus,bus
2,0,2,205,van,van,van,van
2,0,2,213,bus,bus,bus,bus
2,0,2,219,van,van,van,van
2,0,2,225,van,van,van,van
2,0,2,237,bus,bus,bus,bus
2,0,2,238,opel,opel,opel,opel
2,0,2,239,bus,bus,bus,bus
2,0,2,241,opel,opel,saab,opel
2,0,2,243,saab,saab,opel,saab
2,0,2,254,van,van,van,van
2,0,2,255,saab,saab,saab,saab
2,0,2,268,van,van,van,van
2,0,2,283,saab,saab,saab,saab
2,0,2,295,bus,bus,bus,bus
2,0,2,302,bus,bus,bus,bus
2,0,2,304,bus,bus,bus,bus
2,0,2,341,opel,saab,saab,saab
2,0,2,349,opel,opel,opel,opel
2,0,2,353,bus,bus,bus,bus
2,0,2,356,bus,bus,bus,bus
2,0,2,362,saab,saab,saab,saab
2,0,2,364,opel,opel,opel,opel
2,0,2,382,bus,bus,bus,bus
2,0,2,385,van,van,van,van
2,0,2,386,saab,saab,saab,saab
2,0,2,451,opel,opel,saab,opel
2,0,2,466,bus,bus,bus,bus
2,0,2,486,opel,saab,opel,opel
2,0,2,499,opel,opel,opel,opel
2,0,2,526,saab,saab,saab,saab
2,0,2,542,saab,opel,opel,opel
2,0,2,546,van,van,van,van
2,0,2,552,saab,opel,saab,opel
2,0,2,563,opel,opel,saab,opel
2,0,2,566,saab,saab,saab,saab
2,0,2,569,van,van,van,van
2,0,2,584,bus,bus,bus,bus
2,0,2,586,opel,opel,opel,opel
2,0,2,599,saab,opel,van,opel
2,0,2,609,bus,bus,bus,bus
2,0,2,613,bus,bus,bus,bus
2,0,2,623,saab,saab,saab,saab
2,0,2,633,opel,opel,opel,opel
2,0,2,635,van,van,van,van
2,0,2,648,saab,saab,saab,saab
2,0,2,661,saab,saab,saab,opel
2,0,2,665,van,van,van,van
2,0,2,675,opel,opel,opel,opel
2,0,2,680,van,van,van,van
2,0,2,690,saab,saab,saab,saab
2,0,2,692,saab,saab,saab,saab
2,0,2,699,opel,saab,saab,saab
2,0,2,704,opel,opel,opel,opel
2,0,2,706,van,bus,van,van
2,0,2,721,saab,saab,saab,saab
2,0,2,732,van,van,van,van
2,0,2,749,saab,opel,opel,opel
2,0,2,755,van,van,van,van
2,0,2,765,bus,bus,bus,bus
2,0,2,770,bus,bus,bus,bus
2,0,2,783,saab,opel,saab,opel
2,0,2,788,saab,saab,saab,saab
2,0,2,818,opel,opel,opel,opel
3,0,3,17,bus,bus,bus,bus
3,0,3,36,bus,bus,bus,bus
3,0,3,44,saab,saab,saab,saab
3,0,3,51,saab,bus,bus,bus
3,0,3,66,bus,bus,bus,bus
3,0,3,72,opel,saab,saab,saab
3,0,3,96,saab,saab,saab,saab
3,0,3,99,bus,bus,bus,bus
3,0,3,100,bus,van,van,van
3,0,3,103,van,van,van,van
3,0,3,106,opel,opel,opel,opel
3,0,3,110,van,van,van,van
3,0,3,116,opel,opel,opel,opel
3,0,3,117,saab,saab,saab,saab
3,0,3,123,saab,opel,opel,opel
3,0,3,142,opel,opel,opel,opel
3,0,3,146,van,van,van,van
3,0,3,166,saab,saab,saab,saab
3,0,3,185,bus,bus,bus,bus
3,0,3,187,opel,saab,saab,saab
3,0,3,189,opel,saab,saab,saab
3,0,3,208,bus,bus,bus,bus
3,0,3,228,saab,saab,saab,saab
3,0,3,258,saab,saab,saab,saab
3,0,3,289,saab,saab,saab,saab
3,0,3,290,van,van,van,van
3,0,3,293,van,van,van,van
3,0,3,325,bus,bus,bus,bus
3,0,3,329,saab,saab,opel,saab
3,0,3,330,van,van,van,van
3,0,3,339,bus,bus,bus,bus
3,0,3,361,saab,saab,saab,saab
3,0,3,372,van,van,van,van
3,0,3,375,bus,bus,bus,bus
3,0,3,377,saab,saab,saab,saab
3,0,3,381,bus,bus,bus,bus
3,0,3,396,bus,bus,bus,bus
3,0,3,411,opel,opel,opel,opel
3,0,3,432,saab,saab,saab,saab
3,0,3,438,opel,opel,opel,opel
3,0,3,443,opel,opel,opel,opel
3,0,3,448,bus,bus,bus,bus
3,0,3,450,bus,bus,bus,bus
3,0,3,465,bus,bus,bus,bus
3,0,3,467,opel,opel,opel,opel
3,0,3,472,bus,bus,bus,bus
3,0,3,473,opel,opel,opel,opel
3,0,3,482,opel,saab,saab,saab
3,0,3,485,bus,bus,bus,bus
3,0,3,496,opel,saab,opel,saab
3,0,3,529,bus,bus,bus,bus
3,0,3,530,saab,opel,opel,opel
3,0,3,533,van,van,van,van
3,0,3,541,van,van,van,van
3,0,3,548,bus,bus,bus,bus
3,0,3,550,van,van,van,van
3,0,3,557,saab,saab,saab,saab
3,0,3,558,bus,bus,bus,bus
3,0,3,561,opel,opel,opel,opel
3,0,3,565,saab,saab,saab,saab
3,0,3,572,van,van,van,van
3,0,3,573,van,van,van,van
3,0,3,585,van,van,van,van
3,0,3,618,van,van,van,van
3,0,3,621,van,van,van,van
3,0,3,626,bus,bus,bus,bus
3,0,3,634,opel,saab,saab,saab
3,0,3,639,opel,opel,opel,opel
3,0,3,642,saab,saab,opel,saab
3,0,3,645,opel,opel,opel,opel
3,0,3,660,van,van,van,van
3,0,3,686,opel,opel,van,opel
3,0,3,689,saab,saab,saab,saab
3,0,3,707,van,van,van,van
3,0,3,715,opel,opel,opel,opel
3,0,3,733,bus,bus,bus,bus
3,0,3,740,saab,saab,saab,saab
3,0,3,744,van,van,van,van
3,0,3,748,van,van,van,van
3,0,3,753,saab,saab,saab,saab
3,0,3,766,saab,saab,saab,saab
3,0,3,768,opel,saab,saab,saab
3,0,3,809,saab,saab,opel,saab
3,0,3,825,opel,saab,saab,saab
3,0,3,836,van,van,van,van
4,0,4,1,van,van,van,van
4,0,4,20,bus,bus,bus,bus
4,0,4,21,van,opel,opel,opel
4,0,4,37,van,van,van,van
4,0,4,39,bus,bus,bus,bus
4,0,4,41,van,van,van,van
4,0,4,77,saab,bus,bus,bus
4,0,4,84,bus,bus,bus,bus
4,0,4,101,van,van,van,van
4,0,4,131,saab,opel,opel,opel
4,0,4,135,van,van,van,van
4,0,4,156,opel,saab,saab,saab
4,0,4,159,opel,opel,opel,opel
4,0,4,179,van,van,van,van
4,0,4,194,saab,saab,saab,saab
4,0,4,210,opel,opel,saab,saab
4,0,4,215,opel,saab,saab,saab
4,0,4,222,bus,bus,bus,bus
4,0,4,223,bus,bus,bus,bus
4,0,4,233,saab,opel,opel,saab
4,0,4,252,van,van,van,van
4,0,4,276,bus,bus,bus,bus
4,0,4,285,saab,opel,opel,opel
4,0,4,296,bus,bus,bus,bus
4,0,4,297,saab,opel,opel,opel
4,0,4,298,saab,saab,saab,opel
4,0,4,301,opel,saab,saab,saab
4,0,4,308,opel,opel,opel,opel
4,0,4,309,opel,opel,opel,opel
4,0,4,312,bus,bus,bus,bus
4,0,4,317,saab,saab,saab,saab
4,0,4,318,van,van,van,van
4,0,4,338,van,van,van,opel
4,0,4,346,saab,saab,saab,saab
4,0,4,350,opel,opel,opel,opel
4,0,4,354,saab,saab,saab,saab
4,0,4,358,opel,saab,opel,saab
4,0,4,376,saab,saab,saab,saab
4,0,4,391,van,van,van,van
4,0,4,400,saab,saab,saab,saab
4,0,4,420,van,van,van,van
4,0,4,426,opel,opel,opel,opel
4,0,4,436,van,van,van,van
4,0,4,442,van,van,van,van
4,0,4,445,van,van,van,van
4,0,4,452,opel,saab,saab,saab
4,0,4,458,opel,opel,opel,opel
4,0,4,460,van,bus,van,bus
4,0,4,461,opel,opel,opel,opel
4,0,4,491,saab,saab,saab,saab
4,0,4,497,van,van,van,van
4,0,4,505,saab,saab,saab,saab
4,0,4,510,bus,bus,bus,bus
4,0,4,511,opel,opel,saab,opel
4,0,4,528,bus,bus,bus,bus
4,0,4,534,van,saab,van,van
4,0,4,540,bus,bus,bus,bus
4,0,4,543,saab,saab,saab,opel
4,0,4,560,opel,opel,opel,opel
4,0,4,590,bus,bus,bus,bus
4,0,4,605,saab,opel,opel,opel
4,0,4,628,bus,bus,bus,bus
4,0,4,631,opel,opel,opel,opel
4,0,4,649,saab,saab,saab,saab
4,0,4,652,opel,opel,opel,opel
4,0,4,653,opel,opel,opel,opel
4,0,4,671,opel,opel,saab,opel
4,0,4,679,bus,bus,bus,bus
4,0,4,687,bus,bus,bus,bus
4,0,4,705,saab,saab,saab,saab
4,0,4,708,van,van,van,van
4,0,4,717,bus,bus,bus,bus
4,0,4,728,opel,opel,opel,opel
4,0,4,741,bus,bus,bus,bus
4,0,4,743,saab,opel,opel,opel
4,0,4,773,bus,bus,bus,bus
4,0,4,780,saab,saab,saab,saab
4,0,4,781,van,van,van,van
4,0,4,793,bus,bus,bus,bus
4,0,4,794,bus,bus,bus,bus
4,0,4,797,saab,saab,saab,saab
4,0,4,804,opel,opel,opel,opel
4,0,4,811,opel,opel,opel,opel
4,0,4,830,bus,bus,bus,bus
4,0,4,843,saab,saab,saab,saab
5,0,5,0,van,van,van,van
5,0,5,8,van,van,van,van
5,0,5,31,saab,van,van,van
5,0,5,33,opel,opel,opel,opel
5,0,5,35,van,van,saab,van
5,0,5,40,opel,opel,opel,opel
5,0,5,48,van,van,van,van
5,0,5,63,bus,bus,bus,bus
5,0,5,70,opel,opel,opel,opel
5,0,5,78,bus,bus,bus,bus
5,0,5,83,opel,opel,opel,opel
5,0,5,86,van,van,van,van
5,0,5,107,opel,opel,opel,opel
5,0,5,136,van,van,van,van
5,0,5,138,saab,saab,saab,saab
5,0,5,141,bus,bus,bus,bus
5,0,5,148,saab,opel,opel,opel
5,0,5,190,opel,opel,opel,opel
5,0,5,207,bus,bus,bus,bus
5,0,5,209,opel,opel,opel,opel
5,0,5,212,bus,bus,bus,bus
5,0,5,220,opel,opel,opel,opel
5,0,5,221,van,van,van,van
5,0,5,235,van,van,van,van
5,0,5,236,bus,bus,bus,bus
5,0,5,246,bus,bus,bus,bus
5,0,5,248,opel,opel,opel,opel
5,0,5,269,van,van,van,van
5,0,5,272,van,van,van,van
5,0,5,284,van,van,van,van
5,0,5,319,bus,bus,bus,bus
5,0,5,342,saab,saab,saab,saab
5,0,5,351,saab,saab,saab,saab
5,0,5,352,van,van,van,van
5,0,5,371,bus,bus,bus,bus
5,0,5,380,opel,opel,opel,opel
5,0,5,395,opel,saab,saab,saab
5,0,5,401,opel,opel,opel,opel
5,0,5,404,opel,opel,opel,opel
5,0,5,408,bus,bus,bus,bus
5,0,5,409,saab,opel,opel,opel
5,0,5,416,bus,bus,bus,bus
5,0,5,440,saab,saab,saab,saab
5,0,5,444,bus,bus,bus,bus
5,0,5,446,saab,saab,saab,saab
5,0,5,462,opel,saab,saab,saab
5,0,5,468,saab,saab,saab,saab
5,0,5,475,saab,opel,opel,opel
5,0,5,489,opel,opel,opel,opel
5,0,5,508,van,van,van,van
5,0,5,512,opel,saab,opel,saab
5,0,5,514,van,van,van,van
5,0,5,522,saab,opel,opel,opel
5,0,5,527,opel,opel,saab,opel
5,0,5,553,bus,bus,bus,bus
5,0,5,559,saab,opel,opel,opel
5,0,5,570,saab,saab,saab,saab
5,0,5,600,bus,bus,bus,bus
5,0,5,625,saab,saab,saab,saab
5,0,5,644,van,van,van,van
5,0,5,650,saab,opel,opel,opel
5,0,5,655,van,van,van,van
5,0,5,662,saab,opel,opel,opel
5,0,5,673,opel,saab,saab,saab
5,0,5,678,bus,bus,bus,bus
5,0,5,681,bus,bus,bus,bus
5,0,5,694,saab,saab,saab,saab
5,0,5,698,bus,bus,bus,bus
5,0,5,710,bus,bus,bus,bus
5,0,5,711,saab,saab,saab,saab
5,0,5,716,saab,saab,saab,saab
5,0,5,722,van,van,van,van
5,0,5,727,bus,bus,bus,bus
5,0,5,746,van,van,van,van
5,0,5,758,bus,bus,bus,bus
5,0,5,763,opel,opel,opel,opel
5,0,5,769,saab,opel,saab,opel
5,0,5,774,van,van,van,van
5,0,5,775,bus,bus,bus,bus
5,0,5,801,opel,saab,saab,saab
5,0,5,802,opel,saab,opel,saab
5,0,5,806,saab,opel,opel,opel
5,0,5,821,opel,opel,opel,opel
5,0,5,822,van,van,van,van
5,0,5,837,saab,saab,saab,saab
6,0,6,46,van,van,van,van
6,0,6,50,saab,saab,opel,opel
6,0,6,53,bus,bus,bus,bus
6,0,6,56,saab,saab,saab,saab
6,0,6,65,opel,saab,saab,saab
6,0,6,74,van,van,van,van
6,0,6,79,bus,bus,bus,van
6,0,6,82,van,van,van,van
6,0,6,122,van,van,van,van
6,0,6,147,bus,bus,bus,bus
6,0,6,152,opel,opel,saab,opel
6,0,6,167,saab,opel,saab,saab
6,0,6,168,bus,bus,bus,bus
6,0,6,176,opel,opel,opel,opel
6,0,6,181,opel,opel,opel,opel
6,0,6,211,van,van,van,van
6,0,6,217,opel,saab,saab,saab
6,0,6,226,saab,saab,saab,saab
6,0,6,260,saab,saab,saab,saab
6,0,6,262,van,van,van,van
6,0,6,265,bus,bus,bus,bus
6,0,6,266,bus,bus,bus,bus
6,0,6,273,van,van,van,van
6,0,6,275,bus,bus,bus,bus
6,0,6,278,saab,saab,saab,saab
6,0,6,288,opel,opel,opel,opel
6,0,6,291,van,van,van,van
6,0,6,315,van,van,van,van
6,0,6,320,saab,saab,saab,saab
6,0,6,331,opel,opel,opel,opel
6,0,6,333,bus,bus,bus,bus
6,0,6,335,saab,saab,saab,saab
6,0,6,347,opel,opel,opel,opel
6,0,6,363,van,van,van,van
6,0,6,374,van,van,van,van
6,0,6,397,bus,bus,bus,bus
6,0,6,398,bus,bus,bus,bus
6,0,6,405,bus,bus,bus,bus
6,0,6,414,van,van,van,van
6,0,6,423,bus,bus,bus,bus
6,0,6,427,opel,saab,saab,saab
6,0,6,429,van,van,van,van
6,0,6,433,bus,bus,bus,bus
6,0,6,439,saab,saab,saab,saab
6,0,6,455,bus,bus,bus,bus
6,0,6,463,opel,saab,saab,saab
6,0,6,480,saab,saab,saab,saab
6,0,6,483,van,opel,opel,opel
6,0,6,487,saab,saab,saab,saab
6,0,6,493,opel,opel,opel,opel
6,0,6,494,bus,bus,bus,bus
6,0,6,498,van,van,van,van
6,0,6,500,opel,opel,opel,opel
6,0,6,516,opel,opel,opel,opel
6,0,6,525,saab,saab,saab,saab
6,0,6,532,saab,saab,saab,saab
6,0,6,574,opel,opel,opel,opel
6,0,6,575,saab,saab,saab,saab
6,0,6,588,opel,opel,saab,saab
6,0,6,602,opel,opel,opel,opel
6,0,6,610,opel,opel,opel,opel
6,0,6,616,opel,opel,opel,opel
6,0,6,617,van,van,van,van
6,0,6,636,saab,saab,saab,saab
6,0,6,659,saab,saab,saab,saab
6,0,6,667,saab,saab,saab,saab
6,0,6,672,bus,bus,bus,bus
6,0,6,677,bus,bus,bus,bus
6,0,6,693,van,van,van,van
6,0,6,745,bus,bus,bus,bus
6,0,6,747,bus,bus,bus,bus
6,0,6,767,bus,bus,bus,bus
6,0,6,778,saab,saab,saab,saab
6,0,6,779,van,van,van,van
6,0,6,792,opel,opel,opel,opel
6,0,6,795,van,van,van,van
6,0,6,808,bus,bus,bus,bus
6,0,6,814,bus,bus,bus,bus
6,0,6,820,saab,opel,opel,opel
6,0,6,824,opel,opel,opel,opel
6,0,6,832,saab,saab,saab,saab
6,0,6,833,saab,saab,saab,saab
6,0,6,840,opel,opel,saab,opel
6,0,6,842,van,van,van,van
7,0,7,5,bus,bus,bus,bus
7,0,7,9,saab,saab,opel,saab
7,0,7,14,bus,bus,bus,bus
7,0,7,15,opel,opel,opel,opel
7,0,7,30,van,van,van,van
7,0,7,45,van,van,van,van
7,0,7,47,bus,bus,bus,bus
7,0,7,57,van,van,van,van
7,0,7,64,bus,bus,bus,bus
7,0,7,69,bus,bus,bus,bus
7,0,7,75,opel,opel,opel,opel
7,0,7,81,bus,bus,bus,bus
7,0,7,88,bus,bus,bus,bus
7,0,7,145,opel,opel,opel,opel
7,0,7,155,bus,bus,bus,bus
7,0,7,162,saab,saab,saab,saab
7,0,7,163,saab,opel,opel,opel
7,0,7,164,opel,opel,opel,opel
7,0,7,170,opel,saab,saab,saab
7,0,7,175,bus,bus,bus,bus
7,0,7,177,bus,van,van,van
7,0,7,203,opel,opel,opel,opel
7,0,7,230,van,van,van,van
7,0,7,242,bus,bus,bus,bus
7,0,7,244,van,van,van,van
7,0,7,253,bus,bus,bus,bus
7,0,7,261,saab,opel,opel,opel
7,0,7,267,saab,saab,saab,saab
7,0,7,279,bus,bus,bus,bus
7,0,7,282,bus,bus,bus,bus
7,0,7,305,bus,bus,bus,bus
7,0,7,313,opel,opel,opel,saab
7,0,7,316,van,van,van,van
7,0,7,322,bus,bus,bus,bus
7,0,7,340,bus,bus,bus,bus
7,0,7,345,bus,bus,bus,bus
7,0,7,348,van,van,van,van
7,0,7,388,van,van,opel,opel
7,0,7,392,van,van,van,van
7,0,7,407,saab,saab,saab,saab
7,0,7,410,saab,saab,saab,saab
7,0,7,415,opel,opel,opel,opel
7,0,7,417,bus,bus,bus,bus
7,0,7,419,saab,saab,saab,opel
7,0,7,425,opel,saab,saab,saab
7,0,7,430,saab,saab,saab,saab
7,0,7,441,van,bus,bus,bus
7,0,7,454,saab,saab,saab,saab
7,0,7,469,van,van,van,van
7,0,7,476,opel,opel,opel,opel
7,0,7,481,opel,opel,opel,opel
7,0,7,490,saab,saab,saab,saab
7,0,7,504,opel,opel,saab,opel
7,0,7,517,saab,saab,saab,saab
7,0,7,519,van,van,van,van
7,0,7,536,saab,opel,opel,opel
7,0,7,544,bus,bus,bus,bus
7,0,7,564,bus,bus,bus,bus
7,0,7,571,saab,saab,saab,opel
7,0,7,581,van,van,van,van
7,0,7,583,saab,saab,saab,saab
7,0,7,597,van,van,van,van
7,0,7,598,bus,bus,bus,bus
7,0,7,601,van,van,van,van
7,0,7,611,van,van,van,van
7,0,7,619,opel,opel,opel,opel
7,0,7,622,saab,saab,saab,saab
7,0,7,651,saab,saab,saab,saab
7,0,7,663,saab,saab,opel,saab
7,0,7,682,van,van,van,van
7,0,7,696,saab,opel,opel,opel
7,0,7,700,opel,opel,opel,opel
7,0,7,709,opel,opel,opel,opel
7,0,7,725,van,van,van,van
7,0,7,750,saab,saab,saab,saab
7,0,7,756,saab,opel,opel,opel
7,0,7,762,van,van,van,van
7,0,7,771,opel,opel,opel,opel
7,0,7,782,opel,opel,opel,opel
7,0,7,798,opel,opel,opel,opel
7,0,7,810,opel,opel,opel,opel
7,0,7,816,van,van,van,van
7,0,7,823,opel,saab,saab,saab
7,0,7,826,opel,opel,opel,opel
8,0,8,11,saab,opel,van,opel
8,0,8,22,bus,bus,bus,bus
8,0,8,24,saab,saab,saab,saab
8,0,8,42,van,van,van,van
8,0,8,89,opel,opel,opel,opel
8,0,8,94,bus,bus,bus,bus
8,0,8,105,saab,saab,saab,saab
8,0,8,119,bus,bus,bus,bus
8,0,8,125,van,van,van,van
8,0,8,127,bus,van,van,van
8,0,8,130,saab,saab,saab,saab
8,0,8,133,van,van,van,van
8,0,8,137,van,van,van,van
8,0,8,151,bus,bus,bus,bus
8,0,8,165,opel,opel,opel,opel
8,0,8,172,van,van,van,van
8,0,8,174,van,van,van,van
8,0,8,180,saab,saab,saab,saab
8,0,8,183,saab,van,van,van
8,0,8,197,bus,bus,bus,bus
8,0,8,198,bus,bus,bus,bus
8,0,8,201,saab,opel,opel,opel
8,0,8,202,opel,opel,opel,opel
8,0,8,231,saab,saab,van,saab
8,0,8,234,van,van,van,van
8,0,8,240,opel,opel,opel,opel
8,0,8,245,van,van,van,van
8,0,8,247,saab,opel,opel,opel
8,0,8,257,opel,opel,opel,opel
8,0,8,280,opel,opel,opel,opel
8,0,8,303,van,van,van,van
8,0,8,306,saab,saab,saab,saab
8,0,8,311,van,van,van,van
8,0,8,326,opel,opel,opel,opel
8,0,8,336,van,van,van,van
8,0,8,359,opel,opel,opel,opel
8,0,8,365,saab,saab,saab,saab
8,0,8,370,bus,bus,bus,bus
8,0,8,379,opel,saab,saab,saab
8,0,8,393,bus,bus,bus,bus
8,0,8,402,opel,opel,opel,opel
8,0,8,403,van,van,van,van
8,0,8,406,opel,opel,opel,opel
8,0,8,434,saab,saab,saab,saab
8,0,8,447,opel,opel,opel,opel
8,0,8,457,van,bus,bus,bus
8,0,8,459,saab,opel,saab,opel
8,0,8,478,bus,bus,bus,bus
8,0,8,484,van,van,van,van
8,0,8,495,bus,bus,bus,bus
8,0,8,501,opel,opel,opel,opel
8,0,8,509,opel,opel,opel,opel
8,0,8,523,van,van,van,van
8,0,8,545,van,van,van,van
8,0,8,562,saab,saab,saab,saab
8,0,8,568,bus,bus,bus,bus
8,0,8,576,saab,saab,saab,saab
8,0,8,580,bus,bus,bus,bus
8,0,8,603,saab,saab,opel,saab
8,0,8,612,opel,van,van,van
8,0,8,615,opel,opel,opel,opel
8,0,8,620,saab,saab,saab,saab
8,0,8,627,bus,bus,bus,bus
8,0,8,630,saab,saab,opel,saab
8,0,8,632,bus,bus,bus,bus
8,0,8,643,bus,bus,bus,bus
8,0,8,658,van,van,van,van
8,0,8,664,van,van,van,van
8,0,8,666,opel,saab,saab,saab
8,0,8,676,bus,bus,bus,bus
8,0,8,691,bus,bus,bus,bus
8,0,8,697,bus,bus,bus,bus
8,0,8,701,saab,saab,saab,saab
8,0,8,723,opel,opel,opel,opel
8,0,8,731,bus,bus,bus,bus
8,0,8,735,opel,saab,opel,saab
8,0,8,736,saab,opel,opel,opel
8,0,8,738,bus,bus,bus,bus
8,0,8,759,van,van,van,van
8,0,8,760,opel,opel,opel,opel
8,0,8,764,saab,saab,saab,saab
8,0,8,812,bus,bus,bus,bus
8,0,8,813,van,van,van,van
8,0,8,827,opel,opel,opel,opel
9,0,9,13,van,van,van,van
9,0,9,16,van,van,van,van
9,0,9,18,saab,saab,saab,saab
9,0,9,25,van,van,van,van
9,0,9,26,saab,saab,opel,saab
9,0,9,28,bus,bus,bus,bus
9,0,9,49,saab,saab,saab,saab
9,0,9,58,opel,opel,saab,opel
9,0,9,67,opel,opel,opel,opel
9,0,9,73,opel,opel,opel,opel
9,0,9,76,saab,opel,opel,opel
9,0,9,85,bus,bus,bus,bus
9,0,9,87,van,van,van,van
9,0,9,93,van,van,van,van
9,0,9,95,opel,opel,opel,opel
9,0,9,104,bus,bus,bus,bus
9,0,9,111,van,van,van,van
9,0,9,121,van,van,van,van
9,0,9,126,bus,bus,bus,bus
9,0,9,129,bus,bus,bus,bus
9,0,9,132,saab,opel,saab,opel
9,0,9,140,saab,saab,opel,saab
9,0,9,154,van,van,van,van
9,0,9,157,van,van,van,van
9,0,9,160,opel,opel,opel,opel
9,0,9,171,bus,bus,bus,bus
9,0,9,178,bus,bus,bus,bus
9,0,9,182,bus,bus,bus,bus
9,0,9,186,bus,bus,bus,bus
9,0,9,188,opel,saab,saab,saab
9,0,9,191,van,van,van,van
9,0,9,193,bus,bus,bus,bus
9,0,9,200,van,van,van,van
9,0,9,204,van,van,van,van
9,0,9,229,saab,saab,bus,saab
9,0,9,250,van,van,van,van
9,0,9,256,saab,opel,opel,opel
9,0,9,259,opel,opel,opel,opel
9,0,9,264,saab,saab,saab,saab
9,0,9,270,bus,bus,bus,bus
9,0,9,274,bus,bus,bus,bus
9,0,9,286,bus,bus,bus,bus
9,0,9,292,bus,bus,bus,bus
9,0,9,323,saab,saab,saab,saab
9,0,9,332,opel,opel,opel,opel
9,0,9,334,bus,bus,bus,bus
9,0,9,343,opel,opel,opel,opel
9,0,9,383,opel,opel,opel,opel
9,0,9,384,opel,saab,saab,saab
9,0,9,412,bus,bus,bus,bus
9,0,9,418,bus,bus,bus,bus
9,0,9,421,opel,opel,opel,opel
9,0,9,422,saab,opel,opel,opel
9,0,9,428,saab,saab,saab,saab
9,0,9,474,opel,opel,opel,opel
9,0,9,488,opel,opel,opel,opel
9,0,9,503,saab,saab,saab,saab
9,0,9,513,saab,opel,opel,opel
9,0,9,515,opel,opel,opel,opel
9,0,9,520,saab,opel,opel,opel
9,0,9,524,opel,opel,saab,opel
9,0,9,577,opel,saab,saab,saab
9,0,9,578,opel,opel,opel,opel
9,0,9,582,saab,saab,saab,saab
9,0,9,587,opel,opel,opel,opel
9,0,9,606,van,van,van,van
9,0,9,614,saab,saab,saab,saab
9,0,9,624,saab,opel,opel,opel
9,0,9,637,bus,bus,bus,bus
9,0,9,656,bus,bus,bus,bus
9,0,9,669,bus,bus,bus,bus
9,0,9,674,saab,saab,saab,saab
9,0,9,712,saab,saab,saab,saab
9,0,9,714,bus,bus,bus,bus
9,0,9,719,saab,saab,saab,saab
9,0,9,724,van,van,van,van
9,0,9,729,opel,opel,opel,opel
9,0,9,734,van,van,van,van
9,0,9,742,opel,saab,saab,saab
9,0,9,791,van,van,van,van
9,0,9,815,bus,van,bus,van
9,0,9,817,saab,saab,saab,saab
9,0,9,829,van,van,van,van
9,0,9,838,van,van,van,van
10,1,0,30,van,van,van,van
10,1,0,78,bus,bus,bus,bus
10,1,0,85,bus,bus,bus,bus
10,1,0,90,saab,saab,saab,saab
10,1,0,93,van,van,van,van
10,1,0,116,opel,opel,opel,opel
10,1,0,137,van,van,van,van
10,1,0,153,saab,saab,saab,saab
10,1,0,154,van,van,van,van
10,1,0,160,opel,opel,opel,opel
10,1,0,174,van,van,van,van
10,1,0,185,bus,bus,bus,bus
10,1,0,186,bus,bus,bus,bus
10,1,0,188,opel,saab,saab,saab
10,1,0,191,van,van,van,van
10,1,0,224,saab,saab,saab,saab
10,1,0,233,saab,opel,opel,saab
10,1,0,264,saab,saab,saab,saab
10,1,0,266,bus,bus,bus,bus
10,1,0,274,bus,bus,bus,bus
10,1,0,283,saab,saab,saab,saab
10,1,0,285,saab,opel,opel,saab
10,1,0,290,van,van,van,van
10,1,0,293,van,van,van,van
10,1,0,301,opel,saab,opel,saab
10,1,0,306,saab,saab,saab,saab
10,1,0,314,bus,bus,bus,bus
10,1,0,321,bus,bus,bus,bus
10,1,0,334,bus,opel,bus,bus
10,1,0,340,bus,bus,bus,bus
10,1,0,342,saab,saab,saab,saab
10,1,0,350,opel,saab,opel,opel
10,1,0,366,van,van,van,van
10,1,0,370,bus,bus,bus,bus
10,1,0,381,bus,bus,bus,bus
10,1,0,385,van,van,van,van
10,1,0,391,van,van,van,van
10,1,0,413,opel,saab,opel,saab
10,1,0,415,opel,opel,opel,opel
10,1,0,424,opel,opel,opel,opel
10,1,0,426,opel,opel,opel,opel
10,1,0,433,bus,bus,bus,bus
10,1,0,439,saab,saab,saab,saab
10,1,0,440,saab,saab,saab,saab
10,1,0,462,opel,saab,saab,saab
10,1,0,467,opel,opel,opel,opel
10,1,0,470,van,van,van,van
10,1,0,473,opel,opel,opel,opel
10,1,0,507,opel,saab,saab,saab
10,1,0,514,van,van,van,van
10,1,0,519,van,van,van,van
10,1,0,525,saab,saab,saab,saab
10,1,0,528,bus,bus,bus,bus
10,1,0,578,opel,opel,opel,opel
10,1,0,602,opel,opel,opel,opel
10,1,0,604,opel,saab,saab,saab
10,1,0,611,van,van,van,van
10,1,0,613,bus,bus,bus,bus
10,1,0,634,opel,opel,saab,saab
10,1,0,644,van,van,van,van
10,1,0,648,saab,saab,saab,saab
10,1,0,649,saab,saab,saab,saab
10,1,0,655,van,van,van,van
10,1,0,657,van,van,van,van
10,1,0,661,saab,saab,saab,saab
10,1,0,662,saab,opel,opel,opel
10,1,0,673,opel,saab,saab,saab
10,1,0,694,saab,saab,saab,saab
10,1,0,696,saab,opel,opel,opel
10,1,0,697,bus,bus,bus,bus
10,1,0,710,bus,bus,bus,bus
10,1,0,717,bus,bus,bus,bus
10,1,0,726,saab,saab,saab,saab
10,1,0,727,bus,bus,bus,bus
10,1,0,728,opel,opel,opel,opel
10,1,0,729,opel,opel,opel,opel
10,1,0,750,saab,saab,saab,saab
10,1,0,767,bus,bus,bus,bus
10,1,0,773,bus,bus,bus,bus
10,1,0,785,bus,bus,bus,bus
10,1,0,802,opel,saab,opel,saab
10,1,0,813,van,van,van,van
10,1,0,833,saab,saab,opel,saab
10,1,0,844,saab,opel,opel,opel
10,1,0,845,van,van,van,van
11,1,1,11,saab,opel,opel,opel
11,1,1,24,saab,saab,saab,saab
11,1,1,31,saab,van,van,van
11,1,1,38,saab,saab,saab,saab
11,1,1,46,van,van,van,van
11,1,1,47,bus,bus,bus,bus
11,1,1,62,van,van,van,van
11,1,1,73,opel,opel,opel,opel
11,1,1,84,bus,bus,bus,bus
11,1,1,89,opel,opel,opel,opel
11,1,1,94,bus,bus,bus,bus
11,1,1,96,saab,saab,saab,saab
11,1,1,102,van,van,van,van
11,1,1,103,van,van,van,van
11,1,1,104,bus,bus,bus,bus
11,1,1,113,opel,saab,saab,saab
11,1,1,117,saab,saab,saab,saab
11,1,1,119,bus,bus,bus,bus
11,1,1,125,van,van,van,van
11,1,1,133,van,van,van,van
11,1,1,144,opel,opel,opel,opel
11,1,1,146,van,van,van,van
11,1,1,170,opel,saab,saab,saab
11,1,1,172,van,van,van,van
11,1,1,179,van,van,van,van
11,1,1,196,saab,opel,opel,opel
11,1,1,223,bus,bus,bus,bus
11,1,1,226,saab,saab,saab,saab
11,1,1,236,bus,bus,bus,bus
11,1,1,244,van,van,van,van
11,1,1,251,opel,opel,opel,opel
11,1,1,257,opel,opel,opel,opel
11,1,1,258,saab,saab,saab,saab
11,1,1,272,van,van,van,van
11,1,1,277,opel,saab,saab,saab
11,1,1,278,saab,saab,saab,saab
11,1,1,299,bus,bus,bus,bus
11,1,1,302,bus,bus,bus,bus
11,1,1,309,opel,opel,opel,opel
11,1,1,323,saab,saab,saab,saab
11,1,1,325,bus,bus,bus,bus
11,1,1,328,van,van,van,van
11,1,1,332,opel,opel,opel,opel
11,1,1,335,saab,saab,saab,saab
11,1,1,345,bus,bus,bus,bus
11,1,1,353,bus,bus,bus,bus
11,1,1,364,opel,opel,opel,opel
11,1,1,407,saab,saab,saab,saab
11,1,1,408,bus,bus,bus,bus
11,1,1,409,saab,opel,opel,opel
11,1,1,417,bus,bus,bus,bus
11,1,1,457,van,bus,bus,bus
11,1,1,459,saab,opel,opel,opel
11,1,1,465,bus,bus,bus,bus
11,1,1,492,bus,bus,bus,bus
11,1,1,493,opel,opel,opel,opel
11,1,1,498,van,van,van,van
11,1,1,531,bus,bus,bus,bus
11,1,1,538,opel,opel,opel,opel
11,1,1,539,bus,bus,bus,bus
11,1,1,542,saab,opel,opel,opel
11,1,1,548,bus,bus,bus,bus
11,1,1,549,saab,saab,saab,saab
11,1,1,561,opel,opel,opel,opel
11,1,1,568,bus,bus,bus,bus
11,1,1,618,van,van,van,van
11,1,1,670,opel,opel,opel,opel
11,1,1,690,saab,saab,saab,saab
11,1,1,695,van,van,van,van
11,1,1,706,van,van,van,van
11,1,1,715,opel,opel,opel,opel
11,1,1,718,opel,opel,opel,opel
11,1,1,720,opel,saab,saab,saab
11,1,1,738,bus,bus,bus,bus
11,1,1,739,van,van,van,van
11,1,1,741,bus,bus,bus,bus
11,1,1,768,opel,opel,opel,opel
11,1,1,771,opel,opel,opel,opel
11,1,1,776,saab,saab,saab,saab
11,1,1,781,van,van,van,van
11,1,1,789,saab,saab,saab,saab
11,1,1,806,saab,opel,opel,opel
11,1,1,816,van,van,van,van
11,1,1,823,opel,opel,opel,opel
11,1,1,834,saab,saab,saab,saab
12,1,2,1,van,van,van,van
12,1,2,5,bus,bus,bus,bus
12,1,2,13,van,van,van,van
12,1,2,17,bus,bus,bus,bus
12,1,2,18,saab,saab,saab,saab
12,1,2,34,opel,opel,opel,opel
12,1,2,42,van,van,van,van
12,1,2,61,opel,saab,opel,saab
12,1,2,97,bus,bus,bus,bus
12,1,2,111,van,van,van,van
12,1,2,134,opel,opel,opel,opel
12,1,2,142,opel,opel,opel,opel
12,1,2,151,bus,bus,bus,bus
12,1,2,163,saab,opel,van,opel
12,1,2,166,saab,saab,saab,saab
12,1,2,199,bus,bus,bus,bus
12,1,2,201,saab,saab,opel,saab
12,1,2,215,opel,saab,saab,saab
12,1,2,221,van,van,van,van
12,1,2,247,saab,opel,opel,opel
12,1,2,249,saab,saab,saab,saab
12,1,2,262,van,van,van,van
12,1,2,268,van,van,van,van
12,1,2,270,bus,bus,bus,bus
12,1,2,282,bus,bus,bus,bus
12,1,2,307,opel,opel,opel,opel
12,1,2,310,saab,opel,opel,opel
12,1,2,317,saab,saab,saab,saab
12,1,2,322,bus,bus,bus,bus
12,1,2,327,opel,opel,saab,opel
12,1,2,348,van,van,van,van
12,1,2,349,opel,saab,opel,saab
12,1,2,358,opel,opel,opel,opel
12,1,2,361,saab,saab,saab,saab
12,1,2,365,saab,saab,saab,saab
12,1,2,375,bus,bus,bus,bus
12,1,2,378,saab,saab,opel,saab
12,1,2,379,opel,saab,saab,saab
12,1,2,384,opel,saab,saab,saab
12,1,2,393,bus,bus,bus,bus
12,1,2,400,saab,saab,saab,saab
12,1,2,431,bus,bus,bus,bus
12,1,2,434,saab,saab,saab,saab
12,1,2,442,van,van,van,van
12,1,2,444,bus,bus,bus,bus
12,1,2,447,opel,opel,opel,opel
12,1,2,452,opel,saab,saab,saab
12,1,2,461,opel,opel,opel,opel
12,1,2,471,opel,opel,opel,opel
12,1,2,482,opel,saab,saab,saab
12,1,2,510,bus,bus,bus,bus
12,1,2,529,bus,bus,bus,bus
12,1,2,547,bus,van,van,van
12,1,2,575,saab,saab,saab,saab
12,1,2,577,opel,saab,saab,saab
12,1,2,579,opel,van,van,van
12,1,2,581,van,van,van,van
12,1,2,583,saab,saab,saab,saab
12,1,2,589,opel,opel,opel,opel
12,1,2,597,van,van,van,van
12,1,2,617,van,van,van,van
12,1,2,620,saab,saab,saab,saab
12,1,2,624,saab,opel,opel,opel
12,1,2,637,bus,bus,bus,bus
12,1,2,653,opel,opel,opel,opel
12,1,2,660,van,van,van,van
12,1,2,664,van,van,van,van
12,1,2,667,saab,saab,saab,saab
12,1,2,669,bus,bus,bus,bus
12,1,2,698,bus,bus,bus,bus
12,1,2,701,saab,saab,saab,saab
12,1,2,708,van,van,van,van
12,1,2,725,van,van,van,van
12,1,2,733,bus,bus,bus,bus
12,1,2,752,bus,bus,bus,bus
12,1,2,759,van,van,van,van
12,1,2,762,van,van,van,van
12,1,2,786,saab,saab,saab,saab
12,1,2,788,saab,saab,saab,saab
12,1,2,793,bus,bus,bus,bus
12,1,2,803,bus,bus,bus,bus
12,1,2,819,saab,saab,saab,saab
12,1,2,822,van,van,van,van
12,1,2,836,van,van,van,van
12,1,2,840,opel,saab,opel,saab
13,1,3,19,opel,opel,opel,opel
13,1,3,41,van,van,van,van
13,1,3,45,van,van,van,van
13,1,3,71,opel,opel,opel,opel
13,1,3,74,van,van,van,van
13,1,3,81,bus,bus,bus,bus
13,1,3,99,bus,bus,bus,bus
13,1,3,128,van,van,van,van
13,1,3,147,bus,bus,bus,bus
13,1,3,155,bus,bus,bus,bus
13,1,3,161,opel,saab,saab,saab
13,1,3,168,bus,bus,bus,bus
13,1,3,171,bus,bus,bus,bus
13,1,3,208,bus,bus,bus,bus
13,1,3,209,opel,opel,opel,opel
13,1,3,220,opel,opel,opel,opel
13,1,3,225,van,van,van,van
13,1,3,227,van,van,van,van
13,1,3,243,saab,saab,opel,saab
13,1,3,248,opel,opel,opel,opel
13,1,3,250,van,van,van,van
13,1,3,255,saab,saab,saab,saab
13,1,3,271,saab,saab,saab,saab
13,1,3,276,bus,bus,bus,bus
13,1,3,286,bus,bus,bus,bus
13,1,3,291,van,van,van,van
13,1,3,324,saab,saab,saab,saab
13,1,3,326,opel,opel,opel,opel
13,1,3,338,van,opel,van,opel
13,1,3,343,opel,opel,opel,opel
13,1,3,346,saab,saab,saab,saab
13,1,3,347,opel,opel,opel,opel
13,1,3,356,bus,bus,bus,bus
13,1,3,359,opel,opel,opel,opel
13,1,3,360,saab,saab,saab,saab
13,1,3,363,van,van,van,van
13,1,3,377,saab,saab,saab,saab
13,1,3,387,van,van,van,van
13,1,3,390,bus,bus,bus,bus
13,1,3,403,van,van,van,van
13,1,3,406,opel,opel,opel,opel
13,1,3,420,van,van,van,van
13,1,3,450,bus,bus,bus,bus
13,1,3,451,opel,saab,saab,saab
13,1,3,453,bus,bus,bus,bus
13,1,3,464,bus,bus,bus,bus
13,1,3,468,saab,saab,saab,saab
13,1,3,481,opel,opel,opel,opel
13,1,3,483,van,opel,van,opel
13,1,3,491,saab,saab,saab,saab
13,1,3,496,opel,opel,opel,opel
13,1,3,505,saab,saab,saab,saab
13,1,3,508,van,van,van,van
13,1,3,512,opel,saab,opel,saab
13,1,3,513,saab,opel,opel,opel
13,1,3,524,opel,saab,opel,saab
13,1,3,550,van,van,van,van
13,1,3,554,saab,saab,saab,saab
13,1,3,564,bus,bus,bus,bus
13,1,3,565,saab,saab,saab,saab
13,1,3,592,bus,bus,bus,bus
13,1,3,599,saab,opel,van,opel
13,1,3,603,saab,saab,saab,saab
13,1,3,626,bus,bus,bus,bus
13,1,3,629,van,van,van,van
13,1,3,630,saab,saab,saab,saab
13,1,3,646,bus,bus,bus,bus
13,1,3,654,saab,saab,opel,saab
13,1,3,659,saab,saab,opel,saab
13,1,3,672,bus,bus,bus,bus
13,1,3,683,bus,bus,bus,bus
13,1,3,686,opel,opel,van,opel
13,1,3,716,saab,saab,saab,saab
13,1,3,721,saab,saab,saab,saab
13,1,3,724,van,van,van,van
13,1,3,730,opel,opel,opel,opel
13,1,3,737,bus,bus,bus,bus
13,1,3,756,saab,opel,opel,opel
13,1,3,760,opel,opel,saab,opel
13,1,3,763,opel,opel,opel,opel
13,1,3,765,bus,bus,bus,bus
13,1,3,769,saab,opel,saab,opel
13,1,3,784,van,saab,saab,saab
13,1,3,792,opel,opel,opel,opel
13,1,3,838,van,van,van,van
14,1,4,4,bus,bus,bus,bus
14,1,4,14,bus,bus,bus,bus
14,1,4,33,opel,saab,opel,opel
14,1,4,36,bus,bus,bus,bus
14,1,4,40,opel,opel,opel,opel
14,1,4,44,saab,saab,saab,saab
14,1,4,51,saab,opel,saab,bus
14,1,4,54,bus,bus,bus,bus
14,1,4,57,van,van,van,van
14,1,4,58,opel,opel,saab,saab
14,1,4,72,opel,saab,saab,saab
14,1,4,76,saab,saab,saab,saab
14,1,4,87,van,van,van,van
14,1,4,105,saab,saab,saab,saab
14,1,4,109,bus,bus,bus,bus
14,1,4,132,saab,saab,saab,saab
14,1,4,149,van,van,van,van
14,1,4,183,saab,van,van,opel
14,1,4,194,saab,saab,saab,saab
14,1,4,231,saab,saab,van,opel
14,1,4,239,bus,bus,bus,bus
14,1,4,240,opel,opel,saab,opel
14,1,4,241,opel,opel,saab,opel
14,1,4,267,saab,saab,saab,saab
14,1,4,269,van,van,van,van
14,1,4,280,opel,opel,opel,opel
14,1,4,281,bus,bus,bus,bus
14,1,4,311,van,van,van,van
14,1,4,319,bus,bus,bus,bus
14,1,4,352,van,van,van,van
14,1,4,362,saab,saab,saab,saab
14,1,4,382,bus,bus,bus,bus
14,1,4,395,opel,saab,saab,saab
14,1,4,402,opel,opel,opel,opel
14,1,4,419,saab,saab,saab,opel
14,1,4,425,opel,saab,saab,saab
14,1,4,427,opel,saab,saab,saab
14,1,4,432,saab,saab,saab,saab
14,1,4,437,opel,opel,opel,opel
14,1,4,449,van,van,van,van
14,1,4,456,van,van,van,van
14,1,4,458,opel,opel,opel,opel
14,1,4,466,bus,bus,bus,bus
14,1,4,484,van,van,van,van
14,1,4,497,van,van,van,van
14,1,4,501,opel,opel,opel,opel
14,1,4,509,opel,opel,opel,opel
14,1,4,516,opel,opel,opel,opel
14,1,4,517,saab,saab,saab,saab
14,1,4,523,van,van,van,van
14,1,4,557,saab,opel,opel,saab
14,1,4,559,saab,opel,opel,saab
14,1,4,594,van,van,van,van
14,1,4,598,bus,bus,bus,bus
14,1,4,601,van,van,van,van
14,1,4,606,van,van,van,van
14,1,4,610,opel,opel,opel,opel
14,1,4,614,saab,opel,saab,saab
14,1,4,619,opel,opel,opel,opel
14,1,4,640,opel,saab,saab,opel
14,1,4,656,bus,bus,bus,bus
14,1,4,658,van,van,van,van
14,1,4,663,saab,saab,opel,opel
14,1,4,671,opel,opel,opel,opel
14,1,4,681,bus,bus,bus,bus
14,1,4,691,bus,bus,bus,bus
14,1,4,693,van,van,van,van
14,1,4,707,van,van,van,van
14,1,4,709,opel,opel,opel,opel
14,1,4,753,saab,saab,saab,saab
14,1,4,755,van,van,van,van
14,1,4,758,bus,bus,bus,bus
14,1,4,770,bus,bus,bus,bus
14,1,4,777,bus,bus,bus,bus
14,1,4,778,saab,saab,saab,saab
14,1,4,783,saab,opel,saab,opel
14,1,4,790,bus,bus,bus,bus
14,1,4,794,bus,bus,bus,bus
14,1,4,797,saab,saab,saab,saab
14,1,4,804,opel,opel,saab,opel
14,1,4,805,bus,bus,bus,bus
14,1,4,809,saab,saab,opel,saab
14,1,4,812,bus,bus,bus,bus
14,1,4,829,van,van,van,van
14,1,4,839,van,van,van,van
15,1,5,3,van,van,van,van
15,1,5,9,saab,saab,saab,saab
15,1,5,20,bus,bus,bus,bus
15,1,5,22,bus,bus,bus,bus
15,1,5,26,saab,opel,opel,opel
15,1,5,37,van,van,van,van
15,1,5,52,opel,saab,opel,saab
15,1,5,53,bus,bus,bus,bus
15,1,5,56,saab,saab,saab,saab
15,1,5,60,opel,opel,opel,opel
15,1,5,65,opel,saab,saab,saab
15,1,5,86,van,van,van,van
15,1,5,112,opel,opel,opel,opel
15,1,5,140,saab,saab,opel,saab
15,1,5,173,bus,bus,bus,bus
15,1,5,175,bus,bus,bus,bus
15,1,5,177,bus,van,van,van
15,1,5,207,bus,bus,bus,bus
15,1,5,211,van,van,van,van
15,1,5,232,bus,bus,bus,bus
15,1,5,245,van,van,van,van
15,1,5,273,van,van,van,van
15,1,5,279,bus,bus,bus,bus
15,1,5,284,van,van,van,van
15,1,5,296,bus,bus,bus,bus
15,1,5,303,van,van,van,van
15,1,5,305,bus,bus,bus,bus
15,1,5,308,opel,opel,opel,opel
15,1,5,313,opel,opel,opel,saab
15,1,5,330,van,van,van,van
15,1,5,354,saab,saab,opel,saab
15,1,5,367,saab,opel,opel,opel
15,1,5,368,bus,bus,bus,bus
15,1,5,380,opel,opel,opel,opel
15,1,5,389,opel,opel,opel,opel
15,1,5,392,van,van,van,van
15,1,5,405,bus,bus,bus,bus
15,1,5,418,bus,bus,bus,bus
15,1,5,422,saab,opel,opel,opel
15,1,5,428,saab,saab,saab,saab
15,1,5,435,van,van,van,van
15,1,5,446,saab,saab,saab,saab
15,1,5,448,bus,bus,bus,bus
15,1,5,469,van,van,van,van
15,1,5,474,opel,saab,opel,saab
15,1,5,478,bus,bus,bus,bus
15,1,5,485,bus,bus,bus,bus
15,1,5,488,opel,saab,opel,saab
15,1,5,503,saab,saab,saab,saab
15,1,5,504,opel,saab,saab,saab
15,1,5,506,saab,saab,saab,saab
15,1,5,518,saab,saab,saab,saab
15,1,5,527,opel,opel,saab,opel
15,1,5,534,van,van,van,van
15,1,5,535,van,van,van,van
15,1,5,555,opel,opel,opel,opel
15,1,5,567,saab,saab,saab,saab
15,1,5,572,van,van,van,van
15,1,5,595,opel,saab,opel,saab
15,1,5,616,opel,opel,opel,opel
15,1,5,627,bus,bus,bus,bus
15,1,5,631,opel,opel,opel,opel
15,1,5,632,bus,bus,bus,bus
15,1,5,636,saab,saab,saab,saab
15,1,5,643,bus,bus,bus,bus
15,1,5,647,saab,saab,saab,saab
15,1,5,651,saab,saab,saab,saab
15,1,5,668,van,van,van,van
15,1,5,680,van,van,van,van
15,1,5,699,opel,saab,saab,saab
15,1,5,705,saab,saab,saab,saab
15,1,5,723,opel,opel,opel,opel
15,1,5,735,opel,saab,saab,saab
15,1,5,736,saab,opel,opel,opel
15,1,5,740,saab,saab,saab,saab
15,1,5,745,bus,bus,bus,bus
15,1,5,746,van,van,van,van
15,1,5,766,saab,saab,saab,saab
15,1,5,774,van,van,van,van
15,1,5,800,van,van,van,van
15,1,5,801,opel,saab,saab,saab
15,1,5,807,saab,saab,saab,saab
15,1,5,810,opel,opel,opel,opel
15,1,5,811,opel,saab,saab,saab
15,1,5,817,saab,saab,saab,saab
16,1,6,16,van,van,van,van
16,1,6,27,saab,saab,saab,saab
16,1,6,29,saab,saab,saab,saab
16,1,6,32,opel,saab,saab,saab
16,1,6,35,van,van,van,van
16,1,6,49,saab,saab,saab,saab
16,1,6,55,van,van,van,van
16,1,6,67,opel,opel,opel,opel
16,1,6,69,bus,bus,bus,bus
16,1,6,77,saab,bus,bus,bus
16,1,6,80,bus,bus,bus,bus
16,1,6,95,opel,opel,opel,opel
16,1,6,100,bus,van,van,van
16,1,6,122,van,van,van,van
16,1,6,136,van,van,van,van
16,1,6,145,opel,opel,opel,opel
16,1,6,148,saab,opel,opel,opel
16,1,6,158,saab,saab,saab,saab
16,1,6,159,opel,opel,opel,opel
16,1,6,169,van,van,van,van
16,1,6,178,bus,bus,bus,bus
16,1,6,190,opel,opel,opel,opel
16,1,6,200,van,van,van,van
16,1,6,203,opel,opel,opel,opel
16,1,6,210,opel,opel,opel,opel
16,1,6,213,bus,bus,bus,bus
16,1,6,218,bus,bus,bus,bus
16,1,6,228,saab,saab,saab,saab
16,1,6,230,van,van,van,van
16,1,6,234,van,van,van,van
16,1,6,242,bus,bus,bus,bus
16,1,6,253,bus,bus,bus,bus
16,1,6,287,van,van,van,van
16,1,6,288,opel,opel,opel,opel
16,1,6,300,saab,opel,opel,opel
16,1,6,331,opel,opel,opel,opel
16,1,6,357,saab,saab,saab,saab
16,1,6,372,van,van,van,van
16,1,6,388,van,opel,opel,opel
16,1,6,396,bus,bus,bus,bus
16,1,6,397,bus,bus,bus,bus
16,1,6,404,opel,opel,opel,opel
16,1,6,410,saab,saab,saab,saab
16,1,6,412,bus,bus,bus,bus
16,1,6,476,opel,opel,opel,opel
16,1,6,479,bus,bus,bus,bus
16,1,6,490,saab,saab,saab,saab
16,1,6,494,bus,bus,bus,bus
16,1,6,511,opel,saab,saab,saab
16,1,6,530,saab,opel,opel,opel
16,1,6,532,saab,saab,saab,saab
16,1,6,541,van,van,van,van
16,1,6,545,van,van,van,van
16,1,6,551,opel,opel,opel,opel
16,1,6,553,bus,bus,bus,bus
16,1,6,573,van,van,van,van
16,1,6,576,saab,saab,saab,saab
16,1,6,580,bus,bus,bus,bus
16,1,6,582,saab,saab,saab,saab
16,1,6,588,opel,saab,saab,saab
16,1,6,590,bus,bus,bus,bus
16,1,6,593,saab,opel,opel,opel
16,1,6,600,bus,bus,bus,bus
16,1,6,612,opel,van,van,van
16,1,6,615,opel,opel,opel,opel
16,1,6,623,saab,saab,saab,saab
16,1,6,635,van,van,van,van
16,1,6,641,bus,bus,bus,bus
16,1,6,650,saab,opel,opel,opel
16,1,6,652,opel,opel,opel,opel
16,1,6,665,van,van,van,van
16,1,6,675,opel,opel,opel,opel
16,1,6,685,bus,bus,bus,bus
16,1,6,687,bus,bus,bus,bus
16,1,6,689,saab,saab,saab,saab
16,1,6,722,van,van,van,van
16,1,6,732,van,van,van,van
16,1,6,748,van,van,van,van
16,1,6,757,saab,saab,saab,saab
16,1,6,796,opel,opel,opel,opel
16,1,6,798,opel,opel,opel,opel
16,1,6,814,bus,bus,bus,bus
16,1,6,820,saab,opel,opel,opel
16,1,6,831,bus,bus,bus,bus
17,1,7,10,van,van,van,van
17,1,7,12,bus,bus,bus,bus
17,1,7,28,bus,bus,bus,bus
17,1,7,39,bus,bus,bus,bus
17,1,7,48,van,van,van,van
17,1,7,59,van,van,van,van
17,1,7,64,bus,bus,bus,bus
17,1,7,68,van,van,van,van
17,1,7,83,opel,opel,opel,opel
17,1,7,88,bus,bus,bus,bus
17,1,7,106,opel,opel,opel,opel
17,1,7,107,opel,opel,opel,opel
17,1,7,108,bus,bus,bus,bus
17,1,7,110,van,van,van,van
17,1,7,121,van,van,van,van
17,1,7,123,saab,opel,opel,opel
17,1,7,124,van,van,van,van
17,1,7,126,bus,bus,bus,bus
17,1,7,139,van,van,van,van
17,1,7,143,bus,bus,bus,bus
17,1,7,150,saab,saab,saab,saab
17,1,7,156,opel,saab,saab,saab
17,1,7,162,saab,saab,saab,saab
17,1,7,165,opel,opel,opel,opel
17,1,7,187,opel,saab,saab,saab
17,1,7,193,bus,bus,bus,bus
17,1,7,195,bus,bus,bus,bus
17,1,7,197,bus,bus,bus,bus
17,1,7,202,opel,opel,opel,opel
17,1,7,205,van,van,van,van
17,1,7,216,saab,opel,bus,opel
17,1,7,219,van,van,van,van
17,1,7,229,saab,saab,saab,saab
17,1,7,235,van,van,van,van
17,1,7,237,bus,bus,bus,bus
17,1,7,252,van,van,van,van
17,1,7,259,opel,opel,opel,opel
17,1,7,260,saab,saab,saab,saab
17,1,7,275,bus,bus,bus,bus
17,1,7,289,saab,saab,saab,saab
17,1,7,295,bus,bus,bus,bus
17,1,7,304,bus,bus,bus,bus
17,1,7,333,bus,bus,bus,bus
17,1,7,339,bus,bus,bus,bus
17,1,7,351,saab,saab,saab,saab
17,1,7,374,van,van,van,van
17,1,7,386,saab,saab,saab,saab
17,1,7,398,bus,bus,bus,bus
17,1,7,399,van,van,van,van
17,1,7,430,saab,saab,saab,saab
17,1,7,436,van,van,van,van
17,1,7,445,van,van,van,van
17,1,7,475,saab,saab,opel,saab
17,1,7,480,saab,saab,opel,saab
17,1,7,486,opel,saab,opel,opel
17,1,7,500,opel,opel,opel,opel
17,1,7,520,saab,opel,opel,opel
17,1,7,522,saab,opel,opel,opel
17,1,7,536,saab,opel,opel,opel
17,1,7,537,van,van,van,van
17,1,7,546,van,van,van,van
17,1,7,552,saab,opel,saab,opel
17,1,7,563,opel,opel,opel,opel
17,1,7,566,saab,saab,saab,saab
17,1,7,586,opel,opel,opel,opel
17,1,7,596,opel,opel,opel,opel
17,1,7,605,saab,saab,saab,saab
17,1,7,609,bus,bus,bus,bus
17,1,7,622,saab,saab,saab,saab
17,1,7,645,opel,opel,opel,opel
17,1,7,674,saab,saab,saab,saab
17,1,7,678,bus,bus,bus,bus
17,1,7,679,bus,bus,bus,bus
17,1,7,682,van,van,van,van
17,1,7,702,opel,opel,opel,opel
17,1,7,754,van,van,van,van
17,1,7,775,bus,bus,bus,bus
17,1,7,782,opel,opel,opel,opel
17,1,7,821,opel,opel,opel,opel
17,1,7,824,opel,saab,opel,opel
17,1,7,825,opel,saab,saab,saab
17,1,7,826,opel,opel,opel,opel
17,1,7,827,opel,opel,opel,opel
17,1,7,843,saab,saab,saab,saab
18,1,8,25,van,van,van,van
18,1,8,50,saab,saab,opel,saab
18,1,8,82,van,van,van,van
18,1,8,91,opel,saab,saab,saab
18,1,8,92,saab,opel,opel,opel
18,1,8,115,van,van,van,van
18,1,8,118,bus,bus,bus,bus
18,1,8,127,bus,bus,van,van
18,1,8,131,saab,opel,opel,opel
18,1,8,135,van,opel,van,van
18,1,8,141,bus,bus,bus,bus
18,1,8,152,opel,opel,opel,opel
18,1,8,176,opel,opel,opel,opel
18,1,8,180,saab,saab,saab,saab
18,1,8,189,opel,saab,saab,opel
18,1,8,204,van,van,van,van
18,1,8,206,opel,bus,saab,saab
18,1,8,214,opel,opel,saab,opel
18,1,8,217,opel,saab,saab,saab
18,1,8,222,bus,bus,bus,bus
18,1,8,238,opel,opel,opel,opel
18,1,8,256,saab,saab,saab,opel
18,1,8,261,saab,opel,opel,opel
18,1,8,265,bus,bus,bus,bus
18,1,8,292,bus,bus,bus,bus
18,1,8,297,saab,opel,opel,opel
18,1,8,312,bus,bus,bus,bus
18,1,8,316,van,van,van,van
18,1,8,318,van,van,van,van
18,1,8,320,saab,saab,saab,saab
18,1,8,336,van,van,van,van
18,1,8,337,bus,bus,bus,bus
18,1,8,355,opel,saab,saab,saab
18,1,8,371,bus,bus,bus,bus
18,1,8,376,saab,saab,saab,saab
18,1,8,411,opel,opel,opel,opel
18,1,8,414,van,van,van,van
18,1,8,423,bus,bus,bus,bus
18,1,8,429,van,van,van,van
18,1,8,441,van,van,van,van
18,1,8,443,opel,opel,opel,opel
18,1,8,454,saab,saab,saab,saab
18,1,8,460,van,opel,van,van
18,1,8,472,bus,bus,bus,bus
18,1,8,495,bus,bus,bus,bus
18,1,8,499,opel,opel,opel,opel
18,1,8,502,opel,saab,saab,saab
18,1,8,521,van,van,van,van
18,1,8,540,bus,bus,bus,bus
18,1,8,543,saab,saab,saab,saab
18,1,8,544,bus,van,van,van
18,1,8,556,bus,bus,bus,bus
18,1,8,560,opel,opel,opel,opel
18,1,8,562,saab,saab,opel,saab
18,1,8,569,van,van,van,van
18,1,8,570,saab,saab,saab,saab
18,1,8,584,bus,bus,bus,bus
18,1,8,625,saab,bus,saab,saab
18,1,8,633,opel,opel,opel,opel
18,1,8,638,bus,bus,bus,bus
18,1,8,639,opel,opel,opel,opel
18,1,8,666,opel,opel,saab,saab
18,1,8,677,bus,bus,bus,bus
18,1,8,684,bus,bus,bus,bus
18,1,8,688,saab,van,van,van
18,1,8,692,saab,saab,saab,saab
18,1,8,700,opel,opel,opel,opel
18,1,8,711,saab,saab,saab,saab
18,1,8,742,opel,saab,saab,saab
18,1,8,744,van,van,van,van
18,1,8,751,van,van,van,van
18,1,8,764,saab,saab,saab,saab
18,1,8,772,opel,opel,opel,saab
18,1,8,780,saab,saab,saab,saab
18,1,8,787,van,van,van,van
18,1,8,795,van,van,van,van
18,1,8,815,bus,van,van,van
18,1,8,818,opel,opel,opel,opel
18,1,8,828,van,van,van,van
18,1,8,830,bus,bus,bus,bus
18,1,8,832,saab,saab,saab,saab
18,1,8,835,bus,bus,bus,bus
18,1,8,837,saab,opel,saab,opel
18,1,8,842,van,van,van,van
19,1,9,0,van,van,van,van
19,1,9,2,saab,saab,saab,saab
19,1,9,6,bus,bus,bus,bus
19,1,9,7,van,van,van,van
19,1,9,8,van,van,van,van
19,1,9,15,opel,opel,opel,opel
19,1,9,21,van,opel,opel,opel
19,1,9,23,bus,bus,van,bus
19,1,9,43,saab,saab,saab,saab
19,1,9,63,bus,bus,bus,bus
19,1,9,66,bus,bus,bus,bus
19,1,9,70,opel,opel,opel,opel
19,1,9,75,opel,opel,opel,opel
19,1,9,79,bus,bus,bus,bus
19,1,9,98,opel,opel,opel,opel
19,1,9,101,van,van,van,van
19,1,9,114,van,van,van,van
19,1,9,120,saab,saab,saab,saab
19,1,9,129,bus,bus,bus,bus
19,1,9,130,saab,saab,saab,saab
19,1,9,138,saab,saab,saab,saab
19,1,9,157,van,van,van,van
19,1,9,164,opel,opel,opel,opel
19,1,9,167,saab,opel,opel,opel
19,1,9,181,opel,opel,opel,opel
19,1,9,182,bus,bus,bus,bus
19,1,9,184,saab,saab,saab,saab
19,1,9,192,saab,opel,saab,opel
19,1,9,198,bus,bus,bus,bus
19,1,9,212,bus,bus,bus,bus
19,1,9,246,bus,bus,bus,bus
19,1,9,254,van,van,van,van
19,1,9,263,van,van,van,van
19,1,9,294,bus,bus,bus,bus
19,1,9,298,saab,saab,saab,saab
19,1,9,315,van,van,van,van
19,1,9,329,saab,saab,opel,saab
19,1,9,341,opel,saab,saab,saab
19,1,9,344,opel,opel,opel,opel
19,1,9,369,opel,opel,saab,opel
19,1,9,373,bus,bus,bus,bus
19,1,9,383,opel,opel,opel,opel
19,1,9,394,saab,opel,opel,opel
19,1,9,401,opel,opel,opel,opel
19,1,9,416,bus,bus,bus,bus
19,1,9,421,opel,opel,opel,opel
19,1,9,438,opel,opel,opel,opel
19,1,9,455,bus,bus,bus,bus
19,1,9,463,opel,saab,saab,saab
19,1,9,477,van,van,van,van
19,1,9,487,saab,saab,saab,saab
19,1,9,489,opel,opel,opel,opel
19,1,9,515,opel,opel,opel,opel
19,1,9,526,saab,saab,saab,saab
19,1,9,533,van,van,van,van
19,1,9,558,bus,bus,bus,bus
19,1,9,571,saab,saab,saab,saab
19,1,9,574,opel,opel,opel,opel
19,1,9,585,van,van,van,van
19,1,9,587,opel,opel,opel,opel
19,1,9,591,opel,opel,opel,opel
19,1,9,607,van,van,van,van
19,1,9,608,opel,opel,opel,opel
19,1,9,621,van,van,van,van
19,1,9,628,bus,bus,bus,bus
19,1,9,642,saab,saab,opel,saab
19,1,9,676,bus,bus,bus,bus
19,1,9,703,van,van,van,van
19,1,9,704,opel,opel,opel,opel
19,1,9,712,saab,saab,saab,saab
19,1,9,713,saab,saab,saab,saab
19,1,9,714,bus,bus,bus,bus
19,1,9,719,saab,saab,saab,saab
19,1,9,731,bus,bus,bus,bus
19,1,9,734,van,van,van,van
19,1,9,743,saab,opel,opel,opel
19,1,9,747,bus,bus,bus,bus
19,1,9,749,saab,opel,opel,opel
19,1,9,761,saab,saab,saab,saab
19,1,9,779,van,van,van,van
19,1,9,791,van,van,van,van
19,1,9,799,bus,bus,bus,bus
19,1,9,808,bus,bus,bus,bus
19,1,9,841,saab,saab,saab,saab
20,2,0,0,van,van,van,van
20,2,0,3,van,van,van,van
20,2,0,4,bus,bus,bus,bus
20,2,0,5,bus,bus,bus,bus
20,2,0,26,saab,opel,opel,opel
20,2,0,28,bus,bus,bus,bus
20,2,0,58,opel,saab,saab,saab
20,2,0,59,van,van,van,van
20,2,0,67,opel,opel,opel,opel
20,2,0,73,opel,opel,opel,opel
20,2,0,90,saab,saab,saab,saab
20,2,0,92,saab,opel,saab,opel
20,2,0,95,opel,opel,opel,opel
20,2,0,114,van,van,van,van
20,2,0,120,saab,saab,saab,saab
20,2,0,143,bus,bus,bus,bus
20,2,0,144,opel,opel,opel,opel
20,2,0,195,bus,bus,bus,bus
20,2,0,200,van,van,van,van
20,2,0,203,opel,opel,opel,opel
20,2,0,209,opel,opel,opel,opel
20,2,0,215,opel,saab,saab,saab
20,2,0,218,bus,bus,bus,bus
20,2,0,226,saab,saab,saab,saab
20,2,0,227,van,van,van,van
20,2,0,243,saab,opel,opel,opel
20,2,0,249,saab,saab,saab,saab
20,2,0,258,saab,saab,saab,saab
20,2,0,259,opel,opel,opel,opel
20,2,0,260,saab,saab,saab,saab
20,2,0,263,van,van,van,van
20,2,0,273,van,van,van,van
20,2,0,276,bus,bus,bus,bus
20,2,0,280,opel,opel,opel,opel
20,2,0,294,bus,bus,bus,bus
20,2,0,297,saab,opel,opel,opel
20,2,0,302,bus,bus,bus,bus
20,2,0,305,bus,bus,bus,bus
20,2,0,315,van,van,van,van
20,2,0,326,opel,opel,opel,opel
20,2,0,376,saab,saab,saab,saab
20,2,0,384,opel,saab,saab,saab
20,2,0,392,van,van,van,van
20,2,0,401,opel,opel,saab,opel
20,2,0,413,opel,opel,saab,opel
20,2,0,416,bus,bus,bus,bus
20,2,0,420,van,van,van,van
20,2,0,429,van,bus,van,bus
20,2,0,450,bus,bus,bus,bus
20,2,0,452,opel,saab,saab,saab
20,2,0,457,van,bus,bus,bus
20,2,0,483,van,opel,opel,opel
20,2,0,484,van,van,van,van
20,2,0,525,saab,saab,saab,saab
20,2,0,537,van,van,van,van
20,2,0,548,bus,bus,bus,bus
20,2,0,577,opel,saab,saab,saab
20,2,0,590,bus,bus,bus,bus
20,2,0,615,opel,opel,opel,opel
20,2,0,618,van,van,van,van
20,2,0,620,saab,saab,saab,saab
20,2,0,628,bus,bus,bus,bus
20,2,0,629,van,van,van,van
20,2,0,640,opel,saab,saab,saab
20,2,0,669,bus,bus,bus,bus
20,2,0,672,bus,bus,bus,bus
20,2,0,688,saab,van,van,van
20,2,0,719,saab,saab,saab,saab
20,2,0,724,van,van,van,van
20,2,0,736,saab,opel,opel,opel
20,2,0,760,opel,saab,saab,saab
20,2,0,767,bus,bus,bus,bus
20,2,0,769,saab,saab,saab,saab
20,2,0,771,opel,opel,opel,opel
20,2,0,773,bus,bus,bus,bus
20,2,0,778,saab,saab,saab,saab
20,2,0,793,bus,bus,bus,bus
20,2,0,805,bus,bus,bus,bus
20,2,0,809,saab,opel,opel,opel
20,2,0,827,opel,opel,opel,opel
20,2,0,831,bus,bus,bus,bus
20,2,0,832,saab,saab,saab,saab
20,2,0,833,saab,saab,opel,saab
20,2,0,843,saab,saab,saab,saab
20,2,0,845,van,van,van,van
21,2,1,1,van,van,van,van
21,2,1,21,van,opel,opel,opel
21,2,1,31,saab,van,van,van
21,2,1,33,opel,saab,opel,saab
21,2,1,35,van,saab,van,van
21,2,1,37,van,van,van,van
21,2,1,48,van,van,van,van
21,2,1,74,van,van,van,van
21,2,1,75,opel,opel,opel,opel
21,2,1,121,van,van,van,van
21,2,1,142,opel,opel,opel,opel
21,2,1,145,opel,opel,opel,opel
21,2,1,168,bus,bus,bus,bus
21,2,1,171,bus,bus,bus,bus
21,2,1,175,bus,bus,bus,bus
21,2,1,177,bus,bus,van,van
21,2,1,182,bus,bus,bus,bus
21,2,1,184,saab,saab,saab,saab
21,2,1,192,saab,saab,saab,saab
21,2,1,208,bus,bus,bus,bus
21,2,1,213,bus,bus,bus,bus
21,2,1,219,van,van,van,van
21,2,1,224,saab,saab,saab,saab
21,2,1,233,saab,opel,opel,saab
21,2,1,269,van,van,van,van
21,2,1,272,van,van,van,van
21,2,1,299,bus,bus,bus,bus
21,2,1,307,opel,opel,opel,opel
21,2,1,320,saab,saab,saab,saab
21,2,1,327,opel,opel,saab,opel
21,2,1,341,opel,saab,saab,saab
21,2,1,358,opel,saab,opel,saab
21,2,1,360,saab,saab,saab,saab
21,2,1,371,bus,bus,bus,bus
21,2,1,377,saab,opel,saab,opel
21,2,1,378,saab,opel,opel,saab
21,2,1,383,opel,opel,opel,opel
21,2,1,386,saab,saab,saab,saab
21,2,1,387,van,van,van,van
21,2,1,388,van,opel,opel,opel
21,2,1,405,bus,bus,bus,bus
21,2,1,407,saab,saab,saab,saab
21,2,1,409,saab,opel,opel,opel
21,2,1,410,saab,saab,saab,saab
21,2,1,412,bus,bus,bus,bus
21,2,1,415,opel,opel,opel,opel
21,2,1,419,saab,saab,saab,saab
21,2,1,445,van,van,van,van
21,2,1,460,van,bus,van,bus
21,2,1,464,bus,bus,bus,bus
21,2,1,467,opel,opel,opel,opel
21,2,1,481,opel,opel,opel,opel
21,2,1,488,opel,opel,opel,opel
21,2,1,531,bus,bus,bus,bus
21,2,1,544,bus,bus,bus,bus
21,2,1,557,saab,saab,saab,saab
21,2,1,566,saab,saab,saab,saab
21,2,1,574,opel,opel,opel,opel
21,2,1,581,van,van,van,van
21,2,1,600,bus,bus,bus,bus
21,2,1,610,opel,opel,opel,opel
21,2,1,616,opel,opel,van,opel
21,2,1,623,saab,saab,saab,saab
21,2,1,635,van,van,van,van
21,2,1,655,van,van,van,van
21,2,1,659,saab,saab,opel,opel
21,2,1,667,saab,saab,saab,saab
21,2,1,687,bus,bus,bus,bus
21,2,1,689,saab,saab,saab,saab
21,2,1,699,opel,opel,saab,opel
21,2,1,700,opel,opel,opel,opel
21,2,1,721,saab,saab,saab,saab
21,2,1,723,opel,opel,opel,opel
21,2,1,725,van,van,van,van
21,2,1,732,van,van,van,van
21,2,1,741,bus,bus,bus,bus
21,2,1,751,van,van,van,van
21,2,1,770,bus,bus,bus,bus
21,2,1,777,bus,bus,bus,bus
21,2,1,783,saab,opel,saab,saab
21,2,1,785,bus,bus,bus,bus
21,2,1,794,bus,bus,bus,bus
21,2,1,796,opel,opel,opel,opel
21,2,1,799,bus,bus,bus,bus
21,2,1,810,opel,opel,opel,opel
22,2,2,6,bus,bus,bus,bus
22,2,2,18,saab,saab,saab,saab
22,2,2,55,van,van,van,van
22,2,2,76,saab,opel,saab,opel
22,2,2,77,saab,bus,bus,bus
22,2,2,82,van,van,van,van
22,2,2,104,bus,bus,bus,bus
22,2,2,112,opel,opel,opel,opel
22,2,2,117,saab,saab,saab,saab
22,2,2,129,bus,bus,bus,bus
22,2,2,130,saab,saab,saab,saab
22,2,2,149,van,van,van,van
22,2,2,160,opel,opel,opel,opel
22,2,2,191,van,van,van,van
22,2,2,194,saab,saab,saab,saab
22,2,2,196,saab,opel,opel,opel
22,2,2,199,bus,bus,bus,bus
22,2,2,204,van,van,van,van
22,2,2,210,opel,opel,opel,opel
22,2,2,211,van,van,van,van
22,2,2,242,bus,bus,bus,bus
22,2,2,250,van,van,van,van
22,2,2,267,saab,saab,saab,saab
22,2,2,279,bus,bus,bus,bus
22,2,2,282,bus,bus,bus,bus
22,2,2,284,van,van,van,van
22,2,2,290,van,van,van,van
22,2,2,293,van,van,van,van
22,2,2,301,opel,saab,saab,saab
22,2,2,310,saab,opel,opel,opel
22,2,2,312,bus,bus,bus,bus
22,2,2,348,van,van,van,van
22,2,2,366,van,van,van,van
22,2,2,375,bus,bus,bus,bus
22,2,2,406,opel,opel,opel,opel
22,2,2,411,opel,opel,opel,opel
22,2,2,414,van,van,van,van
22,2,2,428,saab,saab,saab,saab
22,2,2,431,bus,bus,bus,bus
22,2,2,438,opel,opel,opel,opel
22,2,2,440,saab,opel,opel,opel
22,2,2,444,bus,bus,bus,bus
22,2,2,446,saab,saab,saab,saab
22,2,2,451,opel,saab,saab,saab
22,2,2,455,bus,bus,bus,bus
22,2,2,473,opel,opel,opel,opel
22,2,2,490,saab,saab,saab,saab
22,2,2,507,opel,saab,saab,saab
22,2,2,515,opel,opel,opel,opel
22,2,2,517,saab,saab,saab,saab
22,2,2,540,bus,bus,bus,bus
22,2,2,580,bus,bus,bus,bus
22,2,2,593,saab,saab,saab,saab
22,2,2,604,opel,saab,saab,saab
22,2,2,613,bus,bus,bus,bus
22,2,2,617,van,van,van,van
22,2,2,631,opel,opel,opel,opel
22,2,2,647,saab,saab,saab,saab
22,2,2,652,opel,opel,opel,opel
22,2,2,656,bus,bus,bus,bus
22,2,2,660,van,van,van,van
22,2,2,662,saab,opel,opel,opel
22,2,2,686,opel,opel,van,opel
22,2,2,697,bus,bus,bus,bus
22,2,2,703,van,van,van,van
22,2,2,708,van,van,van,van
22,2,2,710,bus,bus,bus,bus
22,2,2,712,saab,saab,saab,saab
22,2,2,717,bus,bus,bus,bus
22,2,2,720,opel,saab,saab,saab
22,2,2,733,bus,bus,bus,bus
22,2,2,747,bus,bus,bus,bus
22,2,2,756,saab,opel,opel,opel
22,2,2,758,bus,bus,bus,bus
22,2,2,764,saab,saab,saab,saab
22,2,2,776,saab,opel,saab,opel
22,2,2,789,saab,saab,saab,saab
22,2,2,800,van,van,van,van
22,2,2,802,opel,saab,saab,saab
22,2,2,816,van,van,van,van
22,2,2,821,opel,opel,opel,opel
22,2,2,822,van,van,van,van
22,2,2,823,opel,opel,opel,opel
22,2,2,824,opel,saab,opel,saab
22,2,2,826,opel,opel,opel,opel
23,2,3,10,van,van,van,van
23,2,3,41,van,van,van,van
23,2,3,51,saab,opel,opel,opel
23,2,3,52,opel,opel,opel,opel
23,2,3,53,bus,bus,bus,bus
23,2,3,64,bus,bus,bus,bus
23,2,3,79,bus,bus,bus,bus
23,2,3,80,bus,bus,bus,bus
23,2,3,83,opel,opel,opel,opel
23,2,3,85,bus,bus,bus,bus
23,2,3,89,opel,opel,opel,opel
23,2,3,96,saab,saab,saab,saab
23,2,3,105,saab,saab,saab,saab
23,2,3,110,van,van,van,van
23,2,3,113,opel,saab,saab,saab
23,2,3,116,opel,opel,opel,opel
23,2,3,122,van,van,van,van
23,2,3,127,bus,van,van,van
23,2,3,139,van,van,van,van
23,2,3,147,bus,bus,bus,bus
23,2,3,158,saab,opel,opel,opel
23,2,3,161,opel,saab,saab,saab
23,2,3,164,opel,opel,opel,opel
23,2,3,166,saab,saab,saab,saab
23,2,3,185,bus,bus,bus,bus
23,2,3,189,opel,saab,saab,saab
23,2,3,197,bus,bus,bus,bus
23,2,3,222,bus,bus,bus,bus
23,2,3,255,saab,saab,saab,saab
23,2,3,270,bus,bus,bus,bus
23,2,3,277,opel,saab,saab,saab
23,2,3,281,bus,bus,bus,bus
23,2,3,287,van,van,van,van
23,2,3,308,opel,opel,opel,opel
23,2,3,311,van,van,van,van
23,2,3,318,van,van,van,van
23,2,3,329,saab,opel,opel,opel
23,2,3,336,van,van,van,van
23,2,3,338,van,van,van,van
23,2,3,352,van,van,van,van
23,2,3,359,opel,opel,opel,opel
23,2,3,362,saab,saab,saab,saab
23,2,3,369,opel,saab,saab,saab
23,2,3,370,bus,bus,bus,bus
23,2,3,390,bus,bus,bus,bus
23,2,3,402,opel,opel,opel,opel
23,2,3,403,van,van,van,van
23,2,3,422,saab,opel,opel,opel
23,2,3,434,saab,saab,saab,saab
23,2,3,436,van,van,van,van
23,2,3,489,opel,opel,opel,opel
23,2,3,497,van,van,van,van
23,2,3,504,opel,saab,saab,saab
23,2,3,506,saab,saab,saab,saab
23,2,3,511,opel,opel,opel,opel
23,2,3,521,van,van,van,van
23,2,3,522,saab,opel,opel,opel
23,2,3,526,saab,saab,saab,saab
23,2,3,528,bus,bus,bus,bus
23,2,3,529,bus,bus,bus,bus
23,2,3,543,saab,saab,saab,saab
23,2,3,552,saab,saab,saab,saab
23,2,3,576,saab,saab,saab,saab
23,2,3,586,opel,opel,opel,opel
23,2,3,609,bus,bus,bus,bus
23,2,3,624,saab,opel,opel,opel
23,2,3,630,saab,saab,saab,saab
23,2,3,636,saab,saab,saab,saab
23,2,3,638,bus,bus,bus,bus
23,2,3,642,saab,opel,opel,opel
23,2,3,649,saab,saab,saab,saab
23,2,3,653,opel,opel,opel,opel
23,2,3,675,opel,opel,opel,opel
23,2,3,681,bus,bus,bus,bus
23,2,3,684,bus,bus,bus,bus
23,2,3,707,van,van,van,van
23,2,3,713,saab,saab,saab,saab
23,2,3,730,opel,opel,opel,opel
23,2,3,763,opel,opel,opel,opel
23,2,3,775,bus,bus,bus,bus
23,2,3,813,van,van,van,van
23,2,3,815,bus,bus,bus,bus
23,2,3,828,van,van,van,van
23,2,3,829,van,van,van,van
23,2,3,839,van,van,van,van
24,2,4,16,van,van,van,van
24,2,4,19,opel,opel,opel,opel
24,2,4,20,bus,bus,bus,bus
24,2,4,22,bus,bus,bus,bus
24,2,4,43,saab,saab,saab,saab
24,2,4,49,saab,saab,saab,saab
24,2,4,62,van,van,van,van
24,2,4,63,bus,bus,bus,bus
24,2,4,69,bus,bus,bus,bus
24,2,4,86,van,van,van,van
24,2,4,88,bus,bus,bus,bus
24,2,4,115,van,van,van,van
24,2,4,140,saab,saab,saab,saab
24,2,4,146,van,van,van,van
24,2,4,156,opel,saab,saab,saab
24,2,4,157,van,van,van,van
24,2,4,159,opel,opel,opel,opel
24,2,4,163,saab,van,van,van
24,2,4,165,opel,opel,opel,opel
24,2,4,167,saab,saab,saab,saab
24,2,4,170,opel,opel,saab,opel
24,2,4,186,bus,bus,bus,bus
24,2,4,216,saab,opel,opel,opel
24,2,4,235,van,van,van,van
24,2,4,246,bus,bus,bus,bus
24,2,4,253,bus,bus,bus,bus
24,2,4,261,saab,opel,opel,opel
24,2,4,265,bus,bus,bus,bus
24,2,4,288,opel,opel,opel,opel
24,2,4,289,saab,saab,saab,saab
24,2,4,296,bus,bus,bus,bus
24,2,4,300,saab,opel,opel,opel
24,2,4,316,van,van,van,van
24,2,4,331,opel,opel,opel,opel
24,2,4,334,bus,bus,bus,bus
24,2,4,340,bus,bus,bus,bus
24,2,4,363,van,van,van,van
24,2,4,368,bus,bus,bus,bus
24,2,4,372,van,van,van,van
24,2,4,379,opel,saab,opel,saab
24,2,4,380,opel,opel,opel,opel
24,2,4,393,bus,bus,bus,bus
24,2,4,399,van,van,van,van
24,2,4,437,opel,opel,opel,opel
24,2,4,442,van,van,van,van
24,2,4,449,van,van,van,van
24,2,4,470,van,van,van,van
24,2,4,480,saab,saab,saab,saab
24,2,4,487,saab,saab,saab,saab
24,2,4,491,saab,saab,saab,saab
24,2,4,512,opel,opel,opel,opel
24,2,4,516,opel,opel,opel,opel
24,2,4,518,saab,saab,saab,saab
24,2,4,532,saab,saab,saab,saab
24,2,4,535,van,van,van,van
24,2,4,541,van,van,van,van
24,2,4,554,saab,opel,saab,opel
24,2,4,558,bus,bus,bus,bus
24,2,4,561,opel,opel,opel,opel
24,2,4,562,saab,opel,saab,opel
24,2,4,578,opel,saab,opel,saab
24,2,4,582,saab,saab,saab,saab
24,2,4,592,bus,bus,bus,bus
24,2,4,599,saab,van,opel,van
24,2,4,606,van,van,van,van
24,2,4,619,opel,opel,opel,opel
24,2,4,622,saab,saab,saab,saab
24,2,4,632,bus,bus,bus,bus
24,2,4,658,van,van,van,van
24,2,4,666,opel,saab,saab,saab
24,2,4,676,bus,bus,bus,bus
24,2,4,685,bus,bus,bus,bus
24,2,4,696,saab,opel,opel,opel
24,2,4,709,opel,opel,opel,opel
24,2,4,714,bus,bus,bus,bus
24,2,4,738,bus,bus,bus,bus
24,2,4,749,saab,opel,opel,opel
24,2,4,755,van,van,van,van
24,2,4,782,opel,opel,opel,opel
24,2,4,784,van,saab,saab,saab
24,2,4,792,opel,opel,opel,opel
24,2,4,798,opel,opel,opel,opel
24,2,4,801,opel,saab,saab,saab
24,2,4,818,opel,opel,opel,opel
24,2,4,841,saab,saab,saab,saab
25,2,5,8,van,van,van,van
25,2,5,15,opel,opel,opel,opel
25,2,5,24,saab,saab,saab,saab
25,2,5,36,bus,bus,bus,bus
25,2,5,42,van,van,van,van
25,2,5,54,bus,bus,bus,bus
25,2,5,61,opel,opel,opel,opel
25,2,5,70,opel,opel,opel,opel
25,2,5,71,opel,opel,opel,opel
25,2,5,78,bus,bus,bus,bus
25,2,5,84,bus,bus,bus,bus
25,2,5,91,opel,saab,saab,saab
25,2,5,93,van,van,van,van
25,2,5,97,bus,bus,bus,bus
25,2,5,101,van,van,van,van
25,2,5,109,bus,bus,bus,bus
25,2,5,136,van,van,van,van
25,2,5,138,saab,saab,saab,saab
25,2,5,141,bus,bus,bus,bus
25,2,5,151,bus,bus,bus,bus
25,2,5,153,saab,saab,saab,saab
25,2,5,198,bus,bus,bus,bus
25,2,5,205,van,van,van,van
25,2,5,207,bus,bus,bus,bus
25,2,5,217,opel,saab,saab,saab
25,2,5,223,bus,bus,bus,bus
25,2,5,236,bus,bus,bus,bus
25,2,5,240,opel,saab,saab,saab
25,2,5,251,opel,opel,opel,opel
25,2,5,266,bus,bus,bus,bus
25,2,5,291,van,van,van,van
25,2,5,330,van,van,van,van
25,2,5,339,bus,bus,bus,bus
25,2,5,345,bus,bus,bus,bus
25,2,5,351,saab,saab,saab,saab
25,2,5,389,opel,opel,opel,opel
25,2,5,424,opel,opel,opel,opel
25,2,5,425,opel,saab,saab,saab
25,2,5,433,bus,bus,bus,bus
25,2,5,439,saab,saab,saab,saab
25,2,5,458,opel,opel,opel,opel
25,2,5,459,saab,saab,saab,saab
25,2,5,462,opel,saab,saab,saab
25,2,5,463,opel,saab,saab,saab
25,2,5,465,bus,bus,bus,bus
25,2,5,474,opel,opel,opel,opel
25,2,5,475,saab,opel,opel,opel
25,2,5,486,opel,saab,saab,saab
25,2,5,498,van,van,van,van
25,2,5,501,opel,opel,opel,opel
25,2,5,513,saab,opel,opel,opel
25,2,5,520,saab,opel,opel,opel
25,2,5,523,van,van,van,van
25,2,5,549,saab,saab,saab,saab
25,2,5,550,van,van,van,van
25,2,5,559,saab,opel,opel,opel
25,2,5,565,saab,saab,saab,saab
25,2,5,567,saab,saab,saab,saab
25,2,5,569,van,van,van,van
25,2,5,572,van,van,van,van
25,2,5,589,opel,opel,opel,opel
25,2,5,594,van,van,van,van
25,2,5,611,van,van,van,van
25,2,5,625,saab,saab,saab,saab
25,2,5,634,opel,saab,saab,saab
25,2,5,637,bus,bus,bus,bus
25,2,5,677,bus,bus,bus,bus
25,2,5,679,bus,bus,bus,bus
25,2,5,680,van,van,van,van
25,2,5,691,bus,bus,bus,bus
25,2,5,701,saab,saab,saab,saab
25,2,5,702,opel,opel,opel,opel
25,2,5,716,saab,saab,saab,saab
25,2,5,744,van,van,van,van
25,2,5,750,saab,saab,saab,saab
25,2,5,753,saab,saab,saab,saab
25,2,5,768,opel,opel,opel,opel
25,2,5,780,saab,saab,saab,saab
25,2,5,795,van,van,van,van
25,2,5,797,saab,saab,saab,saab
25,2,5,811,opel,saab,saab,saab
25,2,5,820,saab,opel,opel,opel
25,2,5,837,saab,saab,saab,saab
25,2,5,838,van,van,van,van
25,2,5,842,van,van,van,van
26,2,6,11,saab,saab,opel,saab
26,2,6,17,bus,bus,bus,bus
26,2,6,50,saab,saab,saab,saab
26,2,6,57,van,van,van,van
26,2,6,60,opel,opel,opel,opel
26,2,6,68,van,van,van,van
26,2,6,100,bus,van,van,van
26,2,6,108,bus,bus,bus,bus
26,2,6,119,bus,bus,bus,bus
26,2,6,137,van,van,van,van
26,2,6,193,bus,bus,bus,bus
26,2,6,220,opel,opel,opel,opel
26,2,6,228,saab,saab,saab,saab
26,2,6,231,saab,saab,saab,saab
26,2,6,234,van,van,van,van
26,2,6,238,opel,opel,opel,opel
26,2,6,241,opel,opel,opel,opel
26,2,6,245,van,van,van,van
26,2,6,252,van,van,van,van
26,2,6,254,van,van,van,van
26,2,6,256,saab,opel,opel,opel
26,2,6,271,saab,saab,saab,saab
26,2,6,278,saab,saab,opel,saab
26,2,6,309,opel,opel,opel,opel
26,2,6,313,opel,saab,saab,saab
26,2,6,317,saab,saab,saab,saab
26,2,6,319,bus,bus,bus,bus
26,2,6,324,saab,saab,saab,saab
26,2,6,332,opel,opel,opel,opel
26,2,6,337,bus,bus,bus,bus
26,2,6,343,opel,opel,opel,opel
26,2,6,346,saab,saab,saab,saab
26,2,6,347,opel,saab,opel,saab
26,2,6,367,saab,saab,saab,saab
26,2,6,374,van,van,van,van
26,2,6,381,bus,bus,bus,bus
26,2,6,382,bus,bus,bus,bus
26,2,6,391,van,van,van,van
26,2,6,396,bus,bus,bus,bus
26,2,6,398,bus,bus,bus,bus
26,2,6,418,bus,bus,bus,bus
26,2,6,423,bus,bus,bus,bus
26,2,6,430,saab,saab,saab,saab
26,2,6,441,van,bus,van,bus
26,2,6,443,opel,opel,opel,opel
26,2,6,453,bus,bus,bus,bus
26,2,6,454,saab,saab,saab,saab
26,2,6,472,bus,bus,bus,bus
26,2,6,479,bus,bus,bus,bus
26,2,6,482,opel,saab,saab,saab
26,2,6,502,opel,saab,saab,saab
26,2,6,519,van,van,van,van
26,2,6,533,van,van,van,van
26,2,6,538,opel,opel,opel,opel
26,2,6,546,van,van,van,van
26,2,6,553,bus,bus,bus,bus
26,2,6,555,opel,opel,saab,opel
26,2,6,563,opel,opel,opel,opel
26,2,6,564,bus,bus,bus,bus
26,2,6,568,bus,bus,bus,bus
26,2,6,573,van,van,van,van
26,2,6,587,opel,opel,opel,opel
26,2,6,601,van,van,van,van
26,2,6,639,opel,opel,opel,opel
26,2,6,646,bus,bus,bus,bus
26,2,6,650,saab,opel,opel,opel
26,2,6,671,opel,opel,opel,opel
26,2,6,673,opel,saab,opel,saab
26,2,6,682,van,van,van,van
26,2,6,693,van,van,van,van
26,2,6,704,opel,opel,opel,opel
26,2,6,705,saab,saab,saab,saab
26,2,6,711,saab,saab,saab,saab
26,2,6,729,opel,opel,opel,opel
26,2,6,734,van,van,van,van
26,2,6,740,saab,saab,saab,saab
26,2,6,743,saab,opel,opel,opel
26,2,6,757,saab,opel,saab,opel
26,2,6,787,van,van,van,van
26,2,6,803,bus,bus,bus,bus
26,2,6,806,saab,saab,saab,saab
26,2,6,807,saab,saab,saab,saab
26,2,6,835,bus,bus,bus,bus
26,2,6,836,van,van,van,van
27,2,7,13,van,van,van,van
27,2,7,23,bus,van,van,van
27,2,7,38,saab,saab,saab,saab
27,2,7,40,opel,opel,opel,opel
27,2,7,45,van,van,van,van
27,2,7,47,bus,bus,bus,bus
27,2,7,56,saab,saab,saab,saab
27,2,7,65,opel,saab,saab,saab
27,2,7,81,bus,bus,bus,bus
27,2,7,87,van,van,van,van
27,2,7,94,bus,bus,bus,bus
27,2,7,103,van,van,van,van
27,2,7,106,opel,opel,opel,opel
27,2,7,107,opel,saab,saab,saab
27,2,7,118,bus,bus,bus,bus
27,2,7,123,saab,opel,opel,opel
27,2,7,148,saab,opel,opel,opel
27,2,7,169,van,van,van,van
27,2,7,172,van,van,van,van
27,2,7,173,bus,bus,bus,bus
27,2,7,174,van,van,van,van
27,2,7,179,van,van,van,van
27,2,7,187,opel,saab,saab,saab
27,2,7,212,bus,bus,bus,bus
27,2,7,221,van,van,van,van
27,2,7,232,bus,bus,bus,bus
27,2,7,257,opel,opel,opel,opel
27,2,7,264,saab,saab,saab,saab
27,2,7,275,bus,bus,bus,bus
27,2,7,295,bus,bus,bus,bus
27,2,7,304,bus,bus,bus,bus
27,2,7,306,saab,saab,saab,saab
27,2,7,344,opel,opel,opel,opel
27,2,7,354,saab,saab,saab,saab
27,2,7,355,opel,saab,saab,saab
27,2,7,373,bus,bus,bus,bus
27,2,7,394,saab,saab,saab,saab
27,2,7,395,opel,saab,saab,saab
27,2,7,404,opel,opel,opel,opel
27,2,7,427,opel,saab,saab,saab
27,2,7,448,bus,bus,bus,bus
27,2,7,461,opel,opel,opel,opel
27,2,7,478,bus,bus,bus,bus
27,2,7,485,bus,bus,bus,bus
27,2,7,494,bus,bus,bus,bus
27,2,7,496,opel,opel,opel,opel
27,2,7,499,opel,opel,opel,opel
27,2,7,514,van,van,van,van
27,2,7,536,saab,saab,saab,saab
27,2,7,539,bus,bus,bus,bus
27,2,7,551,opel,opel,opel,opel
27,2,7,570,saab,saab,saab,saab
27,2,7,571,saab,saab,saab,saab
27,2,7,575,saab,saab,saab,saab
27,2,7,588,opel,saab,saab,saab
27,2,7,595,opel,bus,bus,bus
27,2,7,607,van,van,van,van
27,2,7,612,opel,van,van,van
27,2,7,644,van,van,van,van
27,2,7,663,saab,opel,opel,opel
27,2,7,664,van,van,van,van
27,2,7,668,van,van,van,van
27,2,7,692,saab,saab,saab,saab
27,2,7,694,saab,saab,saab,saab
27,2,7,695,van,van,van,van
27,2,7,698,bus,bus,bus,bus
27,2,7,706,van,van,van,van
27,2,7,718,opel,opel,opel,opel
27,2,7,726,saab,saab,saab,saab
27,2,7,748,van,van,van,van
27,2,7,754,van,van,van,van
27,2,7,759,van,van,van,van
27,2,7,761,saab,saab,saab,saab
27,2,7,765,bus,bus,bus,bus
27,2,7,766,saab,saab,saab,saab
27,2,7,772,opel,opel,opel,opel
27,2,7,774,van,van,van,van
27,2,7,790,bus,bus,bus,bus
27,2,7,812,bus,bus,bus,bus
27,2,7,817,saab,saab,saab,saab
27,2,7,819,saab,saab,saab,saab
27,2,7,830,bus,bus,bus,bus
27,2,7,840,opel,opel,opel,opel
27,2,7,844,saab,saab,saab,saab
28,2,8,12,bus,bus,bus,bus
28,2,8,14,bus,bus,bus,bus
28,2,8,29,saab,saab,saab,saab
28,2,8,30,van,van,van,van
28,2,8,32,opel,saab,saab,saab
28,2,8,34,opel,opel,opel,opel
28,2,8,44,saab,saab,saab,saab
28,2,8,66,bus,bus,bus,bus
28,2,8,72,opel,saab,saab,saab
28,2,8,99,bus,bus,bus,bus
28,2,8,111,van,van,van,van
28,2,8,124,van,van,van,van
28,2,8,126,bus,bus,bus,bus
28,2,8,128,van,van,van,van
28,2,8,131,saab,opel,opel,opel
28,2,8,133,van,van,van,van
28,2,8,150,saab,saab,saab,saab
28,2,8,154,van,van,van,van
28,2,8,162,saab,saab,saab,saab
28,2,8,178,bus,bus,bus,bus
28,2,8,180,saab,saab,saab,saab
28,2,8,181,opel,opel,opel,opel
28,2,8,183,saab,opel,opel,opel
28,2,8,188,opel,saab,saab,saab
28,2,8,190,opel,opel,opel,opel
28,2,8,202,opel,opel,opel,opel
28,2,8,214,opel,saab,saab,saab
28,2,8,229,saab,saab,bus,saab
28,2,8,230,van,van,van,van
28,2,8,237,bus,bus,bus,bus
28,2,8,244,van,van,van,van
28,2,8,247,saab,opel,opel,opel
28,2,8,262,van,van,van,van
28,2,8,268,van,van,van,van
28,2,8,283,saab,saab,saab,saab
28,2,8,285,saab,opel,opel,opel
28,2,8,292,bus,bus,bus,bus
28,2,8,298,saab,opel,saab,saab
28,2,8,303,van,van,van,van
28,2,8,314,bus,bus,bus,bus
28,2,8,321,bus,bus,bus,bus
28,2,8,323,saab,saab,saab,saab
28,2,8,335,saab,saab,saab,saab
28,2,8,397,bus,bus,bus,bus
28,2,8,421,opel,opel,opel,opel
28,2,8,432,saab,saab,saab,saab
28,2,8,435,van,opel,van,van
28,2,8,447,opel,opel,opel,opel
28,2,8,466,bus,bus,bus,bus
28,2,8,469,van,van,van,van
28,2,8,471,opel,opel,opel,opel
28,2,8,476,opel,opel,opel,opel
28,2,8,477,van,van,van,van
28,2,8,492,bus,bus,bus,bus
28,2,8,493,opel,opel,opel,opel
28,2,8,503,saab,saab,saab,saab
28,2,8,509,opel,opel,opel,opel
28,2,8,510,bus,bus,bus,bus
28,2,8,524,opel,opel,opel,opel
28,2,8,583,saab,saab,saab,saab
28,2,8,585,van,van,van,van
28,2,8,605,saab,opel,saab,saab
28,2,8,608,opel,opel,opel,opel
28,2,8,614,saab,opel,saab,saab
28,2,8,627,bus,bus,bus,bus
28,2,8,633,opel,opel,opel,opel
28,2,8,641,bus,bus,bus,bus
28,2,8,643,bus,bus,bus,bus
28,2,8,645,opel,opel,opel,opel
28,2,8,648,saab,saab,saab,saab
28,2,8,657,van,van,van,van
28,2,8,665,van,van,van,van
28,2,8,670,opel,opel,opel,opel
28,2,8,737,bus,bus,bus,bus
28,2,8,742,opel,saab,saab,saab
28,2,8,745,bus,bus,bus,bus
28,2,8,752,bus,bus,bus,bus
28,2,8,762,van,van,van,van
28,2,8,781,van,van,van,van
28,2,8,788,saab,saab,saab,saab
28,2,8,791,van,van,van,van
28,2,8,808,bus,bus,bus,bus
28,2,8,814,bus,bus,bus,bus
28,2,8,825,opel,saab,saab,saab
29,2,9,2,saab,saab,saab,saab
29,2,9,7,van,van,van,van
29,2,9,9,saab,saab,opel,saab
29,2,9,25,van,van,van,van
29,2,9,27,saab,saab,saab,saab
29,2,9,39,bus,bus,bus,bus
29,2,9,46,van,van,van,van
29,2,9,98,opel,opel,opel,opel
29,2,9,102,van,van,van,van
29,2,9,125,van,van,van,van
29,2,9,132,saab,saab,saab,saab
29,2,9,134,opel,opel,opel,opel
29,2,9,135,van,van,van,van
29,2,9,152,opel,opel,opel,opel
29,2,9,155,bus,bus,bus,bus
29,2,9,176,opel,opel,opel,opel
29,2,9,201,saab,saab,opel,saab
29,2,9,206,opel,bus,saab,bus
29,2,9,225,van,van,van,van
29,2,9,239,bus,bus,bus,bus
29,2,9,248,opel,opel,opel,opel
29,2,9,274,bus,bus,bus,bus
29,2,9,286,bus,bus,bus,bus
29,2,9,322,bus,bus,bus,bus
29,2,9,325,bus,bus,bus,bus
29,2,9,328,van,van,van,van
29,2,9,333,bus,bus,bus,bus
29,2,9,342,saab,saab,saab,saab
29,2,9,349,opel,saab,opel,saab
29,2,9,350,opel,opel,opel,opel
29,2,9,353,bus,bus,bus,bus
29,2,9,356,bus,bus,bus,bus
29,2,9,357,saab,saab,saab,saab
29,2,9,361,saab,saab,saab,saab
29,2,9,364,opel,opel,opel,opel
29,2,9,365,saab,saab,saab,saab
29,2,9,385,van,van,van,van
29,2,9,400,saab,saab,saab,saab
29,2,9,408,bus,bus,bus,bus
29,2,9,417,bus,bus,bus,bus
29,2,9,426,opel,opel,opel,opel
29,2,9,456,van,van,van,van
29,2,9,468,saab,saab,saab,saab
29,2,9,495,bus,bus,bus,bus
29,2,9,500,opel,opel,opel,opel
29,2,9,505,saab,saab,saab,saab
29,2,9,508,van,van,van,van
29,2,9,527,opel,opel,saab,opel
29,2,9,530,saab,opel,opel,opel
29,2,9,534,van,van,van,van
29,2,9,542,saab,opel,opel,opel
29,2,9,545,van,van,van,van
29,2,9,547,bus,bus,van,bus
29,2,9,556,bus,bus,bus,bus
29,2,9,560,opel,opel,opel,opel
29,2,9,579,opel,van,van,van
29,2,9,584,bus,bus,bus,bus
29,2,9,591,opel,opel,opel,opel
29,2,9,596,opel,opel,opel,opel
29,2,9,597,van,van,van,van
29,2,9,598,bus,bus,bus,bus
29,2,9,602,opel,opel,opel,opel
29,2,9,603,saab,saab,saab,saab
29,2,9,621,van,van,van,van
29,2,9,626,bus,bus,bus,bus
29,2,9,651,saab,saab,saab,saab
29,2,9,654,saab,saab,opel,saab
29,2,9,661,saab,opel,saab,opel
29,2,9,674,saab,saab,saab,saab
29,2,9,678,bus,bus,bus,bus
29,2,9,683,bus,bus,bus,bus
29,2,9,690,saab,saab,saab,saab
29,2,9,715,opel,opel,opel,opel
29,2,9,722,van,van,van,van
29,2,9,727,bus,bus,bus,bus
29,2,9,728,opel,opel,opel,opel
29,2,9,731,bus,bus,bus,bus
29,2,9,735,opel,saab,saab,saab
29,2,9,739,van,van,van,van
29,2,9,746,van,van,van,van
29,2,9,779,van,van,van,van
29,2,9,786,saab,saab,saab,saab
29,2,9,804,opel,opel,opel,opel
29,2,9,834,saab,opel,opel,opel
30,3,0,1,van,van,van,van
30,3,0,11,saab,opel,opel,saab
30,3,0,19,opel,opel,opel,opel
30,3,0,25,van,van,van,van
30,3,0,37,van,van,van,van
30,3,0,43,saab,saab,saab,saab
30,3,0,53,bus,bus,bus,bus
30,3,0,54,bus,bus,bus,bus
30,3,0,61,opel,opel,opel,saab
30,3,0,75,opel,opel,opel,opel
30,3,0,83,opel,opel,opel,opel
30,3,0,91,opel,saab,saab,saab
30,3,0,102,van,van,van,van
30,3,0,139,van,van,van,van
30,3,0,141,bus,bus,bus,bus
30,3,0,148,saab,opel,opel,opel
30,3,0,153,saab,saab,saab,saab
30,3,0,187,opel,saab,saab,saab
30,3,0,199,bus,bus,bus,bus
30,3,0,206,opel,bus,saab,saab
30,3,0,207,bus,bus,bus,bus
30,3,0,209,opel,opel,opel,opel
30,3,0,212,bus,bus,bus,bus
30,3,0,233,saab,opel,opel,saab
30,3,0,243,saab,saab,opel,saab
30,3,0,254,van,van,van,van
30,3,0,262,van,van,van,van
30,3,0,270,bus,bus,bus,bus
30,3,0,273,van,van,van,van
30,3,0,285,saab,opel,opel,opel
30,3,0,308,opel,opel,opel,opel
30,3,0,309,opel,opel,opel,opel
30,3,0,314,bus,bus,bus,bus
30,3,0,316,van,van,van,van
30,3,0,324,saab,saab,saab,saab
30,3,0,335,saab,saab,saab,saab
30,3,0,348,van,van,van,van
30,3,0,379,opel,opel,saab,saab
30,3,0,384,opel,saab,saab,saab
30,3,0,412,bus,bus,bus,bus
30,3,0,446,saab,saab,saab,saab
30,3,0,447,opel,opel,opel,opel
30,3,0,449,van,van,van,van
30,3,0,470,van,van,van,van
30,3,0,478,bus,bus,bus,bus
30,3,0,484,van,van,van,van
30,3,0,486,opel,saab,opel,opel
30,3,0,494,bus,bus,bus,bus
30,3,0,507,opel,saab,saab,saab
30,3,0,518,saab,saab,saab,saab
30,3,0,531,bus,bus,bus,bus
30,3,0,537,van,van,van,van
30,3,0,546,van,van,van,van
30,3,0,552,saab,saab,saab,opel
30,3,0,554,saab,saab,saab,saab
30,3,0,559,saab,opel,opel,opel
30,3,0,580,bus,bus,bus,bus
30,3,0,583,saab,saab,saab,saab
30,3,0,587,opel,opel,opel,opel
30,3,0,592,bus,bus,bus,bus
30,3,0,627,bus,bus,bus,bus
30,3,0,635,van,van,van,van
30,3,0,638,bus,bus,bus,bus
30,3,0,645,opel,opel,opel,opel
30,3,0,647,saab,saab,saab,saab
30,3,0,650,saab,opel,opel,opel
30,3,0,677,bus,bus,bus,bus
30,3,0,696,saab,opel,opel,opel
30,3,0,704,opel,opel,opel,opel
30,3,0,712,saab,saab,saab,saab
30,3,0,719,saab,saab,saab,saab
30,3,0,730,opel,opel,opel,opel
30,3,0,738,bus,bus,bus,bus
30,3,0,744,van,van,van,van
30,3,0,757,saab,saab,saab,opel
30,3,0,762,van,van,van,van
30,3,0,765,bus,bus,bus,bus
30,3,0,771,opel,opel,opel,opel
30,3,0,790,bus,bus,bus,bus
30,3,0,800,van,van,van,van
30,3,0,805,bus,bus,bus,bus
30,3,0,808,bus,bus,bus,bus
30,3,0,819,saab,saab,saab,saab
30,3,0,823,opel,opel,opel,opel
30,3,0,838,van,van,van,van
31,3,1,13,van,van,van,van
31,3,1,17,bus,bus,bus,bus
31,3,1,24,saab,saab,saab,saab
31,3,1,44,saab,saab,saab,saab
31,3,1,47,bus,bus,bus,bus
31,3,1,62,van,van,van,van
31,3,1,71,opel,opel,opel,opel
31,3,1,81,bus,bus,bus,bus
31,3,1,99,bus,bus,bus,bus
31,3,1,103,van,van,van,van
31,3,1,131,saab,opel,saab,opel
31,3,1,138,saab,saab,saab,saab
31,3,1,142,opel,opel,opel,opel
31,3,1,154,van,van,van,van
31,3,1,160,opel,opel,saab,opel
31,3,1,161,opel,saab,opel,saab
31,3,1,190,opel,opel,saab,opel
31,3,1,197,bus,bus,bus,bus
31,3,1,201,saab,opel,opel,opel
31,3,1,222,bus,bus,bus,bus
31,3,1,225,van,van,van,van
31,3,1,230,van,van,van,van
31,3,1,244,van,van,van,van
31,3,1,255,saab,saab,saab,saab
31,3,1,278,saab,saab,saab,saab
31,3,1,295,bus,bus,bus,bus
31,3,1,296,bus,bus,bus,bus
31,3,1,318,van,van,van,van
31,3,1,321,bus,bus,bus,bus
31,3,1,331,opel,opel,opel,opel
31,3,1,332,opel,opel,opel,opel
31,3,1,353,bus,bus,bus,bus
31,3,1,371,bus,bus,bus,bus
31,3,1,398,bus,bus,bus,bus
31,3,1,413,opel,saab,saab,saab
31,3,1,419,saab,saab,saab,saab
31,3,1,420,van,van,van,van
31,3,1,422,saab,opel,opel,opel
31,3,1,448,bus,bus,bus,bus
31,3,1,458,opel,opel,opel,opel
31,3,1,461,opel,opel,opel,opel
31,3,1,465,bus,bus,bus,bus
31,3,1,466,bus,bus,bus,bus
31,3,1,468,saab,saab,saab,saab
31,3,1,469,van,van,van,van
31,3,1,472,bus,bus,bus,bus
31,3,1,474,opel,opel,opel,opel
31,3,1,490,saab,saab,saab,saab
31,3,1,499,opel,opel,opel,opel
31,3,1,506,saab,saab,saab,saab
31,3,1,509,opel,opel,opel,opel
31,3,1,516,opel,opel,opel,opel
31,3,1,525,saab,saab,opel,saab
31,3,1,527,opel,opel,saab,opel
31,3,1,545,van,van,van,van
31,3,1,550,van,van,van,van
31,3,1,556,bus,bus,bus,bus
31,3,1,561,opel,opel,opel,opel
31,3,1,564,bus,bus,bus,bus
31,3,1,571,saab,opel,opel,opel
31,3,1,619,opel,opel,opel,opel
31,3,1,622,saab,saab,saab,saab
31,3,1,623,saab,saab,saab,saab
31,3,1,636,saab,saab,saab,saab
31,3,1,644,van,van,van,van
31,3,1,648,saab,saab,saab,saab
31,3,1,655,van,van,van,van
31,3,1,661,saab,opel,opel,opel
31,3,1,664,van,van,van,van
31,3,1,666,opel,saab,saab,saab
31,3,1,680,van,van,van,van
31,3,1,686,opel,opel,opel,opel
31,3,1,701,saab,saab,saab,saab
31,3,1,709,opel,opel,opel,opel
31,3,1,717,bus,bus,bus,bus
31,3,1,725,van,van,van,van
31,3,1,743,saab,opel,opel,opel
31,3,1,746,van,van,van,van
31,3,1,758,bus,bus,bus,bus
31,3,1,783,saab,saab,saab,saab
31,3,1,784,van,saab,van,saab
31,3,1,791,van,van,van,van
31,3,1,812,bus,bus,bus,bus
31,3,1,830,bus,bus,bus,bus
31,3,1,840,opel,saab,opel,saab
32,3,2,3,van,van,van,van
32,3,2,4,bus,bus,bus,bus
32,3,2,7,van,van,van,van
32,3,2,27,saab,saab,saab,saab
32,3,2,28,bus,bus,bus,bus
32,3,2,29,saab,saab,saab,saab
32,3,2,35,van,van,van,van
32,3,2,41,van,van,van,van
32,3,2,42,van,van,van,van
32,3,2,49,saab,saab,opel,saab
32,3,2,73,opel,opel,opel,opel
32,3,2,108,bus,bus,bus,bus
32,3,2,109,bus,bus,bus,bus
32,3,2,113,opel,van,opel,van
32,3,2,119,bus,bus,bus,bus
32,3,2,122,van,van,van,van
32,3,2,124,van,bus,van,bus
32,3,2,125,van,van,van,van
32,3,2,132,saab,saab,saab,saab
32,3,2,146,van,van,van,van
32,3,2,155,bus,bus,bus,bus
32,3,2,164,opel,opel,opel,opel
32,3,2,166,saab,saab,saab,saab
32,3,2,182,bus,bus,bus,bus
32,3,2,186,bus,bus,bus,bus
32,3,2,196,saab,opel,opel,opel
32,3,2,198,bus,bus,bus,bus
32,3,2,202,opel,opel,opel,opel
32,3,2,205,van,van,van,van
32,3,2,214,opel,saab,saab,saab
32,3,2,215,opel,saab,saab,saab
32,3,2,241,opel,opel,opel,opel
32,3,2,249,saab,saab,opel,saab
32,3,2,253,bus,bus,bus,bus
32,3,2,260,saab,saab,saab,saab
32,3,2,264,saab,saab,saab,saab
32,3,2,282,bus,bus,bus,bus
32,3,2,297,saab,opel,opel,opel
32,3,2,301,opel,saab,opel,saab
32,3,2,310,saab,opel,opel,opel
32,3,2,315,van,van,van,van
32,3,2,334,bus,bus,bus,bus
32,3,2,341,opel,opel,opel,opel
32,3,2,343,opel,opel,opel,opel
32,3,2,349,opel,opel,van,opel
32,3,2,359,opel,opel,opel,opel
32,3,2,373,bus,bus,bus,bus
32,3,2,377,saab,saab,saab,saab
32,3,2,383,opel,opel,saab,opel
32,3,2,391,van,van,van,van
32,3,2,394,saab,opel,opel,opel
32,3,2,395,opel,saab,saab,saab
32,3,2,406,opel,opel,opel,opel
32,3,2,410,saab,saab,bus,saab
32,3,2,415,opel,opel,opel,opel
32,3,2,436,van,van,van,van
32,3,2,441,van,bus,van,bus
32,3,2,450,bus,bus,bus,bus
32,3,2,459,saab,opel,opel,opel
32,3,2,492,bus,bus,bus,bus
32,3,2,511,opel,opel,saab,opel
32,3,2,512,opel,saab,opel,saab
32,3,2,519,van,van,van,van
32,3,2,528,bus,bus,bus,bus
32,3,2,536,saab,opel,opel,opel
32,3,2,541,van,van,van,van
32,3,2,568,bus,bus,bus,bus
32,3,2,581,van,van,van,van
32,3,2,590,bus,bus,bus,bus
32,3,2,649,saab,saab,saab,saab
32,3,2,683,bus,bus,bus,bus
32,3,2,693,van,van,van,van
32,3,2,716,saab,saab,saab,saab
32,3,2,726,saab,saab,saab,saab
32,3,2,742,opel,saab,saab,saab
32,3,2,755,van,van,van,van
32,3,2,759,van,van,van,van
32,3,2,760,opel,opel,opel,opel
32,3,2,766,saab,saab,saab,saab
32,3,2,775,bus,bus,bus,bus
32,3,2,777,bus,bus,bus,bus
32,3,2,793,bus,bus,bus,bus
32,3,2,806,saab,saab,saab,saab
32,3,2,811,opel,opel,opel,opel
32,3,2,844,saab,opel,saab,opel
33,3,3,22,bus,bus,bus,bus
33,3,3,23,bus,van,van,van
33,3,3,57,van,van,van,van
33,3,3,59,van,van,van,van
33,3,3,66,bus,bus,bus,bus
33,3,3,67,opel,opel,opel,opel
33,3,3,74,van,van,van,van
33,3,3,84,bus,bus,bus,bus
33,3,3,107,opel,saab,opel,saab
33,3,3,117,saab,saab,saab,saab
33,3,3,140,saab,opel,opel,opel
33,3,3,147,bus,bus,bus,bus
33,3,3,157,van,van,van,van
33,3,3,158,saab,saab,saab,saab
33,3,3,170,opel,saab,saab,saab
33,3,3,203,opel,opel,opel,opel
33,3,3,211,van,van,van,van
33,3,3,234,van,van,van,van
33,3,3,235,van,van,van,van
33,3,3,236,bus,bus,bus,bus
33,3,3,248,opel,opel,opel,opel
33,3,3,251,opel,opel,opel,opel
33,3,3,263,van,van,van,van
33,3,3,286,bus,bus,bus,bus
33,3,3,289,saab,saab,saab,saab
33,3,3,293,van,van,van,van
33,3,3,299,bus,bus,bus,bus
33,3,3,333,bus,bus,bus,bus
33,3,3,355,opel,saab,saab,saab
33,3,3,368,bus,bus,bus,bus
33,3,3,376,saab,saab,saab,saab
33,3,3,378,saab,opel,opel,opel
33,3,3,390,bus,bus,bus,bus
33,3,3,393,bus,bus,bus,bus
33,3,3,401,opel,saab,saab,saab
33,3,3,404,opel,opel,opel,opel
33,3,3,414,van,van,van,van
33,3,3,423,bus,bus,bus,bus
33,3,3,430,saab,saab,saab,saab
33,3,3,437,opel,opel,opel,opel
33,3,3,457,van,bus,bus,bus
33,3,3,460,van,bus,van,bus
33,3,3,467,opel,opel,opel,opel
33,3,3,504,opel,saab,saab,saab
33,3,3,505,saab,saab,saab,saab
33,3,3,510,bus,bus,bus,bus
33,3,3,513,saab,opel,opel,opel
33,3,3,522,saab,opel,opel,opel
33,3,3,523,van,van,van,van
33,3,3,530,saab,opel,opel,opel
33,3,3,533,van,van,van,van
33,3,3,535,van,van,van,van
33,3,3,542,saab,opel,opel,opel
33,3,3,586,opel,opel,opel,opel
33,3,3,591,opel,opel,opel,opel
33,3,3,594,van,van,van,van
33,3,3,595,opel,opel,opel,opel
33,3,3,596,opel,saab,saab,saab
33,3,3,597,van,van,van,van
33,3,3,602,opel,opel,opel,opel
33,3,3,632,bus,bus,bus,bus
33,3,3,633,opel,opel,opel,opel
33,3,3,637,bus,bus,bus,bus
33,3,3,667,saab,saab,saab,saab
33,3,3,681,bus,bus,bus,bus
33,3,3,690,saab,saab,saab,saab
33,3,3,710,bus,bus,bus,bus
33,3,3,713,saab,saab,saab,saab
33,3,3,715,opel,opel,opel,opel
33,3,3,728,opel,opel,opel,opel
33,3,3,733,bus,bus,bus,bus
33,3,3,734,van,van,van,van
33,3,3,736,saab,opel,opel,opel
33,3,3,737,bus,bus,bus,bus
33,3,3,749,saab,opel,opel,opel
33,3,3,750,saab,saab,saab,saab
33,3,3,751,van,van,van,van
33,3,3,770,bus,bus,bus,bus
33,3,3,778,saab,saab,saab,saab
33,3,3,788,saab,saab,saab,saab
33,3,3,807,saab,saab,saab,saab
33,3,3,820,saab,opel,opel,opel
33,3,3,821,opel,opel,opel,opel
33,3,3,831,bus,bus,bus,bus
33,3,3,836,van,van,van,van
34,3,4,8,van,van,van,van
34,3,4,26,saab,saab,opel,saab
34,3,4,30,van,van,van,van
34,3,4,39,bus,bus,bus,bus
34,3,4,48,van,van,van,van
34,3,4,86,van,van,van,van
34,3,4,92,saab,opel,opel,opel
34,3,4,95,opel,opel,opel,opel
34,3,4,98,opel,opel,opel,opel
34,3,4,104,bus,bus,bus,bus
34,3,4,106,opel,opel,opel,opel
34,3,4,116,opel,opel,opel,opel
34,3,4,135,van,opel,van,van
34,3,4,143,bus,bus,bus,bus
34,3,4,152,opel,opel,saab,opel
34,3,4,163,saab,opel,opel,opel
34,3,4,167,saab,opel,saab,saab
34,3,4,168,bus,bus,bus,bus
34,3,4,172,van,van,van,van
34,3,4,175,bus,bus,bus,bus
34,3,4,176,opel,opel,opel,opel
34,3,4,177,bus,van,van,van
34,3,4,181,opel,opel,opel,opel
34,3,4,189,opel,saab,saab,saab
34,3,4,210,opel,saab,opel,saab
34,3,4,221,van,van,van,van
34,3,4,226,saab,opel,saab,saab
34,3,4,240,opel,opel,saab,opel
34,3,4,256,saab,opel,opel,opel
34,3,4,258,saab,saab,saab,saab
34,3,4,277,opel,saab,saab,saab
34,3,4,279,bus,bus,bus,bus
34,3,4,298,saab,saab,saab,saab
34,3,4,300,saab,opel,opel,opel
34,3,4,312,bus,bus,bus,bus
34,3,4,319,bus,bus,bus,bus
34,3,4,351,saab,saab,saab,saab
34,3,4,369,opel,saab,saab,saab
34,3,4,372,van,van,van,van
34,3,4,388,van,opel,opel,opel
34,3,4,427,opel,saab,saab,saab
34,3,4,431,bus,bus,bus,bus
34,3,4,432,saab,saab,saab,saab
34,3,4,464,bus,bus,bus,bus
34,3,4,482,opel,saab,saab,saab
34,3,4,491,saab,saab,saab,saab
34,3,4,495,bus,bus,bus,bus
34,3,4,500,opel,opel,opel,opel
34,3,4,521,van,van,van,van
34,3,4,529,bus,bus,bus,bus
34,3,4,534,van,van,van,van
34,3,4,538,opel,opel,opel,opel
34,3,4,544,bus,bus,bus,bus
34,3,4,547,bus,bus,van,bus
34,3,4,569,van,van,van,van
34,3,4,572,van,van,van,van
34,3,4,576,saab,saab,saab,saab
34,3,4,582,saab,saab,saab,saab
34,3,4,584,bus,bus,bus,bus
34,3,4,585,van,van,van,van
34,3,4,608,opel,opel,opel,opel
34,3,4,613,bus,bus,bus,bus
34,3,4,614,saab,saab,saab,saab
34,3,4,624,saab,opel,opel,opel
34,3,4,625,saab,bus,saab,saab
34,3,4,641,bus,bus,bus,bus
34,3,4,653,opel,opel,opel,opel
34,3,4,660,van,van,van,van
34,3,4,665,van,van,van,van
34,3,4,671,opel,opel,opel,opel
34,3,4,674,saab,saab,saab,saab
34,3,4,682,van,van,van,van
34,3,4,695,van,van,van,van
34,3,4,711,saab,saab,saab,saab
34,3,4,720,opel,saab,saab,saab
34,3,4,723,opel,opel,opel,opel
34,3,4,731,bus,bus,bus,bus
34,3,4,745,bus,bus,bus,bus
34,3,4,769,saab,saab,saab,saab
34,3,4,773,bus,bus,bus,bus
34,3,4,780,saab,saab,saab,saab
34,3,4,825,opel,saab,saab,saab
34,3,4,828,van,van,van,van
34,3,4,832,saab,saab,saab,saab
34,3,4,839,van,van,van,van
35,3,5,9,saab,saab,saab,saab
35,3,5,16,van,van,van,van
35,3,5,21,van,opel,opel,opel
35,3,5,38,saab,saab,saab,saab
35,3,5,51,saab,opel,saab,opel
35,3,5,52,opel,opel,opel,opel
35,3,5,63,bus,bus,bus,bus
35,3,5,78,bus,bus,bus,bus
35,3,5,79,bus,bus,bus,bus
35,3,5,105,saab,saab,saab,saab
35,3,5,118,bus,bus,bus,bus
35,3,5,133,van,van,van,van
35,3,5,136,van,van,van,van
35,3,5,156,opel,saab,opel,saab
35,3,5,165,opel,opel,opel,opel
35,3,5,183,saab,van,opel,van
35,3,5,192,saab,opel,opel,opel
35,3,5,216,saab,opel,opel,opel
35,3,5,239,bus,bus,bus,bus
35,3,5,247,saab,opel,opel,opel
35,3,5,259,opel,opel,opel,opel
35,3,5,268,van,van,van,van
35,3,5,271,saab,saab,saab,saab
35,3,5,272,van,van,van,van
35,3,5,290,van,van,van,van
35,3,5,303,van,van,van,van
35,3,5,304,bus,bus,bus,bus
35,3,5,306,saab,saab,saab,saab
35,3,5,325,bus,bus,bus,bus
35,3,5,327,opel,opel,saab,opel
35,3,5,330,van,van,van,van
35,3,5,339,bus,bus,bus,bus
35,3,5,350,opel,opel,opel,opel
35,3,5,357,saab,saab,saab,saab
35,3,5,370,bus,bus,bus,bus
35,3,5,380,opel,opel,opel,opel
35,3,5,399,van,van,van,van
35,3,5,411,opel,opel,opel,opel
35,3,5,434,saab,saab,saab,saab
35,3,5,463,opel,saab,saab,saab
35,3,5,473,opel,opel,opel,opel
35,3,5,475,saab,saab,opel,saab
35,3,5,477,van,van,van,van
35,3,5,487,saab,saab,saab,saab
35,3,5,489,opel,opel,opel,opel
35,3,5,497,van,van,van,van
35,3,5,501,opel,opel,opel,opel
35,3,5,508,van,van,van,van
35,3,5,515,opel,opel,opel,opel
35,3,5,517,saab,saab,saab,saab
35,3,5,520,saab,opel,opel,opel
35,3,5,553,bus,bus,bus,bus
35,3,5,555,opel,opel,saab,opel
35,3,5,560,opel,opel,opel,opel
35,3,5,567,saab,saab,saab,saab
35,3,5,598,bus,bus,bus,bus
35,3,5,634,opel,saab,saab,saab
35,3,5,639,opel,opel,opel,opel
35,3,5,658,van,van,van,van
35,3,5,672,bus,bus,opel,bus
35,3,5,684,bus,bus,bus,bus
35,3,5,691,bus,bus,bus,bus
35,3,5,697,bus,bus,bus,bus
35,3,5,698,bus,bus,bus,bus
35,3,5,703,van,van,van,van
35,3,5,714,bus,bus,bus,bus
35,3,5,724,van,van,van,van
35,3,5,729,opel,opel,opel,opel
35,3,5,747,bus,bus,bus,bus
35,3,5,752,bus,bus,bus,bus
35,3,5,753,saab,saab,saab,saab
35,3,5,754,van,van,van,van
35,3,5,756,saab,opel,saab,opel
35,3,5,772,opel,opel,opel,opel
35,3,5,781,van,van,van,van
35,3,5,782,opel,opel,opel,opel
35,3,5,785,bus,bus,bus,bus
35,3,5,792,opel,opel,opel,opel
35,3,5,803,bus,bus,bus,bus
35,3,5,809,saab,saab,saab,saab
35,3,5,813,van,van,van,van
35,3,5,816,van,van,van,van
35,3,5,827,opel,opel,opel,opel
35,3,5,834,saab,saab,saab,saab
35,3,5,837,saab,opel,opel,opel
36,3,6,2,saab,saab,saab,saab
36,3,6,31,saab,van,van,van
36,3,6,34,opel,opel,saab,opel
36,3,6,70,opel,opel,opel,opel
36,3,6,72,opel,saab,saab,saab
36,3,6,76,saab,opel,opel,opel
36,3,6,93,van,van,van,van
36,3,6,114,van,van,van,van
36,3,6,120,saab,saab,saab,saab
36,3,6,126,bus,bus,bus,bus
36,3,6,137,van,van,van,van
36,3,6,149,van,van,van,van
36,3,6,159,opel,opel,saab,opel
36,3,6,162,saab,saab,saab,saab
36,3,6,173,bus,bus,bus,bus
36,3,6,180,saab,saab,saab,saab
36,3,6,194,saab,saab,saab,saab
36,3,6,195,bus,bus,bus,bus
36,3,6,204,van,van,van,van
36,3,6,213,bus,bus,bus,bus
36,3,6,224,saab,saab,saab,saab
36,3,6,227,van,van,van,van
36,3,6,228,saab,saab,saab,saab
36,3,6,229,saab,saab,saab,saab
36,3,6,232,bus,bus,bus,bus
36,3,6,238,opel,opel,opel,opel
36,3,6,246,bus,bus,bus,bus
36,3,6,250,van,van,van,van
36,3,6,252,van,van,van,van
36,3,6,275,bus,bus,bus,bus
36,3,6,294,bus,bus,bus,bus
36,3,6,307,opel,opel,opel,opel
36,3,6,313,opel,saab,saab,saab
36,3,6,323,saab,saab,saab,saab
36,3,6,337,bus,bus,bus,bus
36,3,6,338,van,van,van,van
36,3,6,345,bus,bus,bus,bus
36,3,6,356,bus,bus,bus,bus
36,3,6,365,saab,saab,saab,saab
36,3,6,381,bus,bus,bus,bus
36,3,6,389,opel,opel,opel,opel
36,3,6,392,van,van,van,van
36,3,6,396,bus,bus,bus,bus
36,3,6,417,bus,bus,bus,bus
36,3,6,421,opel,opel,opel,opel
36,3,6,424,opel,opel,saab,opel
36,3,6,428,saab,saab,saab,saab
36,3,6,435,van,van,van,van
36,3,6,442,van,van,van,van
36,3,6,451,opel,saab,saab,saab
36,3,6,471,opel,opel,opel,opel
36,3,6,476,opel,opel,opel,opel
36,3,6,479,bus,bus,bus,bus
36,3,6,480,saab,saab,opel,saab
36,3,6,481,opel,opel,opel,opel
36,3,6,485,bus,bus,bus,bus
36,3,6,496,opel,saab,saab,saab
36,3,6,498,van,van,van,van
36,3,6,562,saab,saab,saab,saab
36,3,6,566,saab,saab,saab,saab
36,3,6,573,van,van,van,van
36,3,6,600,bus,bus,bus,bus
36,3,6,603,saab,saab,saab,saab
36,3,6,616,opel,opel,opel,opel
36,3,6,618,van,van,van,van
36,3,6,628,bus,bus,bus,bus
36,3,6,642,saab,saab,saab,saab
36,3,6,643,bus,bus,bus,bus
36,3,6,678,bus,bus,bus,bus
36,3,6,687,bus,bus,bus,bus
36,3,6,692,saab,saab,saab,saab
36,3,6,707,van,van,van,van
36,3,6,708,van,van,van,van
36,3,6,718,opel,opel,opel,opel
36,3,6,732,van,van,van,van
36,3,6,741,bus,bus,bus,bus
36,3,6,779,van,van,van,van
36,3,6,789,saab,saab,saab,saab
36,3,6,796,opel,opel,opel,opel
36,3,6,802,opel,saab,saab,saab
36,3,6,804,opel,opel,opel,opel
36,3,6,817,saab,saab,saab,saab
36,3,6,826,opel,opel,opel,opel
36,3,6,829,van,van,van,van
37,3,7,5,bus,bus,bus,bus
37,3,7,6,bus,bus,bus,bus
37,3,7,18,saab,saab,saab,saab
37,3,7,20,bus,bus,bus,bus
37,3,7,40,opel,opel,opel,opel
37,3,7,46,van,van,van,van
37,3,7,55,van,van,van,van
37,3,7,58,opel,saab,saab,saab
37,3,7,60,opel,opel,opel,opel
37,3,7,64,bus,bus,bus,bus
37,3,7,68,van,van,van,van
37,3,7,69,bus,bus,bus,bus
37,3,7,80,bus,bus,bus,bus
37,3,7,82,van,van,van,van
37,3,7,88,bus,bus,bus,bus
37,3,7,94,bus,bus,bus,bus
37,3,7,96,saab,saab,saab,saab
37,3,7,111,van,van,van,van
37,3,7,123,saab,opel,opel,opel
37,3,7,144,opel,opel,opel,opel
37,3,7,151,bus,bus,bus,bus
37,3,7,179,van,bus,bus,bus
37,3,7,184,saab,saab,saab,saab
37,3,7,188,opel,saab,saab,saab
37,3,7,200,van,van,van,van
37,3,7,219,van,van,van,van
37,3,7,265,bus,bus,bus,bus
37,3,7,274,bus,bus,bus,bus
37,3,7,276,bus,bus,bus,bus
37,3,7,288,opel,opel,opel,opel
37,3,7,292,bus,bus,bus,bus
37,3,7,302,bus,bus,bus,bus
37,3,7,311,van,van,van,van
37,3,7,320,saab,saab,saab,saab
37,3,7,326,opel,opel,opel,opel
37,3,7,328,van,van,van,van
37,3,7,329,saab,saab,saab,saab
37,3,7,336,van,van,van,van
37,3,7,344,opel,opel,opel,opel
37,3,7,354,saab,saab,saab,saab
37,3,7,363,van,van,van,van
37,3,7,364,opel,opel,opel,opel
37,3,7,367,saab,opel,opel,opel
37,3,7,375,bus,bus,bus,bus
37,3,7,405,bus,bus,bus,bus
37,3,7,408,bus,bus,bus,bus
37,3,7,418,bus,bus,bus,bus
37,3,7,426,opel,opel,opel,opel
37,3,7,438,opel,saab,opel,saab
37,3,7,454,saab,saab,saab,saab
37,3,7,456,van,van,van,van
37,3,7,483,van,opel,opel,opel
37,3,7,503,saab,saab,saab,saab
37,3,7,514,van,van,van,van
37,3,7,524,opel,opel,opel,opel
37,3,7,532,saab,saab,saab,saab
37,3,7,539,bus,bus,bus,bus
37,3,7,540,bus,bus,bus,bus
37,3,7,565,saab,saab,saab,saab
37,3,7,574,opel,opel,opel,opel
37,3,7,575,saab,saab,saab,saab
37,3,7,577,opel,saab,saab,saab
37,3,7,588,opel,opel,opel,opel
37,3,7,599,saab,opel,opel,opel
37,3,7,604,opel,saab,opel,saab
37,3,7,606,van,van,van,van
37,3,7,611,van,van,van,van
37,3,7,612,opel,opel,saab,opel
37,3,7,615,opel,opel,opel,opel
37,3,7,621,van,van,van,van
37,3,7,657,van,van,van,van
37,3,7,659,saab,saab,saab,saab
37,3,7,670,opel,opel,opel,opel
37,3,7,675,opel,opel,opel,opel
37,3,7,676,bus,bus,bus,bus
37,3,7,721,saab,saab,saab,saab
37,3,7,735,opel,saab,opel,saab
37,3,7,740,saab,saab,saab,saab
37,3,7,761,saab,saab,saab,saab
37,3,7,764,saab,saab,saab,saab
37,3,7,767,bus,bus,bus,bus
37,3,7,797,saab,saab,saab,saab
37,3,7,843,saab,saab,saab,saab
37,3,7,845,van,van,van,van
38,3,8,0,van,van,van,van
38,3,8,10,van,van,van,van
38,3,8,12,bus,bus,bus,bus
38,3,8,36,bus,bus,bus,bus
38,3,8,45,van,van,van,van
38,3,8,50,saab,opel,opel,opel
38,3,8,65,opel,saab,saab,saab
38,3,8,85,bus,bus,bus,bus
38,3,8,87,van,van,van,van
38,3,8,90,saab,saab,saab,saab
38,3,8,112,opel,opel,opel,opel
38,3,8,115,van,van,van,van
38,3,8,127,bus,van,van,van
38,3,8,128,van,van,van,van
38,3,8,129,bus,bus,bus,bus
38,3,8,134,opel,opel,opel,opel
38,3,8,169,van,van,van,van
38,3,8,171,bus,bus,bus,bus
38,3,8,178,bus,bus,bus,bus
38,3,8,185,bus,bus,bus,bus
38,3,8,217,opel,saab,saab,saab
38,3,8,220,opel,opel,opel,opel
38,3,8,242,bus,bus,bus,bus
38,3,8,245,van,van,van,van
38,3,8,261,saab,opel,opel,opel
38,3,8,266,bus,bus,bus,bus
38,3,8,267,saab,saab,saab,saab
38,3,8,269,van,van,van,van
38,3,8,280,opel,opel,opel,opel
38,3,8,281,bus,bus,bus,bus
38,3,8,283,saab,saab,saab,saab
38,3,8,284,van,van,van,van
38,3,8,317,saab,saab,saab,saab
38,3,8,322,bus,bus,bus,bus
38,3,8,340,bus,bus,bus,bus
38,3,8,342,saab,saab,saab,saab
38,3,8,346,saab,saab,saab,saab
38,3,8,352,van,van,van,van
38,3,8,361,saab,saab,saab,saab
38,3,8,382,bus,bus,bus,bus
38,3,8,385,van,van,van,van
38,3,8,387,van,van,van,van
38,3,8,400,saab,saab,saab,saab
38,3,8,402,opel,opel,opel,opel
38,3,8,416,bus,bus,bus,bus
38,3,8,425,opel,saab,saab,saab
38,3,8,429,van,van,van,van
38,3,8,433,bus,bus,bus,bus
38,3,8,440,saab,saab,saab,saab
38,3,8,445,van,van,van,van
38,3,8,453,bus,bus,bus,bus
38,3,8,455,bus,bus,bus,bus
38,3,8,462,opel,saab,saab,saab
38,3,8,502,opel,saab,saab,saab
38,3,8,526,saab,saab,saab,saab
38,3,8,549,saab,saab,saab,saab
38,3,8,557,saab,saab,saab,saab
38,3,8,578,opel,opel,opel,opel
38,3,8,579,opel,van,van,van
38,3,8,593,saab,saab,saab,saab
38,3,8,605,saab,saab,saab,saab
38,3,8,607,van,van,van,van
38,3,8,610,opel,opel,opel,opel
38,3,8,617,van,van,van,van
38,3,8,631,opel,opel,opel,opel
38,3,8,656,bus,bus,bus,bus
38,3,8,662,saab,saab,saab,saab
38,3,8,663,saab,opel,opel,opel
38,3,8,673,opel,saab,saab,saab
38,3,8,689,saab,saab,saab,saab
38,3,8,700,opel,opel,opel,opel
38,3,8,702,opel,opel,opel,opel
38,3,8,706,van,van,van,van
38,3,8,727,bus,bus,bus,bus
38,3,8,763,opel,opel,opel,opel
38,3,8,768,opel,opel,opel,opel
38,3,8,786,saab,saab,saab,saab
38,3,8,787,van,van,van,van
38,3,8,794,bus,bus,bus,bus
38,3,8,798,opel,opel,opel,opel
38,3,8,801,opel,saab,saab,saab
38,3,8,814,bus,bus,bus,bus
38,3,8,822,van,van,van,van
38,3,8,841,saab,saab,saab,saab
39,3,9,14,bus,bus,bus,bus
39,3,9,15,opel,opel,opel,opel
39,3,9,32,opel,saab,saab,saab
39,3,9,33,opel,opel,saab,opel
39,3,9,56,saab,saab,saab,saab
39,3,9,77,saab,bus,bus,bus
39,3,9,89,opel,opel,opel,opel
39,3,9,97,bus,bus,bus,bus
39,3,9,100,bus,van,van,van
39,3,9,101,van,van,van,van
39,3,9,110,van,van,van,van
39,3,9,121,van,van,van,van
39,3,9,130,saab,saab,saab,saab
39,3,9,145,opel,opel,opel,opel
39,3,9,150,saab,saab,saab,saab
39,3,9,174,van,van,van,van
39,3,9,191,van,van,van,van
39,3,9,193,bus,bus,bus,bus
39,3,9,208,bus,bus,bus,bus
39,3,9,218,bus,bus,bus,bus
39,3,9,223,bus,bus,bus,bus
39,3,9,231,saab,saab,saab,saab
39,3,9,237,bus,bus,bus,bus
39,3,9,257,opel,saab,opel,opel
39,3,9,287,van,van,van,van
39,3,9,291,van,van,van,van
39,3,9,305,bus,bus,bus,bus
39,3,9,347,opel,opel,opel,opel
39,3,9,358,opel,saab,opel,saab
39,3,9,360,saab,saab,saab,saab
39,3,9,362,saab,saab,saab,saab
39,3,9,366,van,van,van,van
39,3,9,374,van,van,van,van
39,3,9,386,saab,saab,saab,saab
39,3,9,397,bus,bus,bus,bus
39,3,9,403,van,van,van,van
39,3,9,407,saab,saab,saab,saab
39,3,9,409,saab,opel,opel,opel
39,3,9,439,saab,saab,saab,saab
39,3,9,443,opel,opel,opel,opel
39,3,9,444,bus,bus,bus,bus
39,3,9,452,opel,saab,saab,saab
39,3,9,488,opel,opel,opel,opel
39,3,9,493,opel,opel,opel,opel
39,3,9,543,saab,opel,saab,saab
39,3,9,548,bus,bus,bus,bus
39,3,9,551,opel,opel,opel,opel
39,3,9,558,bus,bus,bus,bus
39,3,9,563,opel,saab,saab,opel
39,3,9,570,saab,saab,saab,saab
39,3,9,589,opel,opel,opel,opel
39,3,9,601,van,van,van,van
39,3,9,609,bus,bus,bus,bus
39,3,9,620,saab,saab,saab,saab
39,3,9,626,bus,bus,bus,bus
39,3,9,629,van,van,van,van
39,3,9,630,saab,saab,saab,saab
39,3,9,640,opel,opel,saab,saab
39,3,9,646,bus,bus,bus,bus
39,3,9,651,saab,saab,saab,saab
39,3,9,652,opel,opel,opel,opel
39,3,9,654,saab,saab,opel,saab
39,3,9,668,van,van,van,van
39,3,9,669,bus,bus,bus,bus
39,3,9,679,bus,bus,bus,bus
39,3,9,685,bus,bus,bus,bus
39,3,9,688,saab,van,van,van
39,3,9,694,saab,saab,saab,saab
39,3,9,699,opel,opel,saab,opel
39,3,9,705,saab,saab,saab,saab
39,3,9,722,van,van,van,van
39,3,9,739,van,van,van,van
39,3,9,748,van,van,van,van
39,3,9,774,van,van,van,van
39,3,9,776,saab,saab,saab,saab
39,3,9,795,van,van,van,van
39,3,9,799,bus,bus,bus,bus
39,3,9,810,opel,opel,opel,opel
39,3,9,815,bus,van,bus,van
39,3,9,818,opel,opel,opel,opel
39,3,9,824,opel,opel,opel,opel
39,3,9,833,saab,saab,saab,saab
39,3,9,835,bus,bus,bus,bus
39,3,9,842,van,van,van,van
40,4,0,4,bus,bus,opel,bus
40,4,0,15,opel,opel,opel,opel
40,4,0,20,bus,bus,bus,bus
40,4,0,32,opel,saab,saab,saab
40,4,0,35,van,van,van,van
40,4,0,74,van,van,van,van
40,4,0,85,bus,bus,bus,bus
40,4,0,88,bus,bus,bus,bus
40,4,0,89,opel,opel,opel,opel
40,4,0,90,saab,saab,saab,saab
40,4,0,111,van,van,van,van
40,4,0,112,opel,opel,opel,opel
40,4,0,118,bus,bus,bus,bus
40,4,0,120,saab,saab,saab,saab
40,4,0,127,bus,van,van,van
40,4,0,142,opel,opel,opel,opel
40,4,0,144,opel,opel,opel,opel
40,4,0,145,opel,opel,opel,opel
40,4,0,147,bus,bus,bus,bus
40,4,0,156,opel,opel,opel,opel
40,4,0,163,saab,opel,opel,opel
40,4,0,172,van,van,van,van
40,4,0,185,bus,bus,bus,bus
40,4,0,195,bus,bus,bus,bus
40,4,0,197,bus,bus,bus,bus
40,4,0,232,bus,bus,bus,bus
40,4,0,233,saab,saab,saab,saab
40,4,0,258,saab,saab,saab,saab
40,4,0,268,van,van,van,van
40,4,0,275,bus,bus,bus,bus
40,4,0,282,bus,bus,bus,bus
40,4,0,309,opel,opel,opel,opel
40,4,0,316,van,van,van,van
40,4,0,317,saab,saab,saab,saab
40,4,0,329,saab,saab,saab,saab
40,4,0,338,van,saab,van,saab
40,4,0,339,bus,bus,bus,bus
40,4,0,342,saab,saab,saab,saab
40,4,0,347,opel,opel,opel,opel
40,4,0,356,bus,bus,bus,bus
40,4,0,363,van,van,van,van
40,4,0,365,saab,saab,saab,saab
40,4,0,369,opel,saab,saab,saab
40,4,0,379,opel,saab,saab,saab
40,4,0,387,van,van,van,van
40,4,0,392,van,van,van,van
40,4,0,400,saab,saab,saab,saab
40,4,0,402,opel,opel,opel,opel
40,4,0,413,opel,opel,saab,saab
40,4,0,429,van,van,van,van
40,4,0,432,saab,saab,saab,saab
40,4,0,433,bus,bus,bus,bus
40,4,0,440,saab,saab,saab,saab
40,4,0,453,bus,bus,bus,bus
40,4,0,502,opel,saab,saab,saab
40,4,0,506,saab,opel,opel,saab
40,4,0,521,van,van,van,van
40,4,0,529,bus,bus,bus,bus
40,4,0,543,saab,opel,saab,saab
40,4,0,544,bus,van,van,van
40,4,0,555,opel,saab,saab,opel
40,4,0,559,saab,opel,opel,opel
40,4,0,573,van,van,van,van
40,4,0,601,van,van,van,van
40,4,0,615,opel,opel,opel,opel
40,4,0,618,van,van,van,van
40,4,0,626,bus,bus,bus,bus
40,4,0,639,opel,opel,opel,opel
40,4,0,674,saab,saab,saab,saab
40,4,0,676,bus,bus,bus,bus
40,4,0,682,van,van,van,van
40,4,0,689,saab,saab,saab,saab
40,4,0,694,saab,saab,saab,saab
40,4,0,699,opel,saab,saab,saab
40,4,0,704,opel,opel,opel,opel
40,4,0,712,saab,saab,saab,saab
40,4,0,726,saab,saab,saab,saab
40,4,0,738,bus,bus,bus,bus
40,4,0,780,saab,saab,saab,saab
40,4,0,781,van,van,van,van
40,4,0,784,van,saab,saab,saab
40,4,0,787,van,van,van,van
40,4,0,826,opel,opel,opel,opel
40,4,0,837,saab,opel,saab,saab
40,4,0,845,van,van,van,van
41,4,1,3,van,van,van,van
41,4,1,6,bus,bus,bus,bus
41,4,1,25,van,van,van,van
41,4,1,59,van,van,van,van
41,4,1,63,bus,bus,bus,bus
41,4,1,77,saab,bus,bus,bus
41,4,1,78,bus,bus,bus,bus
41,4,1,83,opel,opel,opel,opel
41,4,1,84,bus,bus,bus,bus
41,4,1,154,van,van,van,van
41,4,1,180,saab,saab,saab,saab
41,4,1,189,opel,saab,saab,saab
41,4,1,194,saab,saab,saab,saab
41,4,1,210,opel,opel,opel,opel
41,4,1,219,van,van,van,van
41,4,1,253,bus,bus,bus,bus
41,4,1,257,opel,opel,opel,opel
41,4,1,264,saab,saab,saab,saab
41,4,1,270,bus,bus,bus,bus
41,4,1,277,opel,saab,saab,saab
41,4,1,299,bus,bus,bus,bus
41,4,1,305,bus,bus,bus,bus
41,4,1,307,opel,opel,opel,opel
41,4,1,311,van,van,van,van
41,4,1,323,saab,saab,saab,saab
41,4,1,326,opel,opel,opel,opel
41,4,1,328,van,van,van,van
41,4,1,341,opel,saab,saab,saab
41,4,1,346,saab,saab,saab,saab
41,4,1,371,bus,bus,bus,bus
41,4,1,386,saab,saab,saab,saab
41,4,1,393,bus,bus,bus,bus
41,4,1,405,bus,bus,bus,bus
41,4,1,427,opel,saab,saab,saab
41,4,1,434,saab,saab,saab,saab
41,4,1,451,opel,saab,saab,saab
41,4,1,459,saab,saab,saab,saab
41,4,1,465,bus,bus,bus,bus
41,4,1,467,opel,opel,opel,opel
41,4,1,469,van,van,van,van
41,4,1,478,bus,bus,bus,bus
41,4,1,483,van,opel,opel,opel
41,4,1,509,opel,opel,opel,opel
41,4,1,513,saab,opel,opel,opel
41,4,1,516,opel,saab,saab,saab
41,4,1,525,saab,saab,opel,saab
41,4,1,534,van,van,van,van
41,4,1,548,bus,bus,bus,bus
41,4,1,561,opel,opel,opel,opel
41,4,1,565,saab,saab,saab,saab
41,4,1,577,opel,saab,saab,saab
41,4,1,582,saab,saab,saab,saab
41,4,1,599,saab,opel,van,opel
41,4,1,609,bus,bus,bus,bus
41,4,1,610,opel,opel,opel,opel
41,4,1,611,van,van,van,van
41,4,1,614,saab,saab,saab,saab
41,4,1,621,van,van,van,van
41,4,1,640,opel,saab,saab,saab
41,4,1,649,saab,saab,saab,saab
41,4,1,655,van,van,van,van
41,4,1,658,van,van,van,van
41,4,1,662,saab,opel,opel,opel
41,4,1,664,van,van,van,van
41,4,1,669,bus,bus,bus,bus
41,4,1,670,opel,saab,opel,saab
41,4,1,678,bus,bus,bus,bus
41,4,1,684,bus,bus,bus,bus
41,4,1,691,bus,bus,bus,bus
41,4,1,720,opel,saab,saab,saab
41,4,1,721,saab,saab,saab,saab
41,4,1,725,van,van,van,van
41,4,1,733,bus,bus,bus,bus
41,4,1,743,saab,opel,opel,opel
41,4,1,746,van,van,van,van
41,4,1,748,van,van,van,van
41,4,1,766,saab,saab,saab,saab
41,4,1,788,saab,saab,saab,saab
41,4,1,790,bus,bus,bus,bus
41,4,1,806,saab,saab,opel,saab
41,4,1,808,bus,bus,bus,bus
41,4,1,821,opel,opel,opel,opel
41,4,1,823,opel,opel,saab,opel
41,4,1,836,van,van,van,van
41,4,1,839,van,van,van,van
42,4,2,26,saab,saab,opel,opel
42,4,2,39,bus,bus,bus,bus
42,4,2,46,van,van,van,van
42,4,2,54,bus,bus,bus,bus
42,4,2,55,van,van,van,van
42,4,2,80,bus,bus,bus,bus
42,4,2,82,van,van,van,van
42,4,2,93,van,van,van,van
42,4,2,97,bus,bus,bus,bus
42,4,2,109,bus,bus,bus,bus
42,4,2,122,van,van,van,van
42,4,2,138,saab,saab,saab,saab
42,4,2,139,van,van,van,van
42,4,2,141,bus,bus,bus,bus
42,4,2,148,saab,opel,opel,opel
42,4,2,150,saab,saab,saab,saab
42,4,2,159,opel,saab,opel,opel
42,4,2,179,van,van,van,van
42,4,2,193,bus,bus,bus,bus
42,4,2,211,van,bus,van,bus
42,4,2,221,van,van,van,van
42,4,2,222,bus,bus,bus,bus
42,4,2,235,van,van,van,van
42,4,2,259,opel,opel,opel,opel
42,4,2,286,bus,bus,bus,bus
42,4,2,295,bus,bus,bus,bus
42,4,2,297,saab,opel,opel,opel
42,4,2,314,bus,bus,bus,bus
42,4,2,332,opel,opel,opel,opel
42,4,2,344,opel,opel,opel,opel
42,4,2,366,van,van,van,van
42,4,2,367,saab,opel,opel,opel
42,4,2,368,bus,bus,bus,bus
42,4,2,388,van,opel,opel,opel
42,4,2,394,saab,opel,saab,opel
42,4,2,401,opel,opel,opel,opel
42,4,2,410,saab,bus,bus,bus
42,4,2,420,van,van,van,van
42,4,2,421,opel,opel,opel,opel
42,4,2,435,van,van,van,van
42,4,2,442,van,van,van,van
42,4,2,447,opel,opel,opel,opel
42,4,2,457,van,bus,bus,bus
42,4,2,463,opel,saab,saab,saab
42,4,2,468,saab,saab,saab,saab
42,4,2,474,opel,opel,opel,opel
42,4,2,501,opel,opel,opel,opel
42,4,2,507,opel,saab,saab,saab
42,4,2,514,van,van,van,van
42,4,2,517,saab,saab,saab,saab
42,4,2,523,van,van,van,van
42,4,2,540,bus,bus,bus,bus
42,4,2,541,van,van,van,van
42,4,2,547,bus,van,van,van
42,4,2,583,saab,saab,saab,saab
42,4,2,596,opel,opel,saab,opel
42,4,2,608,opel,opel,opel,opel
42,4,2,616,opel,opel,opel,opel
42,4,2,624,saab,opel,saab,opel
42,4,2,637,bus,bus,bus,bus
42,4,2,642,saab,saab,opel,saab
42,4,2,648,saab,saab,saab,saab
42,4,2,673,opel,opel,saab,saab
42,4,2,688,saab,van,van,van
42,4,2,690,saab,saab,saab,saab
42,4,2,710,bus,bus,bus,bus
42,4,2,714,bus,bus,bus,bus
42,4,2,716,saab,saab,saab,saab
42,4,2,741,bus,bus,bus,bus
42,4,2,753,saab,saab,saab,saab
42,4,2,761,saab,saab,saab,saab
42,4,2,768,opel,saab,saab,saab
42,4,2,775,bus,bus,bus,bus
42,4,2,779,van,van,van,van
42,4,2,797,saab,saab,saab,saab
42,4,2,798,opel,opel,opel,opel
42,4,2,799,bus,bus,bus,bus
42,4,2,801,opel,saab,saab,saab
42,4,2,802,opel,saab,opel,saab
42,4,2,803,bus,bus,bus,bus
42,4,2,811,opel,opel,opel,opel
42,4,2,815,bus,bus,bus,bus
42,4,2,819,saab,saab,saab,saab
42,4,2,825,opel,saab,saab,saab
42,4,2,843,saab,saab,saab,saab
43,4,3,5,bus,bus,bus,bus
43,4,3,12,bus,bus,bus,bus
43,4,3,27,saab,saab,saab,saab
43,4,3,29,saab,saab,saab,saab
43,4,3,36,bus,bus,bus,bus
43,4,3,45,van,van,van,van
43,4,3,66,bus,bus,bus,bus
43,4,3,67,opel,opel,opel,opel
43,4,3,76,saab,opel,opel,opel
43,4,3,99,bus,bus,bus,bus
43,4,3,100,bus,van,van,van
43,4,3,103,van,van,van,van
43,4,3,107,opel,opel,opel,opel
43,4,3,110,van,van,van,van
43,4,3,115,van,van,van,van
43,4,3,136,van,van,van,van
43,4,3,157,van,van,van,van
43,4,3,183,saab,van,opel,van
43,4,3,184,saab,saab,saab,saab
43,4,3,217,opel,saab,opel,saab
43,4,3,248,opel,opel,opel,opel
43,4,3,251,opel,opel,opel,opel
43,4,3,266,bus,bus,bus,bus
43,4,3,269,van,van,van,van
43,4,3,271,saab,saab,saab,saab
43,4,3,273,van,van,van,van
43,4,3,278,saab,saab,saab,saab
43,4,3,280,opel,opel,opel,opel
43,4,3,284,van,van,van,van
43,4,3,290,van,van,van,van
43,4,3,293,van,van,van,van
43,4,3,331,opel,opel,opel,opel
43,4,3,333,bus,bus,bus,bus
43,4,3,340,bus,bus,bus,bus
43,4,3,352,van,van,van,van
43,4,3,373,bus,bus,bus,bus
43,4,3,385,van,van,van,van
43,4,3,390,bus,bus,bus,bus
43,4,3,398,bus,bus,bus,bus
43,4,3,424,opel,opel,opel,opel
43,4,3,448,bus,bus,bus,bus
43,4,3,456,van,van,van,van
43,4,3,462,opel,saab,saab,saab
43,4,3,464,bus,bus,bus,bus
43,4,3,486,opel,opel,opel,opel
43,4,3,488,opel,opel,opel,opel
43,4,3,489,opel,opel,opel,opel
43,4,3,496,opel,opel,saab,opel
43,4,3,508,van,van,van,van
43,4,3,530,saab,opel,opel,opel
43,4,3,531,bus,bus,bus,bus
43,4,3,532,saab,saab,saab,saab
43,4,3,535,van,van,van,van
43,4,3,537,van,van,van,van
43,4,3,552,saab,opel,saab,opel
43,4,3,570,saab,saab,saab,saab
43,4,3,574,opel,opel,opel,opel
43,4,3,576,saab,saab,saab,saab
43,4,3,587,opel,opel,opel,opel
43,4,3,594,van,van,van,van
43,4,3,600,bus,bus,bus,bus
43,4,3,620,saab,saab,saab,saab
43,4,3,625,saab,saab,saab,saab
43,4,3,630,saab,saab,saab,saab
43,4,3,636,saab,saab,saab,saab
43,4,3,643,bus,bus,bus,bus
43,4,3,645,opel,opel,opel,opel
43,4,3,651,saab,saab,saab,saab
43,4,3,671,opel,opel,opel,opel
43,4,3,679,bus,bus,bus,bus
43,4,3,681,bus,bus,bus,bus
43,4,3,685,bus,bus,bus,bus
43,4,3,693,van,van,van,van
43,4,3,705,saab,saab,saab,saab
43,4,3,728,opel,opel,opel,opel
43,4,3,729,opel,opel,opel,opel
43,4,3,732,van,van,van,van
43,4,3,752,bus,bus,bus,bus
43,4,3,758,bus,bus,bus,bus
43,4,3,763,opel,opel,saab,opel
43,4,3,772,opel,opel,saab,opel
43,4,3,778,saab,saab,saab,saab
43,4,3,786,saab,saab,saab,saab
43,4,3,820,saab,opel,opel,opel
43,4,3,832,saab,saab,saab,saab
44,4,4,2,saab,saab,saab,saab
44,4,4,16,van,van,van,van
44,4,4,17,bus,bus,bus,bus
44,4,4,24,saab,saab,saab,saab
44,4,4,40,opel,opel,opel,opel
44,4,4,60,opel,opel,opel,opel
44,4,4,68,van,van,van,van
44,4,4,69,bus,bus,bus,bus
44,4,4,81,bus,bus,bus,bus
44,4,4,92,saab,opel,opel,opel
44,4,4,94,bus,bus,bus,bus
44,4,4,117,saab,saab,saab,saab
44,4,4,130,saab,saab,saab,saab
44,4,4,131,saab,opel,opel,opel
44,4,4,137,van,van,van,van
44,4,4,140,saab,saab,opel,saab
44,4,4,155,bus,bus,bus,bus
44,4,4,158,saab,saab,saab,saab
44,4,4,166,saab,saab,saab,saab
44,4,4,170,opel,opel,saab,opel
44,4,4,174,van,van,van,van
44,4,4,176,opel,opel,opel,opel
44,4,4,187,opel,saab,saab,saab
44,4,4,198,bus,bus,bus,bus
44,4,4,204,van,van,van,van
44,4,4,249,saab,saab,saab,saab
44,4,4,288,opel,opel,opel,opel
44,4,4,301,opel,saab,saab,saab
44,4,4,303,van,van,van,van
44,4,4,319,bus,bus,bus,bus
44,4,4,325,bus,bus,bus,bus
44,4,4,330,van,van,van,van
44,4,4,336,van,van,van,van
44,4,4,345,bus,bus,bus,bus
44,4,4,354,saab,saab,saab,saab
44,4,4,355,opel,saab,saab,saab
44,4,4,360,saab,saab,saab,saab
44,4,4,374,van,van,van,van
44,4,4,375,bus,bus,bus,bus
44,4,4,378,saab,saab,opel,saab
44,4,4,384,opel,saab,saab,saab
44,4,4,395,opel,saab,saab,saab
44,4,4,397,bus,bus,bus,bus
44,4,4,399,van,van,van,van
44,4,4,406,opel,opel,opel,opel
44,4,4,407,saab,saab,saab,saab
44,4,4,409,saab,opel,opel,opel
44,4,4,411,opel,opel,opel,opel
44,4,4,431,bus,bus,bus,bus
44,4,4,458,opel,opel,opel,opel
44,4,4,471,opel,opel,opel,opel
44,4,4,480,saab,saab,saab,saab
44,4,4,481,opel,opel,opel,opel
44,4,4,485,bus,bus,bus,bus
44,4,4,498,van,van,van,van
44,4,4,510,bus,bus,bus,bus
44,4,4,519,van,van,van,van
44,4,4,564,bus,bus,bus,bus
44,4,4,572,van,van,van,van
44,4,4,579,opel,van,van,van
44,4,4,592,bus,bus,bus,bus
44,4,4,607,van,van,van,van
44,4,4,613,bus,bus,bus,bus
44,4,4,619,opel,opel,opel,opel
44,4,4,656,bus,bus,bus,bus
44,4,4,675,opel,opel,opel,opel
44,4,4,680,van,van,van,van
44,4,4,683,bus,bus,bus,bus
44,4,4,695,van,van,van,van
44,4,4,701,saab,saab,saab,saab
44,4,4,715,opel,opel,opel,opel
44,4,4,719,saab,saab,saab,saab
44,4,4,736,saab,opel,opel,opel
44,4,4,756,saab,opel,opel,opel
44,4,4,759,van,van,van,van
44,4,4,765,bus,bus,bus,bus
44,4,4,776,saab,saab,saab,saab
44,4,4,777,bus,bus,bus,bus
44,4,4,791,van,van,van,van
44,4,4,810,opel,opel,opel,opel
44,4,4,817,saab,saab,saab,saab
44,4,4,818,opel,opel,opel,opel
44,4,4,828,van,van,van,van
44,4,4,840,opel,saab,opel,saab
44,4,4,842,van,van,van,van
45,4,5,10,van,van,van,van
45,4,5,47,bus,bus,bus,bus
45,4,5,49,saab,saab,saab,saab
45,4,5,50,saab,saab,opel,saab
45,4,5,52,opel,opel,opel,opel
45,4,5,65,opel,opel,saab,opel
45,4,5,72,opel,saab,saab,saab
45,4,5,75,opel,opel,opel,opel
45,4,5,86,van,van,van,van
45,4,5,87,van,van,van,van
45,4,5,119,bus,bus,bus,bus
45,4,5,126,bus,bus,bus,bus
45,4,5,134,opel,opel,opel,opel
45,4,5,135,van,van,van,van
45,4,5,164,opel,opel,opel,opel
45,4,5,173,bus,bus,bus,bus
45,4,5,188,opel,saab,saab,saab
45,4,5,201,saab,opel,opel,opel
45,4,5,203,opel,opel,opel,opel
45,4,5,206,opel,saab,saab,saab
45,4,5,207,bus,bus,bus,bus
45,4,5,212,bus,bus,bus,bus
45,4,5,213,bus,bus,bus,bus
45,4,5,214,opel,saab,saab,saab
45,4,5,223,bus,bus,bus,bus
45,4,5,225,van,van,van,van
45,4,5,228,saab,saab,saab,saab
45,4,5,230,van,van,van,van
45,4,5,234,van,van,van,van
45,4,5,239,bus,bus,bus,bus
45,4,5,241,opel,opel,saab,opel
45,4,5,243,saab,saab,opel,saab
45,4,5,254,van,van,van,van
45,4,5,262,van,van,van,van
45,4,5,285,saab,opel,opel,opel
45,4,5,289,saab,saab,saab,saab
45,4,5,298,saab,saab,saab,saab
45,4,5,321,bus,bus,bus,bus
45,4,5,351,saab,saab,saab,saab
45,4,5,370,bus,bus,bus,bus
45,4,5,372,van,van,van,van
45,4,5,391,van,van,van,van
45,4,5,404,opel,opel,opel,opel
45,4,5,415,opel,opel,opel,opel
45,4,5,417,bus,bus,bus,bus
45,4,5,422,saab,opel,opel,opel
45,4,5,430,saab,saab,saab,saab
45,4,5,452,opel,saab,saab,saab
45,4,5,455,bus,bus,bus,bus
45,4,5,472,bus,bus,bus,bus
45,4,5,475,saab,saab,opel,saab
45,4,5,477,van,van,van,van
45,4,5,492,bus,bus,bus,bus
45,4,5,499,opel,opel,opel,opel
45,4,5,504,opel,saab,saab,saab
45,4,5,505,saab,saab,saab,saab
45,4,5,549,saab,saab,saab,saab
45,4,5,553,bus,bus,bus,bus
45,4,5,571,saab,saab,saab,saab
45,4,5,575,saab,saab,saab,saab
45,4,5,588,opel,opel,saab,opel
45,4,5,590,bus,bus,bus,bus
45,4,5,593,saab,saab,saab,saab
45,4,5,612,opel,opel,opel,opel
45,4,5,629,van,van,van,van
45,4,5,635,van,van,van,van
45,4,5,638,bus,bus,bus,bus
45,4,5,647,saab,saab,saab,saab
45,4,5,652,opel,opel,opel,opel
45,4,5,666,opel,opel,saab,opel
45,4,5,677,bus,bus,bus,bus
45,4,5,697,bus,bus,bus,bus
45,4,5,707,van,van,van,van
45,4,5,711,saab,saab,saab,saab
45,4,5,713,saab,saab,saab,saab
45,4,5,742,opel,saab,saab,saab
45,4,5,749,saab,opel,opel,opel
45,4,5,751,van,van,van,van
45,4,5,754,van,van,van,van
45,4,5,770,bus,bus,bus,bus
45,4,5,771,opel,opel,opel,opel
45,4,5,774,van,van,van,van
45,4,5,795,van,van,van,van
45,4,5,822,van,van,van,van
45,4,5,834,saab,saab,opel,saab
46,4,6,1,van,van,van,van
46,4,6,18,saab,saab,saab,saab
46,4,6,23,bus,bus,van,bus
46,4,6,28,bus,bus,bus,bus
46,4,6,33,opel,saab,saab,saab
46,4,6,37,van,van,van,van
46,4,6,42,van,van,van,van
46,4,6,44,saab,saab,saab,saab
46,4,6,102,van,van,van,van
46,4,6,106,opel,opel,opel,opel
46,4,6,114,van,van,van,van
46,4,6,121,van,van,van,van
46,4,6,143,bus,bus,bus,bus
46,4,6,146,van,van,van,van
46,4,6,175,bus,bus,bus,bus
46,4,6,205,van,van,van,van
46,4,6,224,saab,saab,saab,saab
46,4,6,245,van,van,van,van
46,4,6,247,saab,opel,opel,opel
46,4,6,255,saab,saab,saab,saab
46,4,6,274,bus,bus,bus,bus
46,4,6,276,bus,bus,bus,bus
46,4,6,283,saab,saab,saab,saab
46,4,6,294,bus,bus,bus,bus
46,4,6,300,saab,saab,opel,saab
46,4,6,306,saab,saab,saab,saab
46,4,6,322,bus,bus,bus,bus
46,4,6,327,opel,opel,opel,opel
46,4,6,343,opel,opel,opel,opel
46,4,6,359,opel,opel,opel,opel
46,4,6,376,saab,saab,saab,saab
46,4,6,382,bus,bus,bus,bus
46,4,6,383,opel,opel,opel,opel
46,4,6,412,bus,bus,bus,bus
46,4,6,416,bus,bus,bus,bus
46,4,6,419,saab,saab,saab,saab
46,4,6,423,bus,bus,bus,bus
46,4,6,425,opel,saab,saab,saab
46,4,6,426,opel,opel,opel,opel
46,4,6,438,opel,opel,opel,opel
46,4,6,441,van,bus,bus,bus
46,4,6,445,van,van,van,van
46,4,6,461,opel,opel,opel,opel
46,4,6,466,bus,bus,bus,bus
46,4,6,484,van,van,van,van
46,4,6,493,opel,opel,opel,opel
46,4,6,494,bus,bus,bus,bus
46,4,6,497,van,van,van,van
46,4,6,520,saab,opel,opel,opel
46,4,6,522,saab,saab,opel,saab
46,4,6,526,saab,saab,saab,saab
46,4,6,539,bus,bus,bus,bus
46,4,6,542,saab,opel,opel,opel
46,4,6,546,van,van,van,van
46,4,6,551,opel,opel,opel,opel
46,4,6,557,saab,saab,opel,saab
46,4,6,558,bus,bus,bus,bus
46,4,6,567,saab,saab,saab,saab
46,4,6,569,van,van,van,van
46,4,6,586,opel,opel,opel,opel
46,4,6,606,van,van,van,van
46,4,6,617,van,van,van,van
46,4,6,634,opel,saab,saab,saab
46,4,6,653,opel,opel,opel,opel
46,4,6,661,saab,opel,saab,opel
46,4,6,663,saab,saab,opel,saab
46,4,6,667,saab,saab,saab,saab
46,4,6,706,van,bus,van,bus
46,4,6,709,opel,opel,opel,opel
46,4,6,717,bus,bus,bus,bus
46,4,6,723,opel,opel,opel,opel
46,4,6,724,van,van,van,van
46,4,6,731,bus,bus,bus,bus
46,4,6,735,opel,opel,saab,opel
46,4,6,737,bus,bus,bus,bus
46,4,6,762,van,van,van,van
46,4,6,792,opel,opel,opel,opel
46,4,6,793,bus,bus,bus,bus
46,4,6,824,opel,opel,opel,opel
46,4,6,827,opel,opel,opel,opel
46,4,6,831,bus,bus,bus,bus
46,4,6,833,saab,saab,opel,saab
46,4,6,835,bus,bus,bus,bus
46,4,6,844,saab,opel,opel,opel
47,4,7,22,bus,bus,bus,bus
47,4,7,30,van,van,van,van
47,4,7,31,saab,van,van,van
47,4,7,43,saab,saab,saab,saab
47,4,7,51,saab,opel,saab,saab
47,4,7,58,opel,opel,saab,saab
47,4,7,62,van,van,van,van
47,4,7,71,opel,opel,opel,opel
47,4,7,91,opel,saab,saab,opel
47,4,7,98,opel,opel,saab,opel
47,4,7,105,saab,saab,saab,saab
47,4,7,108,bus,bus,bus,bus
47,4,7,124,van,bus,van,van
47,4,7,133,van,van,van,van
47,4,7,152,opel,opel,opel,opel
47,4,7,160,opel,opel,opel,opel
47,4,7,162,saab,saab,saab,saab
47,4,7,168,bus,bus,bus,bus
47,4,7,192,saab,saab,saab,saab
47,4,7,200,van,van,van,van
47,4,7,208,bus,bus,bus,bus
47,4,7,220,opel,opel,opel,opel
47,4,7,237,bus,bus,bus,bus
47,4,7,242,bus,bus,bus,bus
47,4,7,250,van,van,van,van
47,4,7,256,saab,opel,opel,opel
47,4,7,260,saab,saab,saab,saab
47,4,7,263,van,van,van,van
47,4,7,265,bus,bus,bus,bus
47,4,7,267,saab,saab,saab,saab
47,4,7,272,van,van,van,van
47,4,7,287,van,van,van,van
47,4,7,291,van,van,van,van
47,4,7,304,bus,bus,bus,bus
47,4,7,310,saab,opel,opel,opel
47,4,7,312,bus,bus,bus,bus
47,4,7,313,opel,opel,opel,saab
47,4,7,334,bus,opel,bus,bus
47,4,7,348,van,van,van,van
47,4,7,350,opel,opel,opel,opel
47,4,7,357,saab,saab,saab,saab
47,4,7,358,opel,opel,opel,opel
47,4,7,408,bus,bus,bus,bus
47,4,7,436,van,van,van,van
47,4,7,437,opel,opel,opel,opel
47,4,7,449,van,van,van,van
47,4,7,470,van,bus,van,van
47,4,7,476,opel,opel,opel,opel
47,4,7,479,bus,bus,bus,bus
47,4,7,482,opel,saab,saab,saab
47,4,7,490,saab,saab,saab,saab
47,4,7,491,saab,saab,saab,saab
47,4,7,500,opel,opel,opel,opel
47,4,7,503,saab,saab,saab,saab
47,4,7,515,opel,opel,opel,opel
47,4,7,518,saab,saab,saab,saab
47,4,7,524,opel,opel,opel,opel
47,4,7,536,saab,opel,opel,opel
47,4,7,550,van,van,van,van
47,4,7,562,saab,saab,opel,opel
47,4,7,568,bus,bus,bus,bus
47,4,7,585,van,van,van,van
47,4,7,589,opel,opel,opel,opel
47,4,7,604,opel,saab,saab,saab
47,4,7,623,saab,saab,saab,saab
47,4,7,632,bus,bus,bus,bus
47,4,7,657,van,van,van,van
47,4,7,660,van,van,van,van
47,4,7,672,bus,bus,bus,bus
47,4,7,696,saab,opel,opel,opel
47,4,7,718,opel,saab,opel,saab
47,4,7,727,bus,bus,bus,bus
47,4,7,730,opel,opel,opel,opel
47,4,7,734,van,van,van,van
47,4,7,745,bus,bus,bus,bus
47,4,7,760,opel,opel,saab,opel
47,4,7,767,bus,bus,bus,bus
47,4,7,773,bus,bus,bus,bus
47,4,7,783,saab,opel,opel,opel
47,4,7,794,bus,bus,bus,bus
47,4,7,812,bus,bus,bus,bus
47,4,7,813,van,van,van,van
47,4,7,830,bus,bus,bus,bus
47,4,7,841,saab,saab,saab,saab
48,4,8,7,van,van,van,van
48,4,8,8,van,van,van,van
48,4,8,9,saab,saab,saab,saab
48,4,8,11,saab,opel,opel,opel
48,4,8,13,van,van,van,van
48,4,8,19,opel,opel,opel,opel
48,4,8,21,van,opel,opel,opel
48,4,8,38,saab,saab,saab,saab
48,4,8,41,van,van,van,van
48,4,8,56,saab,saab,saab,saab
48,4,8,57,van,van,van,van
48,4,8,61,opel,saab,saab,saab
48,4,8,64,bus,bus,bus,bus
48,4,8,70,opel,opel,opel,opel
48,4,8,101,van,van,van,van
48,4,8,104,bus,bus,bus,bus
48,4,8,123,saab,opel,opel,opel
48,4,8,129,bus,bus,bus,bus
48,4,8,132,saab,saab,saab,saab
48,4,8,149,van,van,van,van
48,4,8,161,opel,saab,saab,saab
48,4,8,169,van,van,van,van
48,4,8,177,bus,van,van,van
48,4,8,178,bus,bus,bus,bus
48,4,8,182,bus,bus,bus,bus
48,4,8,190,opel,opel,opel,opel
48,4,8,226,saab,saab,saab,saab
48,4,8,231,saab,saab,van,saab
48,4,8,236,bus,bus,bus,bus
48,4,8,240,opel,opel,opel,opel
48,4,8,244,van,van,van,van
48,4,8,261,saab,opel,opel,opel
48,4,8,279,bus,bus,bus,bus
48,4,8,281,bus,bus,bus,bus
48,4,8,302,bus,bus,bus,bus
48,4,8,308,opel,opel,opel,opel
48,4,8,318,van,van,van,van
48,4,8,320,saab,saab,saab,saab
48,4,8,349,opel,van,van,van
48,4,8,364,opel,opel,opel,opel
48,4,8,377,saab,saab,saab,saab
48,4,8,381,bus,bus,bus,bus
48,4,8,389,opel,opel,opel,opel
48,4,8,403,van,van,van,van
48,4,8,414,van,van,van,van
48,4,8,428,saab,saab,saab,saab
48,4,8,439,saab,saab,saab,saab
48,4,8,444,bus,bus,bus,bus
48,4,8,473,opel,opel,opel,opel
48,4,8,511,opel,opel,saab,opel
48,4,8,527,opel,opel,saab,opel
48,4,8,528,bus,bus,bus,bus
48,4,8,533,van,van,van,van
48,4,8,538,opel,opel,opel,opel
48,4,8,545,van,van,van,van
48,4,8,554,saab,saab,saab,saab
48,4,8,556,bus,bus,bus,bus
48,4,8,595,opel,saab,opel,saab
48,4,8,598,bus,bus,bus,bus
48,4,8,603,saab,saab,opel,saab
48,4,8,628,bus,bus,bus,bus
48,4,8,631,opel,opel,opel,opel
48,4,8,641,bus,bus,bus,bus
48,4,8,650,saab,opel,opel,opel
48,4,8,686,opel,opel,opel,opel
48,4,8,692,saab,saab,saab,saab
48,4,8,698,bus,bus,bus,bus
48,4,8,700,opel,opel,opel,opel
48,4,8,702,opel,opel,opel,opel
48,4,8,744,van,van,van,van
48,4,8,747,bus,bus,bus,bus
48,4,8,750,saab,saab,saab,saab
48,4,8,764,saab,saab,saab,saab
48,4,8,785,bus,bus,bus,bus
48,4,8,796,opel,van,van,van
48,4,8,800,van,van,van,van
48,4,8,804,opel,opel,opel,opel
48,4,8,805,bus,bus,bus,bus
48,4,8,807,saab,saab,saab,saab
48,4,8,809,saab,saab,saab,saab
48,4,8,814,bus,bus,bus,bus
48,4,8,816,van,van,van,van
48,4,8,829,van,van,van,van
48,4,8,838,van,van,van,van
49,4,9,0,van,van,van,van
49,4,9,14,bus,bus,bus,bus
49,4,9,34,opel,saab,saab,saab
49,4,9,48,van,van,van,van
49,4,9,53,bus,bus,bus,bus
49,4,9,73,opel,opel,opel,opel
49,4,9,79,bus,bus,bus,bus
49,4,9,95,opel,opel,opel,opel
49,4,9,96,saab,saab,opel,saab
49,4,9,113,opel,van,van,van
49,4,9,116,opel,opel,opel,opel
49,4,9,125,van,van,van,van
49,4,9,128,van,van,van,van
49,4,9,151,bus,bus,bus,bus
49,4,9,153,saab,saab,saab,saab
49,4,9,165,opel,opel,opel,opel
49,4,9,167,saab,saab,saab,saab
49,4,9,171,bus,bus,bus,bus
49,4,9,181,opel,opel,opel,opel
49,4,9,186,bus,bus,bus,bus
49,4,9,191,van,van,van,van
49,4,9,196,saab,opel,opel,opel
49,4,9,199,bus,bus,bus,bus
49,4,9,202,opel,opel,opel,opel
49,4,9,209,opel,opel,opel,opel
49,4,9,215,opel,saab,saab,saab
49,4,9,216,saab,opel,bus,opel
49,4,9,218,bus,bus,bus,bus
49,4,9,227,van,van,van,van
49,4,9,229,saab,saab,bus,saab
49,4,9,238,opel,opel,opel,opel
49,4,9,246,bus,bus,bus,bus
49,4,9,252,van,van,van,van
49,4,9,292,bus,bus,bus,bus
49,4,9,296,bus,bus,bus,bus
49,4,9,315,van,van,van,van
49,4,9,324,saab,saab,saab,saab
49,4,9,335,saab,saab,saab,saab
49,4,9,337,bus,bus,bus,bus
49,4,9,353,bus,bus,bus,bus
49,4,9,361,saab,saab,saab,saab
49,4,9,362,saab,saab,saab,saab
49,4,9,380,opel,opel,opel,opel
49,4,9,396,bus,bus,bus,bus
49,4,9,418,bus,bus,bus,bus
49,4,9,443,opel,opel,opel,opel
49,4,9,446,saab,saab,saab,saab
49,4,9,450,bus,bus,bus,bus
49,4,9,454,saab,saab,saab,saab
49,4,9,460,van,bus,van,bus
49,4,9,487,saab,saab,saab,saab
49,4,9,495,bus,bus,bus,bus
49,4,9,512,opel,opel,opel,opel
49,4,9,560,opel,opel,opel,opel
49,4,9,563,opel,opel,opel,opel
49,4,9,566,saab,saab,saab,saab
49,4,9,578,opel,opel,saab,opel
49,4,9,580,bus,bus,bus,bus
49,4,9,581,van,van,van,van
49,4,9,584,bus,bus,bus,bus
49,4,9,591,opel,opel,opel,opel
49,4,9,597,van,van,van,van
49,4,9,602,opel,opel,opel,opel
49,4,9,605,saab,saab,opel,saab
49,4,9,622,saab,saab,saab,saab
49,4,9,627,bus,bus,bus,bus
49,4,9,633,opel,opel,opel,opel
49,4,9,644,van,van,van,van
49,4,9,646,bus,bus,bus,bus
49,4,9,654,saab,saab,saab,saab
49,4,9,659,saab,saab,opel,saab
49,4,9,665,van,van,van,van
49,4,9,668,van,van,van,van
49,4,9,687,bus,bus,bus,bus
49,4,9,703,van,van,van,van
49,4,9,708,van,van,van,van
49,4,9,722,van,van,van,van
49,4,9,739,van,van,van,van
49,4,9,740,saab,saab,saab,saab
49,4,9,755,van,van,van,van
49,4,9,757,saab,opel,opel,opel
49,4,9,769,saab,saab,saab,saab
49,4,9,782,opel,opel,opel,opel
49,4,9,789,saab,saab,saab,saab
