split,repeat,fold,method,row_index,true,predicted,margin
0,0,0,centroid,3,van,van,
0,0,0,centroid,10,van,van,
0,0,0,centroid,19,opel,opel,
0,0,0,centroid,32,opel,van,
0,0,0,centroid,38,saab,opel,
0,0,0,centroid,80,bus,bus,
0,0,0,centroid,90,saab,opel,
0,0,0,centroid,98,opel,opel,
0,0,0,centroid,102,van,van,
0,0,0,centroid,109,bus,opel,
0,0,0,centroid,112,opel,van,
0,0,0,centroid,114,van,van,
0,0,0,centroid,139,van,van,
0,0,0,centroid,144,opel,saab,
0,0,0,centroid,150,saab,opel,
0,0,0,centroid,153,saab,opel,
0,0,0,centroid,161,opel,saab,
0,0,0,centroid,169,van,van,
0,0,0,centroid,184,saab,saab,
0,0,0,centroid,216,saab,bus,
0,0,0,centroid,224,saab,van,
0,0,0,centroid,249,saab,van,
0,0,0,centroid,277,opel,van,
0,0,0,centroid,281,bus,bus,
0,0,0,centroid,287,van,van,
0,0,0,centroid,294,bus,opel,
0,0,0,centroid,307,opel,opel,
0,0,0,centroid,310,saab,opel,
0,0,0,centroid,314,bus,bus,
0,0,0,centroid,321,bus,opel,
0,0,0,centroid,328,van,van,
0,0,0,centroid,337,bus,opel,
0,0,0,centroid,344,opel,opel,
0,0,0,centroid,357,saab,saab,
0,0,0,centroid,360,saab,opel,
0,0,0,centroid,366,van,bus,
0,0,0,centroid,367,saab,van,
0,0,0,centroid,373,bus,saab,
0,0,0,centroid,387,van,van,
0,0,0,centroid,389,opel,opel,
0,0,0,centroid,390,bus,van,
0,0,0,centroid,394,saab,bus,
0,0,0,centroid,399,van,van,
0,0,0,centroid,424,opel,saab,
0,0,0,centroid,435,van,van,
0,0,0,centroid,449,van,van,
0,0,0,centroid,453,bus,van,
0,0,0,centroid,471,opel,opel,
0,0,0,centroid,479,bus,bus,
0,0,0,centroid,502,opel,van,
0,0,0,centroid,507,opel,van,
0,0,0,centroid,531,bus,opel,
0,0,0,centroid,535,van,saab,
0,0,0,centroid,537,van,van,
0,0,0,centroid,549,saab,opel,
0,0,0,centroid,591,opel,van,
0,0,0,centroid,592,bus,bus,
0,0,0,centroid,593,saab,van,
0,0,0,centroid,595,opel,bus,
0,0,0,centroid,596,opel,bus,
0,0,0,centroid,607,van,van,
0,0,0,centroid,646,bus,van,
0,0,0,centroid,670,opel,opel,
0,0,0,centroid,684,bus,saab,
0,0,0,centroid,688,saab,van,
0,0,0,centroid,702,opel,saab,
0,0,0,centroid,703,van,van,
0,0,0,centroid,720,opel,bus,
0,0,0,centroid,739,van,van,
0,0,0,centroid,752,bus,saab,
0,0,0,centroid,761,saab,saab,
0,0,0,centroid,776,saab,opel,
0,0,0,centroid,777,bus,opel,
0,0,0,centroid,784,van,van,
0,0,0,centroid,785,bus,van,
0,0,0,centroid,796,opel,van,
0,0,0,centroid,803,bus,saab,
0,0,0,centroid,805,bus,bus,
0,0,0,centroid,807,saab,opel,
0,0,0,centroid,819,saab,saab,
0,0,0,centroid,831,bus,saab,
0,0,0,centroid,835,bus,opel,
0,0,0,centroid,841,saab,saab,
0,0,0,centroid,844,saab,van,
0,0,0,centroid,845,van,van,
0,0,0,knn,3,van,van,
0,0,0,knn,10,van,van,
0,0,0,knn,19,opel,saab,
0,0,0,knn,32,opel,saab,
0,0,0,knn,38,saab,opel,
0,0,0,knn,80,bus,bus,
0,0,0,knn,90,saab,saab,
0,0,0,knn,98,opel,opel,
0,0,0,knn,102,van,van,
0,0,0,knn,109,bus,bus,
0,0,0,knn,112,opel,opel,
0,0,0,knn,114,van,van,
0,0,0,knn,139,van,van,
0,0,0,knn,144,opel,opel,
0,0,0,knn,150,saab,opel,
0,0,0,knn,153,saab,saab,
0,0,0,knn,161,opel,saab,
0,0,0,knn,169,van,van,
0,0,0,knn,184,saab,saab,
0,0,0,knn,216,saab,bus,
0,0,0,knn,224,saab,saab,
0,0,0,knn,249,saab,opel,
0,0,0,knn,277,opel,opel,
0,0,0,knn,281,bus,bus,
0,0,0,knn,287,van,van,
0,0,0,knn,294,bus,bus,
0,0,0,knn,307,opel,saab,
0,0,0,knn,310,saab,opel,
0,0,0,knn,314,bus,bus,
0,0,0,knn,321,bus,bus,
0,0,0,knn,328,van,van,
0,0,0,knn,337,bus,bus,
0,0,0,knn,344,opel,opel,
0,0,0,knn,357,saab,saab,
0,0,0,knn,360,saab,saab,
0,0,0,knn,366,van,van,
0,0,0,knn,367,saab,saab,
0,0,0,knn,373,bus,bus,
0,0,0,knn,387,van,van,
0,0,0,knn,389,opel,opel,
0,0,0,knn,390,bus,bus,
0,0,0,knn,394,saab,saab,
0,0,0,knn,399,van,van,
0,0,0,knn,424,opel,saab,
0,0,0,knn,435,van,van,
0,0,0,knn,449,van,van,
0,0,0,knn,453,bus,bus,
0,0,0,knn,471,opel,saab,
0,0,0,knn,479,bus,bus,
0,0,0,knn,502,opel,opel,
0,0,0,knn,507,opel,saab,
0,0,0,knn,531,bus,bus,
0,0,0,knn,535,van,van,
0,0,0,knn,537,van,van,
0,0,0,knn,549,saab,opel,
0,0,0,knn,591,opel,opel,
0,0,0,knn,592,bus,bus,
0,0,0,knn,593,saab,opel,
0,0,0,knn,595,opel,opel,
0,0,0,knn,596,opel,saab,
0,0,0,knn,607,van,van,
0,0,0,knn,646,bus,bus,
0,0,0,knn,670,opel,saab,
0,0,0,knn,684,bus,bus,
0,0,0,knn,688,saab,van,
0,0,0,knn,702,opel,saab,
0,0,0,knn,703,van,opel,
0,0,0,knn,720,opel,saab,
0,0,0,knn,739,van,van,
0,0,0,knn,752,bus,bus,
0,0,0,knn,761,saab,saab,
0,0,0,knn,776,saab,opel,
0,0,0,knn,777,bus,bus,
0,0,0,knn,784,van,saab,
0,0,0,knn,785,bus,bus,
0,0,0,knn,796,opel,van,
0,0,0,knn,803,bus,bus,
0,0,0,knn,805,bus,bus,
0,0,0,knn,807,saab,opel,
0,0,0,knn,819,saab,saab,
0,0,0,knn,831,bus,bus,
0,0,0,knn,835,bus,bus,
0,0,0,knn,841,saab,saab,
0,0,0,knn,844,saab,saab,
0,0,0,knn,845,van,opel,
0,0,0,svm,3,van,van,1.734390795704549
0,0,0,svm,10,van,van,1.0201994478785652
0,0,0,svm,19,opel,opel,0.9423884394528157
0,0,0,svm,32,opel,saab,1.0846856142093886
0,0,0,svm,38,saab,opel,0.10504038590980525
0,0,0,svm,80,bus,bus,1.408343996320848
0,0,0,svm,90,saab,saab,0.7865049091345613
0,0,0,svm,98,opel,opel,0.5653140687276617
0,0,0,svm,102,van,van,2.374107817133803
0,0,0,svm,109,bus,bus,2.873508269354789
0,0,0,svm,112,opel,opel,1.2901934388772984
0,0,0,svm,114,van,van,2.856941895789416
0,0,0,svm,139,van,van,1.3690098229150591
0,0,0,svm,144,opel,opel,1.1815856930265651
0,0,0,svm,150,saab,saab,1.7789917089301612
0,0,0,svm,153,saab,saab,1.0481441949103756
0,0,0,svm,161,opel,saab,0.714771299846217
0,0,0,svm,169,van,van,1.9021395356145634
0,0,0,svm,184,saab,saab,1.5860476389104123
0,0,0,svm,216,saab,opel,0.37160123177352267
0,0,0,svm,224,saab,saab,0.3931448917434297
0,0,0,svm,249,saab,saab,1.0164783054067046
0,0,0,svm,277,opel,opel,0.052803115910296405
0,0,0,svm,281,bus,bus,1.8014406669017675
0,0,0,svm,287,van,van,2.042327056030996
0,0,0,svm,294,bus,bus,1.8246020907208
0,0,0,svm,307,opel,opel,0.9640181934358649
0,0,0,svm,310,saab,opel,1.1591123947646365
0,0,0,svm,314,bus,bus,0.6097489979410584
0,0,0,svm,321,bus,bus,0.3482935787724937
0,0,0,svm,328,van,van,1.9542607423232055
0,0,0,svm,337,bus,bus,1.7208244502138248
0,0,0,svm,344,opel,opel,1.8292507355326975
0,0,0,svm,357,saab,saab,2.190807510589406
0,0,0,svm,360,saab,saab,0.895795477547634
0,0,0,svm,366,van,van,2.643028904695197
0,0,0,svm,367,saab,saab,0.5425425861754976
0,0,0,svm,373,bus,bus,2.3209480089135783
0,0,0,svm,387,van,van,2.3012441291590706
0,0,0,svm,389,opel,opel,1.5298515481326147
0,0,0,svm,390,bus,bus,1.0859126217029016
0,0,0,svm,394,saab,opel,0.2258225895190149
0,0,0,svm,399,van,van,1.6421828198206596
0,0,0,svm,424,opel,opel,0.7344442114814198
0,0,0,svm,435,van,van,0.16809954357203782
0,0,0,svm,449,van,van,1.2894624707815305
0,0,0,svm,453,bus,bus,0.7090455488382958
0,0,0,svm,471,opel,opel,0.8307674525027435
0,0,0,svm,479,bus,bus,1.3992824803712538
0,0,0,svm,502,opel,saab,1.1008919044929923
0,0,0,svm,507,opel,saab,1.6530228523243382
0,0,0,svm,531,bus,bus,0.9636017282283109
0,0,0,svm,535,van,van,1.2962383441054508
0,0,0,svm,537,van,van,2.4375851939616213
0,0,0,svm,549,saab,saab,0.838082397496291
0,0,0,svm,591,opel,opel,0.9233651310074462
0,0,0,svm,592,bus,bus,1.8851456783628096
0,0,0,svm,593,saab,opel,0.1876464467983423
0,0,0,svm,595,opel,opel,0.2798236407909491
0,0,0,svm,596,opel,opel,0.20008980807525045
0,0,0,svm,607,van,van,2.351859201234345
0,0,0,svm,646,bus,bus,1.5707406785042317
0,0,0,svm,670,opel,opel,0.1880241529391098
0,0,0,svm,684,bus,bus,1.267594701866869
0,0,0,svm,688,saab,van,0.24738237964381404
0,0,0,svm,702,opel,opel,0.06427872562010162
0,0,0,svm,703,van,van,1.2735860863042563
0,0,0,svm,720,opel,saab,1.241082800388452
0,0,0,svm,739,van,van,2.0795723720720467
0,0,0,svm,752,bus,bus,2.365336002547386
0,0,0,svm,761,saab,saab,1.0813304722891752
0,0,0,svm,776,saab,saab,0.1522541063988685
0,0,0,svm,777,bus,bus,2.9510853829785675
0,0,0,svm,784,van,saab,0.3709526015534613
0,0,0,svm,785,bus,bus,1.6403366632169216
0,0,0,svm,796,opel,opel,0.7729109195780977
0,0,0,svm,803,bus,bus,1.4819175560605888
0,0,0,svm,805,bus,bus,1.968606837394225
0,0,0,svm,807,saab,saab,0.8225433583302904
0,0,0,svm,819,saab,saab,0.8600659842136027
0,0,0,svm,831,bus,bus,2.3385147853767627
0,0,0,svm,835,bus,bus,0.900656780601879
0,0,0,svm,841,saab,saab,0.6489013447895902
0,0,0,svm,844,saab,saab,0.30646973956569656
0,0,0,svm,845,van,van,0.43608050664031317
0,0,0,mlp,3,van,van,
0,0,0,mlp,10,van,van,
0,0,0,mlp,19,opel,opel,
0,0,0,mlp,32,opel,saab,
0,0,0,mlp,38,saab,opel,
0,0,0,mlp,80,bus,bus,
0,0,0,mlp,90,saab,opel,
0,0,0,mlp,98,opel,saab,
0,0,0,mlp,102,van,van,
0,0,0,mlp,109,bus,bus,
0,0,0,mlp,112,opel,opel,
0,0,0,mlp,114,van,van,
0,0,0,mlp,139,van,van,
0,0,0,mlp,144,opel,saab,
0,0,0,mlp,150,saab,saab,
0,0,0,mlp,153,saab,saab,
0,0,0,mlp,161,opel,saab,
0,0,0,mlp,169,van,van,
0,0,0,mlp,184,saab,saab,
0,0,0,mlp,216,saab,bus,
0,0,0,mlp,224,saab,opel,
0,0,0,mlp,249,saab,saab,
0,0,0,mlp,277,opel,opel,
0,0,0,mlp,281,bus,bus,
0,0,0,mlp,287,van,van,
0,0,0,mlp,294,bus,bus,
0,0,0,mlp,307,opel,opel,
0,0,0,mlp,310,saab,opel,
0,0,0,mlp,314,bus,bus,
0,0,0,mlp,321,bus,bus,
0,0,0,mlp,328,van,van,
0,0,0,mlp,337,bus,bus,
0,0,0,mlp,344,opel,opel,
0,0,0,mlp,357,saab,saab,
0,0,0,mlp,360,saab,saab,
0,0,0,mlp,366,van,van,
0,0,0,mlp,367,saab,saab,
0,0,0,mlp,373,bus,bus,
0,0,0,mlp,387,van,van,
0,0,0,mlp,389,opel,opel,
0,0,0,mlp,390,bus,bus,
0,0,0,mlp,394,saab,opel,
0,0,0,mlp,399,van,van,
0,0,0,mlp,424,opel,saab,
0,0,0,mlp,435,van,van,
0,0,0,mlp,449,van,van,
0,0,0,mlp,453,bus,bus,
0,0,0,mlp,471,opel,saab,
0,0,0,mlp,479,bus,bus,
0,0,0,mlp,502,opel,saab,
0,0,0,mlp,507,opel,saab,
0,0,0,mlp,531,bus,bus,
0,0,0,mlp,535,van,van,
0,0,0,mlp,537,van,van,
0,0,0,mlp,549,saab,saab,
0,0,0,mlp,591,opel,saab,
0,0,0,mlp,592,bus,bus,
0,0,0,mlp,593,saab,opel,
0,0,0,mlp,595,opel,bus,
0,0,0,mlp,596,opel,opel,
0,0,0,mlp,607,van,van,
0,0,0,mlp,646,bus,bus,
0,0,0,mlp,670,opel,saab,
0,0,0,mlp,684,bus,bus,
0,0,0,mlp,688,saab,van,
0,0,0,mlp,702,opel,saab,
0,0,0,mlp,703,van,van,
0,0,0,mlp,720,opel,saab,
0,0,0,mlp,739,van,van,
0,0,0,mlp,752,bus,bus,
0,0,0,mlp,761,saab,saab,
0,0,0,mlp,776,saab,saab,
0,0,0,mlp,777,bus,bus,
0,0,0,mlp,784,van,saab,
0,0,0,mlp,785,bus,bus,
0,0,0,mlp,796,opel,saab,
0,0,0,mlp,803,bus,bus,
0,0,0,mlp,805,bus,bus,
0,0,0,mlp,807,saab,opel,
0,0,0,mlp,819,saab,saab,
0,0,0,mlp,831,bus,bus,
0,0,0,mlp,835,bus,bus,
0,0,0,mlp,841,saab,saab,
0,0,0,mlp,844,saab,saab,
0,0,0,mlp,845,van,van,
0,0,0,rbf,3,van,van,
0,0,0,rbf,10,van,van,
0,0,0,rbf,19,opel,opel,
0,0,0,rbf,32,opel,saab,
0,0,0,rbf,38,saab,opel,
0,0,0,rbf,80,bus,bus,
0,0,0,rbf,90,saab,saab,
0,0,0,rbf,98,opel,saab,
0,0,0,rbf,102,van,van,
0,0,0,rbf,109,bus,bus,
0,0,0,rbf,112,opel,opel,
0,0,0,rbf,114,van,van,
0,0,0,rbf,139,van,van,
0,0,0,rbf,144,opel,saab,
0,0,0,rbf,150,saab,saab,
0,0,0,rbf,153,saab,saab,
0,0,0,rbf,161,opel,saab,
0,0,0,rbf,169,van,van,
0,0,0,rbf,184,saab,saab,
0,0,0,rbf,216,saab,bus,
0,0,0,rbf,224,saab,saab,
0,0,0,rbf,249,saab,van,
0,0,0,rbf,277,opel,van,
0,0,0,rbf,281,bus,bus,
0,0,0,rbf,287,van,van,
0,0,0,rbf,294,bus,bus,
0,0,0,rbf,307,opel,saab,
0,0,0,rbf,310,saab,opel,
0,0,0,rbf,314,bus,bus,
0,0,0,rbf,321,bus,bus,
0,0,0,rbf,328,van,van,
0,0,0,rbf,337,bus,bus,
0,0,0,rbf,344,opel,opel,
0,0,0,rbf,357,saab,saab,
0,0,0,rbf,360,saab,saab,
0,0,0,rbf,366,van,van,
0,0,0,rbf,367,saab,bus,
0,0,0,rbf,373,bus,bus,
0,0,0,rbf,387,van,van,
0,0,0,rbf,389,opel,opel,
0,0,0,rbf,390,bus,bus,
0,0,0,rbf,394,saab,bus,
0,0,0,rbf,399,van,van,
0,0,0,rbf,424,opel,opel,
0,0,0,rbf,435,van,van,
0,0,0,rbf,449,van,van,
0,0,0,rbf,453,bus,bus,
0,0,0,rbf,471,opel,saab,
0,0,0,rbf,479,bus,bus,
0,0,0,rbf,502,opel,saab,
0,0,0,rbf,507,opel,saab,
0,0,0,rbf,531,bus,bus,
0,0,0,rbf,535,van,van,
0,0,0,rbf,537,van,van,
0,0,0,rbf,549,saab,saab,
0,0,0,rbf,591,opel,opel,
0,0,0,rbf,592,bus,bus,
0,0,0,rbf,593,saab,van,
0,0,0,rbf,595,opel,bus,
0,0,0,rbf,596,opel,opel,
0,0,0,rbf,607,van,van,
0,0,0,rbf,646,bus,bus,
0,0,0,rbf,670,opel,opel,
0,0,0,rbf,684,bus,bus,
0,0,0,rbf,688,saab,van,
0,0,0,rbf,702,opel,opel,
0,0,0,rbf,703,van,van,
0,0,0,rbf,720,opel,saab,
0,0,0,rbf,739,van,van,
0,0,0,rbf,752,bus,bus,
0,0,0,rbf,761,saab,saab,
0,0,0,rbf,776,saab,saab,
0,0,0,rbf,777,bus,bus,
0,0,0,rbf,784,van,van,
0,0,0,rbf,785,bus,bus,
0,0,0,rbf,796,opel,van,
0,0,0,rbf,803,bus,bus,
0,0,0,rbf,805,bus,bus,
0,0,0,rbf,807,saab,saab,
0,0,0,rbf,819,saab,saab,
0,0,0,rbf,831,bus,bus,
0,0,0,rbf,835,bus,bus,
0,0,0,rbf,841,saab,saab,
0,0,0,rbf,844,saab,saab,
0,0,0,rbf,845,van,van,
0,0,0,svm_linear,3,van,van,
0,0,0,svm_linear,10,van,van,
0,0,0,svm_linear,19,opel,opel,
0,0,0,svm_linear,32,opel,saab,
0,0,0,svm_linear,38,saab,saab,
0,0,0,svm_linear,80,bus,bus,
0,0,0,svm_linear,90,saab,saab,
0,0,0,svm_linear,98,opel,saab,
0,0,0,svm_linear,102,van,van,
0,0,0,svm_linear,109,bus,bus,
0,0,0,svm_linear,112,opel,opel,
0,0,0,svm_linear,114,van,van,
0,0,0,svm_linear,139,van,van,
0,0,0,svm_linear,144,opel,opel,
0,0,0,svm_linear,150,saab,saab,
0,0,0,svm_linear,153,saab,saab,
0,0,0,svm_linear,161,opel,saab,
0,0,0,svm_linear,169,van,van,
0,0,0,svm_linear,184,saab,saab,
0,0,0,svm_linear,216,saab,opel,
0,0,0,svm_linear,224,saab,opel,
0,0,0,svm_linear,249,saab,opel,
0,0,0,svm_linear,277,opel,saab,
0,0,0,svm_linear,281,bus,bus,
0,0,0,svm_linear,287,van,van,
0,0,0,svm_linear,294,bus,bus,
0,0,0,svm_linear,307,opel,opel,
0,0,0,svm_linear,310,saab,opel,
0,0,0,svm_linear,314,bus,bus,
0,0,0,svm_linear,321,bus,bus,
0,0,0,svm_linear,328,van,van,
0,0,0,svm_linear,337,bus,bus,
0,0,0,svm_linear,344,opel,opel,
0,0,0,svm_linear,357,saab,saab,
0,0,0,svm_linear,360,saab,saab,
0,0,0,svm_linear,366,van,van,
0,0,0,svm_linear,367,saab,saab,
0,0,0,svm_linear,373,bus,bus,
0,0,0,svm_linear,387,van,van,
0,0,0,svm_linear,389,opel,opel,
0,0,0,svm_linear,390,bus,bus,
0,0,0,svm_linear,394,saab,opel,
0,0,0,svm_linear,399,van,van,
0,0,0,svm_linear,424,opel,opel,
0,0,0,svm_linear,435,van,opel,
0,0,0,svm_linear,449,van,van,
0,0,0,svm_linear,453,bus,bus,
0,0,0,svm_linear,471,opel,opel,
0,0,0,svm_linear,479,bus,bus,
0,0,0,svm_linear,502,opel,opel,
0,0,0,svm_linear,507,opel,saab,
0,0,0,svm_linear,531,bus,bus,
0,0,0,svm_linear,535,van,van,
0,0,0,svm_linear,537,van,van,
0,0,0,svm_linear,549,saab,saab,
0,0,0,svm_linear,591,opel,opel,
0,0,0,svm_linear,592,bus,bus,
0,0,0,svm_linear,593,saab,saab,
0,0,0,svm_linear,595,opel,opel,
0,0,0,svm_linear,596,opel,opel,
0,0,0,svm_linear,607,van,van,
0,0,0,svm_linear,646,bus,bus,
0,0,0,svm_linear,670,opel,saab,
0,0,0,svm_linear,684,bus,bus,
0,0,0,svm_linear,688,saab,van,
0,0,0,svm_linear,702,opel,saab,
0,0,0,svm_linear,703,van,van,
0,0,0,svm_linear,720,opel,saab,
0,0,0,svm_linear,739,van,van,
0,0,0,svm_linear,752,bus,bus,
0,0,0,svm_linear,761,saab,saab,
0,0,0,svm_linear,776,saab,saab,
0,0,0,svm_linear,777,bus,bus,
0,0,0,svm_linear,784,van,opel,
0,0,0,svm_linear,785,bus,bus,
0,0,0,svm_linear,796,opel,opel,
0,0,0,svm_linear,803,bus,bus,
0,0,0,svm_linear,805,bus,bus,
0,0,0,svm_linear,807,saab,saab,
0,0,0,svm_linear,819,saab,saab,
0,0,0,svm_linear,831,bus,bus,
0,0,0,svm_linear,835,bus,bus,
0,0,0,svm_linear,841,saab,saab,
0,0,0,svm_linear,844,saab,opel,
0,0,0,svm_linear,845,van,van,
0,0,0,svm_unscaled,3,van,van,
0,0,0,svm_unscaled,10,van,van,
0,0,0,svm_unscaled,19,opel,opel,
0,0,0,svm_unscaled,32,opel,saab,
0,0,0,svm_unscaled,38,saab,opel,
0,0,0,svm_unscaled,80,bus,bus,
0,0,0,svm_unscaled,90,saab,opel,
0,0,0,svm_unscaled,98,opel,saab,
0,0,0,svm_unscaled,102,van,van,
0,0,0,svm_unscaled,109,bus,bus,
0,0,0,svm_unscaled,112,opel,opel,
0,0,0,svm_unscaled,114,van,van,
0,0,0,svm_unscaled,139,van,van,
0,0,0,svm_unscaled,144,opel,saab,
0,0,0,svm_unscaled,150,saab,saab,
0,0,0,svm_unscaled,153,saab,saab,
0,0,0,svm_unscaled,161,opel,saab,
0,0,0,svm_unscaled,169,van,van,
0,0,0,svm_unscaled,184,saab,saab,
0,0,0,svm_unscaled,216,saab,bus,
0,0,0,svm_unscaled,224,saab,saab,
0,0,0,svm_unscaled,249,saab,opel,
0,0,0,svm_unscaled,277,opel,van,
0,0,0,svm_unscaled,281,bus,bus,
0,0,0,svm_unscaled,287,van,van,
0,0,0,svm_unscaled,294,bus,bus,
0,0,0,svm_unscaled,307,opel,opel,
0,0,0,svm_unscaled,310,saab,opel,
0,0,0,svm_unscaled,314,bus,bus,
0,0,0,svm_unscaled,321,bus,bus,
0,0,0,svm_unscaled,328,van,van,
0,0,0,svm_unscaled,337,bus,bus,
0,0,0,svm_unscaled,344,opel,opel,
0,0,0,svm_unscaled,357,saab,saab,
0,0,0,svm_unscaled,360,saab,saab,
0,0,0,svm_unscaled,366,van,van,
0,0,0,svm_unscaled,367,saab,saab,
0,0,0,svm_unscaled,373,bus,bus,
0,0,0,svm_unscaled,387,van,van,
0,0,0,svm_unscaled,389,opel,opel,
0,0,0,svm_unscaled,390,bus,bus,
0,0,0,svm_unscaled,394,saab,opel,
0,0,0,svm_unscaled,399,van,van,
0,0,0,svm_unscaled,424,opel,opel,
0,0,0,svm_unscaled,435,van,van,
0,0,0,svm_unscaled,449,van,van,
0,0,0,svm_unscaled,453,bus,bus,
0,0,0,svm_unscaled,471,opel,saab,
0,0,0,svm_unscaled,479,bus,bus,
0,0,0,svm_unscaled,502,opel,saab,
0,0,0,svm_unscaled,507,opel,saab,
0,0,0,svm_unscaled,531,bus,bus,
0,0,0,svm_unscaled,535,van,van,
0,0,0,svm_unscaled,537,van,van,
0,0,0,svm_unscaled,549,saab,saab,
0,0,0,svm_unscaled,591,opel,opel,
0,0,0,svm_unscaled,592,bus,bus,
0,0,0,svm_unscaled,593,saab,van,
0,0,0,svm_unscaled,595,opel,bus,
0,0,0,svm_unscaled,596,opel,saab,
0,0,0,svm_unscaled,607,van,van,
0,0,0,svm_unscaled,646,bus,bus,
0,0,0,svm_unscaled,670,opel,saab,
0,0,0,svm_unscaled,684,bus,bus,
0,0,0,svm_unscaled,688,saab,van,
0,0,0,svm_unscaled,702,opel,saab,
0,0,0,svm_unscaled,703,van,van,
0,0,0,svm_unscaled,720,opel,saab,
0,0,0,svm_unscaled,739,van,van,
0,0,0,svm_unscaled,752,bus,bus,
0,0,0,svm_unscaled,761,saab,saab,
0,0,0,svm_unscaled,776,saab,saab,
0,0,0,svm_unscaled,777,bus,bus,
0,0,0,svm_unscaled,784,van,opel,
0,0,0,svm_unscaled,785,bus,bus,
0,0,0,svm_unscaled,796,opel,van,
0,0,0,svm_unscaled,803,bus,bus,
0,0,0,svm_unscaled,805,bus,bus,
0,0,0,svm_unscaled,807,saab,saab,
0,0,0,svm_unscaled,819,saab,saab,
0,0,0,svm_unscaled,831,bus,bus,
0,0,0,svm_unscaled,835,bus,bus,
0,0,0,svm_unscaled,841,saab,saab,
0,0,0,svm_unscaled,844,saab,saab,
0,0,0,svm_unscaled,845,van,van,
1,0,1,centroid,2,saab,opel,
1,0,1,centroid,23,bus,van,
1,0,1,centroid,27,saab,opel,
1,0,1,centroid,29,saab,van,
1,0,1,centroid,59,van,van,
1,0,1,centroid,91,opel,saab,
1,0,1,centroid,92,saab,opel,
1,0,1,centroid,97,bus,van,
1,0,1,centroid,108,bus,van,
1,0,1,centroid,124,van,van,
1,0,1,centroid,128,van,saab,
1,0,1,centroid,134,opel,opel,
1,0,1,centroid,143,bus,bus,
1,0,1,centroid,192,saab,van,
1,0,1,centroid,196,saab,opel,
1,0,1,centroid,199,bus,bus,
1,0,1,centroid,206,opel,bus,
1,0,1,centroid,214,opel,van,
1,0,1,centroid,218,bus,van,
1,0,1,centroid,227,van,van,
1,0,1,centroid,232,bus,bus,
1,0,1,centroid,251,opel,opel,
1,0,1,centroid,263,van,van,
1,0,1,centroid,271,saab,opel,
1,0,1,centroid,299,bus,saab,
1,0,1,centroid,300,saab,opel,
1,0,1,centroid,324,saab,saab,
1,0,1,centroid,327,opel,van,
1,0,1,centroid,355,opel,opel,
1,0,1,centroid,368,bus,van,
1,0,1,centroid,369,opel,bus,
1,0,1,centroid,378,saab,van,
1,0,1,centroid,413,opel,van,
1,0,1,centroid,431,bus,opel,
1,0,1,centroid,437,opel,van,
1,0,1,centroid,456,van,van,
1,0,1,centroid,464,bus,opel,
1,0,1,centroid,470,van,van,
1,0,1,centroid,477,van,bus,
1,0,1,centroid,492,bus,bus,
1,0,1,centroid,506,saab,opel,
1,0,1,centroid,518,saab,van,
1,0,1,centroid,521,van,van,
1,0,1,centroid,538,opel,opel,
1,0,1,centroid,539,bus,opel,
1,0,1,centroid,547,bus,van,
1,0,1,centroid,551,opel,van,
1,0,1,centroid,554,saab,saab,
1,0,1,centroid,555,opel,opel,
1,0,1,centroid,556,bus,opel,
1,0,1,centroid,567,saab,bus,
1,0,1,centroid,579,opel,van,
1,0,1,centroid,589,opel,opel,
1,0,1,centroid,594,van,van,
1,0,1,centroid,604,opel,opel,
1,0,1,centroid,608,opel,van,
1,0,1,centroid,629,van,van,
1,0,1,centroid,638,bus,opel,
1,0,1,centroid,640,opel,opel,
1,0,1,centroid,641,bus,bus,
1,0,1,centroid,647,saab,van,
1,0,1,centroid,654,saab,saab,
1,0,1,centroid,657,van,van,
1,0,1,centroid,668,van,saab,
1,0,1,centroid,683,bus,opel,
1,0,1,centroid,685,bus,van,
1,0,1,centroid,695,van,van,
1,0,1,centroid,713,saab,opel,
1,0,1,centroid,718,opel,opel,
1,0,1,centroid,726,saab,opel,
1,0,1,centroid,730,opel,opel,
1,0,1,centroid,737,bus,opel,
1,0,1,centroid,751,van,van,
1,0,1,centroid,754,van,van,
1,0,1,centroid,757,saab,van,
1,0,1,centroid,772,opel,opel,
1,0,1,centroid,786,saab,opel,
1,0,1,centroid,787,van,van,
1,0,1,centroid,789,saab,bus,
1,0,1,centroid,790,bus,bus,
1,0,1,centroid,799,bus,van,
1,0,1,centroid,800,van,van,
1,0,1,centroid,828,van,van,
1,0,1,centroid,834,saab,van,
1,0,1,centroid,839,van,van,
1,0,1,knn,2,saab,saab,
1,0,1,knn,23,bus,opel,
1,0,1,knn,27,saab,saab,
1,0,1,knn,29,saab,bus,
1,0,1,knn,59,van,opel,
1,0,1,knn,91,opel,saab,
1,0,1,knn,92,saab,saab,
1,0,1,knn,97,bus,bus,
1,0,1,knn,108,bus,bus,
1,0,1,knn,124,van,bus,
1,0,1,knn,128,van,van,
1,0,1,knn,134,opel,opel,
1,0,1,knn,143,bus,bus,
1,0,1,knn,192,saab,opel,
1,0,1,knn,196,saab,saab,
1,0,1,knn,199,bus,bus,
1,0,1,knn,206,opel,van,
1,0,1,knn,214,opel,saab,
1,0,1,knn,218,bus,bus,
1,0,1,knn,227,van,van,
1,0,1,knn,232,bus,bus,
1,0,1,knn,251,opel,opel,
1,0,1,knn,263,van,van,
1,0,1,knn,271,saab,bus,
1,0,1,knn,299,bus,bus,
1,0,1,knn,300,saab,opel,
1,0,1,knn,324,saab,saab,
1,0,1,knn,327,opel,van,
1,0,1,knn,355,opel,saab,
1,0,1,knn,368,bus,bus,
1,0,1,knn,369,opel,saab,
1,0,1,knn,378,saab,opel,
1,0,1,knn,413,opel,saab,
1,0,1,knn,431,bus,bus,
1,0,1,knn,437,opel,bus,
1,0,1,knn,456,van,bus,
1,0,1,knn,464,bus,bus,
1,0,1,knn,470,van,van,
1,0,1,knn,477,van,van,
1,0,1,knn,492,bus,bus,
1,0,1,knn,506,saab,saab,
1,0,1,knn,518,saab,bus,
1,0,1,knn,521,van,van,
1,0,1,knn,538,opel,saab,
1,0,1,knn,539,bus,bus,
1,0,1,knn,547,bus,bus,
1,0,1,knn,551,opel,saab,
1,0,1,knn,554,saab,saab,
1,0,1,knn,555,opel,saab,
1,0,1,knn,556,bus,bus,
1,0,1,knn,567,saab,bus,
1,0,1,knn,579,opel,saab,
1,0,1,knn,589,opel,opel,
1,0,1,knn,594,van,opel,
1,0,1,knn,604,opel,saab,
1,0,1,knn,608,opel,opel,
1,0,1,knn,629,van,saab,
1,0,1,knn,638,bus,bus,
1,0,1,knn,640,opel,opel,
1,0,1,knn,641,bus,bus,
1,0,1,knn,647,saab,opel,
1,0,1,knn,654,saab,saab,
1,0,1,knn,657,van,van,
1,0,1,knn,668,van,van,
1,0,1,knn,683,bus,bus,
1,0,1,knn,685,bus,bus,
1,0,1,knn,695,van,van,
1,0,1,knn,713,saab,saab,
1,0,1,knn,718,opel,saab,
1,0,1,knn,726,saab,opel,
1,0,1,knn,730,opel,saab,
1,0,1,knn,737,bus,bus,
1,0,1,knn,751,van,van,
1,0,1,knn,754,van,van,
1,0,1,knn,757,saab,opel,
1,0,1,knn,772,opel,saab,
1,0,1,knn,786,saab,saab,
1,0,1,knn,787,van,van,
1,0,1,knn,789,saab,saab,
1,0,1,knn,790,bus,bus,
1,0,1,knn,799,bus,bus,
1,0,1,knn,800,van,bus,
1,0,1,knn,828,van,saab,
1,0,1,knn,834,saab,opel,
1,0,1,knn,839,van,bus,
1,0,1,svm,2,saab,saab,1.6953089291136845
1,0,1,svm,23,bus,van,0.3007847654181095
1,0,1,svm,27,saab,saab,0.5627835365484355
1,0,1,svm,29,saab,opel,0.14657431612174499
1,0,1,svm,59,van,van,0.20536496551192762
1,0,1,svm,91,opel,saab,0.6758112831523828
1,0,1,svm,92,saab,saab,0.06901659575817654
1,0,1,svm,97,bus,bus,1.6516556416458807
1,0,1,svm,108,bus,bus,1.6216269716534621
1,0,1,svm,124,van,van,0.1907659117216456
1,0,1,svm,128,van,van,2.050107608344022
1,0,1,svm,134,opel,opel,1.066908189354562
1,0,1,svm,143,bus,bus,1.7648986607622117
1,0,1,svm,192,saab,saab,0.7197359399062702
1,0,1,svm,196,saab,opel,0.7120389606096271
1,0,1,svm,199,bus,bus,1.53907714888097
1,0,1,svm,206,opel,saab,0.061851301903705025
1,0,1,svm,214,opel,opel,0.15865265128064898
1,0,1,svm,218,bus,bus,1.1605764548835782
1,0,1,svm,227,van,van,1.4177061547565584
1,0,1,svm,232,bus,bus,1.7436865348833965
1,0,1,svm,251,opel,opel,1.21398597577077
1,0,1,svm,263,van,van,1.933711312471127
1,0,1,svm,271,saab,saab,0.8853211347313708
1,0,1,svm,299,bus,bus,1.6768231801257794
1,0,1,svm,300,saab,opel,0.15290855038073836
1,0,1,svm,324,saab,saab,0.9726894869222047
1,0,1,svm,327,opel,saab,0.03314823588858751
1,0,1,svm,355,opel,saab,0.5896685296475948
1,0,1,svm,368,bus,bus,0.8261639981184064
1,0,1,svm,369,opel,saab,0.22723793643171852
1,0,1,svm,378,saab,opel,0.8363222319970038
1,0,1,svm,413,opel,saab,0.023764665402635998
1,0,1,svm,431,bus,bus,2.93970035958718
1,0,1,svm,437,opel,opel,0.6208494209564765
1,0,1,svm,456,van,van,0.6591708556875344
1,0,1,svm,464,bus,bus,2.2900508445104446
1,0,1,svm,470,van,van,0.8463469676150366
1,0,1,svm,477,van,van,1.3633611216291959
1,0,1,svm,492,bus,bus,1.8964631394193066
1,0,1,svm,506,saab,saab,0.7814495137881234
1,0,1,svm,518,saab,saab,0.19344029061734425
1,0,1,svm,521,van,van,0.6007588397913961
1,0,1,svm,538,opel,opel,1.1204582469535485
1,0,1,svm,539,bus,bus,2.1688110501077027
1,0,1,svm,547,bus,van,0.41440043617235656
1,0,1,svm,551,opel,opel,1.383802445148108
1,0,1,svm,554,saab,saab,0.9744668565406425
1,0,1,svm,555,opel,opel,0.8899286832115667
1,0,1,svm,556,bus,bus,1.5861706783530902
1,0,1,svm,567,saab,saab,0.4675949227020606
1,0,1,svm,579,opel,van,0.11738732158454446
1,0,1,svm,589,opel,opel,0.6445475227669153
1,0,1,svm,594,van,van,0.5891004192036693
1,0,1,svm,604,opel,saab,0.5005553046397733
1,0,1,svm,608,opel,opel,0.4942333022912795
1,0,1,svm,629,van,van,0.529569842848483
1,0,1,svm,638,bus,bus,3.0139307793018366
1,0,1,svm,640,opel,saab,0.37353565708835923
1,0,1,svm,641,bus,bus,2.367385807598193
1,0,1,svm,647,saab,saab,0.0843550381328253
1,0,1,svm,654,saab,opel,0.34299624207771906
1,0,1,svm,657,van,van,1.724096841556248
1,0,1,svm,668,van,van,1.6527614321590969
1,0,1,svm,683,bus,bus,1.3467273386591123
1,0,1,svm,685,bus,bus,0.6168424664907928
1,0,1,svm,695,van,van,0.9868985460785735
1,0,1,svm,713,saab,saab,1.3475316645884643
1,0,1,svm,718,opel,opel,0.3095319374751657
1,0,1,svm,726,saab,saab,0.17478419105971277
1,0,1,svm,730,opel,opel,0.4384161295820608
1,0,1,svm,737,bus,bus,1.9789856189333737
1,0,1,svm,751,van,van,0.7495477051163224
1,0,1,svm,754,van,van,1.9323668124630868
1,0,1,svm,757,saab,saab,0.22029350819928872
1,0,1,svm,772,opel,saab,0.5069889708845192
1,0,1,svm,786,saab,saab,0.7696153131202532
1,0,1,svm,787,van,van,2.198774013048137
1,0,1,svm,789,saab,saab,1.1123804771291486
1,0,1,svm,790,bus,bus,1.2200167126293766
1,0,1,svm,799,bus,bus,2.0520003661973116
1,0,1,svm,800,van,van,0.6944996011558968
1,0,1,svm,828,van,van,0.9393927801935715
1,0,1,svm,834,saab,opel,0.39849832921662376
1,0,1,svm,839,van,van,1.0975850760576291
1,0,1,mlp,2,saab,saab,
1,0,1,mlp,23,bus,van,
1,0,1,mlp,27,saab,opel,
1,0,1,mlp,29,saab,opel,
1,0,1,mlp,59,van,van,
1,0,1,mlp,91,opel,saab,
1,0,1,mlp,92,saab,saab,
1,0,1,mlp,97,bus,bus,
1,0,1,mlp,108,bus,bus,
1,0,1,mlp,124,van,van,
1,0,1,mlp,128,van,van,
1,0,1,mlp,134,opel,opel,
1,0,1,mlp,143,bus,bus,
1,0,1,mlp,192,saab,saab,
1,0,1,mlp,196,saab,opel,
1,0,1,mlp,199,bus,bus,
1,0,1,mlp,206,opel,saab,
1,0,1,mlp,214,opel,saab,
1,0,1,mlp,218,bus,bus,
1,0,1,mlp,227,van,van,
1,0,1,mlp,232,bus,bus,
1,0,1,mlp,251,opel,opel,
1,0,1,mlp,263,van,van,
1,0,1,mlp,271,saab,saab,
1,0,1,mlp,299,bus,bus,
1,0,1,mlp,300,saab,saab,
1,0,1,mlp,324,saab,saab,
1,0,1,mlp,327,opel,opel,
1,0,1,mlp,355,opel,saab,
1,0,1,mlp,368,bus,bus,
1,0,1,mlp,369,opel,saab,
1,0,1,mlp,378,saab,opel,
1,0,1,mlp,413,opel,saab,
1,0,1,mlp,431,bus,bus,
1,0,1,mlp,437,opel,opel,
1,0,1,mlp,456,van,van,
1,0,1,mlp,464,bus,bus,
1,0,1,mlp,470,van,van,
1,0,1,mlp,477,van,van,
1,0,1,mlp,492,bus,bus,
1,0,1,mlp,506,saab,saab,
1,0,1,mlp,518,saab,opel,
1,0,1,mlp,521,van,van,
1,0,1,mlp,538,opel,opel,
1,0,1,mlp,539,bus,bus,
1,0,1,mlp,547,bus,bus,
1,0,1,mlp,551,opel,opel,
1,0,1,mlp,554,saab,saab,
1,0,1,mlp,555,opel,opel,
1,0,1,mlp,556,bus,bus,
1,0,1,mlp,567,saab,saab,
1,0,1,mlp,579,opel,van,
1,0,1,mlp,589,opel,opel,
1,0,1,mlp,594,van,van,
1,0,1,mlp,604,opel,opel,
1,0,1,mlp,608,opel,opel,
1,0,1,mlp,629,van,van,
1,0,1,mlp,638,bus,bus,
1,0,1,mlp,640,opel,opel,
1,0,1,mlp,641,bus,bus,
1,0,1,mlp,647,saab,opel,
1,0,1,mlp,654,saab,opel,
1,0,1,mlp,657,van,van,
1,0,1,mlp,668,van,van,
1,0,1,mlp,683,bus,bus,
1,0,1,mlp,685,bus,bus,
1,0,1,mlp,695,van,van,
1,0,1,mlp,713,saab,saab,
1,0,1,mlp,718,opel,saab,
1,0,1,mlp,726,saab,saab,
1,0,1,mlp,730,opel,opel,
1,0,1,mlp,737,bus,bus,
1,0,1,mlp,751,van,van,
1,0,1,mlp,754,van,van,
1,0,1,mlp,757,saab,saab,
1,0,1,mlp,772,opel,saab,
1,0,1,mlp,786,saab,saab,
1,0,1,mlp,787,van,van,
1,0,1,mlp,789,saab,saab,
1,0,1,mlp,790,bus,bus,
1,0,1,mlp,799,bus,bus,
1,0,1,mlp,800,van,van,
1,0,1,mlp,828,van,van,
1,0,1,mlp,834,saab,saab,
1,0,1,mlp,839,van,van,
1,0,1,rbf,2,saab,saab,
1,0,1,rbf,23,bus,van,
1,0,1,rbf,27,saab,opel,
1,0,1,rbf,29,saab,bus,
1,0,1,rbf,59,van,van,
1,0,1,rbf,91,opel,saab,
1,0,1,rbf,92,saab,saab,
1,0,1,rbf,97,bus,bus,
1,0,1,rbf,108,bus,bus,
1,0,1,rbf,124,van,van,
1,0,1,rbf,128,van,van,
1,0,1,rbf,134,opel,opel,
1,0,1,rbf,143,bus,bus,
1,0,1,rbf,192,saab,van,
1,0,1,rbf,196,saab,saab,
1,0,1,rbf,199,bus,bus,
1,0,1,rbf,206,opel,bus,
1,0,1,rbf,214,opel,van,
1,0,1,rbf,218,bus,bus,
1,0,1,rbf,227,van,van,
1,0,1,rbf,232,bus,bus,
1,0,1,rbf,251,opel,opel,
1,0,1,rbf,263,van,van,
1,0,1,rbf,271,saab,saab,
1,0,1,rbf,299,bus,bus,
1,0,1,rbf,300,saab,opel,
1,0,1,rbf,324,saab,saab,
1,0,1,rbf,327,opel,opel,
1,0,1,rbf,355,opel,saab,
1,0,1,rbf,368,bus,bus,
1,0,1,rbf,369,opel,opel,
1,0,1,rbf,378,saab,van,
1,0,1,rbf,413,opel,saab,
1,0,1,rbf,431,bus,bus,
1,0,1,rbf,437,opel,bus,
1,0,1,rbf,456,van,bus,
1,0,1,rbf,464,bus,bus,
1,0,1,rbf,470,van,van,
1,0,1,rbf,477,van,van,
1,0,1,rbf,492,bus,bus,
1,0,1,rbf,506,saab,opel,
1,0,1,rbf,518,saab,saab,
1,0,1,rbf,521,van,van,
1,0,1,rbf,538,opel,saab,
1,0,1,rbf,539,bus,bus,
1,0,1,rbf,547,bus,van,
1,0,1,rbf,551,opel,opel,
1,0,1,rbf,554,saab,saab,
1,0,1,rbf,555,opel,opel,
1,0,1,rbf,556,bus,bus,
1,0,1,rbf,567,saab,saab,
1,0,1,rbf,579,opel,van,
1,0,1,rbf,589,opel,saab,
1,0,1,rbf,594,van,van,
1,0,1,rbf,604,opel,opel,
1,0,1,rbf,608,opel,van,
1,0,1,rbf,629,van,van,
1,0,1,rbf,638,bus,bus,
1,0,1,rbf,640,opel,opel,
1,0,1,rbf,641,bus,bus,
1,0,1,rbf,647,saab,saab,
1,0,1,rbf,654,saab,opel,
1,0,1,rbf,657,van,van,
1,0,1,rbf,668,van,van,
1,0,1,rbf,683,bus,bus,
1,0,1,rbf,685,bus,bus,
1,0,1,rbf,695,van,van,
1,0,1,rbf,713,saab,saab,
1,0,1,rbf,718,opel,saab,
1,0,1,rbf,726,saab,saab,
1,0,1,rbf,730,opel,opel,
1,0,1,rbf,737,bus,bus,
1,0,1,rbf,751,van,van,
1,0,1,rbf,754,van,van,
1,0,1,rbf,757,saab,saab,
1,0,1,rbf,772,opel,opel,
1,0,1,rbf,786,saab,saab,
1,0,1,rbf,787,van,van,
1,0,1,rbf,789,saab,saab,
1,0,1,rbf,790,bus,bus,
1,0,1,rbf,799,bus,bus,
1,0,1,rbf,800,van,van,
1,0,1,rbf,828,van,van,
1,0,1,rbf,834,saab,saab,
1,0,1,rbf,839,van,van,
1,0,1,svm_linear,2,saab,saab,
1,0,1,svm_linear,23,bus,van,
1,0,1,svm_linear,27,saab,saab,
1,0,1,svm_linear,29,saab,bus,
1,0,1,svm_linear,59,van,opel,
1,0,1,svm_linear,91,opel,saab,
1,0,1,svm_linear,92,saab,saab,
1,0,1,svm_linear,97,bus,bus,
1,0,1,svm_linear,108,bus,bus,
1,0,1,svm_linear,124,van,van,
1,0,1,svm_linear,128,van,van,
1,0,1,svm_linear,134,opel,opel,
1,0,1,svm_linear,143,bus,bus,
1,0,1,svm_linear,192,saab,saab,
1,0,1,svm_linear,196,saab,opel,
1,0,1,svm_linear,199,bus,bus,
1,0,1,svm_linear,206,opel,saab,
1,0,1,svm_linear,214,opel,saab,
1,0,1,svm_linear,218,bus,bus,
1,0,1,svm_linear,227,van,van,
1,0,1,svm_linear,232,bus,bus,
1,0,1,svm_linear,251,opel,opel,
1,0,1,svm_linear,263,van,van,
1,0,1,svm_linear,271,saab,saab,
1,0,1,svm_linear,299,bus,bus,
1,0,1,svm_linear,300,saab,saab,
1,0,1,svm_linear,324,saab,saab,
1,0,1,svm_linear,327,opel,opel,
1,0,1,svm_linear,355,opel,saab,
1,0,1,svm_linear,368,bus,bus,
1,0,1,svm_linear,369,opel,opel,
1,0,1,svm_linear,378,saab,opel,
1,0,1,svm_linear,413,opel,saab,
1,0,1,svm_linear,431,bus,bus,
1,0,1,svm_linear,437,opel,saab,
1,0,1,svm_linear,456,van,opel,
1,0,1,svm_linear,464,bus,bus,
1,0,1,svm_linear,470,van,van,
1,0,1,svm_linear,477,van,van,
1,0,1,svm_linear,492,bus,bus,
1,0,1,svm_linear,506,saab,saab,
1,0,1,svm_linear,518,saab,opel,
1,0,1,svm_linear,521,van,van,
1,0,1,svm_linear,538,opel,opel,
1,0,1,svm_linear,539,bus,bus,
1,0,1,svm_linear,547,bus,van,
1,0,1,svm_linear,551,opel,opel,
1,0,1,svm_linear,554,saab,saab,
1,0,1,svm_linear,555,opel,opel,
1,0,1,svm_linear,556,bus,bus,
1,0,1,svm_linear,567,saab,saab,
1,0,1,svm_linear,579,opel,opel,
1,0,1,svm_linear,589,opel,opel,
1,0,1,svm_linear,594,van,van,
1,0,1,svm_linear,604,opel,saab,
1,0,1,svm_linear,608,opel,opel,
1,0,1,svm_linear,629,van,van,
1,0,1,svm_linear,638,bus,bus,
1,0,1,svm_linear,640,opel,saab,
1,0,1,svm_linear,641,bus,bus,
1,0,1,svm_linear,647,saab,opel,
1,0,1,svm_linear,654,saab,opel,
1,0,1,svm_linear,657,van,van,
1,0,1,svm_linear,668,van,van,
1,0,1,svm_linear,683,bus,bus,
1,0,1,svm_linear,685,bus,bus,
1,0,1,svm_linear,695,van,van,
1,0,1,svm_linear,713,saab,saab,
1,0,1,svm_linear,718,opel,saab,
1,0,1,svm_linear,726,saab,opel,
1,0,1,svm_linear,730,opel,opel,
1,0,1,svm_linear,737,bus,bus,
1,0,1,svm_linear,751,van,van,
1,0,1,svm_linear,754,van,van,
1,0,1,svm_linear,757,saab,opel,
1,0,1,svm_linear,772,opel,saab,
1,0,1,svm_linear,786,saab,saab,
1,0,1,svm_linear,787,van,van,
1,0,1,svm_linear,789,saab,saab,
1,0,1,svm_linear,790,bus,bus,
1,0,1,svm_linear,799,bus,bus,
1,0,1,svm_linear,800,van,van,
1,0,1,svm_linear,828,van,van,
1,0,1,svm_linear,834,saab,bus,
1,0,1,svm_linear,839,van,van,
1,0,1,svm_unscaled,2,saab,saab,
1,0,1,svm_unscaled,23,bus,van,
1,0,1,svm_unscaled,27,saab,saab,
1,0,1,svm_unscaled,29,saab,bus,
1,0,1,svm_unscaled,59,van,van,
1,0,1,svm_unscaled,91,opel,saab,
1,0,1,svm_unscaled,92,saab,saab,
1,0,1,svm_unscaled,97,bus,bus,
1,0,1,svm_unscaled,108,bus,bus,
1,0,1,svm_unscaled,124,van,van,
1,0,1,svm_unscaled,128,van,van,
1,0,1,svm_unscaled,134,opel,opel,
1,0,1,svm_unscaled,143,bus,bus,
1,0,1,svm_unscaled,192,saab,saab,
1,0,1,svm_unscaled,196,saab,saab,
1,0,1,svm_unscaled,199,bus,bus,
1,0,1,svm_unscaled,206,opel,bus,
1,0,1,svm_unscaled,214,opel,saab,
1,0,1,svm_unscaled,218,bus,bus,
1,0,1,svm_unscaled,227,van,van,
1,0,1,svm_unscaled,232,bus,bus,
1,0,1,svm_unscaled,251,opel,opel,
1,0,1,svm_unscaled,263,van,van,
1,0,1,svm_unscaled,271,saab,saab,
1,0,1,svm_unscaled,299,bus,bus,
1,0,1,svm_unscaled,300,saab,saab,
1,0,1,svm_unscaled,324,saab,saab,
1,0,1,svm_unscaled,327,opel,saab,
1,0,1,svm_unscaled,355,opel,opel,
1,0,1,svm_unscaled,368,bus,bus,
1,0,1,svm_unscaled,369,opel,saab,
1,0,1,svm_unscaled,378,saab,opel,
1,0,1,svm_unscaled,413,opel,saab,
1,0,1,svm_unscaled,431,bus,bus,
1,0,1,svm_unscaled,437,opel,saab,
1,0,1,svm_unscaled,456,van,van,
1,0,1,svm_unscaled,464,bus,bus,
1,0,1,svm_unscaled,470,van,van,
1,0,1,svm_unscaled,477,van,van,
1,0,1,svm_unscaled,492,bus,bus,
1,0,1,svm_unscaled,506,saab,opel,
1,0,1,svm_unscaled,518,saab,saab,
1,0,1,svm_unscaled,521,van,van,
1,0,1,svm_unscaled,538,opel,opel,
1,0,1,svm_unscaled,539,bus,bus,
1,0,1,svm_unscaled,547,bus,van,
1,0,1,svm_unscaled,551,opel,opel,
1,0,1,svm_unscaled,554,saab,saab,
1,0,1,svm_unscaled,555,opel,opel,
1,0,1,svm_unscaled,556,bus,bus,
1,0,1,svm_unscaled,567,saab,saab,
1,0,1,svm_unscaled,579,opel,van,
1,0,1,svm_unscaled,589,opel,opel,
1,0,1,svm_unscaled,594,van,van,
1,0,1,svm_unscaled,604,opel,opel,
1,0,1,svm_unscaled,608,opel,van,
1,0,1,svm_unscaled,629,van,van,
1,0,1,svm_unscaled,638,bus,bus,
1,0,1,svm_unscaled,640,opel,saab,
1,0,1,svm_unscaled,641,bus,bus,
1,0,1,svm_unscaled,647,saab,saab,
1,0,1,svm_unscaled,654,saab,saab,
1,0,1,svm_unscaled,657,van,van,
1,0,1,svm_unscaled,668,van,van,
1,0,1,svm_unscaled,683,bus,bus,
1,0,1,svm_unscaled,685,bus,bus,
1,0,1,svm_unscaled,695,van,van,
1,0,1,svm_unscaled,713,saab,saab,
1,0,1,svm_unscaled,718,opel,saab,
1,0,1,svm_unscaled,726,saab,opel,
1,0,1,svm_unscaled,730,opel,opel,
1,0,1,svm_unscaled,737,bus,bus,
1,0,1,svm_unscaled,751,van,van,
1,0,1,svm_unscaled,754,van,van,
1,0,1,svm_unscaled,757,saab,saab,
1,0,1,svm_unscaled,772,opel,saab,
1,0,1,svm_unscaled,786,saab,saab,
1,0,1,svm_unscaled,787,van,van,
1,0,1,svm_unscaled,789,saab,saab,
1,0,1,svm_unscaled,790,bus,bus,
1,0,1,svm_unscaled,799,bus,bus,
1,0,1,svm_unscaled,800,van,van,
1,0,1,svm_unscaled,828,van,van,
1,0,1,svm_unscaled,834,saab,opel,
1,0,1,svm_unscaled,839,van,van,
2,0,2,centroid,4,bus,bus,
2,0,2,centroid,6,bus,van,
2,0,2,centroid,7,van,van,
2,0,2,centroid,12,bus,bus,
2,0,2,centroid,34,opel,saab,
2,0,2,centroid,43,saab,van,
2,0,2,centroid,52,opel,opel,
2,0,2,centroid,54,bus,opel,
2,0,2,centroid,55,van,van,
2,0,2,centroid,60,opel,opel,
2,0,2,centroid,61,opel,van,
2,0,2,centroid,62,van,van,
2,0,2,centroid,68,van,van,
2,0,2,centroid,71,opel,opel,
2,0,2,centroid,113,opel,van,
2,0,2,centroid,115,van,saab,
2,0,2,centroid,118,bus,van,
2,0,2,centroid,120,saab,van,
2,0,2,centroid,149,van,van,
2,0,2,centroid,158,saab,van,
2,0,2,centroid,173,bus,opel,
2,0,2,centroid,195,bus,bus,
2,0,2,centroid,205,van,van,
2,0,2,centroid,213,bus,opel,
2,0,2,centroid,219,van,van,
2,0,2,centroid,225,van,van,
2,0,2,centroid,237,bus,bus,
2,0,2,centroid,238,opel,opel,
2,0,2,centroid,239,bus,bus,
2,0,2,centroid,241,opel,saab,
2,0,2,centroid,243,saab,opel,
2,0,2,centroid,254,van,bus,
2,0,2,centroid,255,saab,saab,
2,0,2,centroid,268,van,van,
2,0,2,centroid,283,saab,saab,
2,0,2,centroid,295,bus,van,
2,0,2,centroid,302,bus,van,
2,0,2,centroid,304,bus,bus,
2,0,2,centroid,341,opel,van,
2,0,2,centroid,349,opel,van,
2,0,2,centroid,353,bus,bus,
2,0,2,centroid,356,bus,van,
2,0,2,centroid,362,saab,opel,
2,0,2,centroid,364,opel,van,
2,0,2,centroid,382,bus,bus,
2,0,2,centroid,385,van,bus,
2,0,2,centroid,386,saab,saab,
2,0,2,centroid,451,opel,van,
2,0,2,centroid,466,bus,van,
2,0,2,centroid,486,opel,opel,
2,0,2,centroid,499,opel,opel,
2,0,2,centroid,526,saab,saab,
2,0,2,centroid,542,saab,saab,
2,0,2,centroid,546,van,van,
2,0,2,centroid,552,saab,saab,
2,0,2,centroid,563,opel,van,
2,0,2,centroid,566,saab,opel,
2,0,2,centroid,569,van,van,
2,0,2,centroid,584,bus,opel,
2,0,2,centroid,586,opel,opel,
2,0,2,centroid,599,saab,van,
2,0,2,centroid,609,bus,van,
2,0,2,centroid,613,bus,van,
2,0,2,centroid,623,saab,saab,
2,0,2,centroid,633,opel,opel,
2,0,2,centroid,635,van,van,
2,0,2,centroid,648,saab,opel,
2,0,2,centroid,661,saab,saab,
2,0,2,centroid,665,van,bus,
2,0,2,centroid,675,opel,opel,
2,0,2,centroid,680,van,bus,
2,0,2,centroid,690,saab,saab,
2,0,2,centroid,692,saab,opel,
2,0,2,centroid,699,opel,bus,
2,0,2,centroid,704,opel,opel,
2,0,2,centroid,706,van,van,
2,0,2,centroid,721,saab,opel,
2,0,2,centroid,732,van,van,
2,0,2,centroid,749,saab,opel,
2,0,2,centroid,755,van,van,
2,0,2,centroid,765,bus,van,
2,0,2,centroid,770,bus,van,
2,0,2,centroid,783,saab,opel,
2,0,2,centroid,788,saab,opel,
2,0,2,centroid,818,opel,opel,
2,0,2,knn,4,bus,van,
2,0,2,knn,6,bus,bus,
2,0,2,knn,7,van,van,
2,0,2,knn,12,bus,bus,
2,0,2,knn,34,opel,saab,
2,0,2,knn,43,saab,saab,
2,0,2,knn,52,opel,saab,
2,0,2,knn,54,bus,bus,
2,0,2,knn,55,van,van,
2,0,2,knn,60,opel,opel,
2,0,2,knn,61,opel,saab,
2,0,2,knn,62,van,van,
2,0,2,knn,68,van,van,
2,0,2,knn,71,opel,opel,
2,0,2,knn,113,opel,van,
2,0,2,knn,115,van,van,
2,0,2,knn,118,bus,bus,
2,0,2,knn,120,saab,saab,
2,0,2,knn,149,van,saab,
2,0,2,knn,158,saab,saab,
2,0,2,knn,173,bus,bus,
2,0,2,knn,195,bus,bus,
2,0,2,knn,205,van,van,
2,0,2,knn,213,bus,bus,
2,0,2,knn,219,van,van,
2,0,2,knn,225,van,van,
2,0,2,knn,237,bus,bus,
2,0,2,knn,238,opel,opel,
2,0,2,knn,239,bus,bus,
2,0,2,knn,241,opel,opel,
2,0,2,knn,243,saab,saab,
2,0,2,knn,254,van,van,
2,0,2,knn,255,saab,saab,
2,0,2,knn,268,van,van,
2,0,2,knn,283,saab,saab,
2,0,2,knn,295,bus,bus,
2,0,2,knn,302,bus,bus,
2,0,2,knn,304,bus,bus,
2,0,2,knn,341,opel,saab,
2,0,2,knn,349,opel,van,
2,0,2,knn,353,bus,bus,
2,0,2,knn,356,bus,bus,
2,0,2,knn,362,saab,opel,
2,0,2,knn,364,opel,saab,
2,0,2,knn,382,bus,bus,
2,0,2,knn,385,van,van,
2,0,2,knn,386,saab,opel,
2,0,2,knn,451,opel,opel,
2,0,2,knn,466,bus,bus,
2,0,2,knn,486,opel,opel,
2,0,2,knn,499,opel,opel,
2,0,2,knn,526,saab,saab,
2,0,2,knn,542,saab,saab,
2,0,2,knn,546,van,van,
2,0,2,knn,552,saab,saab,
2,0,2,knn,563,opel,opel,
2,0,2,knn,566,saab,saab,
2,0,2,knn,569,van,van,
2,0,2,knn,584,bus,bus,
2,0,2,knn,586,opel,opel,
2,0,2,knn,599,saab,van,
2,0,2,knn,609,bus,bus,
2,0,2,knn,613,bus,bus,
2,0,2,knn,623,saab,saab,
2,0,2,knn,633,opel,saab,
2,0,2,knn,635,van,van,
2,0,2,knn,648,saab,saab,
2,0,2,knn,661,saab,opel,
2,0,2,knn,665,van,van,
2,0,2,knn,675,opel,saab,
2,0,2,knn,680,van,van,
2,0,2,knn,690,saab,saab,
2,0,2,knn,692,saab,opel,
2,0,2,knn,699,opel,opel,
2,0,2,knn,704,opel,opel,
2,0,2,knn,706,van,van,
2,0,2,knn,721,saab,saab,
2,0,2,knn,732,van,bus,
2,0,2,knn,749,saab,saab,
2,0,2,knn,755,van,van,
2,0,2,knn,765,bus,bus,
2,0,2,knn,770,bus,bus,
2,0,2,knn,783,saab,saab,
2,0,2,knn,788,saab,saab,
2,0,2,knn,818,opel,saab,
2,0,2,svm,4,bus,bus,1.213618656207939
2,0,2,svm,6,bus,bus,0.3402363199255243
2,0,2,svm,7,van,van,1.4420925892984848
2,0,2,svm,12,bus,bus,1.4225566189613303
2,0,2,svm,34,opel,opel,0.35828955664906204
2,0,2,svm,43,saab,saab,0.529378969183746
2,0,2,svm,52,opel,opel,0.6043034021069076
2,0,2,svm,54,bus,bus,1.4638095493927503
2,0,2,svm,55,van,van,1.8730963195312205
2,0,2,svm,60,opel,opel,2.4499721203182503
2,0,2,svm,61,opel,opel,0.5151566018063605
2,0,2,svm,62,van,van,2.2596283528870043
2,0,2,svm,68,van,van,1.4708714976942496
2,0,2,svm,71,opel,opel,1.7374672548115457
2,0,2,svm,113,opel,opel,0.21288744112715907
2,0,2,svm,115,van,van,2.151468855158667
2,0,2,svm,118,bus,bus,1.3535081985162059
2,0,2,svm,120,saab,saab,1.991295610179252
2,0,2,svm,149,van,van,0.8550936777835952
2,0,2,svm,158,saab,saab,0.5248934768382796
2,0,2,svm,173,bus,bus,0.676132984833421
2,0,2,svm,195,bus,bus,1.2219887759873718
2,0,2,svm,205,van,van,1.8879186231964575
2,0,2,svm,213,bus,bus,2.3400458358606473
2,0,2,svm,219,van,van,1.047928272274766
2,0,2,svm,225,van,van,2.174950422711428
2,0,2,svm,237,bus,bus,1.586034563858001
2,0,2,svm,238,opel,opel,2.556013145543978
2,0,2,svm,239,bus,bus,1.926598107115332
2,0,2,svm,241,opel,saab,0.6811918766202112
2,0,2,svm,243,saab,opel,0.09793850412876992
2,0,2,svm,254,van,van,3.0806713155365792
2,0,2,svm,255,saab,saab,2.4162564736980645
2,0,2,svm,268,van,van,1.5243191556012539
2,0,2,svm,283,saab,saab,1.6305364067300996
2,0,2,svm,295,bus,bus,0.15744318888926845
2,0,2,svm,302,bus,bus,2.793951878755985
2,0,2,svm,304,bus,bus,1.0732797956635998
2,0,2,svm,341,opel,saab,1.1606010852246342
2,0,2,svm,349,opel,opel,0.2294963933600025
2,0,2,svm,353,bus,bus,1.761944280246114
2,0,2,svm,356,bus,bus,1.192947630186095
2,0,2,svm,362,saab,saab,0.49343559127736825
2,0,2,svm,364,opel,opel,0.11662845014915746
2,0,2,svm,382,bus,bus,2.212033496928347
2,0,2,svm,385,van,van,2.1763407568595587
2,0,2,svm,386,saab,saab,0.617932233298724
2,0,2,svm,451,opel,saab,0.6435250587526653
2,0,2,svm,466,bus,bus,1.6790857528476
2,0,2,svm,486,opel,opel,0.17478000901589752
2,0,2,svm,499,opel,opel,1.164052073474295
2,0,2,svm,526,saab,saab,0.4812264823976662
2,0,2,svm,542,saab,opel,0.22883421911506474
2,0,2,svm,546,van,van,1.429371889960097
2,0,2,svm,552,saab,saab,0.05178199015261242
2,0,2,svm,563,opel,saab,0.6625698129980933
2,0,2,svm,566,saab,saab,0.6647907210683854
2,0,2,svm,569,van,van,2.2865238144615665
2,0,2,svm,584,bus,bus,1.4956914243315937
2,0,2,svm,586,opel,opel,2.715136465297512
2,0,2,svm,599,saab,van,0.214757488360255
2,0,2,svm,609,bus,bus,0.8714749904282018
2,0,2,svm,613,bus,bus,1.2113691163343976
2,0,2,svm,623,saab,saab,1.4989565599892725
2,0,2,svm,633,opel,opel,1.3034366091465586
2,0,2,svm,635,van,van,2.4701100443849224
2,0,2,svm,648,saab,saab,1.3840939302897866
2,0,2,svm,661,saab,saab,0.7504606251439796
2,0,2,svm,665,van,van,1.5067115957770008
2,0,2,svm,675,opel,opel,0.9127978842445827
2,0,2,svm,680,van,van,0.8313814384873789
2,0,2,svm,690,saab,saab,1.0508918851543445
2,0,2,svm,692,saab,saab,1.4995337089490377
2,0,2,svm,699,opel,saab,0.2633919462957053
2,0,2,svm,704,opel,opel,1.6587490687488184
2,0,2,svm,706,van,van,0.4067110672581725
2,0,2,svm,721,saab,saab,0.6906760551601252
2,0,2,svm,732,van,van,0.36981691670703276
2,0,2,svm,749,saab,opel,0.2731549463447678
2,0,2,svm,755,van,van,1.4726114210259942
2,0,2,svm,765,bus,bus,1.2905842006634045
2,0,2,svm,770,bus,bus,1.4874205673041638
2,0,2,svm,783,saab,saab,0.1454520036509237
2,0,2,svm,788,saab,saab,1.7280504203020257
2,0,2,svm,818,opel,opel,1.2549881190242687
2,0,2,mlp,4,bus,bus,
2,0,2,mlp,6,bus,bus,
2,0,2,mlp,7,van,van,
2,0,2,mlp,12,bus,bus,
2,0,2,mlp,34,opel,opel,
2,0,2,mlp,43,saab,saab,
2,0,2,mlp,52,opel,opel,
2,0,2,mlp,54,bus,bus,
2,0,2,mlp,55,van,van,
2,0,2,mlp,60,opel,opel,
2,0,2,mlp,61,opel,opel,
2,0,2,mlp,62,van,van,
2,0,2,mlp,68,van,van,
2,0,2,mlp,71,opel,opel,
2,0,2,mlp,113,opel,saab,
2,0,2,mlp,115,van,van,
2,0,2,mlp,118,bus,bus,
2,0,2,mlp,120,saab,saab,
2,0,2,mlp,149,van,van,
2,0,2,mlp,158,saab,saab,
2,0,2,mlp,173,bus,bus,
2,0,2,mlp,195,bus,bus,
2,0,2,mlp,205,van,van,
2,0,2,mlp,213,bus,bus,
2,0,2,mlp,219,van,van,
2,0,2,mlp,225,van,van,
2,0,2,mlp,237,bus,bus,
2,0,2,mlp,238,opel,opel,
2,0,2,mlp,239,bus,bus,
2,0,2,mlp,241,opel,opel,
2,0,2,mlp,243,saab,saab,
2,0,2,mlp,254,van,van,
2,0,2,mlp,255,saab,saab,
2,0,2,mlp,268,van,van,
2,0,2,mlp,283,saab,saab,
2,0,2,mlp,295,bus,saab,
2,0,2,mlp,302,bus,bus,
2,0,2,mlp,304,bus,bus,
2,0,2,mlp,341,opel,saab,
2,0,2,mlp,349,opel,opel,
2,0,2,mlp,353,bus,bus,
2,0,2,mlp,356,bus,bus,
2,0,2,mlp,362,saab,opel,
2,0,2,mlp,364,opel,opel,
2,0,2,mlp,382,bus,bus,
2,0,2,mlp,385,van,van,
2,0,2,mlp,386,saab,opel,
2,0,2,mlp,451,opel,opel,
2,0,2,mlp,466,bus,bus,
2,0,2,mlp,486,opel,opel,
2,0,2,mlp,499,opel,opel,
2,0,2,mlp,526,saab,opel,
2,0,2,mlp,542,saab,opel,
2,0,2,mlp,546,van,van,
2,0,2,mlp,552,saab,saab,
2,0,2,mlp,563,opel,saab,
2,0,2,mlp,566,saab,saab,
2,0,2,mlp,569,van,van,
2,0,2,mlp,584,bus,bus,
2,0,2,mlp,586,opel,opel,
2,0,2,mlp,599,saab,van,
2,0,2,mlp,609,bus,bus,
2,0,2,mlp,613,bus,bus,
2,0,2,mlp,623,saab,saab,
2,0,2,mlp,633,opel,opel,
2,0,2,mlp,635,van,van,
2,0,2,mlp,648,saab,opel,
2,0,2,mlp,661,saab,saab,
2,0,2,mlp,665,van,van,
2,0,2,mlp,675,opel,opel,
2,0,2,mlp,680,van,van,
2,0,2,mlp,690,saab,saab,
2,0,2,mlp,692,saab,saab,
2,0,2,mlp,699,opel,saab,
2,0,2,mlp,704,opel,opel,
2,0,2,mlp,706,van,van,
2,0,2,mlp,721,saab,saab,
2,0,2,mlp,732,van,bus,
2,0,2,mlp,749,saab,opel,
2,0,2,mlp,755,van,van,
2,0,2,mlp,765,bus,bus,
2,0,2,mlp,770,bus,bus,
2,0,2,mlp,783,saab,saab,
2,0,2,mlp,788,saab,saab,
2,0,2,mlp,818,opel,opel,
2,0,2,rbf,4,bus,van,
2,0,2,rbf,6,bus,bus,
2,0,2,rbf,7,van,van,
2,0,2,rbf,12,bus,bus,
2,0,2,rbf,34,opel,opel,
2,0,2,rbf,43,saab,opel,
2,0,2,rbf,52,opel,opel,
2,0,2,rbf,54,bus,bus,
2,0,2,rbf,55,van,van,
2,0,2,rbf,60,opel,saab,
2,0,2,rbf,61,opel,bus,
2,0,2,rbf,62,van,van,
2,0,2,rbf,68,van,van,
2,0,2,rbf,71,opel,opel,
2,0,2,rbf,113,opel,van,
2,0,2,rbf,115,van,van,
2,0,2,rbf,118,bus,bus,
2,0,2,rbf,120,saab,saab,
2,0,2,rbf,149,van,van,
2,0,2,rbf,158,saab,opel,
2,0,2,rbf,173,bus,bus,
2,0,2,rbf,195,bus,bus,
2,0,2,rbf,205,van,van,
2,0,2,rbf,213,bus,bus,
2,0,2,rbf,219,van,van,
2,0,2,rbf,225,van,van,
2,0,2,rbf,237,bus,bus,
2,0,2,rbf,238,opel,opel,
2,0,2,rbf,239,bus,bus,
2,0,2,rbf,241,opel,saab,
2,0,2,rbf,243,saab,opel,
2,0,2,rbf,254,van,van,
2,0,2,rbf,255,saab,saab,
2,0,2,rbf,268,van,van,
2,0,2,rbf,283,saab,saab,
2,0,2,rbf,295,bus,bus,
2,0,2,rbf,302,bus,bus,
2,0,2,rbf,304,bus,bus,
2,0,2,rbf,341,opel,saab,
2,0,2,rbf,349,opel,van,
2,0,2,rbf,353,bus,bus,
2,0,2,rbf,356,bus,bus,
2,0,2,rbf,362,saab,saab,
2,0,2,rbf,364,opel,bus,
2,0,2,rbf,382,bus,bus,
2,0,2,rbf,385,van,van,
2,0,2,rbf,386,saab,saab,
2,0,2,rbf,451,opel,opel,
2,0,2,rbf,466,bus,bus,
2,0,2,rbf,486,opel,opel,
2,0,2,rbf,499,opel,opel,
2,0,2,rbf,526,saab,saab,
2,0,2,rbf,542,saab,opel,
2,0,2,rbf,546,van,van,
2,0,2,rbf,552,saab,opel,
2,0,2,rbf,563,opel,saab,
2,0,2,rbf,566,saab,saab,
2,0,2,rbf,569,van,van,
2,0,2,rbf,584,bus,bus,
2,0,2,rbf,586,opel,opel,
2,0,2,rbf,599,saab,van,
2,0,2,rbf,609,bus,bus,
2,0,2,rbf,613,bus,bus,
2,0,2,rbf,623,saab,saab,
2,0,2,rbf,633,opel,saab,
2,0,2,rbf,635,van,van,
2,0,2,rbf,648,saab,opel,
2,0,2,rbf,661,saab,saab,
2,0,2,rbf,665,van,van,
2,0,2,rbf,675,opel,opel,
2,0,2,rbf,680,van,van,
2,0,2,rbf,690,saab,saab,
2,0,2,rbf,692,saab,saab,
2,0,2,rbf,699,opel,bus,
2,0,2,rbf,704,opel,opel,
2,0,2,rbf,706,van,van,
2,0,2,rbf,721,saab,saab,
2,0,2,rbf,732,van,bus,
2,0,2,rbf,749,saab,opel,
2,0,2,rbf,755,van,van,
2,0,2,rbf,765,bus,bus,
2,0,2,rbf,770,bus,bus,
2,0,2,rbf,783,saab,opel,
2,0,2,rbf,788,saab,saab,
2,0,2,rbf,818,opel,opel,
2,0,2,svm_linear,4,bus,van,
2,0,2,svm_linear,6,bus,bus,
2,0,2,svm_linear,7,van,van,
2,0,2,svm_linear,12,bus,bus,
2,0,2,svm_linear,34,opel,opel,
2,0,2,svm_linear,43,saab,saab,
2,0,2,svm_linear,52,opel,saab,
2,0,2,svm_linear,54,bus,bus,
2,0,2,svm_linear,55,van,van,
2,0,2,svm_linear,60,opel,opel,
2,0,2,svm_linear,61,opel,opel,
2,0,2,svm_linear,62,van,van,
2,0,2,svm_linear,68,van,van,
2,0,2,svm_linear,71,opel,opel,
2,0,2,svm_linear,113,opel,saab,
2,0,2,svm_linear,115,van,van,
2,0,2,svm_linear,118,bus,bus,
2,0,2,svm_linear,120,saab,bus,
2,0,2,svm_linear,149,van,van,
2,0,2,svm_linear,158,saab,saab,
2,0,2,svm_linear,173,bus,bus,
2,0,2,svm_linear,195,bus,bus,
2,0,2,svm_linear,205,van,van,
2,0,2,svm_linear,213,bus,bus,
2,0,2,svm_linear,219,van,van,
2,0,2,svm_linear,225,van,van,
2,0,2,svm_linear,237,bus,bus,
2,0,2,svm_linear,238,opel,opel,
2,0,2,svm_linear,239,bus,bus,
2,0,2,svm_linear,241,opel,saab,
2,0,2,svm_linear,243,saab,opel,
2,0,2,svm_linear,254,van,van,
2,0,2,svm_linear,255,saab,saab,
2,0,2,svm_linear,268,van,van,
2,0,2,svm_linear,283,saab,saab,
2,0,2,svm_linear,295,bus,saab,
2,0,2,svm_linear,302,bus,bus,
2,0,2,svm_linear,304,bus,bus,
2,0,2,svm_linear,341,opel,saab,
2,0,2,svm_linear,349,opel,van,
2,0,2,svm_linear,353,bus,bus,
2,0,2,svm_linear,356,bus,bus,
2,0,2,svm_linear,362,saab,saab,
2,0,2,svm_linear,364,opel,opel,
2,0,2,svm_linear,382,bus,bus,
2,0,2,svm_linear,385,van,van,
2,0,2,svm_linear,386,saab,saab,
2,0,2,svm_linear,451,opel,saab,
2,0,2,svm_linear,466,bus,bus,
2,0,2,svm_linear,486,opel,opel,
2,0,2,svm_linear,499,opel,opel,
2,0,2,svm_linear,526,saab,saab,
2,0,2,svm_linear,542,saab,opel,
2,0,2,svm_linear,546,van,van,
2,0,2,svm_linear,552,saab,opel,
2,0,2,svm_linear,563,opel,saab,
2,0,2,svm_linear,566,saab,saab,
2,0,2,svm_linear,569,van,van,
2,0,2,svm_linear,584,bus,bus,
2,0,2,svm_linear,586,opel,opel,
2,0,2,svm_linear,599,saab,saab,
2,0,2,svm_linear,609,bus,saab,
2,0,2,svm_linear,613,bus,bus,
2,0,2,svm_linear,623,saab,saab,
2,0,2,svm_linear,633,opel,opel,
2,0,2,svm_linear,635,van,van,
2,0,2,svm_linear,648,saab,saab,
2,0,2,svm_linear,661,saab,saab,
2,0,2,svm_linear,665,van,van,
2,0,2,svm_linear,675,opel,opel,
2,0,2,svm_linear,680,van,van,
2,0,2,svm_linear,690,saab,saab,
2,0,2,svm_linear,692,saab,saab,
2,0,2,svm_linear,699,opel,saab,
2,0,2,svm_linear,704,opel,opel,
2,0,2,svm_linear,706,van,van,
2,0,2,svm_linear,721,saab,saab,
2,0,2,svm_linear,732,van,van,
2,0,2,svm_linear,749,saab,saab,
2,0,2,svm_linear,755,van,van,
2,0,2,svm_linear,765,bus,bus,
2,0,2,svm_linear,770,bus,bus,
2,0,2,svm_linear,783,saab,opel,
2,0,2,svm_linear,788,saab,saab,
2,0,2,svm_linear,818,opel,opel,
2,0,2,svm_unscaled,4,bus,bus,
2,0,2,svm_unscaled,6,bus,bus,
2,0,2,svm_unscaled,7,van,van,
2,0,2,svm_unscaled,12,bus,bus,
2,0,2,svm_unscaled,34,opel,opel,
2,0,2,svm_unscaled,43,saab,opel,
2,0,2,svm_unscaled,52,opel,opel,
2,0,2,svm_unscaled,54,bus,bus,
2,0,2,svm_unscaled,55,van,van,
2,0,2,svm_unscaled,60,opel,opel,
2,0,2,svm_unscaled,61,opel,opel,
2,0,2,svm_unscaled,62,van,van,
2,0,2,svm_unscaled,68,van,van,
2,0,2,svm_unscaled,71,opel,opel,
2,0,2,svm_unscaled,113,opel,van,
2,0,2,svm_unscaled,115,van,van,
2,0,2,svm_unscaled,118,bus,bus,
2,0,2,svm_unscaled,120,saab,saab,
2,0,2,svm_unscaled,149,van,van,
2,0,2,svm_unscaled,158,saab,saab,
2,0,2,svm_unscaled,173,bus,bus,
2,0,2,svm_unscaled,195,bus,bus,
2,0,2,svm_unscaled,205,van,van,
2,0,2,svm_unscaled,213,bus,bus,
2,0,2,svm_unscaled,219,van,van,
2,0,2,svm_unscaled,225,van,van,
2,0,2,svm_unscaled,237,bus,bus,
2,0,2,svm_unscaled,238,opel,opel,
2,0,2,svm_unscaled,239,bus,bus,
2,0,2,svm_unscaled,241,opel,saab,
2,0,2,svm_unscaled,243,saab,opel,
2,0,2,svm_unscaled,254,van,van,
2,0,2,svm_unscaled,255,saab,saab,
2,0,2,svm_unscaled,268,van,van,
2,0,2,svm_unscaled,283,saab,saab,
2,0,2,svm_unscaled,295,bus,bus,
2,0,2,svm_unscaled,302,bus,bus,
2,0,2,svm_unscaled,304,bus,bus,
2,0,2,svm_unscaled,341,opel,saab,
2,0,2,svm_unscaled,349,opel,van,
2,0,2,svm_unscaled,353,bus,bus,
2,0,2,svm_unscaled,356,bus,bus,
2,0,2,svm_unscaled,362,saab,saab,
2,0,2,svm_unscaled,364,opel,saab,
2,0,2,svm_unscaled,382,bus,bus,
2,0,2,svm_unscaled,385,van,van,
2,0,2,svm_unscaled,386,saab,opel,
2,0,2,svm_unscaled,451,opel,opel,
2,0,2,svm_unscaled,466,bus,bus,
2,0,2,svm_unscaled,486,opel,opel,
2,0,2,svm_unscaled,499,opel,opel,
2,0,2,svm_unscaled,526,saab,opel,
2,0,2,svm_unscaled,542,saab,opel,
2,0,2,svm_unscaled,546,van,van,
2,0,2,svm_unscaled,552,saab,opel,
2,0,2,svm_unscaled,563,opel,saab,
2,0,2,svm_unscaled,566,saab,saab,
2,0,2,svm_unscaled,569,van,van,
2,0,2,svm_unscaled,584,bus,bus,
2,0,2,svm_unscaled,586,opel,opel,
2,0,2,svm_unscaled,599,saab,van,
2,0,2,svm_unscaled,609,bus,bus,
2,0,2,svm_unscaled,613,bus,bus,
2,0,2,svm_unscaled,623,saab,saab,
2,0,2,svm_unscaled,633,opel,opel,
2,0,2,svm_unscaled,635,van,van,
2,0,2,svm_unscaled,648,saab,saab,
2,0,2,svm_unscaled,661,saab,saab,
2,0,2,svm_unscaled,665,van,van,
2,0,2,svm_unscaled,675,opel,opel,
2,0,2,svm_unscaled,680,van,van,
2,0,2,svm_unscaled,690,saab,opel,
2,0,2,svm_unscaled,692,saab,saab,
2,0,2,svm_unscaled,699,opel,saab,
2,0,2,svm_unscaled,704,opel,opel,
2,0,2,svm_unscaled,706,van,van,
2,0,2,svm_unscaled,721,saab,saab,
2,0,2,svm_unscaled,732,van,van,
2,0,2,svm_unscaled,749,saab,saab,
2,0,2,svm_unscaled,755,van,van,
2,0,2,svm_unscaled,765,bus,bus,
2,0,2,svm_unscaled,770,bus,bus,
2,0,2,svm_unscaled,783,saab,saab,
2,0,2,svm_unscaled,788,saab,saab,
2,0,2,svm_unscaled,818,opel,opel,
3,0,3,centroid,17,bus,saab,
3,0,3,centroid,36,bus,bus,
3,0,3,centroid,44,saab,saab,
3,0,3,centroid,51,saab,van,
3,0,3,centroid,66,bus,van,
3,0,3,centroid,72,opel,saab,
3,0,3,centroid,96,saab,van,
3,0,3,centroid,99,bus,bus,
3,0,3,centroid,100,bus,bus,
3,0,3,centroid,103,van,van,
3,0,3,centroid,106,opel,opel,
3,0,3,centroid,110,van,van,
3,0,3,centroid,116,opel,saab,
3,0,3,centroid,117,saab,saab,
3,0,3,centroid,123,saab,van,
3,0,3,centroid,142,opel,opel,
3,0,3,centroid,146,van,saab,
3,0,3,centroid,166,saab,van,
3,0,3,centroid,185,bus,saab,
3,0,3,centroid,187,opel,saab,
3,0,3,centroid,189,opel,van,
3,0,3,centroid,208,bus,bus,
3,0,3,centroid,228,saab,saab,
3,0,3,centroid,258,saab,opel,
3,0,3,centroid,289,saab,van,
3,0,3,centroid,290,van,van,
3,0,3,centroid,293,van,van,
3,0,3,centroid,325,bus,bus,
3,0,3,centroid,329,saab,van,
3,0,3,centroid,330,van,van,
3,0,3,centroid,339,bus,van,
3,0,3,centroid,361,saab,saab,
3,0,3,centroid,372,van,saab,
3,0,3,centroid,375,bus,opel,
3,0,3,centroid,377,saab,van,
3,0,3,centroid,381,bus,opel,
3,0,3,centroid,396,bus,opel,
3,0,3,centroid,411,opel,van,
3,0,3,centroid,432,saab,van,
3,0,3,centroid,438,opel,opel,
3,0,3,centroid,443,opel,saab,
3,0,3,centroid,448,bus,opel,
3,0,3,centroid,450,bus,bus,
3,0,3,centroid,465,bus,bus,
3,0,3,centroid,467,opel,opel,
3,0,3,centroid,472,bus,opel,
3,0,3,centroid,473,opel,opel,
3,0,3,centroid,482,opel,saab,
3,0,3,centroid,485,bus,bus,
3,0,3,centroid,496,opel,opel,
3,0,3,centroid,529,bus,van,
3,0,3,centroid,530,saab,opel,
3,0,3,centroid,533,van,van,
3,0,3,centroid,541,van,van,
3,0,3,centroid,548,bus,van,
3,0,3,centroid,550,van,van,
3,0,3,centroid,557,saab,van,
3,0,3,centroid,558,bus,bus,
3,0,3,centroid,561,opel,bus,
3,0,3,centroid,565,saab,saab,
3,0,3,centroid,572,van,van,
3,0,3,centroid,573,van,bus,
3,0,3,centroid,585,van,van,
3,0,3,centroid,618,van,van,
3,0,3,centroid,621,van,bus,
3,0,3,centroid,626,bus,van,
3,0,3,centroid,634,opel,van,
3,0,3,centroid,639,opel,saab,
3,0,3,centroid,642,saab,opel,
3,0,3,centroid,645,opel,van,
3,0,3,centroid,660,van,van,
3,0,3,centroid,686,opel,van,
3,0,3,centroid,689,saab,saab,
3,0,3,centroid,707,van,van,
3,0,3,centroid,715,opel,opel,
3,0,3,centroid,733,bus,opel,
3,0,3,centroid,740,saab,saab,
3,0,3,centroid,744,van,saab,
3,0,3,centroid,748,van,van,
3,0,3,centroid,753,saab,van,
3,0,3,centroid,766,saab,saab,
3,0,3,centroid,768,opel,opel,
3,0,3,centroid,809,saab,van,
3,0,3,centroid,825,opel,bus,
3,0,3,centroid,836,van,van,
3,0,3,knn,17,bus,bus,
3,0,3,knn,36,bus,bus,
3,0,3,knn,44,saab,saab,
3,0,3,knn,51,saab,bus,
3,0,3,knn,66,bus,bus,
3,0,3,knn,72,opel,saab,
3,0,3,knn,96,saab,opel,
3,0,3,knn,99,bus,bus,
3,0,3,knn,100,bus,van,
3,0,3,knn,103,van,van,
3,0,3,knn,106,opel,saab,
3,0,3,knn,110,van,van,
3,0,3,knn,116,opel,opel,
3,0,3,knn,117,saab,saab,
3,0,3,knn,123,saab,opel,
3,0,3,knn,142,opel,saab,
3,0,3,knn,146,van,van,
3,0,3,knn,166,saab,opel,
3,0,3,knn,185,bus,bus,
3,0,3,knn,187,opel,saab,
3,0,3,knn,189,opel,bus,
3,0,3,knn,208,bus,bus,
3,0,3,knn,228,saab,saab,
3,0,3,knn,258,saab,opel,
3,0,3,knn,289,saab,saab,
3,0,3,knn,290,van,van,
3,0,3,knn,293,van,opel,
3,0,3,knn,325,bus,bus,
3,0,3,knn,329,saab,saab,
3,0,3,knn,330,van,van,
3,0,3,knn,339,bus,bus,
3,0,3,knn,361,saab,opel,
3,0,3,knn,372,van,van,
3,0,3,knn,375,bus,bus,
3,0,3,knn,377,saab,van,
3,0,3,knn,381,bus,bus,
3,0,3,knn,396,bus,bus,
3,0,3,knn,411,opel,opel,
3,0,3,knn,432,saab,saab,
3,0,3,knn,438,opel,saab,
3,0,3,knn,443,opel,saab,
3,0,3,knn,448,bus,bus,
3,0,3,knn,450,bus,bus,
3,0,3,knn,465,bus,bus,
3,0,3,knn,467,opel,opel,
3,0,3,knn,472,bus,bus,
3,0,3,knn,473,opel,saab,
3,0,3,knn,482,opel,opel,
3,0,3,knn,485,bus,bus,
3,0,3,knn,496,opel,saab,
3,0,3,knn,529,bus,bus,
3,0,3,knn,530,saab,saab,
3,0,3,knn,533,van,van,
3,0,3,knn,541,van,van,
3,0,3,knn,548,bus,bus,
3,0,3,knn,550,van,van,
3,0,3,knn,557,saab,opel,
3,0,3,knn,558,bus,bus,
3,0,3,knn,561,opel,opel,
3,0,3,knn,565,saab,saab,
3,0,3,knn,572,van,van,
3,0,3,knn,573,van,van,
3,0,3,knn,585,van,van,
3,0,3,knn,618,van,van,
3,0,3,knn,621,van,van,
3,0,3,knn,626,bus,bus,
3,0,3,knn,634,opel,van,
3,0,3,knn,639,opel,saab,
3,0,3,knn,642,saab,opel,
3,0,3,knn,645,opel,bus,
3,0,3,knn,660,van,van,
3,0,3,knn,686,opel,van,
3,0,3,knn,689,saab,saab,
3,0,3,knn,707,van,van,
3,0,3,knn,715,opel,opel,
3,0,3,knn,733,bus,bus,
3,0,3,knn,740,saab,saab,
3,0,3,knn,744,van,van,
3,0,3,knn,748,van,van,
3,0,3,knn,753,saab,saab,
3,0,3,knn,766,saab,saab,
3,0,3,knn,768,opel,opel,
3,0,3,knn,809,saab,saab,
3,0,3,knn,825,opel,opel,
3,0,3,knn,836,van,van,
3,0,3,svm,17,bus,bus,2.6739719549080987
3,0,3,svm,36,bus,bus,1.1470436547320455
3,0,3,svm,44,saab,saab,1.4903732411264081
3,0,3,svm,51,saab,bus,0.01904691144145776
3,0,3,svm,66,bus,bus,1.424544942379066
3,0,3,svm,72,opel,saab,0.9356716793525814
3,0,3,svm,96,saab,saab,0.04679751454105574
3,0,3,svm,99,bus,bus,1.7684997821313382
3,0,3,svm,100,bus,van,0.5742882051579181
3,0,3,svm,103,van,van,3.501718062886558
3,0,3,svm,106,opel,opel,0.5437716581511145
3,0,3,svm,110,van,van,1.627066622616129
3,0,3,svm,116,opel,opel,0.32702280950457574
3,0,3,svm,117,saab,saab,0.8757397121381084
3,0,3,svm,123,saab,opel,0.9469759652218914
3,0,3,svm,142,opel,opel,0.4862436402855712
3,0,3,svm,146,van,van,2.7015179381491214
3,0,3,svm,166,saab,saab,0.5561083411156895
3,0,3,svm,185,bus,bus,2.3618182640518888
3,0,3,svm,187,opel,saab,1.2788528189902828
3,0,3,svm,189,opel,saab,0.8635978840481906
3,0,3,svm,208,bus,bus,1.1994083362577252
3,0,3,svm,228,saab,saab,0.7159973521772125
3,0,3,svm,258,saab,saab,1.2269706651058394
3,0,3,svm,289,saab,saab,1.0556912574662882
3,0,3,svm,290,van,van,1.2462788796924875
3,0,3,svm,293,van,van,0.25580348063177405
3,0,3,svm,325,bus,bus,1.3154085221729583
3,0,3,svm,329,saab,opel,0.12729931541149053
3,0,3,svm,330,van,van,1.2601590215330316
3,0,3,svm,339,bus,bus,1.3994863869167875
3,0,3,svm,361,saab,saab,1.6853222372611052
3,0,3,svm,372,van,van,0.6478984142926767
3,0,3,svm,375,bus,bus,2.9710087503191533
3,0,3,svm,377,saab,saab,0.4106706989279454
3,0,3,svm,381,bus,bus,2.931899628825158
3,0,3,svm,396,bus,bus,1.8750729810708107
3,0,3,svm,411,opel,opel,0.82176716393134
3,0,3,svm,432,saab,saab,0.21978138332620833
3,0,3,svm,438,opel,opel,0.7165072442971896
3,0,3,svm,443,opel,opel,0.6485784716199836
3,0,3,svm,448,bus,bus,1.9989081973464495
3,0,3,svm,450,bus,bus,1.8401973630228965
3,0,3,svm,465,bus,bus,1.4746135106873033
3,0,3,svm,467,opel,opel,1.5444412382060682
3,0,3,svm,472,bus,bus,3.2236289820198
3,0,3,svm,473,opel,opel,1.1927990136609372
3,0,3,svm,482,opel,saab,0.8992142906901259
3,0,3,svm,485,bus,bus,2.3183353654082874
3,0,3,svm,496,opel,opel,0.25291820708641577
3,0,3,svm,529,bus,bus,1.6100169932711723
3,0,3,svm,530,saab,opel,1.3248252221918326
3,0,3,svm,533,van,van,2.949029725615946
3,0,3,svm,541,van,van,0.7164509107342999
3,0,3,svm,548,bus,bus,1.694793229059242
3,0,3,svm,550,van,van,1.5566805267746067
3,0,3,svm,557,saab,saab,0.07130444756187249
3,0,3,svm,558,bus,bus,1.4728059998052498
3,0,3,svm,561,opel,opel,0.19983034306673542
3,0,3,svm,565,saab,saab,2.446110561570992
3,0,3,svm,572,van,van,1.8291362695023614
3,0,3,svm,573,van,van,2.4526505273512433
3,0,3,svm,585,van,van,1.3922919526555453
3,0,3,svm,618,van,van,1.5636541618233557
3,0,3,svm,621,van,van,2.049800884932585
3,0,3,svm,626,bus,bus,1.420263344719623
3,0,3,svm,634,opel,saab,0.4584904895104822
3,0,3,svm,639,opel,opel,1.2162020303228465
3,0,3,svm,642,saab,opel,0.05672707442239666
3,0,3,svm,645,opel,opel,0.5648978484614693
3,0,3,svm,660,van,van,1.5697132565638205
3,0,3,svm,686,opel,van,0.23121599595786835
3,0,3,svm,689,saab,saab,1.075936795191418
3,0,3,svm,707,van,van,1.1561700996799593
3,0,3,svm,715,opel,opel,1.6506229133422599
3,0,3,svm,733,bus,bus,1.7582481632928437
3,0,3,svm,740,saab,saab,1.1520738222295899
3,0,3,svm,744,van,van,1.0112729679142727
3,0,3,svm,748,van,van,1.4058407712777634
3,0,3,svm,753,saab,saab,0.8794398203359757
3,0,3,svm,766,saab,saab,1.0650478186902896
3,0,3,svm,768,opel,saab,0.23352032238754905
3,0,3,svm,809,saab,opel,0.24729196845804235
3,0,3,svm,825,opel,saab,0.9812216882975386
3,0,3,svm,836,van,van,0.8968444217490021
3,0,3,mlp,17,bus,bus,
3,0,3,mlp,36,bus,bus,
3,0,3,mlp,44,saab,saab,
3,0,3,mlp,51,saab,saab,
3,0,3,mlp,66,bus,bus,
3,0,3,mlp,72,opel,saab,
3,0,3,mlp,96,saab,opel,
3,0,3,mlp,99,bus,bus,
3,0,3,mlp,100,bus,bus,
3,0,3,mlp,103,van,van,
3,0,3,mlp,106,opel,opel,
3,0,3,mlp,110,van,van,
3,0,3,mlp,116,opel,saab,
3,0,3,mlp,117,saab,saab,
3,0,3,mlp,123,saab,opel,
3,0,3,mlp,142,opel,saab,
3,0,3,mlp,146,van,van,
3,0,3,mlp,166,saab,opel,
3,0,3,mlp,185,bus,bus,
3,0,3,mlp,187,opel,saab,
3,0,3,mlp,189,opel,saab,
3,0,3,mlp,208,bus,bus,
3,0,3,mlp,228,saab,saab,
3,0,3,mlp,258,saab,saab,
3,0,3,mlp,289,saab,saab,
3,0,3,mlp,290,van,van,
3,0,3,mlp,293,van,van,
3,0,3,mlp,325,bus,bus,
3,0,3,mlp,329,saab,saab,
3,0,3,mlp,330,van,van,
3,0,3,mlp,339,bus,bus,
3,0,3,mlp,361,saab,saab,
3,0,3,mlp,372,van,van,
3,0,3,mlp,375,bus,bus,
3,0,3,mlp,377,saab,saab,
3,0,3,mlp,381,bus,bus,
3,0,3,mlp,396,bus,bus,
3,0,3,mlp,411,opel,opel,
3,0,3,mlp,432,saab,saab,
3,0,3,mlp,438,opel,opel,
3,0,3,mlp,443,opel,opel,
3,0,3,mlp,448,bus,bus,
3,0,3,mlp,450,bus,bus,
3,0,3,mlp,465,bus,bus,
3,0,3,mlp,467,opel,opel,
3,0,3,mlp,472,bus,bus,
3,0,3,mlp,473,opel,opel,
3,0,3,mlp,482,opel,saab,
3,0,3,mlp,485,bus,bus,
3,0,3,mlp,496,opel,saab,
3,0,3,mlp,529,bus,bus,
3,0,3,mlp,530,saab,opel,
3,0,3,mlp,533,van,van,
3,0,3,mlp,541,van,van,
3,0,3,mlp,548,bus,bus,
3,0,3,mlp,550,van,van,
3,0,3,mlp,557,saab,saab,
3,0,3,mlp,558,bus,bus,
3,0,3,mlp,561,opel,opel,
3,0,3,mlp,565,saab,saab,
3,0,3,mlp,572,van,van,
3,0,3,mlp,573,van,van,
3,0,3,mlp,585,van,van,
3,0,3,mlp,618,van,van,
3,0,3,mlp,621,van,van,
3,0,3,mlp,626,bus,bus,
3,0,3,mlp,634,opel,saab,
3,0,3,mlp,639,opel,saab,
3,0,3,mlp,642,saab,opel,
3,0,3,mlp,645,opel,opel,
3,0,3,mlp,660,van,van,
3,0,3,mlp,686,opel,van,
3,0,3,mlp,689,saab,saab,
3,0,3,mlp,707,van,van,
3,0,3,mlp,715,opel,opel,
3,0,3,mlp,733,bus,bus,
3,0,3,mlp,740,saab,saab,
3,0,3,mlp,744,van,van,
3,0,3,mlp,748,van,van,
3,0,3,mlp,753,saab,opel,
3,0,3,mlp,766,saab,saab,
3,0,3,mlp,768,opel,opel,
3,0,3,mlp,809,saab,saab,
3,0,3,mlp,825,opel,saab,
3,0,3,mlp,836,van,van,
3,0,3,rbf,17,bus,bus,
3,0,3,rbf,36,bus,bus,
3,0,3,rbf,44,saab,saab,
3,0,3,rbf,51,saab,bus,
3,0,3,rbf,66,bus,bus,
3,0,3,rbf,72,opel,saab,
3,0,3,rbf,96,saab,opel,
3,0,3,rbf,99,bus,bus,
3,0,3,rbf,100,bus,van,
3,0,3,rbf,103,van,van,
3,0,3,rbf,106,opel,saab,
3,0,3,rbf,110,van,van,
3,0,3,rbf,116,opel,saab,
3,0,3,rbf,117,saab,saab,
3,0,3,rbf,123,saab,van,
3,0,3,rbf,142,opel,opel,
3,0,3,rbf,146,van,van,
3,0,3,rbf,166,saab,opel,
3,0,3,rbf,185,bus,bus,
3,0,3,rbf,187,opel,van,
3,0,3,rbf,189,opel,saab,
3,0,3,rbf,208,bus,bus,
3,0,3,rbf,228,saab,saab,
3,0,3,rbf,258,saab,saab,
3,0,3,rbf,289,saab,saab,
3,0,3,rbf,290,van,van,
3,0,3,rbf,293,van,van,
3,0,3,rbf,325,bus,bus,
3,0,3,rbf,329,saab,opel,
3,0,3,rbf,330,van,van,
3,0,3,rbf,339,bus,bus,
3,0,3,rbf,361,saab,saab,
3,0,3,rbf,372,van,van,
3,0,3,rbf,375,bus,bus,
3,0,3,rbf,377,saab,van,
3,0,3,rbf,381,bus,bus,
3,0,3,rbf,396,bus,bus,
3,0,3,rbf,411,opel,opel,
3,0,3,rbf,432,saab,opel,
3,0,3,rbf,438,opel,opel,
3,0,3,rbf,443,opel,saab,
3,0,3,rbf,448,bus,bus,
3,0,3,rbf,450,bus,bus,
3,0,3,rbf,465,bus,bus,
3,0,3,rbf,467,opel,opel,
3,0,3,rbf,472,bus,bus,
3,0,3,rbf,473,opel,opel,
3,0,3,rbf,482,opel,saab,
3,0,3,rbf,485,bus,bus,
3,0,3,rbf,496,opel,opel,
3,0,3,rbf,529,bus,bus,
3,0,3,rbf,530,saab,opel,
3,0,3,rbf,533,van,van,
3,0,3,rbf,541,van,van,
3,0,3,rbf,548,bus,bus,
3,0,3,rbf,550,van,van,
3,0,3,rbf,557,saab,bus,
3,0,3,rbf,558,bus,bus,
3,0,3,rbf,561,opel,bus,
3,0,3,rbf,565,saab,saab,
3,0,3,rbf,572,van,van,
3,0,3,rbf,573,van,van,
3,0,3,rbf,585,van,van,
3,0,3,rbf,618,van,van,
3,0,3,rbf,621,van,van,
3,0,3,rbf,626,bus,bus,
3,0,3,rbf,634,opel,saab,
3,0,3,rbf,639,opel,saab,
3,0,3,rbf,642,saab,opel,
3,0,3,rbf,645,opel,opel,
3,0,3,rbf,660,van,van,
3,0,3,rbf,686,opel,van,
3,0,3,rbf,689,saab,saab,
3,0,3,rbf,707,van,van,
3,0,3,rbf,715,opel,saab,
3,0,3,rbf,733,bus,bus,
3,0,3,rbf,740,saab,saab,
3,0,3,rbf,744,van,van,
3,0,3,rbf,748,van,van,
3,0,3,rbf,753,saab,opel,
3,0,3,rbf,766,saab,saab,
3,0,3,rbf,768,opel,saab,
3,0,3,rbf,809,saab,bus,
3,0,3,rbf,825,opel,opel,
3,0,3,rbf,836,van,van,
3,0,3,svm_linear,17,bus,bus,
3,0,3,svm_linear,36,bus,bus,
3,0,3,svm_linear,44,saab,saab,
3,0,3,svm_linear,51,saab,bus,
3,0,3,svm_linear,66,bus,bus,
3,0,3,svm_linear,72,opel,saab,
3,0,3,svm_linear,96,saab,saab,
3,0,3,svm_linear,99,bus,bus,
3,0,3,svm_linear,100,bus,bus,
3,0,3,svm_linear,103,van,van,
3,0,3,svm_linear,106,opel,opel,
3,0,3,svm_linear,110,van,van,
3,0,3,svm_linear,116,opel,saab,
3,0,3,svm_linear,117,saab,saab,
3,0,3,svm_linear,123,saab,opel,
3,0,3,svm_linear,142,opel,saab,
3,0,3,svm_linear,146,van,van,
3,0,3,svm_linear,166,saab,opel,
3,0,3,svm_linear,185,bus,bus,
3,0,3,svm_linear,187,opel,saab,
3,0,3,svm_linear,189,opel,saab,
3,0,3,svm_linear,208,bus,bus,
3,0,3,svm_linear,228,saab,saab,
3,0,3,svm_linear,258,saab,saab,
3,0,3,svm_linear,289,saab,saab,
3,0,3,svm_linear,290,van,van,
3,0,3,svm_linear,293,van,van,
3,0,3,svm_linear,325,bus,bus,
3,0,3,svm_linear,329,saab,opel,
3,0,3,svm_linear,330,van,van,
3,0,3,svm_linear,339,bus,bus,
3,0,3,svm_linear,361,saab,saab,
3,0,3,svm_linear,372,van,van,
3,0,3,svm_linear,375,bus,bus,
3,0,3,svm_linear,377,saab,saab,
3,0,3,svm_linear,381,bus,bus,
3,0,3,svm_linear,396,bus,bus,
3,0,3,svm_linear,411,opel,opel,
3,0,3,svm_linear,432,saab,opel,
3,0,3,svm_linear,438,opel,opel,
3,0,3,svm_linear,443,opel,opel,
3,0,3,svm_linear,448,bus,bus,
3,0,3,svm_linear,450,bus,bus,
3,0,3,svm_linear,465,bus,bus,
3,0,3,svm_linear,467,opel,opel,
3,0,3,svm_linear,472,bus,bus,
3,0,3,svm_linear,473,opel,opel,
3,0,3,svm_linear,482,opel,saab,
3,0,3,svm_linear,485,bus,bus,
3,0,3,svm_linear,496,opel,opel,
3,0,3,svm_linear,529,bus,bus,
3,0,3,svm_linear,530,saab,opel,
3,0,3,svm_linear,533,van,van,
3,0,3,svm_linear,541,van,van,
3,0,3,svm_linear,548,bus,bus,
3,0,3,svm_linear,550,van,van,
3,0,3,svm_linear,557,saab,bus,
3,0,3,svm_linear,558,bus,bus,
3,0,3,svm_linear,561,opel,saab,
3,0,3,svm_linear,565,saab,saab,
3,0,3,svm_linear,572,van,van,
3,0,3,svm_linear,573,van,van,
3,0,3,svm_linear,585,van,van,
3,0,3,svm_linear,618,van,van,
3,0,3,svm_linear,621,van,van,
3,0,3,svm_linear,626,bus,bus,
3,0,3,svm_linear,634,opel,saab,
3,0,3,svm_linear,639,opel,opel,
3,0,3,svm_linear,642,saab,opel,
3,0,3,svm_linear,645,opel,opel,
3,0,3,svm_linear,660,van,van,
3,0,3,svm_linear,686,opel,opel,
3,0,3,svm_linear,689,saab,saab,
3,0,3,svm_linear,707,van,van,
3,0,3,svm_linear,715,opel,opel,
3,0,3,svm_linear,733,bus,bus,
3,0,3,svm_linear,740,saab,saab,
3,0,3,svm_linear,744,van,van,
3,0,3,svm_linear,748,van,van,
3,0,3,svm_linear,753,saab,saab,
3,0,3,svm_linear,766,saab,saab,
3,0,3,svm_linear,768,opel,saab,
3,0,3,svm_linear,809,saab,bus,
3,0,3,svm_linear,825,opel,saab,
3,0,3,svm_linear,836,van,van,
3,0,3,svm_unscaled,17,bus,bus,
3,0,3,svm_unscaled,36,bus,bus,
3,0,3,svm_unscaled,44,saab,saab,
3,0,3,svm_unscaled,51,saab,bus,
3,0,3,svm_unscaled,66,bus,bus,
3,0,3,svm_unscaled,72,opel,saab,
3,0,3,svm_unscaled,96,saab,opel,
3,0,3,svm_unscaled,99,bus,bus,
3,0,3,svm_unscaled,100,bus,bus,
3,0,3,svm_unscaled,103,van,van,
3,0,3,svm_unscaled,106,opel,opel,
3,0,3,svm_unscaled,110,van,van,
3,0,3,svm_unscaled,116,opel,opel,
3,0,3,svm_unscaled,117,saab,saab,
3,0,3,svm_unscaled,123,saab,opel,
3,0,3,svm_unscaled,142,opel,saab,
3,0,3,svm_unscaled,146,van,van,
3,0,3,svm_unscaled,166,saab,opel,
3,0,3,svm_unscaled,185,bus,bus,
3,0,3,svm_unscaled,187,opel,saab,
3,0,3,svm_unscaled,189,opel,saab,
3,0,3,svm_unscaled,208,bus,bus,
3,0,3,svm_unscaled,228,saab,saab,
3,0,3,svm_unscaled,258,saab,saab,
3,0,3,svm_unscaled,289,saab,saab,
3,0,3,svm_unscaled,290,van,van,
3,0,3,svm_unscaled,293,van,van,
3,0,3,svm_unscaled,325,bus,bus,
3,0,3,svm_unscaled,329,saab,opel,
3,0,3,svm_unscaled,330,van,van,
3,0,3,svm_unscaled,339,bus,bus,
3,0,3,svm_unscaled,361,saab,saab,
3,0,3,svm_unscaled,372,van,van,
3,0,3,svm_unscaled,375,bus,bus,
3,0,3,svm_unscaled,377,saab,van,
3,0,3,svm_unscaled,381,bus,bus,
3,0,3,svm_unscaled,396,bus,bus,
3,0,3,svm_unscaled,411,opel,van,
3,0,3,svm_unscaled,432,saab,saab,
3,0,3,svm_unscaled,438,opel,opel,
3,0,3,svm_unscaled,443,opel,saab,
3,0,3,svm_unscaled,448,bus,bus,
3,0,3,svm_unscaled,450,bus,bus,
3,0,3,svm_unscaled,465,bus,bus,
3,0,3,svm_unscaled,467,opel,opel,
3,0,3,svm_unscaled,472,bus,bus,
3,0,3,svm_unscaled,473,opel,opel,
3,0,3,svm_unscaled,482,opel,saab,
3,0,3,svm_unscaled,485,bus,bus,
3,0,3,svm_unscaled,496,opel,saab,
3,0,3,svm_unscaled,529,bus,bus,
3,0,3,svm_unscaled,530,saab,opel,
3,0,3,svm_unscaled,533,van,van,
3,0,3,svm_unscaled,541,van,van,
3,0,3,svm_unscaled,548,bus,bus,
3,0,3,svm_unscaled,550,van,van,
3,0,3,svm_unscaled,557,saab,saab,
3,0,3,svm_unscaled,558,bus,bus,
3,0,3,svm_unscaled,561,opel,saab,
3,0,3,svm_unscaled,565,saab,saab,
3,0,3,svm_unscaled,572,van,van,
3,0,3,svm_unscaled,573,van,van,
3,0,3,svm_unscaled,585,van,van,
3,0,3,svm_unscaled,618,van,van,
3,0,3,svm_unscaled,621,van,van,
3,0,3,svm_unscaled,626,bus,bus,
3,0,3,svm_unscaled,634,opel,saab,
3,0,3,svm_unscaled,639,opel,saab,
3,0,3,svm_unscaled,642,saab,opel,
3,0,3,svm_unscaled,645,opel,opel,
3,0,3,svm_unscaled,660,van,van,
3,0,3,svm_unscaled,686,opel,van,
3,0,3,svm_unscaled,689,saab,saab,
3,0,3,svm_unscaled,707,van,van,
3,0,3,svm_unscaled,715,opel,opel,
3,0,3,svm_unscaled,733,bus,bus,
3,0,3,svm_unscaled,740,saab,saab,
3,0,3,svm_unscaled,744,van,van,
3,0,3,svm_unscaled,748,van,van,
3,0,3,svm_unscaled,753,saab,opel,
3,0,3,svm_unscaled,766,saab,saab,
3,0,3,svm_unscaled,768,opel,opel,
3,0,3,svm_unscaled,809,saab,bus,
3,0,3,svm_unscaled,825,opel,saab,
3,0,3,svm_unscaled,836,van,van,
4,0,4,centroid,1,van,van,
4,0,4,centroid,20,bus,bus,
4,0,4,centroid,21,van,van,
4,0,4,centroid,37,van,bus,
4,0,4,centroid,39,bus,bus,
4,0,4,centroid,41,van,van,
4,0,4,centroid,77,saab,bus,
4,0,4,centroid,84,bus,van,
4,0,4,centroid,101,van,van,
4,0,4,centroid,131,saab,van,
4,0,4,centroid,135,van,bus,
4,0,4,centroid,156,opel,van,
4,0,4,centroid,159,opel,van,
4,0,4,centroid,179,van,van,
4,0,4,centroid,194,saab,van,
4,0,4,centroid,210,opel,saab,
4,0,4,centroid,215,opel,bus,
4,0,4,centroid,222,bus,opel,
4,0,4,centroid,223,bus,bus,
4,0,4,centroid,233,saab,opel,
4,0,4,centroid,252,van,van,
4,0,4,centroid,276,bus,van,
4,0,4,centroid,285,saab,saab,
4,0,4,centroid,296,bus,opel,
4,0,4,centroid,297,saab,van,
4,0,4,centroid,298,saab,saab,
4,0,4,centroid,301,opel,van,
4,0,4,centroid,308,opel,saab,
4,0,4,centroid,309,opel,saab,
4,0,4,centroid,312,bus,van,
4,0,4,centroid,317,saab,saab,
4,0,4,centroid,318,van,van,
4,0,4,centroid,338,van,saab,
4,0,4,centroid,346,saab,saab,
4,0,4,centroid,350,opel,opel,
4,0,4,centroid,354,saab,saab,
4,0,4,centroid,358,opel,van,
4,0,4,centroid,376,saab,opel,
4,0,4,centroid,391,van,van,
4,0,4,centroid,400,saab,saab,
4,0,4,centroid,420,van,van,
4,0,4,centroid,426,opel,opel,
4,0,4,centroid,436,van,van,
4,0,4,centroid,442,van,van,
4,0,4,centroid,445,van,van,
4,0,4,centroid,452,opel,saab,
4,0,4,centroid,458,opel,opel,
4,0,4,centroid,460,van,van,
4,0,4,centroid,461,opel,opel,
4,0,4,centroid,491,saab,saab,
4,0,4,centroid,497,van,van,
4,0,4,centroid,505,saab,opel,
4,0,4,centroid,510,bus,bus,
4,0,4,centroid,511,opel,van,
4,0,4,centroid,528,bus,saab,
4,0,4,centroid,534,van,van,
4,0,4,centroid,540,bus,bus,
4,0,4,centroid,543,saab,van,
4,0,4,centroid,560,opel,opel,
4,0,4,centroid,590,bus,bus,
4,0,4,centroid,605,saab,opel,
4,0,4,centroid,628,bus,opel,
4,0,4,centroid,631,opel,opel,
4,0,4,centroid,649,saab,van,
4,0,4,centroid,652,opel,saab,
4,0,4,centroid,653,opel,saab,
4,0,4,centroid,671,opel,saab,
4,0,4,centroid,679,bus,bus,
4,0,4,centroid,687,bus,opel,
4,0,4,centroid,705,saab,opel,
4,0,4,centroid,708,van,bus,
4,0,4,centroid,717,bus,saab,
4,0,4,centroid,728,opel,van,
4,0,4,centroid,741,bus,van,
4,0,4,centroid,743,saab,opel,
4,0,4,centroid,773,bus,van,
4,0,4,centroid,780,saab,opel,
4,0,4,centroid,781,van,van,
4,0,4,centroid,793,bus,opel,
4,0,4,centroid,794,bus,van,
4,0,4,centroid,797,saab,saab,
4,0,4,centroid,804,opel,opel,
4,0,4,centroid,811,opel,van,
4,0,4,centroid,830,bus,van,
4,0,4,centroid,843,saab,opel,
4,0,4,knn,1,van,van,
4,0,4,knn,20,bus,bus,
4,0,4,knn,21,van,opel,
4,0,4,knn,37,van,van,
4,0,4,knn,39,bus,bus,
4,0,4,knn,41,van,van,
4,0,4,knn,77,saab,bus,
4,0,4,knn,84,bus,bus,
4,0,4,knn,101,van,van,
4,0,4,knn,131,saab,saab,
4,0,4,knn,135,van,van,
4,0,4,knn,156,opel,opel,
4,0,4,knn,159,opel,saab,
4,0,4,knn,179,van,bus,
4,0,4,knn,194,saab,saab,
4,0,4,knn,210,opel,saab,
4,0,4,knn,215,opel,opel,
4,0,4,knn,222,bus,bus,
4,0,4,knn,223,bus,bus,
4,0,4,knn,233,saab,opel,
4,0,4,knn,252,van,van,
4,0,4,knn,276,bus,bus,
4,0,4,knn,285,saab,opel,
4,0,4,knn,296,bus,bus,
4,0,4,knn,297,saab,opel,
4,0,4,knn,298,saab,saab,
4,0,4,knn,301,opel,saab,
4,0,4,knn,308,opel,saab,
4,0,4,knn,309,opel,saab,
4,0,4,knn,312,bus,bus,
4,0,4,knn,317,saab,saab,
4,0,4,knn,318,van,saab,
4,0,4,knn,338,van,van,
4,0,4,knn,346,saab,saab,
4,0,4,knn,350,opel,opel,
4,0,4,knn,354,saab,opel,
4,0,4,knn,358,opel,van,
4,0,4,knn,376,saab,saab,
4,0,4,knn,391,van,van,
4,0,4,knn,400,saab,saab,
4,0,4,knn,420,van,van,
4,0,4,knn,426,opel,saab,
4,0,4,knn,436,van,van,
4,0,4,knn,442,van,van,
4,0,4,knn,445,van,van,
4,0,4,knn,452,opel,saab,
4,0,4,knn,458,opel,saab,
4,0,4,knn,460,van,van,
4,0,4,knn,461,opel,saab,
4,0,4,knn,491,saab,opel,
4,0,4,knn,497,van,van,
4,0,4,knn,505,saab,saab,
4,0,4,knn,510,bus,bus,
4,0,4,knn,511,opel,saab,
4,0,4,knn,528,bus,bus,
4,0,4,knn,534,van,van,
4,0,4,knn,540,bus,bus,
4,0,4,knn,543,saab,saab,
4,0,4,knn,560,opel,opel,
4,0,4,knn,590,bus,bus,
4,0,4,knn,605,saab,saab,
4,0,4,knn,628,bus,bus,
4,0,4,knn,631,opel,opel,
4,0,4,knn,649,saab,opel,
4,0,4,knn,652,opel,opel,
4,0,4,knn,653,opel,saab,
4,0,4,knn,671,opel,saab,
4,0,4,knn,679,bus,bus,
4,0,4,knn,687,bus,bus,
4,0,4,knn,705,saab,saab,
4,0,4,knn,708,van,van,
4,0,4,knn,717,bus,bus,
4,0,4,knn,728,opel,opel,
4,0,4,knn,741,bus,bus,
4,0,4,knn,743,saab,opel,
4,0,4,knn,773,bus,bus,
4,0,4,knn,780,saab,saab,
4,0,4,knn,781,van,van,
4,0,4,knn,793,bus,opel,
4,0,4,knn,794,bus,bus,
4,0,4,knn,797,saab,saab,
4,0,4,knn,804,opel,saab,
4,0,4,knn,811,opel,opel,
4,0,4,knn,830,bus,bus,
4,0,4,knn,843,saab,saab,
4,0,4,svm,1,van,van,1.7576848143575854
4,0,4,svm,20,bus,bus,1.3752077227742143
4,0,4,svm,21,van,opel,0.2545916775910877
4,0,4,svm,37,van,van,0.8479812017451659
4,0,4,svm,39,bus,bus,2.014717411719654
4,0,4,svm,41,van,van,2.2356311688047548
4,0,4,svm,77,saab,bus,0.6784603877887099
4,0,4,svm,84,bus,bus,2.1329332339223277
4,0,4,svm,101,van,van,1.0055878426242963
4,0,4,svm,131,saab,opel,0.15082576300596529
4,0,4,svm,135,van,van,0.8901771102739673
4,0,4,svm,156,opel,saab,0.5306956612908387
4,0,4,svm,159,opel,opel,0.46115191035935865
4,0,4,svm,179,van,van,0.7576131088210923
4,0,4,svm,194,saab,saab,2.174811965473257
4,0,4,svm,210,opel,saab,0.0023533661925547733
4,0,4,svm,215,opel,saab,0.4288904562046447
4,0,4,svm,222,bus,bus,2.073683666098675
4,0,4,svm,223,bus,bus,1.7882093170746627
4,0,4,svm,233,saab,opel,0.11641946339602427
4,0,4,svm,252,van,van,1.051132518712918
4,0,4,svm,276,bus,bus,0.6951474835059264
4,0,4,svm,285,saab,opel,1.858516450003176
4,0,4,svm,296,bus,bus,1.587146336575871
4,0,4,svm,297,saab,opel,1.2223365256782124
4,0,4,svm,298,saab,saab,0.6333955420545045
4,0,4,svm,301,opel,saab,0.45958623013419597
4,0,4,svm,308,opel,opel,0.6242496766726724
4,0,4,svm,309,opel,opel,0.2705238672194774
4,0,4,svm,312,bus,bus,0.4156019858689488
4,0,4,svm,317,saab,saab,1.1702284337461926
4,0,4,svm,318,van,van,1.1511673183718723
4,0,4,svm,338,van,van,0.6028800128584768
4,0,4,svm,346,saab,saab,2.1412595653750266
4,0,4,svm,350,opel,opel,0.7231820841590171
4,0,4,svm,354,saab,saab,0.05262733828766741
4,0,4,svm,358,opel,opel,0.061832642475703636
4,0,4,svm,376,saab,saab,0.852890240221722
4,0,4,svm,391,van,van,2.528226381785361
4,0,4,svm,400,saab,saab,1.207060771366283
4,0,4,svm,420,van,van,1.3703527873626364
4,0,4,svm,426,opel,opel,0.9170081706050546
4,0,4,svm,436,van,van,1.577505918129051
4,0,4,svm,442,van,van,1.977295068020606
4,0,4,svm,445,van,van,1.0018677676439744
4,0,4,svm,452,opel,saab,0.4999619887588018
4,0,4,svm,458,opel,opel,0.8012678136531797
4,0,4,svm,460,van,van,0.252143325965803
4,0,4,svm,461,opel,opel,0.9121091889651076
4,0,4,svm,491,saab,saab,0.4659870524936913
4,0,4,svm,497,van,van,2.197460477333343
4,0,4,svm,505,saab,saab,1.6066293116906711
4,0,4,svm,510,bus,bus,1.0902595631829093
4,0,4,svm,511,opel,saab,0.7455886749512679
4,0,4,svm,528,bus,bus,1.9157128133502832
4,0,4,svm,534,van,van,0.5194297953136578
4,0,4,svm,540,bus,bus,2.697435887131062
4,0,4,svm,543,saab,saab,0.5854729410662474
4,0,4,svm,560,opel,opel,1.2948775355146216
4,0,4,svm,590,bus,bus,1.301825783066858
4,0,4,svm,605,saab,opel,0.14800909458375955
4,0,4,svm,628,bus,bus,1.4591599560014599
4,0,4,svm,631,opel,opel,0.528625435929353
4,0,4,svm,649,saab,saab,1.1439524219487858
4,0,4,svm,652,opel,opel,0.30717289644861623
4,0,4,svm,653,opel,opel,0.026857786005361817
4,0,4,svm,671,opel,saab,0.46461993902986265
4,0,4,svm,679,bus,bus,2.286338243132053
4,0,4,svm,687,bus,bus,1.695274311087283
4,0,4,svm,705,saab,saab,1.2322688672354862
4,0,4,svm,708,van,van,2.558258646642712
4,0,4,svm,717,bus,bus,2.6834119678285324
4,0,4,svm,728,opel,opel,0.5608254018724743
4,0,4,svm,741,bus,bus,0.8664065438436692
4,0,4,svm,743,saab,opel,0.7760845134555687
4,0,4,svm,773,bus,bus,1.0470904266409091
4,0,4,svm,780,saab,saab,1.2202435902679163
4,0,4,svm,781,van,van,0.8887768183505665
4,0,4,svm,793,bus,bus,0.3400476072631333
4,0,4,svm,794,bus,bus,0.5743524761915415
4,0,4,svm,797,saab,saab,1.0886111446022362
4,0,4,svm,804,opel,opel,0.04934839158117299
4,0,4,svm,811,opel,opel,0.2659940508988079
4,0,4,svm,830,bus,bus,1.4796891030090675
4,0,4,svm,843,saab,saab,1.3301524385662693
4,0,4,mlp,1,van,van,
4,0,4,mlp,20,bus,bus,
4,0,4,mlp,21,van,van,
4,0,4,mlp,37,van,van,
4,0,4,mlp,39,bus,bus,
4,0,4,mlp,41,van,van,
4,0,4,mlp,77,saab,bus,
4,0,4,mlp,84,bus,bus,
4,0,4,mlp,101,van,van,
4,0,4,mlp,131,saab,opel,
4,0,4,mlp,135,van,van,
4,0,4,mlp,156,opel,opel,
4,0,4,mlp,159,opel,opel,
4,0,4,mlp,179,van,van,
4,0,4,mlp,194,saab,saab,
4,0,4,mlp,210,opel,saab,
4,0,4,mlp,215,opel,saab,
4,0,4,mlp,222,bus,bus,
4,0,4,mlp,223,bus,bus,
4,0,4,mlp,233,saab,opel,
4,0,4,mlp,252,van,van,
4,0,4,mlp,276,bus,bus,
4,0,4,mlp,285,saab,opel,
4,0,4,mlp,296,bus,bus,
4,0,4,mlp,297,saab,opel,
4,0,4,mlp,298,saab,opel,
4,0,4,mlp,301,opel,opel,
4,0,4,mlp,308,opel,saab,
4,0,4,mlp,309,opel,saab,
4,0,4,mlp,312,bus,opel,
4,0,4,mlp,317,saab,saab,
4,0,4,mlp,318,van,van,
4,0,4,mlp,338,van,van,
4,0,4,mlp,346,saab,saab,
4,0,4,mlp,350,opel,saab,
4,0,4,mlp,354,saab,saab,
4,0,4,mlp,358,opel,bus,
4,0,4,mlp,376,saab,saab,
4,0,4,mlp,391,van,van,
4,0,4,mlp,400,saab,saab,
4,0,4,mlp,420,van,van,
4,0,4,mlp,426,opel,saab,
4,0,4,mlp,436,van,van,
4,0,4,mlp,442,van,van,
4,0,4,mlp,445,van,van,
4,0,4,mlp,452,opel,saab,
4,0,4,mlp,458,opel,opel,
4,0,4,mlp,460,van,van,
4,0,4,mlp,461,opel,saab,
4,0,4,mlp,491,saab,saab,
4,0,4,mlp,497,van,van,
4,0,4,mlp,505,saab,saab,
4,0,4,mlp,510,bus,bus,
4,0,4,mlp,511,opel,saab,
4,0,4,mlp,528,bus,bus,
4,0,4,mlp,534,van,van,
4,0,4,mlp,540,bus,bus,
4,0,4,mlp,543,saab,saab,
4,0,4,mlp,560,opel,opel,
4,0,4,mlp,590,bus,bus,
4,0,4,mlp,605,saab,opel,
4,0,4,mlp,628,bus,bus,
4,0,4,mlp,631,opel,opel,
4,0,4,mlp,649,saab,saab,
4,0,4,mlp,652,opel,saab,
4,0,4,mlp,653,opel,saab,
4,0,4,mlp,671,opel,saab,
4,0,4,mlp,679,bus,bus,
4,0,4,mlp,687,bus,bus,
4,0,4,mlp,705,saab,saab,
4,0,4,mlp,708,van,van,
4,0,4,mlp,717,bus,bus,
4,0,4,mlp,728,opel,opel,
4,0,4,mlp,741,bus,bus,
4,0,4,mlp,743,saab,opel,
4,0,4,mlp,773,bus,bus,
4,0,4,mlp,780,saab,saab,
4,0,4,mlp,781,van,van,
4,0,4,mlp,793,bus,bus,
4,0,4,mlp,794,bus,bus,
4,0,4,mlp,797,saab,saab,
4,0,4,mlp,804,opel,saab,
4,0,4,mlp,811,opel,opel,
4,0,4,mlp,830,bus,bus,
4,0,4,mlp,843,saab,saab,
4,0,4,rbf,1,van,van,
4,0,4,rbf,20,bus,bus,
4,0,4,rbf,21,van,van,
4,0,4,rbf,37,van,van,
4,0,4,rbf,39,bus,bus,
4,0,4,rbf,41,van,van,
4,0,4,rbf,77,saab,bus,
4,0,4,rbf,84,bus,bus,
4,0,4,rbf,101,van,van,
4,0,4,rbf,131,saab,saab,
4,0,4,rbf,135,van,van,
4,0,4,rbf,156,opel,opel,
4,0,4,rbf,159,opel,opel,
4,0,4,rbf,179,van,van,
4,0,4,rbf,194,saab,opel,
4,0,4,rbf,210,opel,saab,
4,0,4,rbf,215,opel,opel,
4,0,4,rbf,222,bus,bus,
4,0,4,rbf,223,bus,bus,
4,0,4,rbf,233,saab,opel,
4,0,4,rbf,252,van,van,
4,0,4,rbf,276,bus,bus,
4,0,4,rbf,285,saab,opel,
4,0,4,rbf,296,bus,bus,
4,0,4,rbf,297,saab,opel,
4,0,4,rbf,298,saab,saab,
4,0,4,rbf,301,opel,saab,
4,0,4,rbf,308,opel,saab,
4,0,4,rbf,309,opel,saab,
4,0,4,rbf,312,bus,bus,
4,0,4,rbf,317,saab,saab,
4,0,4,rbf,318,van,van,
4,0,4,rbf,338,van,van,
4,0,4,rbf,346,saab,saab,
4,0,4,rbf,350,opel,saab,
4,0,4,rbf,354,saab,saab,
4,0,4,rbf,358,opel,opel,
4,0,4,rbf,376,saab,saab,
4,0,4,rbf,391,van,van,
4,0,4,rbf,400,saab,saab,
4,0,4,rbf,420,van,van,
4,0,4,rbf,426,opel,saab,
4,0,4,rbf,436,van,van,
4,0,4,rbf,442,van,van,
4,0,4,rbf,445,van,van,
4,0,4,rbf,452,opel,saab,
4,0,4,rbf,458,opel,opel,
4,0,4,rbf,460,van,van,
4,0,4,rbf,461,opel,saab,
4,0,4,rbf,491,saab,opel,
4,0,4,rbf,497,van,van,
4,0,4,rbf,505,saab,saab,
4,0,4,rbf,510,bus,bus,
4,0,4,rbf,511,opel,opel,
4,0,4,rbf,528,bus,bus,
4,0,4,rbf,534,van,van,
4,0,4,rbf,540,bus,bus,
4,0,4,rbf,543,saab,bus,
4,0,4,rbf,560,opel,opel,
4,0,4,rbf,590,bus,bus,
4,0,4,rbf,605,saab,opel,
4,0,4,rbf,628,bus,bus,
4,0,4,rbf,631,opel,opel,
4,0,4,rbf,649,saab,saab,
4,0,4,rbf,652,opel,saab,
4,0,4,rbf,653,opel,saab,
4,0,4,rbf,671,opel,saab,
4,0,4,rbf,679,bus,bus,
4,0,4,rbf,687,bus,bus,
4,0,4,rbf,705,saab,saab,
4,0,4,rbf,708,van,van,
4,0,4,rbf,717,bus,bus,
4,0,4,rbf,728,opel,saab,
4,0,4,rbf,741,bus,bus,
4,0,4,rbf,743,saab,opel,
4,0,4,rbf,773,bus,bus,
4,0,4,rbf,780,saab,saab,
4,0,4,rbf,781,van,van,
4,0,4,rbf,793,bus,bus,
4,0,4,rbf,794,bus,bus,
4,0,4,rbf,797,saab,saab,
4,0,4,rbf,804,opel,saab,
4,0,4,rbf,811,opel,opel,
4,0,4,rbf,830,bus,bus,
4,0,4,rbf,843,saab,opel,
4,0,4,svm_linear,1,van,van,
4,0,4,svm_linear,20,bus,bus,
4,0,4,svm_linear,21,van,van,
4,0,4,svm_linear,37,van,van,
4,0,4,svm_linear,39,bus,bus,
4,0,4,svm_linear,41,van,van,
4,0,4,svm_linear,77,saab,bus,
4,0,4,svm_linear,84,bus,bus,
4,0,4,svm_linear,101,van,van,
4,0,4,svm_linear,131,saab,opel,
4,0,4,svm_linear,135,van,van,
4,0,4,svm_linear,156,opel,opel,
4,0,4,svm_linear,159,opel,opel,
4,0,4,svm_linear,179,van,van,
4,0,4,svm_linear,194,saab,saab,
4,0,4,svm_linear,210,opel,opel,
4,0,4,svm_linear,215,opel,saab,
4,0,4,svm_linear,222,bus,bus,
4,0,4,svm_linear,223,bus,bus,
4,0,4,svm_linear,233,saab,opel,
4,0,4,svm_linear,252,van,van,
4,0,4,svm_linear,276,bus,bus,
4,0,4,svm_linear,285,saab,opel,
4,0,4,svm_linear,296,bus,bus,
4,0,4,svm_linear,297,saab,opel,
4,0,4,svm_linear,298,saab,saab,
4,0,4,svm_linear,301,opel,saab,
4,0,4,svm_linear,308,opel,saab,
4,0,4,svm_linear,309,opel,saab,
4,0,4,svm_linear,312,bus,bus,
4,0,4,svm_linear,317,saab,opel,
4,0,4,svm_linear,318,van,van,
4,0,4,svm_linear,338,van,van,
4,0,4,svm_linear,346,saab,saab,
4,0,4,svm_linear,350,opel,opel,
4,0,4,svm_linear,354,saab,saab,
4,0,4,svm_linear,358,opel,opel,
4,0,4,svm_linear,376,saab,saab,
4,0,4,svm_linear,391,van,van,
4,0,4,svm_linear,400,saab,saab,
4,0,4,svm_linear,420,van,van,
4,0,4,svm_linear,426,opel,opel,
4,0,4,svm_linear,436,van,van,
4,0,4,svm_linear,442,van,van,
4,0,4,svm_linear,445,van,van,
4,0,4,svm_linear,452,opel,saab,
4,0,4,svm_linear,458,opel,opel,
4,0,4,svm_linear,460,van,van,
4,0,4,svm_linear,461,opel,opel,
4,0,4,svm_linear,491,saab,saab,
4,0,4,svm_linear,497,van,van,
4,0,4,svm_linear,505,saab,saab,
4,0,4,svm_linear,510,bus,bus,
4,0,4,svm_linear,511,opel,opel,
4,0,4,svm_linear,528,bus,bus,
4,0,4,svm_linear,534,van,van,
4,0,4,svm_linear,540,bus,bus,
4,0,4,svm_linear,543,saab,saab,
4,0,4,svm_linear,560,opel,opel,
4,0,4,svm_linear,590,bus,bus,
4,0,4,svm_linear,605,saab,opel,
4,0,4,svm_linear,628,bus,bus,
4,0,4,svm_linear,631,opel,opel,
4,0,4,svm_linear,649,saab,saab,
4,0,4,svm_linear,652,opel,saab,
4,0,4,svm_linear,653,opel,opel,
4,0,4,svm_linear,671,opel,saab,
4,0,4,svm_linear,679,bus,bus,
4,0,4,svm_linear,687,bus,bus,
4,0,4,svm_linear,705,saab,saab,
4,0,4,svm_linear,708,van,van,
4,0,4,svm_linear,717,bus,bus,
4,0,4,svm_linear,728,opel,saab,
4,0,4,svm_linear,741,bus,bus,
4,0,4,svm_linear,743,saab,opel,
4,0,4,svm_linear,773,bus,bus,
4,0,4,svm_linear,780,saab,saab,
4,0,4,svm_linear,781,van,van,
4,0,4,svm_linear,793,bus,bus,
4,0,4,svm_linear,794,bus,bus,
4,0,4,svm_linear,797,saab,saab,
4,0,4,svm_linear,804,opel,saab,
4,0,4,svm_linear,811,opel,opel,
4,0,4,svm_linear,830,bus,bus,
4,0,4,svm_linear,843,saab,saab,
4,0,4,svm_unscaled,1,van,van,
4,0,4,svm_unscaled,20,bus,bus,
4,0,4,svm_unscaled,21,van,van,
4,0,4,svm_unscaled,37,van,van,
4,0,4,svm_unscaled,39,bus,bus,
4,0,4,svm_unscaled,41,van,van,
4,0,4,svm_unscaled,77,saab,bus,
4,0,4,svm_unscaled,84,bus,bus,
4,0,4,svm_unscaled,101,van,van,
4,0,4,svm_unscaled,131,saab,saab,
4,0,4,svm_unscaled,135,van,van,
4,0,4,svm_unscaled,156,opel,saab,
4,0,4,svm_unscaled,159,opel,saab,
4,0,4,svm_unscaled,179,van,van,
4,0,4,svm_unscaled,194,saab,saab,
4,0,4,svm_unscaled,210,opel,saab,
4,0,4,svm_unscaled,215,opel,saab,
4,0,4,svm_unscaled,222,bus,bus,
4,0,4,svm_unscaled,223,bus,bus,
4,0,4,svm_unscaled,233,saab,opel,
4,0,4,svm_unscaled,252,van,van,
4,0,4,svm_unscaled,276,bus,bus,
4,0,4,svm_unscaled,285,saab,opel,
4,0,4,svm_unscaled,296,bus,bus,
4,0,4,svm_unscaled,297,saab,opel,
4,0,4,svm_unscaled,298,saab,saab,
4,0,4,svm_unscaled,301,opel,saab,
4,0,4,svm_unscaled,308,opel,saab,
4,0,4,svm_unscaled,309,opel,saab,
4,0,4,svm_unscaled,312,bus,bus,
4,0,4,svm_unscaled,317,saab,saab,
4,0,4,svm_unscaled,318,van,van,
4,0,4,svm_unscaled,338,van,van,
4,0,4,svm_unscaled,346,saab,saab,
4,0,4,svm_unscaled,350,opel,opel,
4,0,4,svm_unscaled,354,saab,saab,
4,0,4,svm_unscaled,358,opel,bus,
4,0,4,svm_unscaled,376,saab,opel,
4,0,4,svm_unscaled,391,van,van,
4,0,4,svm_unscaled,400,saab,saab,
4,0,4,svm_unscaled,420,van,van,
4,0,4,svm_unscaled,426,opel,opel,
4,0,4,svm_unscaled,436,van,van,
4,0,4,svm_unscaled,442,van,van,
4,0,4,svm_unscaled,445,van,van,
4,0,4,svm_unscaled,452,opel,saab,
4,0,4,svm_unscaled,458,opel,saab,
4,0,4,svm_unscaled,460,van,van,
4,0,4,svm_unscaled,461,opel,saab,
4,0,4,svm_unscaled,491,saab,saab,
4,0,4,svm_unscaled,497,van,van,
4,0,4,svm_unscaled,505,saab,saab,
4,0,4,svm_unscaled,510,bus,bus,
4,0,4,svm_unscaled,511,opel,saab,
4,0,4,svm_unscaled,528,bus,bus,
4,0,4,svm_unscaled,534,van,van,
4,0,4,svm_unscaled,540,bus,bus,
4,0,4,svm_unscaled,543,saab,bus,
4,0,4,svm_unscaled,560,opel,opel,
4,0,4,svm_unscaled,590,bus,bus,
4,0,4,svm_unscaled,605,saab,opel,
4,0,4,svm_unscaled,628,bus,bus,
4,0,4,svm_unscaled,631,opel,opel,
4,0,4,svm_unscaled,649,saab,saab,
4,0,4,svm_unscaled,652,opel,saab,
4,0,4,svm_unscaled,653,opel,saab,
4,0,4,svm_unscaled,671,opel,saab,
4,0,4,svm_unscaled,679,bus,bus,
4,0,4,svm_unscaled,687,bus,bus,
4,0,4,svm_unscaled,705,saab,saab,
4,0,4,svm_unscaled,708,van,van,
4,0,4,svm_unscaled,717,bus,bus,
4,0,4,svm_unscaled,728,opel,opel,
4,0,4,svm_unscaled,741,bus,bus,
4,0,4,svm_unscaled,743,saab,opel,
4,0,4,svm_unscaled,773,bus,bus,
4,0,4,svm_unscaled,780,saab,saab,
4,0,4,svm_unscaled,781,van,van,
4,0,4,svm_unscaled,793,bus,bus,
4,0,4,svm_unscaled,794,bus,bus,
4,0,4,svm_unscaled,797,saab,saab,
4,0,4,svm_unscaled,804,opel,saab,
4,0,4,svm_unscaled,811,opel,opel,
4,0,4,svm_unscaled,830,bus,bus,
4,0,4,svm_unscaled,843,saab,opel,
5,0,5,centroid,0,van,opel,
5,0,5,centroid,8,van,van,
5,0,5,centroid,31,saab,van,
5,0,5,centroid,33,opel,saab,
5,0,5,centroid,35,van,saab,
5,0,5,centroid,40,opel,opel,
5,0,5,centroid,48,van,bus,
5,0,5,centroid,63,bus,van,
5,0,5,centroid,70,opel,opel,
5,0,5,centroid,78,bus,opel,
5,0,5,centroid,83,opel,van,
5,0,5,centroid,86,van,van,
5,0,5,centroid,107,opel,van,
5,0,5,centroid,136,van,bus,
5,0,5,centroid,138,saab,van,
5,0,5,centroid,141,bus,van,
5,0,5,centroid,148,saab,van,
5,0,5,centroid,190,opel,saab,
5,0,5,centroid,207,bus,bus,
5,0,5,centroid,209,opel,opel,
5,0,5,centroid,212,bus,van,
5,0,5,centroid,220,opel,opel,
5,0,5,centroid,221,van,bus,
5,0,5,centroid,235,van,bus,
5,0,5,centroid,236,bus,bus,
5,0,5,centroid,246,bus,van,
5,0,5,centroid,248,opel,opel,
5,0,5,centroid,269,van,van,
5,0,5,centroid,272,van,van,
5,0,5,centroid,284,van,van,
5,0,5,centroid,319,bus,opel,
5,0,5,centroid,342,saab,van,
5,0,5,centroid,351,saab,van,
5,0,5,centroid,352,van,van,
5,0,5,centroid,371,bus,saab,
5,0,5,centroid,380,opel,van,
5,0,5,centroid,395,opel,bus,
5,0,5,centroid,401,opel,van,
5,0,5,centroid,404,opel,saab,
5,0,5,centroid,408,bus,van,
5,0,5,centroid,409,saab,opel,
5,0,5,centroid,416,bus,van,
5,0,5,centroid,440,saab,opel,
5,0,5,centroid,444,bus,opel,
5,0,5,centroid,446,saab,saab,
5,0,5,centroid,462,opel,saab,
5,0,5,centroid,468,saab,saab,
5,0,5,centroid,475,saab,opel,
5,0,5,centroid,489,opel,opel,
5,0,5,centroid,508,van,saab,
5,0,5,centroid,512,opel,opel,
5,0,5,centroid,514,van,van,
5,0,5,centroid,522,saab,van,
5,0,5,centroid,527,opel,saab,
5,0,5,centroid,553,bus,bus,
5,0,5,centroid,559,saab,opel,
5,0,5,centroid,570,saab,saab,
5,0,5,centroid,600,bus,saab,
5,0,5,centroid,625,saab,opel,
5,0,5,centroid,644,van,saab,
5,0,5,centroid,650,saab,opel,
5,0,5,centroid,655,van,van,
5,0,5,centroid,662,saab,van,
5,0,5,centroid,673,opel,van,
5,0,5,centroid,678,bus,bus,
5,0,5,centroid,681,bus,saab,
5,0,5,centroid,694,saab,saab,
5,0,5,centroid,698,bus,van,
5,0,5,centroid,710,bus,opel,
5,0,5,centroid,711,saab,opel,
5,0,5,centroid,716,saab,saab,
5,0,5,centroid,722,van,van,
5,0,5,centroid,727,bus,van,
5,0,5,centroid,746,van,van,
5,0,5,centroid,758,bus,bus,
5,0,5,centroid,763,opel,opel,
5,0,5,centroid,769,saab,van,
5,0,5,centroid,774,van,van,
5,0,5,centroid,775,bus,bus,
5,0,5,centroid,801,opel,van,
5,0,5,centroid,802,opel,saab,
5,0,5,centroid,806,saab,van,
5,0,5,centroid,821,opel,opel,
5,0,5,centroid,822,van,van,
5,0,5,centroid,837,saab,saab,
5,0,5,knn,0,van,van,
5,0,5,knn,8,van,van,
5,0,5,knn,31,saab,opel,
5,0,5,knn,33,opel,opel,
5,0,5,knn,35,van,van,
5,0,5,knn,40,opel,opel,
5,0,5,knn,48,van,van,
5,0,5,knn,63,bus,bus,
5,0,5,knn,70,opel,opel,
5,0,5,knn,78,bus,bus,
5,0,5,knn,83,opel,opel,
5,0,5,knn,86,van,van,
5,0,5,knn,107,opel,opel,
5,0,5,knn,136,van,van,
5,0,5,knn,138,saab,saab,
5,0,5,knn,141,bus,bus,
5,0,5,knn,148,saab,opel,
5,0,5,knn,190,opel,saab,
5,0,5,knn,207,bus,bus,
5,0,5,knn,209,opel,opel,
5,0,5,knn,212,bus,bus,
5,0,5,knn,220,opel,opel,
5,0,5,knn,221,van,van,
5,0,5,knn,235,van,van,
5,0,5,knn,236,bus,bus,
5,0,5,knn,246,bus,bus,
5,0,5,knn,248,opel,opel,
5,0,5,knn,269,van,saab,
5,0,5,knn,272,van,van,
5,0,5,knn,284,van,van,
5,0,5,knn,319,bus,bus,
5,0,5,knn,342,saab,saab,
5,0,5,knn,351,saab,opel,
5,0,5,knn,352,van,saab,
5,0,5,knn,371,bus,bus,
5,0,5,knn,380,opel,saab,
5,0,5,knn,395,opel,saab,
5,0,5,knn,401,opel,saab,
5,0,5,knn,404,opel,opel,
5,0,5,knn,408,bus,bus,
5,0,5,knn,409,saab,opel,
5,0,5,knn,416,bus,bus,
5,0,5,knn,440,saab,opel,
5,0,5,knn,444,bus,bus,
5,0,5,knn,446,saab,opel,
5,0,5,knn,462,opel,opel,
5,0,5,knn,468,saab,saab,
5,0,5,knn,475,saab,saab,
5,0,5,knn,489,opel,opel,
5,0,5,knn,508,van,van,
5,0,5,knn,512,opel,opel,
5,0,5,knn,514,van,van,
5,0,5,knn,522,saab,opel,
5,0,5,knn,527,opel,saab,
5,0,5,knn,553,bus,bus,
5,0,5,knn,559,saab,opel,
5,0,5,knn,570,saab,saab,
5,0,5,knn,600,bus,bus,
5,0,5,knn,625,saab,opel,
5,0,5,knn,644,van,van,
5,0,5,knn,650,saab,opel,
5,0,5,knn,655,van,van,
5,0,5,knn,662,saab,opel,
5,0,5,knn,673,opel,bus,
5,0,5,knn,678,bus,bus,
5,0,5,knn,681,bus,bus,
5,0,5,knn,694,saab,saab,
5,0,5,knn,698,bus,bus,
5,0,5,knn,710,bus,bus,
5,0,5,knn,711,saab,opel,
5,0,5,knn,716,saab,saab,
5,0,5,knn,722,van,van,
5,0,5,knn,727,bus,bus,
5,0,5,knn,746,van,van,
5,0,5,knn,758,bus,bus,
5,0,5,knn,763,opel,saab,
5,0,5,knn,769,saab,saab,
5,0,5,knn,774,van,van,
5,0,5,knn,775,bus,bus,
5,0,5,knn,801,opel,saab,
5,0,5,knn,802,opel,opel,
5,0,5,knn,806,saab,van,
5,0,5,knn,821,opel,opel,
5,0,5,knn,822,van,van,
5,0,5,knn,837,saab,opel,
5,0,5,svm,0,van,van,1.2131984096041446
5,0,5,svm,8,van,van,2.2804913181864856
5,0,5,svm,31,saab,van,0.2607418217741406
5,0,5,svm,33,opel,opel,0.11561270244521538
5,0,5,svm,35,van,saab,0.11240018969354315
5,0,5,svm,40,opel,opel,1.3442078518957565
5,0,5,svm,48,van,van,2.1530324820453988
5,0,5,svm,63,bus,bus,1.73871215529161
5,0,5,svm,70,opel,opel,1.0952343718315563
5,0,5,svm,78,bus,bus,1.9952150720364885
5,0,5,svm,83,opel,opel,1.0656642217133943
5,0,5,svm,86,van,van,1.6184432225733412
5,0,5,svm,107,opel,opel,0.05941331232397218
5,0,5,svm,136,van,van,1.2090341150195965
5,0,5,svm,138,saab,saab,0.944545862781593
5,0,5,svm,141,bus,bus,1.657758815128451
5,0,5,svm,148,saab,opel,1.4634823560938095
5,0,5,svm,190,opel,opel,1.8975917472340278
5,0,5,svm,207,bus,bus,1.6129674171127082
5,0,5,svm,209,opel,opel,1.9484989037971907
5,0,5,svm,212,bus,bus,1.4620541968970977
5,0,5,svm,220,opel,opel,1.5059321641301047
5,0,5,svm,221,van,van,1.7140672019358556
5,0,5,svm,235,van,van,2.338881907399263
5,0,5,svm,236,bus,bus,2.580222016789479
5,0,5,svm,246,bus,bus,2.25424582399984
5,0,5,svm,248,opel,opel,0.5478810285546238
5,0,5,svm,269,van,van,0.7045535734277246
5,0,5,svm,272,van,van,2.3311692031745617
5,0,5,svm,284,van,van,1.6755808834990251
5,0,5,svm,319,bus,bus,2.2806412113193826
5,0,5,svm,342,saab,saab,0.7779961416028094
5,0,5,svm,351,saab,saab,0.6162090487072176
5,0,5,svm,352,van,van,0.9118943359153797
5,0,5,svm,371,bus,bus,2.688476825105651
5,0,5,svm,380,opel,opel,0.49788504807915857
5,0,5,svm,395,opel,saab,1.2702998859434693
5,0,5,svm,401,opel,opel,0.15838967080064847
5,0,5,svm,404,opel,opel,0.25896098980621574
5,0,5,svm,408,bus,bus,0.9393527096565945
5,0,5,svm,409,saab,opel,0.29461357021567736
5,0,5,svm,416,bus,bus,0.2709039237822948
5,0,5,svm,440,saab,saab,0.4700508605541138
5,0,5,svm,444,bus,bus,2.4220840744518224
5,0,5,svm,446,saab,saab,0.4098412375234979
5,0,5,svm,462,opel,saab,0.06250971757315171
5,0,5,svm,468,saab,saab,1.3269351799814153
5,0,5,svm,475,saab,opel,0.5360595059840314
5,0,5,svm,489,opel,opel,1.392930880479934
5,0,5,svm,508,van,van,2.3119016000448704
5,0,5,svm,512,opel,opel,0.18151979496649417
5,0,5,svm,514,van,van,1.4783821353052327
5,0,5,svm,522,saab,opel,0.7960926668338466
5,0,5,svm,527,opel,saab,0.26227874998687284
5,0,5,svm,553,bus,bus,1.6918206924215777
5,0,5,svm,559,saab,opel,0.6767843060264731
5,0,5,svm,570,saab,saab,1.0091032000573783
5,0,5,svm,600,bus,bus,1.9837936056183965
5,0,5,svm,625,saab,saab,0.2813986417788199
5,0,5,svm,644,van,van,1.1652091512478528
5,0,5,svm,650,saab,opel,1.1600160692424843
5,0,5,svm,655,van,van,0.8683823464698457
5,0,5,svm,662,saab,opel,0.9107690346790243
5,0,5,svm,673,opel,saab,0.7062389599437806
5,0,5,svm,678,bus,bus,1.2775884385996452
5,0,5,svm,681,bus,bus,2.291739770639529
5,0,5,svm,694,saab,saab,1.2525494298254607
5,0,5,svm,698,bus,bus,0.8431119910070946
5,0,5,svm,710,bus,bus,1.6848186093294986
5,0,5,svm,711,saab,saab,0.876618427318963
5,0,5,svm,716,saab,saab,1.1924807127160157
5,0,5,svm,722,van,van,1.9200118512848903
5,0,5,svm,727,bus,bus,2.7782316887116654
5,0,5,svm,746,van,van,1.4289495007647752
5,0,5,svm,758,bus,bus,1.866780936637598
5,0,5,svm,763,opel,opel,0.8216463684080715
5,0,5,svm,769,saab,saab,0.013825904346060014
5,0,5,svm,774,van,van,1.766611997669957
5,0,5,svm,775,bus,bus,2.2720199316897602
5,0,5,svm,801,opel,saab,0.5999079056553107
5,0,5,svm,802,opel,opel,0.21418139040133966
5,0,5,svm,806,saab,opel,0.477507514359349
5,0,5,svm,821,opel,opel,0.7655653168920402
5,0,5,svm,822,van,van,1.703438767841483
5,0,5,svm,837,saab,saab,0.19333834546034367
5,0,5,mlp,0,van,van,
5,0,5,mlp,8,van,van,
5,0,5,mlp,31,saab,van,
5,0,5,mlp,33,opel,saab,
5,0,5,mlp,35,van,van,
5,0,5,mlp,40,opel,opel,
5,0,5,mlp,48,van,van,
5,0,5,mlp,63,bus,bus,
5,0,5,mlp,70,opel,opel,
5,0,5,mlp,78,bus,bus,
5,0,5,mlp,83,opel,opel,
5,0,5,mlp,86,van,van,
5,0,5,mlp,107,opel,saab,
5,0,5,mlp,136,van,van,
5,0,5,mlp,138,saab,saab,
5,0,5,mlp,141,bus,bus,
5,0,5,mlp,148,saab,opel,
5,0,5,mlp,190,opel,opel,
5,0,5,mlp,207,bus,bus,
5,0,5,mlp,209,opel,opel,
5,0,5,mlp,212,bus,bus,
5,0,5,mlp,220,opel,opel,
5,0,5,mlp,221,van,van,
5,0,5,mlp,235,van,van,
5,0,5,mlp,236,bus,bus,
5,0,5,mlp,246,bus,bus,
5,0,5,mlp,248,opel,opel,
5,0,5,mlp,269,van,opel,
5,0,5,mlp,272,van,van,
5,0,5,mlp,284,van,van,
5,0,5,mlp,319,bus,bus,
5,0,5,mlp,342,saab,bus,
5,0,5,mlp,351,saab,bus,
5,0,5,mlp,352,van,van,
5,0,5,mlp,371,bus,bus,
5,0,5,mlp,380,opel,saab,
5,0,5,mlp,395,opel,saab,
5,0,5,mlp,401,opel,saab,
5,0,5,mlp,404,opel,saab,
5,0,5,mlp,408,bus,bus,
5,0,5,mlp,409,saab,saab,
5,0,5,mlp,416,bus,van,
5,0,5,mlp,440,saab,saab,
5,0,5,mlp,444,bus,bus,
5,0,5,mlp,446,saab,saab,
5,0,5,mlp,462,opel,opel,
5,0,5,mlp,468,saab,saab,
5,0,5,mlp,475,saab,opel,
5,0,5,mlp,489,opel,opel,
5,0,5,mlp,508,van,van,
5,0,5,mlp,512,opel,opel,
5,0,5,mlp,514,van,opel,
5,0,5,mlp,522,saab,saab,
5,0,5,mlp,527,opel,saab,
5,0,5,mlp,553,bus,bus,
5,0,5,mlp,559,saab,opel,
5,0,5,mlp,570,saab,saab,
5,0,5,mlp,600,bus,bus,
5,0,5,mlp,625,saab,saab,
5,0,5,mlp,644,van,van,
5,0,5,mlp,650,saab,opel,
5,0,5,mlp,655,van,van,
5,0,5,mlp,662,saab,saab,
5,0,5,mlp,673,opel,saab,
5,0,5,mlp,678,bus,bus,
5,0,5,mlp,681,bus,bus,
5,0,5,mlp,694,saab,saab,
5,0,5,mlp,698,bus,bus,
5,0,5,mlp,710,bus,bus,
5,0,5,mlp,711,saab,opel,
5,0,5,mlp,716,saab,saab,
5,0,5,mlp,722,van,van,
5,0,5,mlp,727,bus,bus,
5,0,5,mlp,746,van,van,
5,0,5,mlp,758,bus,bus,
5,0,5,mlp,763,opel,opel,
5,0,5,mlp,769,saab,saab,
5,0,5,mlp,774,van,van,
5,0,5,mlp,775,bus,bus,
5,0,5,mlp,801,opel,saab,
5,0,5,mlp,802,opel,opel,
5,0,5,mlp,806,saab,opel,
5,0,5,mlp,821,opel,opel,
5,0,5,mlp,822,van,van,
5,0,5,mlp,837,saab,opel,
5,0,5,rbf,0,van,van,
5,0,5,rbf,8,van,van,
5,0,5,rbf,31,saab,van,
5,0,5,rbf,33,opel,saab,
5,0,5,rbf,35,van,van,
5,0,5,rbf,40,opel,saab,
5,0,5,rbf,48,van,van,
5,0,5,rbf,63,bus,bus,
5,0,5,rbf,70,opel,opel,
5,0,5,rbf,78,bus,bus,
5,0,5,rbf,83,opel,opel,
5,0,5,rbf,86,van,van,
5,0,5,rbf,107,opel,opel,
5,0,5,rbf,136,van,van,
5,0,5,rbf,138,saab,saab,
5,0,5,rbf,141,bus,bus,
5,0,5,rbf,148,saab,opel,
5,0,5,rbf,190,opel,opel,
5,0,5,rbf,207,bus,bus,
5,0,5,rbf,209,opel,opel,
5,0,5,rbf,212,bus,bus,
5,0,5,rbf,220,opel,opel,
5,0,5,rbf,221,van,van,
5,0,5,rbf,235,van,van,
5,0,5,rbf,236,bus,bus,
5,0,5,rbf,246,bus,bus,
5,0,5,rbf,248,opel,saab,
5,0,5,rbf,269,van,van,
5,0,5,rbf,272,van,van,
5,0,5,rbf,284,van,van,
5,0,5,rbf,319,bus,bus,
5,0,5,rbf,342,saab,bus,
5,0,5,rbf,351,saab,bus,
5,0,5,rbf,352,van,van,
5,0,5,rbf,371,bus,bus,
5,0,5,rbf,380,opel,bus,
5,0,5,rbf,395,opel,saab,
5,0,5,rbf,401,opel,saab,
5,0,5,rbf,404,opel,saab,
5,0,5,rbf,408,bus,bus,
5,0,5,rbf,409,saab,opel,
5,0,5,rbf,416,bus,bus,
5,0,5,rbf,440,saab,saab,
5,0,5,rbf,444,bus,bus,
5,0,5,rbf,446,saab,saab,
5,0,5,rbf,462,opel,bus,
5,0,5,rbf,468,saab,saab,
5,0,5,rbf,475,saab,opel,
5,0,5,rbf,489,opel,saab,
5,0,5,rbf,508,van,van,
5,0,5,rbf,512,opel,opel,
5,0,5,rbf,514,van,van,
5,0,5,rbf,522,saab,opel,
5,0,5,rbf,527,opel,saab,
5,0,5,rbf,553,bus,bus,
5,0,5,rbf,559,saab,opel,
5,0,5,rbf,570,saab,saab,
5,0,5,rbf,600,bus,bus,
5,0,5,rbf,625,saab,saab,
5,0,5,rbf,644,van,van,
5,0,5,rbf,650,saab,opel,
5,0,5,rbf,655,van,van,
5,0,5,rbf,662,saab,bus,
5,0,5,rbf,673,opel,van,
5,0,5,rbf,678,bus,bus,
5,0,5,rbf,681,bus,bus,
5,0,5,rbf,694,saab,saab,
5,0,5,rbf,698,bus,bus,
5,0,5,rbf,710,bus,bus,
5,0,5,rbf,711,saab,opel,
5,0,5,rbf,716,saab,saab,
5,0,5,rbf,722,van,van,
5,0,5,rbf,727,bus,bus,
5,0,5,rbf,746,van,van,
5,0,5,rbf,758,bus,bus,
5,0,5,rbf,763,opel,opel,
5,0,5,rbf,769,saab,saab,
5,0,5,rbf,774,van,van,
5,0,5,rbf,775,bus,bus,
5,0,5,rbf,801,opel,van,
5,0,5,rbf,802,opel,opel,
5,0,5,rbf,806,saab,van,
5,0,5,rbf,821,opel,opel,
5,0,5,rbf,822,van,van,
5,0,5,rbf,837,saab,opel,
5,0,5,svm_linear,0,van,van,
5,0,5,svm_linear,8,van,van,
5,0,5,svm_linear,31,saab,van,
5,0,5,svm_linear,33,opel,saab,
5,0,5,svm_linear,35,van,van,
5,0,5,svm_linear,40,opel,opel,
5,0,5,svm_linear,48,van,van,
5,0,5,svm_linear,63,bus,bus,
5,0,5,svm_linear,70,opel,bus,
5,0,5,svm_linear,78,bus,bus,
5,0,5,svm_linear,83,opel,saab,
5,0,5,svm_linear,86,van,van,
5,0,5,svm_linear,107,opel,saab,
5,0,5,svm_linear,136,van,van,
5,0,5,svm_linear,138,saab,saab,
5,0,5,svm_linear,141,bus,bus,
5,0,5,svm_linear,148,saab,opel,
5,0,5,svm_linear,190,opel,opel,
5,0,5,svm_linear,207,bus,bus,
5,0,5,svm_linear,209,opel,opel,
5,0,5,svm_linear,212,bus,bus,
5,0,5,svm_linear,220,opel,opel,
5,0,5,svm_linear,221,van,van,
5,0,5,svm_linear,235,van,van,
5,0,5,svm_linear,236,bus,bus,
5,0,5,svm_linear,246,bus,bus,
5,0,5,svm_linear,248,opel,opel,
5,0,5,svm_linear,269,van,van,
5,0,5,svm_linear,272,van,van,
5,0,5,svm_linear,284,van,van,
5,0,5,svm_linear,319,bus,bus,
5,0,5,svm_linear,342,saab,bus,
5,0,5,svm_linear,351,saab,bus,
5,0,5,svm_linear,352,van,van,
5,0,5,svm_linear,371,bus,bus,
5,0,5,svm_linear,380,opel,opel,
5,0,5,svm_linear,395,opel,saab,
5,0,5,svm_linear,401,opel,opel,
5,0,5,svm_linear,404,opel,opel,
5,0,5,svm_linear,408,bus,bus,
5,0,5,svm_linear,409,saab,opel,
5,0,5,svm_linear,416,bus,bus,
5,0,5,svm_linear,440,saab,opel,
5,0,5,svm_linear,444,bus,bus,
5,0,5,svm_linear,446,saab,saab,
5,0,5,svm_linear,462,opel,saab,
5,0,5,svm_linear,468,saab,saab,
5,0,5,svm_linear,475,saab,opel,
5,0,5,svm_linear,489,opel,opel,
5,0,5,svm_linear,508,van,van,
5,0,5,svm_linear,512,opel,opel,
5,0,5,svm_linear,514,van,van,
5,0,5,svm_linear,522,saab,saab,
5,0,5,svm_linear,527,opel,saab,
5,0,5,svm_linear,553,bus,bus,
5,0,5,svm_linear,559,saab,opel,
5,0,5,svm_linear,570,saab,saab,
5,0,5,svm_linear,600,bus,bus,
5,0,5,svm_linear,625,saab,opel,
5,0,5,svm_linear,644,van,van,
5,0,5,svm_linear,650,saab,opel,
5,0,5,svm_linear,655,van,van,
5,0,5,svm_linear,662,saab,saab,
5,0,5,svm_linear,673,opel,saab,
5,0,5,svm_linear,678,bus,bus,
5,0,5,svm_linear,681,bus,bus,
5,0,5,svm_linear,694,saab,saab,
5,0,5,svm_linear,698,bus,bus,
5,0,5,svm_linear,710,bus,bus,
5,0,5,svm_linear,711,saab,saab,
5,0,5,svm_linear,716,saab,saab,
5,0,5,svm_linear,722,van,van,
5,0,5,svm_linear,727,bus,bus,
5,0,5,svm_linear,746,van,van,
5,0,5,svm_linear,758,bus,bus,
5,0,5,svm_linear,763,opel,opel,
5,0,5,svm_linear,769,saab,saab,
5,0,5,svm_linear,774,van,van,
5,0,5,svm_linear,775,bus,bus,
5,0,5,svm_linear,801,opel,opel,
5,0,5,svm_linear,802,opel,opel,
5,0,5,svm_linear,806,saab,opel,
5,0,5,svm_linear,821,opel,opel,
5,0,5,svm_linear,822,van,van,
5,0,5,svm_linear,837,saab,saab,
5,0,5,svm_unscaled,0,van,van,
5,0,5,svm_unscaled,8,van,van,
5,0,5,svm_unscaled,31,saab,van,
5,0,5,svm_unscaled,33,opel,saab,
5,0,5,svm_unscaled,35,van,van,
5,0,5,svm_unscaled,40,opel,opel,
5,0,5,svm_unscaled,48,van,van,
5,0,5,svm_unscaled,63,bus,bus,
5,0,5,svm_unscaled,70,opel,opel,
5,0,5,svm_unscaled,78,bus,bus,
5,0,5,svm_unscaled,83,opel,opel,
5,0,5,svm_unscaled,86,van,van,
5,0,5,svm_unscaled,107,opel,opel,
5,0,5,svm_unscaled,136,van,van,
5,0,5,svm_unscaled,138,saab,van,
5,0,5,svm_unscaled,141,bus,bus,
5,0,5,svm_unscaled,148,saab,opel,
5,0,5,svm_unscaled,190,opel,opel,
5,0,5,svm_unscaled,207,bus,bus,
5,0,5,svm_unscaled,209,opel,opel,
5,0,5,svm_unscaled,212,bus,bus,
5,0,5,svm_unscaled,220,opel,opel,
5,0,5,svm_unscaled,221,van,van,
5,0,5,svm_unscaled,235,van,van,
5,0,5,svm_unscaled,236,bus,bus,
5,0,5,svm_unscaled,246,bus,bus,
5,0,5,svm_unscaled,248,opel,saab,
5,0,5,svm_unscaled,269,van,van,
5,0,5,svm_unscaled,272,van,van,
5,0,5,svm_unscaled,284,van,van,
5,0,5,svm_unscaled,319,bus,bus,
5,0,5,svm_unscaled,342,saab,bus,
5,0,5,svm_unscaled,351,saab,bus,
5,0,5,svm_unscaled,352,van,van,
5,0,5,svm_unscaled,371,bus,bus,
5,0,5,svm_unscaled,380,opel,bus,
5,0,5,svm_unscaled,395,opel,saab,
5,0,5,svm_unscaled,401,opel,saab,
5,0,5,svm_unscaled,404,opel,opel,
5,0,5,svm_unscaled,408,bus,bus,
5,0,5,svm_unscaled,409,saab,opel,
5,0,5,svm_unscaled,416,bus,van,
5,0,5,svm_unscaled,440,saab,saab,
5,0,5,svm_unscaled,444,bus,bus,
5,0,5,svm_unscaled,446,saab,saab,
5,0,5,svm_unscaled,462,opel,saab,
5,0,5,svm_unscaled,468,saab,saab,
5,0,5,svm_unscaled,475,saab,opel,
5,0,5,svm_unscaled,489,opel,opel,
5,0,5,svm_unscaled,508,van,van,
5,0,5,svm_unscaled,512,opel,opel,
5,0,5,svm_unscaled,514,van,van,
5,0,5,svm_unscaled,522,saab,saab,
5,0,5,svm_unscaled,527,opel,saab,
5,0,5,svm_unscaled,553,bus,bus,
5,0,5,svm_unscaled,559,saab,opel,
5,0,5,svm_unscaled,570,saab,saab,
5,0,5,svm_unscaled,600,bus,bus,
5,0,5,svm_unscaled,625,saab,opel,
5,0,5,svm_unscaled,644,van,van,
5,0,5,svm_unscaled,650,saab,opel,
5,0,5,svm_unscaled,655,van,van,
5,0,5,svm_unscaled,662,saab,saab,
5,0,5,svm_unscaled,673,opel,saab,
5,0,5,svm_unscaled,678,bus,bus,
5,0,5,svm_unscaled,681,bus,bus,
5,0,5,svm_unscaled,694,saab,saab,
5,0,5,svm_unscaled,698,bus,bus,
5,0,5,svm_unscaled,710,bus,bus,
5,0,5,svm_unscaled,711,saab,saab,
5,0,5,svm_unscaled,716,saab,saab,
5,0,5,svm_unscaled,722,van,van,
5,0,5,svm_unscaled,727,bus,bus,
5,0,5,svm_unscaled,746,van,van,
5,0,5,svm_unscaled,758,bus,bus,
5,0,5,svm_unscaled,763,opel,opel,
5,0,5,svm_unscaled,769,saab,saab,
5,0,5,svm_unscaled,774,van,van,
5,0,5,svm_unscaled,775,bus,bus,
5,0,5,svm_unscaled,801,opel,opel,
5,0,5,svm_unscaled,802,opel,opel,
5,0,5,svm_unscaled,806,saab,van,
5,0,5,svm_unscaled,821,opel,opel,
5,0,5,svm_unscaled,822,van,van,
5,0,5,svm_unscaled,837,saab,saab,
6,0,6,centroid,46,van,van,
6,0,6,centroid,50,saab,van,
6,0,6,centroid,53,bus,van,
6,0,6,centroid,56,saab,opel,
6,0,6,centroid,65,opel,van,
6,0,6,centroid,74,van,van,
6,0,6,centroid,79,bus,bus,
6,0,6,centroid,82,van,van,
6,0,6,centroid,122,van,van,
6,0,6,centroid,147,bus,van,
6,0,6,centroid,152,opel,van,
6,0,6,centroid,167,saab,opel,
6,0,6,centroid,168,bus,bus,
6,0,6,centroid,176,opel,saab,
6,0,6,centroid,181,opel,van,
6,0,6,centroid,211,van,van,
6,0,6,centroid,217,opel,opel,
6,0,6,centroid,226,saab,opel,
6,0,6,centroid,260,saab,van,
6,0,6,centroid,262,van,van,
6,0,6,centroid,265,bus,van,
6,0,6,centroid,266,bus,bus,
6,0,6,centroid,273,van,van,
6,0,6,centroid,275,bus,van,
6,0,6,centroid,278,saab,opel,
6,0,6,centroid,288,opel,opel,
6,0,6,centroid,291,van,bus,
6,0,6,centroid,315,van,van,
6,0,6,centroid,320,saab,opel,
6,0,6,centroid,331,opel,opel,
6,0,6,centroid,333,bus,bus,
6,0,6,centroid,335,saab,opel,
6,0,6,centroid,347,opel,van,
6,0,6,centroid,363,van,van,
6,0,6,centroid,374,van,van,
6,0,6,centroid,397,bus,van,
6,0,6,centroid,398,bus,saab,
6,0,6,centroid,405,bus,van,
6,0,6,centroid,414,van,van,
6,0,6,centroid,423,bus,van,
6,0,6,centroid,427,opel,saab,
6,0,6,centroid,429,van,van,
6,0,6,centroid,433,bus,van,
6,0,6,centroid,439,saab,opel,
6,0,6,centroid,455,bus,bus,
6,0,6,centroid,463,opel,van,
6,0,6,centroid,480,saab,opel,
6,0,6,centroid,483,van,van,
6,0,6,centroid,487,saab,saab,
6,0,6,centroid,493,opel,opel,
6,0,6,centroid,494,bus,opel,
6,0,6,centroid,498,van,van,
6,0,6,centroid,500,opel,opel,
6,0,6,centroid,516,opel,van,
6,0,6,centroid,525,saab,bus,
6,0,6,centroid,532,saab,opel,
6,0,6,centroid,574,opel,opel,
6,0,6,centroid,575,saab,opel,
6,0,6,centroid,588,opel,van,
6,0,6,centroid,602,opel,opel,
6,0,6,centroid,610,opel,opel,
6,0,6,centroid,616,opel,van,
6,0,6,centroid,617,van,van,
6,0,6,centroid,636,saab,van,
6,0,6,centroid,659,saab,opel,
6,0,6,centroid,667,saab,opel,
6,0,6,centroid,672,bus,opel,
6,0,6,centroid,677,bus,opel,
6,0,6,centroid,693,van,bus,
6,0,6,centroid,745,bus,bus,
6,0,6,centroid,747,bus,van,
6,0,6,centroid,767,bus,van,
6,0,6,centroid,778,saab,opel,
6,0,6,centroid,779,van,van,
6,0,6,centroid,792,opel,opel,
6,0,6,centroid,795,van,van,
6,0,6,centroid,808,bus,van,
6,0,6,centroid,814,bus,bus,
6,0,6,centroid,820,saab,van,
6,0,6,centroid,824,opel,opel,
6,0,6,centroid,832,saab,opel,
6,0,6,centroid,833,saab,bus,
6,0,6,centroid,840,opel,van,
6,0,6,centroid,842,van,bus,
6,0,6,knn,46,van,van,
6,0,6,knn,50,saab,opel,
6,0,6,knn,53,bus,bus,
6,0,6,knn,56,saab,saab,
6,0,6,knn,65,opel,opel,
6,0,6,knn,74,van,van,
6,0,6,knn,79,bus,bus,
6,0,6,knn,82,van,van,
6,0,6,knn,122,van,van,
6,0,6,knn,147,bus,bus,
6,0,6,knn,152,opel,opel,
6,0,6,knn,167,saab,saab,
6,0,6,knn,168,bus,bus,
6,0,6,knn,176,opel,opel,
6,0,6,knn,181,opel,opel,
6,0,6,knn,211,van,bus,
6,0,6,knn,217,opel,opel,
6,0,6,knn,226,saab,saab,
6,0,6,knn,260,saab,saab,
6,0,6,knn,262,van,van,
6,0,6,knn,265,bus,bus,
6,0,6,knn,266,bus,bus,
6,0,6,knn,273,van,van,
6,0,6,knn,275,bus,bus,
6,0,6,knn,278,saab,saab,
6,0,6,knn,288,opel,opel,
6,0,6,knn,291,van,van,
6,0,6,knn,315,van,van,
6,0,6,knn,320,saab,saab,
6,0,6,knn,331,opel,saab,
6,0,6,knn,333,bus,bus,
6,0,6,knn,335,saab,saab,
6,0,6,knn,347,opel,saab,
6,0,6,knn,363,van,van,
6,0,6,knn,374,van,van,
6,0,6,knn,397,bus,bus,
6,0,6,knn,398,bus,bus,
6,0,6,knn,405,bus,bus,
6,0,6,knn,414,van,van,
6,0,6,knn,423,bus,bus,
6,0,6,knn,427,opel,saab,
6,0,6,knn,429,van,van,
6,0,6,knn,433,bus,bus,
6,0,6,knn,439,saab,saab,
6,0,6,knn,455,bus,bus,
6,0,6,knn,463,opel,bus,
6,0,6,knn,480,saab,saab,
6,0,6,knn,483,van,van,
6,0,6,knn,487,saab,opel,
6,0,6,knn,493,opel,opel,
6,0,6,knn,494,bus,bus,
6,0,6,knn,498,van,van,
6,0,6,knn,500,opel,opel,
6,0,6,knn,516,opel,saab,
6,0,6,knn,525,saab,saab,
6,0,6,knn,532,saab,opel,
6,0,6,knn,574,opel,saab,
6,0,6,knn,575,saab,saab,
6,0,6,knn,588,opel,opel,
6,0,6,knn,602,opel,opel,
6,0,6,knn,610,opel,opel,
6,0,6,knn,616,opel,opel,
6,0,6,knn,617,van,van,
6,0,6,knn,636,saab,saab,
6,0,6,knn,659,saab,opel,
6,0,6,knn,667,saab,saab,
6,0,6,knn,672,bus,bus,
6,0,6,knn,677,bus,bus,
6,0,6,knn,693,van,van,
6,0,6,knn,745,bus,bus,
6,0,6,knn,747,bus,bus,
6,0,6,knn,767,bus,bus,
6,0,6,knn,778,saab,saab,
6,0,6,knn,779,van,van,
6,0,6,knn,792,opel,opel,
6,0,6,knn,795,van,opel,
6,0,6,knn,808,bus,bus,
6,0,6,knn,814,bus,bus,
6,0,6,knn,820,saab,opel,
6,0,6,knn,824,opel,opel,
6,0,6,knn,832,saab,saab,
6,0,6,knn,833,saab,opel,
6,0,6,knn,840,opel,saab,
6,0,6,knn,842,van,van,
6,0,6,svm,46,van,van,2.3248149061726937
6,0,6,svm,50,saab,opel,0.8389567460009211
6,0,6,svm,53,bus,bus,2.255820442831264
6,0,6,svm,56,saab,saab,0.4440069444822079
6,0,6,svm,65,opel,saab,0.17181829240858448
6,0,6,svm,74,van,van,1.5174893161137328
6,0,6,svm,79,bus,bus,0.31470453251697883
6,0,6,svm,82,van,van,1.3754841481567661
6,0,6,svm,122,van,van,0.6537847440120439
6,0,6,svm,147,bus,bus,0.36258952491655805
6,0,6,svm,152,opel,saab,0.09720783148355494
6,0,6,svm,167,saab,saab,0.18481523370158115
6,0,6,svm,168,bus,bus,1.890155082939791
6,0,6,svm,176,opel,opel,1.5216573461584098
6,0,6,svm,181,opel,opel,1.1366708939034913
6,0,6,svm,211,van,van,0.5513171481110799
6,0,6,svm,217,opel,saab,0.3184249900526588
6,0,6,svm,226,saab,saab,0.2861849163755217
6,0,6,svm,260,saab,saab,1.2378349217038043
6,0,6,svm,262,van,van,1.5093120878821822
6,0,6,svm,265,bus,bus,1.3352097989685743
6,0,6,svm,266,bus,bus,1.139186918171164
6,0,6,svm,273,van,van,1.6356831824213867
6,0,6,svm,275,bus,bus,1.8925803713431595
6,0,6,svm,278,saab,saab,1.1820952319233022
6,0,6,svm,288,opel,opel,0.40791693093915526
6,0,6,svm,291,van,van,0.6353892909374981
6,0,6,svm,315,van,van,1.9312506362048822
6,0,6,svm,320,saab,saab,0.8138664518703376
6,0,6,svm,331,opel,opel,0.30739875256133686
6,0,6,svm,333,bus,bus,1.0131082603988366
6,0,6,svm,335,saab,saab,1.2635332238616754
6,0,6,svm,347,opel,opel,0.27724973741593173
6,0,6,svm,363,van,van,1.8654673423437425
6,0,6,svm,374,van,van,0.6326125262383074
6,0,6,svm,397,bus,bus,1.0363428923326024
6,0,6,svm,398,bus,bus,2.4513065521044615
6,0,6,svm,405,bus,bus,1.5896247361304825
6,0,6,svm,414,van,van,1.246445594872723
6,0,6,svm,423,bus,bus,1.0713106926661684
6,0,6,svm,427,opel,saab,0.27444796812029537
6,0,6,svm,429,van,van,0.7618111959843912
6,0,6,svm,433,bus,bus,0.6270093369929457
6,0,6,svm,439,saab,saab,0.3669556145340316
6,0,6,svm,455,bus,bus,1.8778857035298193
6,0,6,svm,463,opel,saab,0.850260227322746
6,0,6,svm,480,saab,saab,0.7500041331776082
6,0,6,svm,483,van,opel,0.03349401741220159
6,0,6,svm,487,saab,saab,0.3926656336575971
6,0,6,svm,493,opel,opel,0.5405948720208293
6,0,6,svm,494,bus,bus,1.5269924899432943
6,0,6,svm,498,van,van,1.8211597741320897
6,0,6,svm,500,opel,opel,1.2438984746592716
6,0,6,svm,516,opel,opel,1.2403587844942088
6,0,6,svm,525,saab,saab,0.25199973066044024
6,0,6,svm,532,saab,saab,0.5805203182625682
6,0,6,svm,574,opel,opel,0.7130671688083261
6,0,6,svm,575,saab,saab,1.3699233253817098
6,0,6,svm,588,opel,saab,0.24829875594884854
6,0,6,svm,602,opel,opel,1.421682443512267
6,0,6,svm,610,opel,opel,0.8778316948047724
6,0,6,svm,616,opel,opel,0.3039937575950553
6,0,6,svm,617,van,van,0.14194651729853844
6,0,6,svm,636,saab,saab,0.6126610419412621
6,0,6,svm,659,saab,saab,0.017924707430271525
6,0,6,svm,667,saab,saab,1.9922834045631788
6,0,6,svm,672,bus,bus,0.5276174651933014
6,0,6,svm,677,bus,bus,2.6590562226814822
6,0,6,svm,693,van,van,1.9073515468911406
6,0,6,svm,745,bus,bus,1.974369682878213
6,0,6,svm,747,bus,bus,0.6741026797144123
6,0,6,svm,767,bus,bus,1.1564257542448768
6,0,6,svm,778,saab,saab,0.9425632499849677
6,0,6,svm,779,van,van,2.0822846263863997
6,0,6,svm,792,opel,opel,1.7899871953021638
6,0,6,svm,795,van,van,0.9190256159730605
6,0,6,svm,808,bus,bus,1.2474104593742337
6,0,6,svm,814,bus,bus,1.6865541551379781
6,0,6,svm,820,saab,opel,0.7944444656700291
6,0,6,svm,824,opel,opel,0.3052729999059558
6,0,6,svm,832,saab,saab,2.411651173139216
6,0,6,svm,833,saab,saab,0.17351555133179986
6,0,6,svm,840,opel,saab,0.5253034734281208
6,0,6,svm,842,van,van,1.817573460602004
6,0,6,mlp,46,van,van,
6,0,6,mlp,50,saab,opel,
6,0,6,mlp,53,bus,bus,
6,0,6,mlp,56,saab,opel,
6,0,6,mlp,65,opel,saab,
6,0,6,mlp,74,van,van,
6,0,6,mlp,79,bus,bus,
6,0,6,mlp,82,van,van,
6,0,6,mlp,122,van,van,
6,0,6,mlp,147,bus,bus,
6,0,6,mlp,152,opel,saab,
6,0,6,mlp,167,saab,saab,
6,0,6,mlp,168,bus,bus,
6,0,6,mlp,176,opel,saab,
6,0,6,mlp,181,opel,opel,
6,0,6,mlp,211,van,van,
6,0,6,mlp,217,opel,opel,
6,0,6,mlp,226,saab,saab,
6,0,6,mlp,260,saab,saab,
6,0,6,mlp,262,van,van,
6,0,6,mlp,265,bus,bus,
6,0,6,mlp,266,bus,bus,
6,0,6,mlp,273,van,van,
6,0,6,mlp,275,bus,bus,
6,0,6,mlp,278,saab,saab,
6,0,6,mlp,288,opel,opel,
6,0,6,mlp,291,van,van,
6,0,6,mlp,315,van,van,
6,0,6,mlp,320,saab,opel,
6,0,6,mlp,331,opel,saab,
6,0,6,mlp,333,bus,bus,
6,0,6,mlp,335,saab,saab,
6,0,6,mlp,347,opel,opel,
6,0,6,mlp,363,van,van,
6,0,6,mlp,374,van,van,
6,0,6,mlp,397,bus,bus,
6,0,6,mlp,398,bus,bus,
6,0,6,mlp,405,bus,bus,
6,0,6,mlp,414,van,van,
6,0,6,mlp,423,bus,bus,
6,0,6,mlp,427,opel,saab,
6,0,6,mlp,429,van,van,
6,0,6,mlp,433,bus,bus,
6,0,6,mlp,439,saab,opel,
6,0,6,mlp,455,bus,bus,
6,0,6,mlp,463,opel,opel,
6,0,6,mlp,480,saab,opel,
6,0,6,mlp,483,van,opel,
6,0,6,mlp,487,saab,bus,
6,0,6,mlp,493,opel,opel,
6,0,6,mlp,494,bus,bus,
6,0,6,mlp,498,van,van,
6,0,6,mlp,500,opel,opel,
6,0,6,mlp,516,opel,opel,
6,0,6,mlp,525,saab,saab,
6,0,6,mlp,532,saab,saab,
6,0,6,mlp,574,opel,saab,
6,0,6,mlp,575,saab,saab,
6,0,6,mlp,588,opel,saab,
6,0,6,mlp,602,opel,opel,
6,0,6,mlp,610,opel,opel,
6,0,6,mlp,616,opel,van,
6,0,6,mlp,617,van,van,
6,0,6,mlp,636,saab,van,
6,0,6,mlp,659,saab,opel,
6,0,6,mlp,667,saab,saab,
6,0,6,mlp,672,bus,bus,
6,0,6,mlp,677,bus,bus,
6,0,6,mlp,693,van,van,
6,0,6,mlp,745,bus,bus,
6,0,6,mlp,747,bus,bus,
6,0,6,mlp,767,bus,bus,
6,0,6,mlp,778,saab,saab,
6,0,6,mlp,779,van,van,
6,0,6,mlp,792,opel,opel,
6,0,6,mlp,795,van,van,
6,0,6,mlp,808,bus,bus,
6,0,6,mlp,814,bus,bus,
6,0,6,mlp,820,saab,opel,
6,0,6,mlp,824,opel,opel,
6,0,6,mlp,832,saab,saab,
6,0,6,mlp,833,saab,saab,
6,0,6,mlp,840,opel,saab,
6,0,6,mlp,842,van,van,
6,0,6,rbf,46,van,van,
6,0,6,rbf,50,saab,opel,
6,0,6,rbf,53,bus,bus,
6,0,6,rbf,56,saab,saab,
6,0,6,rbf,65,opel,opel,
6,0,6,rbf,74,van,van,
6,0,6,rbf,79,bus,bus,
6,0,6,rbf,82,van,van,
6,0,6,rbf,122,van,van,
6,0,6,rbf,147,bus,bus,
6,0,6,rbf,152,opel,saab,
6,0,6,rbf,167,saab,saab,
6,0,6,rbf,168,bus,bus,
6,0,6,rbf,176,opel,opel,
6,0,6,rbf,181,opel,opel,
6,0,6,rbf,211,van,van,
6,0,6,rbf,217,opel,opel,
6,0,6,rbf,226,saab,saab,
6,0,6,rbf,260,saab,opel,
6,0,6,rbf,262,van,van,
6,0,6,rbf,265,bus,bus,
6,0,6,rbf,266,bus,bus,
6,0,6,rbf,273,van,van,
6,0,6,rbf,275,bus,bus,
6,0,6,rbf,278,saab,saab,
6,0,6,rbf,288,opel,saab,
6,0,6,rbf,291,van,van,
6,0,6,rbf,315,van,van,
6,0,6,rbf,320,saab,opel,
6,0,6,rbf,331,opel,saab,
6,0,6,rbf,333,bus,bus,
6,0,6,rbf,335,saab,opel,
6,0,6,rbf,347,opel,opel,
6,0,6,rbf,363,van,van,
6,0,6,rbf,374,van,van,
6,0,6,rbf,397,bus,bus,
6,0,6,rbf,398,bus,bus,
6,0,6,rbf,405,bus,bus,
6,0,6,rbf,414,van,van,
6,0,6,rbf,423,bus,bus,
6,0,6,rbf,427,opel,opel,
6,0,6,rbf,429,van,van,
6,0,6,rbf,433,bus,bus,
6,0,6,rbf,439,saab,saab,
6,0,6,rbf,455,bus,bus,
6,0,6,rbf,463,opel,bus,
6,0,6,rbf,480,saab,opel,
6,0,6,rbf,483,van,van,
6,0,6,rbf,487,saab,saab,
6,0,6,rbf,493,opel,opel,
6,0,6,rbf,494,bus,bus,
6,0,6,rbf,498,van,van,
6,0,6,rbf,500,opel,opel,
6,0,6,rbf,516,opel,opel,
6,0,6,rbf,525,saab,opel,
6,0,6,rbf,532,saab,opel,
6,0,6,rbf,574,opel,saab,
6,0,6,rbf,575,saab,opel,
6,0,6,rbf,588,opel,saab,
6,0,6,rbf,602,opel,saab,
6,0,6,rbf,610,opel,opel,
6,0,6,rbf,616,opel,van,
6,0,6,rbf,617,van,saab,
6,0,6,rbf,636,saab,van,
6,0,6,rbf,659,saab,saab,
6,0,6,rbf,667,saab,saab,
6,0,6,rbf,672,bus,bus,
6,0,6,rbf,677,bus,bus,
6,0,6,rbf,693,van,van,
6,0,6,rbf,745,bus,bus,
6,0,6,rbf,747,bus,bus,
6,0,6,rbf,767,bus,bus,
6,0,6,rbf,778,saab,saab,
6,0,6,rbf,779,van,van,
6,0,6,rbf,792,opel,opel,
6,0,6,rbf,795,van,van,
6,0,6,rbf,808,bus,bus,
6,0,6,rbf,814,bus,bus,
6,0,6,rbf,820,saab,opel,
6,0,6,rbf,824,opel,opel,
6,0,6,rbf,832,saab,saab,
6,0,6,rbf,833,saab,opel,
6,0,6,rbf,840,opel,saab,
6,0,6,rbf,842,van,van,
6,0,6,svm_linear,46,van,van,
6,0,6,svm_linear,50,saab,opel,
6,0,6,svm_linear,53,bus,bus,
6,0,6,svm_linear,56,saab,saab,
6,0,6,svm_linear,65,opel,saab,
6,0,6,svm_linear,74,van,van,
6,0,6,svm_linear,79,bus,bus,
6,0,6,svm_linear,82,van,van,
6,0,6,svm_linear,122,van,van,
6,0,6,svm_linear,147,bus,saab,
6,0,6,svm_linear,152,opel,saab,
6,0,6,svm_linear,167,saab,opel,
6,0,6,svm_linear,168,bus,bus,
6,0,6,svm_linear,176,opel,opel,
6,0,6,svm_linear,181,opel,opel,
6,0,6,svm_linear,211,van,van,
6,0,6,svm_linear,217,opel,saab,
6,0,6,svm_linear,226,saab,saab,
6,0,6,svm_linear,260,saab,opel,
6,0,6,svm_linear,262,van,van,
6,0,6,svm_linear,265,bus,bus,
6,0,6,svm_linear,266,bus,bus,
6,0,6,svm_linear,273,van,van,
6,0,6,svm_linear,275,bus,bus,
6,0,6,svm_linear,278,saab,saab,
6,0,6,svm_linear,288,opel,saab,
6,0,6,svm_linear,291,van,van,
6,0,6,svm_linear,315,van,van,
6,0,6,svm_linear,320,saab,saab,
6,0,6,svm_linear,331,opel,saab,
6,0,6,svm_linear,333,bus,bus,
6,0,6,svm_linear,335,saab,saab,
6,0,6,svm_linear,347,opel,opel,
6,0,6,svm_linear,363,van,van,
6,0,6,svm_linear,374,van,van,
6,0,6,svm_linear,397,bus,bus,
6,0,6,svm_linear,398,bus,bus,
6,0,6,svm_linear,405,bus,bus,
6,0,6,svm_linear,414,van,van,
6,0,6,svm_linear,423,bus,bus,
6,0,6,svm_linear,427,opel,opel,
6,0,6,svm_linear,429,van,van,
6,0,6,svm_linear,433,bus,bus,
6,0,6,svm_linear,439,saab,opel,
6,0,6,svm_linear,455,bus,bus,
6,0,6,svm_linear,463,opel,saab,
6,0,6,svm_linear,480,saab,saab,
6,0,6,svm_linear,483,van,saab,
6,0,6,svm_linear,487,saab,saab,
6,0,6,svm_linear,493,opel,opel,
6,0,6,svm_linear,494,bus,bus,
6,0,6,svm_linear,498,van,van,
6,0,6,svm_linear,500,opel,opel,
6,0,6,svm_linear,516,opel,saab,
6,0,6,svm_linear,525,saab,opel,
6,0,6,svm_linear,532,saab,saab,
6,0,6,svm_linear,574,opel,opel,
6,0,6,svm_linear,575,saab,saab,
6,0,6,svm_linear,588,opel,saab,
6,0,6,svm_linear,602,opel,opel,
6,0,6,svm_linear,610,opel,opel,
6,0,6,svm_linear,616,opel,opel,
6,0,6,svm_linear,617,van,van,
6,0,6,svm_linear,636,saab,saab,
6,0,6,svm_linear,659,saab,saab,
6,0,6,svm_linear,667,saab,saab,
6,0,6,svm_linear,672,bus,bus,
6,0,6,svm_linear,677,bus,bus,
6,0,6,svm_linear,693,van,van,
6,0,6,svm_linear,745,bus,bus,
6,0,6,svm_linear,747,bus,opel,
6,0,6,svm_linear,767,bus,bus,
6,0,6,svm_linear,778,saab,saab,
6,0,6,svm_linear,779,van,van,
6,0,6,svm_linear,792,opel,opel,
6,0,6,svm_linear,795,van,van,
6,0,6,svm_linear,808,bus,bus,
6,0,6,svm_linear,814,bus,bus,
6,0,6,svm_linear,820,saab,opel,
6,0,6,svm_linear,824,opel,opel,
6,0,6,svm_linear,832,saab,saab,
6,0,6,svm_linear,833,saab,saab,
6,0,6,svm_linear,840,opel,saab,
6,0,6,svm_linear,842,van,van,
6,0,6,svm_unscaled,46,van,van,
6,0,6,svm_unscaled,50,saab,opel,
6,0,6,svm_unscaled,53,bus,bus,
6,0,6,svm_unscaled,56,saab,opel,
6,0,6,svm_unscaled,65,opel,saab,
6,0,6,svm_unscaled,74,van,van,
6,0,6,svm_unscaled,79,bus,bus,
6,0,6,svm_unscaled,82,van,van,
6,0,6,svm_unscaled,122,van,van,
6,0,6,svm_unscaled,147,bus,bus,
6,0,6,svm_unscaled,152,opel,saab,
6,0,6,svm_unscaled,167,saab,saab,
6,0,6,svm_unscaled,168,bus,bus,
6,0,6,svm_unscaled,176,opel,opel,
6,0,6,svm_unscaled,181,opel,opel,
6,0,6,svm_unscaled,211,van,van,
6,0,6,svm_unscaled,217,opel,opel,
6,0,6,svm_unscaled,226,saab,saab,
6,0,6,svm_unscaled,260,saab,saab,
6,0,6,svm_unscaled,262,van,van,
6,0,6,svm_unscaled,265,bus,bus,
6,0,6,svm_unscaled,266,bus,bus,
6,0,6,svm_unscaled,273,van,van,
6,0,6,svm_unscaled,275,bus,bus,
6,0,6,svm_unscaled,278,saab,saab,
6,0,6,svm_unscaled,288,opel,opel,
6,0,6,svm_unscaled,291,van,van,
6,0,6,svm_unscaled,315,van,van,
6,0,6,svm_unscaled,320,saab,opel,
6,0,6,svm_unscaled,331,opel,saab,
6,0,6,svm_unscaled,333,bus,bus,
6,0,6,svm_unscaled,335,saab,saab,
6,0,6,svm_unscaled,347,opel,saab,
6,0,6,svm_unscaled,363,van,van,
6,0,6,svm_unscaled,374,van,van,
6,0,6,svm_unscaled,397,bus,bus,
6,0,6,svm_unscaled,398,bus,bus,
6,0,6,svm_unscaled,405,bus,bus,
6,0,6,svm_unscaled,414,van,van,
6,0,6,svm_unscaled,423,bus,bus,
6,0,6,svm_unscaled,427,opel,saab,
6,0,6,svm_unscaled,429,van,van,
6,0,6,svm_unscaled,433,bus,bus,
6,0,6,svm_unscaled,439,saab,opel,
6,0,6,svm_unscaled,455,bus,bus,
6,0,6,svm_unscaled,463,opel,bus,
6,0,6,svm_unscaled,480,saab,opel,
6,0,6,svm_unscaled,483,van,opel,
6,0,6,svm_unscaled,487,saab,bus,
6,0,6,svm_unscaled,493,opel,opel,
6,0,6,svm_unscaled,494,bus,bus,
6,0,6,svm_unscaled,498,van,van,
6,0,6,svm_unscaled,500,opel,opel,
6,0,6,svm_unscaled,516,opel,saab,
6,0,6,svm_unscaled,525,saab,saab,
6,0,6,svm_unscaled,532,saab,opel,
6,0,6,svm_unscaled,574,opel,opel,
6,0,6,svm_unscaled,575,saab,saab,
6,0,6,svm_unscaled,588,opel,saab,
6,0,6,svm_unscaled,602,opel,opel,
6,0,6,svm_unscaled,610,opel,opel,
6,0,6,svm_unscaled,616,opel,saab,
6,0,6,svm_unscaled,617,van,saab,
6,0,6,svm_unscaled,636,saab,van,
6,0,6,svm_unscaled,659,saab,opel,
6,0,6,svm_unscaled,667,saab,saab,
6,0,6,svm_unscaled,672,bus,bus,
6,0,6,svm_unscaled,677,bus,bus,
6,0,6,svm_unscaled,693,van,van,
6,0,6,svm_unscaled,745,bus,bus,
6,0,6,svm_unscaled,747,bus,bus,
6,0,6,svm_unscaled,767,bus,bus,
6,0,6,svm_unscaled,778,saab,saab,
6,0,6,svm_unscaled,779,van,van,
6,0,6,svm_unscaled,792,opel,opel,
6,0,6,svm_unscaled,795,van,van,
6,0,6,svm_unscaled,808,bus,bus,
6,0,6,svm_unscaled,814,bus,bus,
6,0,6,svm_unscaled,820,saab,saab,
6,0,6,svm_unscaled,824,opel,opel,
6,0,6,svm_unscaled,832,saab,saab,
6,0,6,svm_unscaled,833,saab,saab,
6,0,6,svm_unscaled,840,opel,saab,
6,0,6,svm_unscaled,842,van,van,
7,0,7,centroid,5,bus,opel,
7,0,7,centroid,9,saab,opel,
7,0,7,centroid,14,bus,opel,
7,0,7,centroid,15,opel,opel,
7,0,7,centroid,30,van,van,
7,0,7,centroid,45,van,bus,
7,0,7,centroid,47,bus,bus,
7,0,7,centroid,57,van,van,
7,0,7,centroid,64,bus,opel,
7,0,7,centroid,69,bus,saab,
7,0,7,centroid,75,opel,saab,
7,0,7,centroid,81,bus,opel,
7,0,7,centroid,88,bus,opel,
7,0,7,centroid,145,opel,opel,
7,0,7,centroid,155,bus,saab,
7,0,7,centroid,162,saab,saab,
7,0,7,centroid,163,saab,van,
7,0,7,centroid,164,opel,opel,
7,0,7,centroid,170,opel,saab,
7,0,7,centroid,175,bus,bus,
7,0,7,centroid,177,bus,van,
7,0,7,centroid,203,opel,saab,
7,0,7,centroid,230,van,van,
7,0,7,centroid,242,bus,van,
7,0,7,centroid,244,van,bus,
7,0,7,centroid,253,bus,van,
7,0,7,centroid,261,saab,opel,
7,0,7,centroid,267,saab,saab,
7,0,7,centroid,279,bus,van,
7,0,7,centroid,282,bus,bus,
7,0,7,centroid,305,bus,van,
7,0,7,centroid,313,opel,saab,
7,0,7,centroid,316,van,van,
7,0,7,centroid,322,bus,bus,
7,0,7,centroid,340,bus,van,
7,0,7,centroid,345,bus,opel,
7,0,7,centroid,348,van,van,
7,0,7,centroid,388,van,bus,
7,0,7,centroid,392,van,van,
7,0,7,centroid,407,saab,van,
7,0,7,centroid,410,saab,opel,
7,0,7,centroid,415,opel,saab,
7,0,7,centroid,417,bus,van,
7,0,7,centroid,419,saab,van,
7,0,7,centroid,425,opel,van,
7,0,7,centroid,430,saab,opel,
7,0,7,centroid,441,van,bus,
7,0,7,centroid,454,saab,saab,
7,0,7,centroid,469,van,van,
7,0,7,centroid,476,opel,opel,
7,0,7,centroid,481,opel,saab,
7,0,7,centroid,490,saab,saab,
7,0,7,centroid,504,opel,opel,
7,0,7,centroid,517,saab,saab,
7,0,7,centroid,519,van,van,
7,0,7,centroid,536,saab,opel,
7,0,7,centroid,544,bus,van,
7,0,7,centroid,564,bus,van,
7,0,7,centroid,571,saab,van,
7,0,7,centroid,581,van,van,
7,0,7,centroid,583,saab,saab,
7,0,7,centroid,597,van,van,
7,0,7,centroid,598,bus,opel,
7,0,7,centroid,601,van,van,
7,0,7,centroid,611,van,bus,
7,0,7,centroid,619,opel,opel,
7,0,7,centroid,622,saab,saab,
7,0,7,centroid,651,saab,van,
7,0,7,centroid,663,saab,bus,
7,0,7,centroid,682,van,bus,
7,0,7,centroid,696,saab,van,
7,0,7,centroid,700,opel,saab,
7,0,7,centroid,709,opel,opel,
7,0,7,centroid,725,van,van,
7,0,7,centroid,750,saab,opel,
7,0,7,centroid,756,saab,opel,
7,0,7,centroid,762,van,van,
7,0,7,centroid,771,opel,opel,
7,0,7,centroid,782,opel,opel,
7,0,7,centroid,798,opel,saab,
7,0,7,centroid,810,opel,opel,
7,0,7,centroid,816,van,bus,
7,0,7,centroid,823,opel,saab,
7,0,7,centroid,826,opel,opel,
7,0,7,knn,5,bus,bus,
7,0,7,knn,9,saab,saab,
7,0,7,knn,14,bus,bus,
7,0,7,knn,15,opel,opel,
7,0,7,knn,30,van,van,
7,0,7,knn,45,van,van,
7,0,7,knn,47,bus,bus,
7,0,7,knn,57,van,van,
7,0,7,knn,64,bus,bus,
7,0,7,knn,69,bus,bus,
7,0,7,knn,75,opel,saab,
7,0,7,knn,81,bus,bus,
7,0,7,knn,88,bus,bus,
7,0,7,knn,145,opel,saab,
7,0,7,knn,155,bus,bus,
7,0,7,knn,162,saab,opel,
7,0,7,knn,163,saab,van,
7,0,7,knn,164,opel,opel,
7,0,7,knn,170,opel,saab,
7,0,7,knn,175,bus,bus,
7,0,7,knn,177,bus,bus,
7,0,7,knn,203,opel,saab,
7,0,7,knn,230,van,van,
7,0,7,knn,242,bus,bus,
7,0,7,knn,244,van,van,
7,0,7,knn,253,bus,bus,
7,0,7,knn,261,saab,opel,
7,0,7,knn,267,saab,opel,
7,0,7,knn,279,bus,bus,
7,0,7,knn,282,bus,bus,
7,0,7,knn,305,bus,bus,
7,0,7,knn,313,opel,saab,
7,0,7,knn,316,van,van,
7,0,7,knn,322,bus,bus,
7,0,7,knn,340,bus,bus,
7,0,7,knn,345,bus,bus,
7,0,7,knn,348,van,van,
7,0,7,knn,388,van,van,
7,0,7,knn,392,van,van,
7,0,7,knn,407,saab,opel,
7,0,7,knn,410,saab,opel,
7,0,7,knn,415,opel,opel,
7,0,7,knn,417,bus,bus,
7,0,7,knn,419,saab,opel,
7,0,7,knn,425,opel,saab,
7,0,7,knn,430,saab,saab,
7,0,7,knn,441,van,van,
7,0,7,knn,454,saab,saab,
7,0,7,knn,469,van,van,
7,0,7,knn,476,opel,opel,
7,0,7,knn,481,opel,saab,
7,0,7,knn,490,saab,saab,
7,0,7,knn,504,opel,opel,
7,0,7,knn,517,saab,saab,
7,0,7,knn,519,van,van,
7,0,7,knn,536,saab,saab,
7,0,7,knn,544,bus,bus,
7,0,7,knn,564,bus,bus,
7,0,7,knn,571,saab,opel,
7,0,7,knn,581,van,van,
7,0,7,knn,583,saab,saab,
7,0,7,knn,597,van,van,
7,0,7,knn,598,bus,bus,
7,0,7,knn,601,van,van,
7,0,7,knn,611,van,van,
7,0,7,knn,619,opel,opel,
7,0,7,knn,622,saab,saab,
7,0,7,knn,651,saab,saab,
7,0,7,knn,663,saab,opel,
7,0,7,knn,682,van,van,
7,0,7,knn,696,saab,opel,
7,0,7,knn,700,opel,saab,
7,0,7,knn,709,opel,opel,
7,0,7,knn,725,van,van,
7,0,7,knn,750,saab,opel,
7,0,7,knn,756,saab,opel,
7,0,7,knn,762,van,bus,
7,0,7,knn,771,opel,opel,
7,0,7,knn,782,opel,opel,
7,0,7,knn,798,opel,opel,
7,0,7,knn,810,opel,saab,
7,0,7,knn,816,van,van,
7,0,7,knn,823,opel,saab,
7,0,7,knn,826,opel,saab,
7,0,7,svm,5,bus,bus,1.9784708721304467
7,0,7,svm,9,saab,opel,0.15771605224480467
7,0,7,svm,14,bus,bus,1.9836124361875012
7,0,7,svm,15,opel,opel,0.8766407099032527
7,0,7,svm,30,van,van,1.5416055943607654
7,0,7,svm,45,van,van,1.9251396602462643
7,0,7,svm,47,bus,bus,1.5942990640763561
7,0,7,svm,57,van,van,1.900034030979338
7,0,7,svm,64,bus,bus,1.8065843434637454
7,0,7,svm,69,bus,bus,2.46444542233826
7,0,7,svm,75,opel,opel,0.491042827856905
7,0,7,svm,81,bus,bus,2.478277527129139
7,0,7,svm,88,bus,bus,2.4185204360152177
7,0,7,svm,145,opel,opel,1.263572806477523
7,0,7,svm,155,bus,bus,2.354400826869381
7,0,7,svm,162,saab,saab,0.4216578666893902
7,0,7,svm,163,saab,opel,0.050617619779888656
7,0,7,svm,164,opel,opel,1.421638134717039
7,0,7,svm,170,opel,saab,0.2909542786461934
7,0,7,svm,175,bus,bus,2.88876292237744
7,0,7,svm,177,bus,van,0.23097906412228653
7,0,7,svm,203,opel,opel,1.2071772903932363
7,0,7,svm,230,van,van,1.1048547231351245
7,0,7,svm,242,bus,bus,0.7145433824685252
7,0,7,svm,244,van,van,1.6779111751185445
7,0,7,svm,253,bus,bus,1.2467874540992678
7,0,7,svm,261,saab,opel,0.4048592964938784
7,0,7,svm,267,saab,saab,1.0940260000684425
7,0,7,svm,279,bus,bus,1.8723387415230537
7,0,7,svm,282,bus,bus,1.3468713757932145
7,0,7,svm,305,bus,bus,1.0229671059848124
7,0,7,svm,313,opel,opel,0.47380495332967243
7,0,7,svm,316,van,van,3.140049621451487
7,0,7,svm,322,bus,bus,1.2957246990557305
7,0,7,svm,340,bus,bus,1.1492109167414188
7,0,7,svm,345,bus,bus,1.5132107868220999
7,0,7,svm,348,van,van,1.8849022420424397
7,0,7,svm,388,van,opel,0.8429183166332166
7,0,7,svm,392,van,van,2.6832447595339692
7,0,7,svm,407,saab,saab,1.1548365906617626
7,0,7,svm,410,saab,saab,0.1338154384918937
7,0,7,svm,415,opel,opel,2.21267895423836
7,0,7,svm,417,bus,bus,1.9467613555169763
7,0,7,svm,419,saab,saab,0.4674065964643894
7,0,7,svm,425,opel,saab,0.5545133262609205
7,0,7,svm,430,saab,saab,1.5183701083124497
7,0,7,svm,441,van,bus,0.12760610276323903
7,0,7,svm,454,saab,saab,1.9034068654827472
7,0,7,svm,469,van,van,1.660303903802447
7,0,7,svm,476,opel,opel,1.2448087734675077
7,0,7,svm,481,opel,opel,0.640441681288741
7,0,7,svm,490,saab,saab,0.9816453581697395
7,0,7,svm,504,opel,saab,0.059442397476676234
7,0,7,svm,517,saab,saab,1.8393714253431617
7,0,7,svm,519,van,van,1.4721790304539217
7,0,7,svm,536,saab,opel,0.30817248381341855
7,0,7,svm,544,bus,bus,1.2596117583188198
7,0,7,svm,564,bus,bus,1.2202565390460194
7,0,7,svm,571,saab,saab,0.9281507875845456
7,0,7,svm,581,van,van,0.626307642121622
7,0,7,svm,583,saab,saab,1.1775133130279762
7,0,7,svm,597,van,van,2.428581714332733
7,0,7,svm,598,bus,bus,1.5054633428705682
7,0,7,svm,601,van,van,1.6892452200872006
7,0,7,svm,611,van,van,2.3349725321610517
7,0,7,svm,619,opel,opel,1.6769949327399836
7,0,7,svm,622,saab,saab,1.279470798146523
7,0,7,svm,651,saab,saab,0.3315343069712835
7,0,7,svm,663,saab,opel,0.29531886971831156
7,0,7,svm,682,van,van,1.0966657302712883
7,0,7,svm,696,saab,opel,1.3078146756290288
7,0,7,svm,700,opel,opel,1.240426718852678
7,0,7,svm,709,opel,opel,1.1564042602793272
7,0,7,svm,725,van,van,1.0220568478436682
7,0,7,svm,750,saab,saab,1.533864738461805
7,0,7,svm,756,saab,opel,0.33957756778447035
7,0,7,svm,762,van,van,1.3784807733122042
7,0,7,svm,771,opel,opel,1.1935736484323591
7,0,7,svm,782,opel,opel,1.615611974798309
7,0,7,svm,798,opel,opel,0.7209364355436456
7,0,7,svm,810,opel,opel,1.74229332783555
7,0,7,svm,816,van,van,2.5591229046777277
7,0,7,svm,823,opel,saab,0.14406528128967366
7,0,7,svm,826,opel,opel,0.6962861134526541
7,0,7,mlp,5,bus,bus,
7,0,7,mlp,9,saab,opel,
7,0,7,mlp,14,bus,bus,
7,0,7,mlp,15,opel,opel,
7,0,7,mlp,30,van,van,
7,0,7,mlp,45,van,van,
7,0,7,mlp,47,bus,bus,
7,0,7,mlp,57,van,van,
7,0,7,mlp,64,bus,bus,
7,0,7,mlp,69,bus,bus,
7,0,7,mlp,75,opel,saab,
7,0,7,mlp,81,bus,bus,
7,0,7,mlp,88,bus,bus,
7,0,7,mlp,145,opel,opel,
7,0,7,mlp,155,bus,bus,
7,0,7,mlp,162,saab,opel,
7,0,7,mlp,163,saab,saab,
7,0,7,mlp,164,opel,opel,
7,0,7,mlp,170,opel,saab,
7,0,7,mlp,175,bus,bus,
7,0,7,mlp,177,bus,van,
7,0,7,mlp,203,opel,opel,
7,0,7,mlp,230,van,van,
7,0,7,mlp,242,bus,bus,
7,0,7,mlp,244,van,van,
7,0,7,mlp,253,bus,bus,
7,0,7,mlp,261,saab,opel,
7,0,7,mlp,267,saab,saab,
7,0,7,mlp,279,bus,bus,
7,0,7,mlp,282,bus,bus,
7,0,7,mlp,305,bus,bus,
7,0,7,mlp,313,opel,opel,
7,0,7,mlp,316,van,van,
7,0,7,mlp,322,bus,bus,
7,0,7,mlp,340,bus,bus,
7,0,7,mlp,345,bus,bus,
7,0,7,mlp,348,van,van,
7,0,7,mlp,388,van,bus,
7,0,7,mlp,392,van,van,
7,0,7,mlp,407,saab,opel,
7,0,7,mlp,410,saab,opel,
7,0,7,mlp,415,opel,opel,
7,0,7,mlp,417,bus,bus,
7,0,7,mlp,419,saab,saab,
7,0,7,mlp,425,opel,saab,
7,0,7,mlp,430,saab,saab,
7,0,7,mlp,441,van,van,
7,0,7,mlp,454,saab,saab,
7,0,7,mlp,469,van,van,
7,0,7,mlp,476,opel,opel,
7,0,7,mlp,481,opel,opel,
7,0,7,mlp,490,saab,saab,
7,0,7,mlp,504,opel,opel,
7,0,7,mlp,517,saab,saab,
7,0,7,mlp,519,van,van,
7,0,7,mlp,536,saab,opel,
7,0,7,mlp,544,bus,bus,
7,0,7,mlp,564,bus,bus,
7,0,7,mlp,571,saab,opel,
7,0,7,mlp,581,van,van,
7,0,7,mlp,583,saab,saab,
7,0,7,mlp,597,van,van,
7,0,7,mlp,598,bus,bus,
7,0,7,mlp,601,van,van,
7,0,7,mlp,611,van,van,
7,0,7,mlp,619,opel,opel,
7,0,7,mlp,622,saab,saab,
7,0,7,mlp,651,saab,saab,
7,0,7,mlp,663,saab,opel,
7,0,7,mlp,682,van,van,
7,0,7,mlp,696,saab,opel,
7,0,7,mlp,700,opel,opel,
7,0,7,mlp,709,opel,opel,
7,0,7,mlp,725,van,van,
7,0,7,mlp,750,saab,saab,
7,0,7,mlp,756,saab,saab,
7,0,7,mlp,762,van,van,
7,0,7,mlp,771,opel,opel,
7,0,7,mlp,782,opel,opel,
7,0,7,mlp,798,opel,opel,
7,0,7,mlp,810,opel,opel,
7,0,7,mlp,816,van,van,
7,0,7,mlp,823,opel,saab,
7,0,7,mlp,826,opel,opel,
7,0,7,rbf,5,bus,bus,
7,0,7,rbf,9,saab,opel,
7,0,7,rbf,14,bus,bus,
7,0,7,rbf,15,opel,opel,
7,0,7,rbf,30,van,van,
7,0,7,rbf,45,van,van,
7,0,7,rbf,47,bus,bus,
7,0,7,rbf,57,van,van,
7,0,7,rbf,64,bus,bus,
7,0,7,rbf,69,bus,bus,
7,0,7,rbf,75,opel,saab,
7,0,7,rbf,81,bus,bus,
7,0,7,rbf,88,bus,bus,
7,0,7,rbf,145,opel,opel,
7,0,7,rbf,155,bus,bus,
7,0,7,rbf,162,saab,saab,
7,0,7,rbf,163,saab,van,
7,0,7,rbf,164,opel,opel,
7,0,7,rbf,170,opel,saab,
7,0,7,rbf,175,bus,bus,
7,0,7,rbf,177,bus,van,
7,0,7,rbf,203,opel,opel,
7,0,7,rbf,230,van,van,
7,0,7,rbf,242,bus,bus,
7,0,7,rbf,244,van,van,
7,0,7,rbf,253,bus,bus,
7,0,7,rbf,261,saab,saab,
7,0,7,rbf,267,saab,saab,
7,0,7,rbf,279,bus,bus,
7,0,7,rbf,282,bus,bus,
7,0,7,rbf,305,bus,bus,
7,0,7,rbf,313,opel,saab,
7,0,7,rbf,316,van,van,
7,0,7,rbf,322,bus,bus,
7,0,7,rbf,340,bus,bus,
7,0,7,rbf,345,bus,bus,
7,0,7,rbf,348,van,van,
7,0,7,rbf,388,van,bus,
7,0,7,rbf,392,van,van,
7,0,7,rbf,407,saab,opel,
7,0,7,rbf,410,saab,opel,
7,0,7,rbf,415,opel,opel,
7,0,7,rbf,417,bus,bus,
7,0,7,rbf,419,saab,saab,
7,0,7,rbf,425,opel,saab,
7,0,7,rbf,430,saab,saab,
7,0,7,rbf,441,van,van,
7,0,7,rbf,454,saab,saab,
7,0,7,rbf,469,van,van,
7,0,7,rbf,476,opel,opel,
7,0,7,rbf,481,opel,opel,
7,0,7,rbf,490,saab,saab,
7,0,7,rbf,504,opel,saab,
7,0,7,rbf,517,saab,saab,
7,0,7,rbf,519,van,van,
7,0,7,rbf,536,saab,opel,
7,0,7,rbf,544,bus,van,
7,0,7,rbf,564,bus,bus,
7,0,7,rbf,571,saab,saab,
7,0,7,rbf,581,van,van,
7,0,7,rbf,583,saab,opel,
7,0,7,rbf,597,van,van,
7,0,7,rbf,598,bus,bus,
7,0,7,rbf,601,van,van,
7,0,7,rbf,611,van,van,
7,0,7,rbf,619,opel,opel,
7,0,7,rbf,622,saab,saab,
7,0,7,rbf,651,saab,bus,
7,0,7,rbf,663,saab,opel,
7,0,7,rbf,682,van,van,
7,0,7,rbf,696,saab,opel,
7,0,7,rbf,700,opel,saab,
7,0,7,rbf,709,opel,opel,
7,0,7,rbf,725,van,van,
7,0,7,rbf,750,saab,saab,
7,0,7,rbf,756,saab,opel,
7,0,7,rbf,762,van,van,
7,0,7,rbf,771,opel,opel,
7,0,7,rbf,782,opel,opel,
7,0,7,rbf,798,opel,opel,
7,0,7,rbf,810,opel,opel,
7,0,7,rbf,816,van,van,
7,0,7,rbf,823,opel,saab,
7,0,7,rbf,826,opel,opel,
7,0,7,svm_linear,5,bus,bus,
7,0,7,svm_linear,9,saab,opel,
7,0,7,svm_linear,14,bus,bus,
7,0,7,svm_linear,15,opel,opel,
7,0,7,svm_linear,30,van,van,
7,0,7,svm_linear,45,van,van,
7,0,7,svm_linear,47,bus,bus,
7,0,7,svm_linear,57,van,van,
7,0,7,svm_linear,64,bus,bus,
7,0,7,svm_linear,69,bus,bus,
7,0,7,svm_linear,75,opel,opel,
7,0,7,svm_linear,81,bus,bus,
7,0,7,svm_linear,88,bus,bus,
7,0,7,svm_linear,145,opel,opel,
7,0,7,svm_linear,155,bus,bus,
7,0,7,svm_linear,162,saab,saab,
7,0,7,svm_linear,163,saab,opel,
7,0,7,svm_linear,164,opel,opel,
7,0,7,svm_linear,170,opel,saab,
7,0,7,svm_linear,175,bus,bus,
7,0,7,svm_linear,177,bus,van,
7,0,7,svm_linear,203,opel,opel,
7,0,7,svm_linear,230,van,van,
7,0,7,svm_linear,242,bus,bus,
7,0,7,svm_linear,244,van,van,
7,0,7,svm_linear,253,bus,bus,
7,0,7,svm_linear,261,saab,opel,
7,0,7,svm_linear,267,saab,saab,
7,0,7,svm_linear,279,bus,bus,
7,0,7,svm_linear,282,bus,bus,
7,0,7,svm_linear,305,bus,bus,
7,0,7,svm_linear,313,opel,opel,
7,0,7,svm_linear,316,van,van,
7,0,7,svm_linear,322,bus,bus,
7,0,7,svm_linear,340,bus,bus,
7,0,7,svm_linear,345,bus,bus,
7,0,7,svm_linear,348,van,van,
7,0,7,svm_linear,388,van,van,
7,0,7,svm_linear,392,van,van,
7,0,7,svm_linear,407,saab,saab,
7,0,7,svm_linear,410,saab,opel,
7,0,7,svm_linear,415,opel,opel,
7,0,7,svm_linear,417,bus,bus,
7,0,7,svm_linear,419,saab,saab,
7,0,7,svm_linear,425,opel,saab,
7,0,7,svm_linear,430,saab,saab,
7,0,7,svm_linear,441,van,bus,
7,0,7,svm_linear,454,saab,saab,
7,0,7,svm_linear,469,van,van,
7,0,7,svm_linear,476,opel,opel,
7,0,7,svm_linear,481,opel,opel,
7,0,7,svm_linear,490,saab,saab,
7,0,7,svm_linear,504,opel,saab,
7,0,7,svm_linear,517,saab,saab,
7,0,7,svm_linear,519,van,van,
7,0,7,svm_linear,536,saab,opel,
7,0,7,svm_linear,544,bus,bus,
7,0,7,svm_linear,564,bus,bus,
7,0,7,svm_linear,571,saab,saab,
7,0,7,svm_linear,581,van,van,
7,0,7,svm_linear,583,saab,saab,
7,0,7,svm_linear,597,van,van,
7,0,7,svm_linear,598,bus,bus,
7,0,7,svm_linear,601,van,van,
7,0,7,svm_linear,611,van,van,
7,0,7,svm_linear,619,opel,opel,
7,0,7,svm_linear,622,saab,saab,
7,0,7,svm_linear,651,saab,bus,
7,0,7,svm_linear,663,saab,opel,
7,0,7,svm_linear,682,van,van,
7,0,7,svm_linear,696,saab,opel,
7,0,7,svm_linear,700,opel,opel,
7,0,7,svm_linear,709,opel,opel,
7,0,7,svm_linear,725,van,van,
7,0,7,svm_linear,750,saab,saab,
7,0,7,svm_linear,756,saab,opel,
7,0,7,svm_linear,762,van,van,
7,0,7,svm_linear,771,opel,opel,
7,0,7,svm_linear,782,opel,opel,
7,0,7,svm_linear,798,opel,opel,
7,0,7,svm_linear,810,opel,opel,
7,0,7,svm_linear,816,van,van,
7,0,7,svm_linear,823,opel,saab,
7,0,7,svm_linear,826,opel,opel,
7,0,7,svm_unscaled,5,bus,bus,
7,0,7,svm_unscaled,9,saab,opel,
7,0,7,svm_unscaled,14,bus,bus,
7,0,7,svm_unscaled,15,opel,opel,
7,0,7,svm_unscaled,30,van,van,
7,0,7,svm_unscaled,45,van,van,
7,0,7,svm_unscaled,47,bus,bus,
7,0,7,svm_unscaled,57,van,van,
7,0,7,svm_unscaled,64,bus,bus,
7,0,7,svm_unscaled,69,bus,bus,
7,0,7,svm_unscaled,75,opel,saab,
7,0,7,svm_unscaled,81,bus,bus,
7,0,7,svm_unscaled,88,bus,bus,
7,0,7,svm_unscaled,145,opel,opel,
7,0,7,svm_unscaled,155,bus,bus,
7,0,7,svm_unscaled,162,saab,saab,
7,0,7,svm_unscaled,163,saab,van,
7,0,7,svm_unscaled,164,opel,opel,
7,0,7,svm_unscaled,170,opel,saab,
7,0,7,svm_unscaled,175,bus,bus,
7,0,7,svm_unscaled,177,bus,van,
7,0,7,svm_unscaled,203,opel,opel,
7,0,7,svm_unscaled,230,van,van,
7,0,7,svm_unscaled,242,bus,bus,
7,0,7,svm_unscaled,244,van,van,
7,0,7,svm_unscaled,253,bus,bus,
7,0,7,svm_unscaled,261,saab,saab,
7,0,7,svm_unscaled,267,saab,saab,
7,0,7,svm_unscaled,279,bus,bus,
7,0,7,svm_unscaled,282,bus,bus,
7,0,7,svm_unscaled,305,bus,bus,
7,0,7,svm_unscaled,313,opel,saab,
7,0,7,svm_unscaled,316,van,van,
7,0,7,svm_unscaled,322,bus,bus,
7,0,7,svm_unscaled,340,bus,bus,
7,0,7,svm_unscaled,345,bus,bus,
7,0,7,svm_unscaled,348,van,van,
7,0,7,svm_unscaled,388,van,van,
7,0,7,svm_unscaled,392,van,van,
7,0,7,svm_unscaled,407,saab,saab,
7,0,7,svm_unscaled,410,saab,opel,
7,0,7,svm_unscaled,415,opel,opel,
7,0,7,svm_unscaled,417,bus,bus,
7,0,7,svm_unscaled,419,saab,opel,
7,0,7,svm_unscaled,425,opel,saab,
7,0,7,svm_unscaled,430,saab,opel,
7,0,7,svm_unscaled,441,van,bus,
7,0,7,svm_unscaled,454,saab,saab,
7,0,7,svm_unscaled,469,van,van,
7,0,7,svm_unscaled,476,opel,opel,
7,0,7,svm_unscaled,481,opel,opel,
7,0,7,svm_unscaled,490,saab,saab,
7,0,7,svm_unscaled,504,opel,opel,
7,0,7,svm_unscaled,517,saab,saab,
7,0,7,svm_unscaled,519,van,van,
7,0,7,svm_unscaled,536,saab,opel,
7,0,7,svm_unscaled,544,bus,bus,
7,0,7,svm_unscaled,564,bus,bus,
7,0,7,svm_unscaled,571,saab,saab,
7,0,7,svm_unscaled,581,van,van,
7,0,7,svm_unscaled,583,saab,saab,
7,0,7,svm_unscaled,597,van,van,
7,0,7,svm_unscaled,598,bus,bus,
7,0,7,svm_unscaled,601,van,van,
7,0,7,svm_unscaled,611,van,van,
7,0,7,svm_unscaled,619,opel,opel,
7,0,7,svm_unscaled,622,saab,saab,
7,0,7,svm_unscaled,651,saab,bus,
7,0,7,svm_unscaled,663,saab,saab,
7,0,7,svm_unscaled,682,van,van,
7,0,7,svm_unscaled,696,saab,opel,
7,0,7,svm_unscaled,700,opel,opel,
7,0,7,svm_unscaled,709,opel,opel,
7,0,7,svm_unscaled,725,van,van,
7,0,7,svm_unscaled,750,saab,saab,
7,0,7,svm_unscaled,756,saab,opel,
7,0,7,svm_unscaled,762,van,van,
7,0,7,svm_unscaled,771,opel,opel,
7,0,7,svm_unscaled,782,opel,opel,
7,0,7,svm_unscaled,798,opel,opel,
7,0,7,svm_unscaled,810,opel,opel,
7,0,7,svm_unscaled,816,van,van,
7,0,7,svm_unscaled,823,opel,saab,
7,0,7,svm_unscaled,826,opel,opel,
8,0,8,centroid,11,saab,van,
8,0,8,centroid,22,bus,van,
8,0,8,centroid,24,saab,opel,
8,0,8,centroid,42,van,bus,
8,0,8,centroid,89,opel,van,
8,0,8,centroid,94,bus,van,
8,0,8,centroid,105,saab,opel,
8,0,8,centroid,119,bus,opel,
8,0,8,centroid,125,van,van,
8,0,8,centroid,127,bus,van,
8,0,8,centroid,130,saab,saab,
8,0,8,centroid,133,van,van,
8,0,8,centroid,137,van,van,
8,0,8,centroid,151,bus,opel,
8,0,8,centroid,165,opel,opel,
8,0,8,centroid,172,van,van,
8,0,8,centroid,174,van,bus,
8,0,8,centroid,180,saab,opel,
8,0,8,centroid,183,saab,van,
8,0,8,centroid,197,bus,bus,
8,0,8,centroid,198,bus,bus,
8,0,8,centroid,201,saab,van,
8,0,8,centroid,202,opel,opel,
8,0,8,centroid,231,saab,van,
8,0,8,centroid,234,van,van,
8,0,8,centroid,240,opel,van,
8,0,8,centroid,245,van,van,
8,0,8,centroid,247,saab,saab,
8,0,8,centroid,257,opel,van,
8,0,8,centroid,280,opel,opel,
8,0,8,centroid,303,van,van,
8,0,8,centroid,306,saab,opel,
8,0,8,centroid,311,van,bus,
8,0,8,centroid,326,opel,saab,
8,0,8,centroid,336,van,van,
8,0,8,centroid,359,opel,opel,
8,0,8,centroid,365,saab,opel,
8,0,8,centroid,370,bus,bus,
8,0,8,centroid,379,opel,opel,
8,0,8,centroid,393,bus,bus,
8,0,8,centroid,402,opel,opel,
8,0,8,centroid,403,van,van,
8,0,8,centroid,406,opel,van,
8,0,8,centroid,434,saab,opel,
8,0,8,centroid,447,opel,opel,
8,0,8,centroid,457,van,van,
8,0,8,centroid,459,saab,saab,
8,0,8,centroid,478,bus,opel,
8,0,8,centroid,484,van,bus,
8,0,8,centroid,495,bus,bus,
8,0,8,centroid,501,opel,opel,
8,0,8,centroid,509,opel,opel,
8,0,8,centroid,523,van,van,
8,0,8,centroid,545,van,van,
8,0,8,centroid,562,saab,opel,
8,0,8,centroid,568,bus,bus,
8,0,8,centroid,576,saab,opel,
8,0,8,centroid,580,bus,van,
8,0,8,centroid,603,saab,saab,
8,0,8,centroid,612,opel,van,
8,0,8,centroid,615,opel,van,
8,0,8,centroid,620,saab,opel,
8,0,8,centroid,627,bus,van,
8,0,8,centroid,630,saab,van,
8,0,8,centroid,632,bus,bus,
8,0,8,centroid,643,bus,saab,
8,0,8,centroid,658,van,van,
8,0,8,centroid,664,van,van,
8,0,8,centroid,666,opel,saab,
8,0,8,centroid,676,bus,bus,
8,0,8,centroid,691,bus,van,
8,0,8,centroid,697,bus,van,
8,0,8,centroid,701,saab,opel,
8,0,8,centroid,723,opel,saab,
8,0,8,centroid,731,bus,opel,
8,0,8,centroid,735,opel,van,
8,0,8,centroid,736,saab,opel,
8,0,8,centroid,738,bus,opel,
8,0,8,centroid,759,van,bus,
8,0,8,centroid,760,opel,saab,
8,0,8,centroid,764,saab,opel,
8,0,8,centroid,812,bus,saab,
8,0,8,centroid,813,van,bus,
8,0,8,centroid,827,opel,opel,
8,0,8,knn,11,saab,van,
8,0,8,knn,22,bus,bus,
8,0,8,knn,24,saab,saab,
8,0,8,knn,42,van,van,
8,0,8,knn,89,opel,saab,
8,0,8,knn,94,bus,bus,
8,0,8,knn,105,saab,saab,
8,0,8,knn,119,bus,bus,
8,0,8,knn,125,van,van,
8,0,8,knn,127,bus,van,
8,0,8,knn,130,saab,saab,
8,0,8,knn,133,van,van,
8,0,8,knn,137,van,van,
8,0,8,knn,151,bus,bus,
8,0,8,knn,165,opel,opel,
8,0,8,knn,172,van,van,
8,0,8,knn,174,van,van,
8,0,8,knn,180,saab,saab,
8,0,8,knn,183,saab,opel,
8,0,8,knn,197,bus,bus,
8,0,8,knn,198,bus,bus,
8,0,8,knn,201,saab,saab,
8,0,8,knn,202,opel,saab,
8,0,8,knn,231,saab,van,
8,0,8,knn,234,van,van,
8,0,8,knn,240,opel,saab,
8,0,8,knn,245,van,van,
8,0,8,knn,247,saab,saab,
8,0,8,knn,257,opel,saab,
8,0,8,knn,280,opel,saab,
8,0,8,knn,303,van,van,
8,0,8,knn,306,saab,opel,
8,0,8,knn,311,van,van,
8,0,8,knn,326,opel,saab,
8,0,8,knn,336,van,van,
8,0,8,knn,359,opel,opel,
8,0,8,knn,365,saab,saab,
8,0,8,knn,370,bus,bus,
8,0,8,knn,379,opel,saab,
8,0,8,knn,393,bus,bus,
8,0,8,knn,402,opel,opel,
8,0,8,knn,403,van,van,
8,0,8,knn,406,opel,opel,
8,0,8,knn,434,saab,opel,
8,0,8,knn,447,opel,opel,
8,0,8,knn,457,van,bus,
8,0,8,knn,459,saab,saab,
8,0,8,knn,478,bus,bus,
8,0,8,knn,484,van,van,
8,0,8,knn,495,bus,bus,
8,0,8,knn,501,opel,opel,
8,0,8,knn,509,opel,opel,
8,0,8,knn,523,van,van,
8,0,8,knn,545,van,van,
8,0,8,knn,562,saab,opel,
8,0,8,knn,568,bus,bus,
8,0,8,knn,576,saab,saab,
8,0,8,knn,580,bus,bus,
8,0,8,knn,603,saab,saab,
8,0,8,knn,612,opel,van,
8,0,8,knn,615,opel,opel,
8,0,8,knn,620,saab,opel,
8,0,8,knn,627,bus,bus,
8,0,8,knn,630,saab,opel,
8,0,8,knn,632,bus,bus,
8,0,8,knn,643,bus,bus,
8,0,8,knn,658,van,saab,
8,0,8,knn,664,van,van,
8,0,8,knn,666,opel,saab,
8,0,8,knn,676,bus,bus,
8,0,8,knn,691,bus,bus,
8,0,8,knn,697,bus,bus,
8,0,8,knn,701,saab,saab,
8,0,8,knn,723,opel,saab,
8,0,8,knn,731,bus,bus,
8,0,8,knn,735,opel,opel,
8,0,8,knn,736,saab,opel,
8,0,8,knn,738,bus,bus,
8,0,8,knn,759,van,van,
8,0,8,knn,760,opel,saab,
8,0,8,knn,764,saab,opel,
8,0,8,knn,812,bus,bus,
8,0,8,knn,813,van,van,
8,0,8,knn,827,opel,opel,
8,0,8,svm,11,saab,van,0.1556738683901765
8,0,8,svm,22,bus,bus,2.5321044759693327
8,0,8,svm,24,saab,saab,0.25290015647741004
8,0,8,svm,42,van,van,1.9502005007972216
8,0,8,svm,89,opel,opel,0.07510820345426289
8,0,8,svm,94,bus,bus,1.3633844090006688
8,0,8,svm,105,saab,saab,0.9637685182556204
8,0,8,svm,119,bus,bus,0.49539374975093875
8,0,8,svm,125,van,van,1.1790857432132742
8,0,8,svm,127,bus,van,0.5137969654645704
8,0,8,svm,130,saab,saab,1.4545644986752522
8,0,8,svm,133,van,van,2.043268537239801
8,0,8,svm,137,van,van,1.9657625561232759
8,0,8,svm,151,bus,bus,1.7650299678773982
8,0,8,svm,165,opel,opel,1.0956260703458132
8,0,8,svm,172,van,van,1.239005261464182
8,0,8,svm,174,van,van,2.5001607907556482
8,0,8,svm,180,saab,saab,1.0234501248651808
8,0,8,svm,183,saab,van,0.18265878105974803
8,0,8,svm,197,bus,bus,1.5540357983205944
8,0,8,svm,198,bus,bus,1.5839030529679043
8,0,8,svm,201,saab,opel,0.5209324948876422
8,0,8,svm,202,opel,opel,1.1126314846991336
8,0,8,svm,231,saab,van,0.7948991767585302
8,0,8,svm,234,van,van,1.220000558163323
8,0,8,svm,240,opel,opel,1.111173876308556
8,0,8,svm,245,van,van,1.4149678328213118
8,0,8,svm,247,saab,opel,0.5191227893479571
8,0,8,svm,257,opel,opel,1.0283437115842808
8,0,8,svm,280,opel,opel,0.7302328711978685
8,0,8,svm,303,van,van,0.7394960038106033
8,0,8,svm,306,saab,saab,1.3402685831265007
8,0,8,svm,311,van,van,1.0292534847233281
8,0,8,svm,326,opel,opel,0.3743503619999933
8,0,8,svm,336,van,van,1.1703708019106605
8,0,8,svm,359,opel,opel,1.2967536164228024
8,0,8,svm,365,saab,saab,1.2783756026096968
8,0,8,svm,370,bus,bus,1.7470167370149168
8,0,8,svm,379,opel,saab,1.0652626886909764
8,0,8,svm,393,bus,bus,1.6248143625265916
8,0,8,svm,402,opel,opel,1.162894961207351
8,0,8,svm,403,van,van,1.3799707656882552
8,0,8,svm,406,opel,opel,1.8750518388762978
8,0,8,svm,434,saab,saab,1.2711740226092676
8,0,8,svm,447,opel,opel,1.0186917111173321
8,0,8,svm,457,van,bus,1.0341666557548426
8,0,8,svm,459,saab,saab,0.1290190390774102
8,0,8,svm,478,bus,bus,1.2869490400270491
8,0,8,svm,484,van,van,1.736109911470196
8,0,8,svm,495,bus,bus,1.5343642949666174
8,0,8,svm,501,opel,opel,0.8135730970808425
8,0,8,svm,509,opel,opel,1.0254809659133883
8,0,8,svm,523,van,van,0.9375251075624569
8,0,8,svm,545,van,van,2.5953800078882834
8,0,8,svm,562,saab,saab,0.5404234862622195
8,0,8,svm,568,bus,bus,1.431278113225633
8,0,8,svm,576,saab,saab,0.10878794292692717
8,0,8,svm,580,bus,bus,1.4984177496325093
8,0,8,svm,603,saab,opel,0.39455044967337827
8,0,8,svm,612,opel,van,0.6694407963755835
8,0,8,svm,615,opel,opel,1.7060176995618974
8,0,8,svm,620,saab,saab,0.6939095307278831
8,0,8,svm,627,bus,bus,1.055140670647295
8,0,8,svm,630,saab,opel,0.20724906900366236
8,0,8,svm,632,bus,bus,0.5914918291029672
8,0,8,svm,643,bus,bus,1.0721820069340202
8,0,8,svm,658,van,van,0.21175356727800004
8,0,8,svm,664,van,van,0.9828475794148092
8,0,8,svm,666,opel,saab,1.2547604232916045
8,0,8,svm,676,bus,bus,1.5829734420377435
8,0,8,svm,691,bus,bus,1.185861820733425
8,0,8,svm,697,bus,bus,2.217771561108295
8,0,8,svm,701,saab,saab,1.204575665451643
8,0,8,svm,723,opel,opel,0.29999341356020714
8,0,8,svm,731,bus,bus,1.2071569569437477
8,0,8,svm,735,opel,opel,0.4900076508506963
8,0,8,svm,736,saab,opel,0.8511078990659473
8,0,8,svm,738,bus,bus,1.2626431552763486
8,0,8,svm,759,van,van,2.5054851721185343
8,0,8,svm,760,opel,opel,0.8475295414376838
8,0,8,svm,764,saab,saab,1.0928039839030266
8,0,8,svm,812,bus,bus,1.99531708507895
8,0,8,svm,813,van,van,2.132113561381423
8,0,8,svm,827,opel,opel,0.9657259375404146
8,0,8,mlp,11,saab,saab,
8,0,8,mlp,22,bus,bus,
8,0,8,mlp,24,saab,opel,
8,0,8,mlp,42,van,van,
8,0,8,mlp,89,opel,opel,
8,0,8,mlp,94,bus,bus,
8,0,8,mlp,105,saab,saab,
8,0,8,mlp,119,bus,bus,
8,0,8,mlp,125,van,van,
8,0,8,mlp,127,bus,van,
8,0,8,mlp,130,saab,saab,
8,0,8,mlp,133,van,van,
8,0,8,mlp,137,van,van,
8,0,8,mlp,151,bus,bus,
8,0,8,mlp,165,opel,opel,
8,0,8,mlp,172,van,van,
8,0,8,mlp,174,van,van,
8,0,8,mlp,180,saab,opel,
8,0,8,mlp,183,saab,saab,
8,0,8,mlp,197,bus,bus,
8,0,8,mlp,198,bus,bus,
8,0,8,mlp,201,saab,saab,
8,0,8,mlp,202,opel,opel,
8,0,8,mlp,231,saab,saab,
8,0,8,mlp,234,van,van,
8,0,8,mlp,240,opel,saab,
8,0,8,mlp,245,van,van,
8,0,8,mlp,247,saab,opel,
8,0,8,mlp,257,opel,saab,
8,0,8,mlp,280,opel,opel,
8,0,8,mlp,303,van,van,
8,0,8,mlp,306,saab,saab,
8,0,8,mlp,311,van,van,
8,0,8,mlp,326,opel,saab,
8,0,8,mlp,336,van,van,
8,0,8,mlp,359,opel,opel,
8,0,8,mlp,365,saab,saab,
8,0,8,mlp,370,bus,bus,
8,0,8,mlp,379,opel,opel,
8,0,8,mlp,393,bus,bus,
8,0,8,mlp,402,opel,opel,
8,0,8,mlp,403,van,van,
8,0,8,mlp,406,opel,opel,
8,0,8,mlp,434,saab,saab,
8,0,8,mlp,447,opel,opel,
8,0,8,mlp,457,van,bus,
8,0,8,mlp,459,saab,saab,
8,0,8,mlp,478,bus,bus,
8,0,8,mlp,484,van,van,
8,0,8,mlp,495,bus,bus,
8,0,8,mlp,501,opel,opel,
8,0,8,mlp,509,opel,opel,
8,0,8,mlp,523,van,van,
8,0,8,mlp,545,van,van,
8,0,8,mlp,562,saab,saab,
8,0,8,mlp,568,bus,bus,
8,0,8,mlp,576,saab,saab,
8,0,8,mlp,580,bus,bus,
8,0,8,mlp,603,saab,saab,
8,0,8,mlp,612,opel,van,
8,0,8,mlp,615,opel,saab,
8,0,8,mlp,620,saab,saab,
8,0,8,mlp,627,bus,bus,
8,0,8,mlp,630,saab,saab,
8,0,8,mlp,632,bus,bus,
8,0,8,mlp,643,bus,bus,
8,0,8,mlp,658,van,van,
8,0,8,mlp,664,van,van,
8,0,8,mlp,666,opel,saab,
8,0,8,mlp,676,bus,bus,
8,0,8,mlp,691,bus,bus,
8,0,8,mlp,697,bus,bus,
8,0,8,mlp,701,saab,saab,
8,0,8,mlp,723,opel,saab,
8,0,8,mlp,731,bus,bus,
8,0,8,mlp,735,opel,saab,
8,0,8,mlp,736,saab,opel,
8,0,8,mlp,738,bus,bus,
8,0,8,mlp,759,van,van,
8,0,8,mlp,760,opel,saab,
8,0,8,mlp,764,saab,saab,
8,0,8,mlp,812,bus,bus,
8,0,8,mlp,813,van,van,
8,0,8,mlp,827,opel,opel,
8,0,8,rbf,11,saab,van,
8,0,8,rbf,22,bus,bus,
8,0,8,rbf,24,saab,opel,
8,0,8,rbf,42,van,van,
8,0,8,rbf,89,opel,van,
8,0,8,rbf,94,bus,bus,
8,0,8,rbf,105,saab,saab,
8,0,8,rbf,119,bus,bus,
8,0,8,rbf,125,van,van,
8,0,8,rbf,127,bus,van,
8,0,8,rbf,130,saab,saab,
8,0,8,rbf,133,van,van,
8,0,8,rbf,137,van,van,
8,0,8,rbf,151,bus,bus,
8,0,8,rbf,165,opel,opel,
8,0,8,rbf,172,van,van,
8,0,8,rbf,174,van,van,
8,0,8,rbf,180,saab,opel,
8,0,8,rbf,183,saab,van,
8,0,8,rbf,197,bus,bus,
8,0,8,rbf,198,bus,bus,
8,0,8,rbf,201,saab,saab,
8,0,8,rbf,202,opel,opel,
8,0,8,rbf,231,saab,van,
8,0,8,rbf,234,van,van,
8,0,8,rbf,240,opel,saab,
8,0,8,rbf,245,van,van,
8,0,8,rbf,247,saab,saab,
8,0,8,rbf,257,opel,saab,
8,0,8,rbf,280,opel,saab,
8,0,8,rbf,303,van,van,
8,0,8,rbf,306,saab,saab,
8,0,8,rbf,311,van,van,
8,0,8,rbf,326,opel,saab,
8,0,8,rbf,336,van,van,
8,0,8,rbf,359,opel,saab,
8,0,8,rbf,365,saab,saab,
8,0,8,rbf,370,bus,bus,
8,0,8,rbf,379,opel,opel,
8,0,8,rbf,393,bus,bus,
8,0,8,rbf,402,opel,opel,
8,0,8,rbf,403,van,van,
8,0,8,rbf,406,opel,opel,
8,0,8,rbf,434,saab,saab,
8,0,8,rbf,447,opel,opel,
8,0,8,rbf,457,van,bus,
8,0,8,rbf,459,saab,saab,
8,0,8,rbf,478,bus,bus,
8,0,8,rbf,484,van,van,
8,0,8,rbf,495,bus,bus,
8,0,8,rbf,501,opel,opel,
8,0,8,rbf,509,opel,opel,
8,0,8,rbf,523,van,van,
8,0,8,rbf,545,van,van,
8,0,8,rbf,562,saab,saab,
8,0,8,rbf,568,bus,bus,
8,0,8,rbf,576,saab,saab,
8,0,8,rbf,580,bus,bus,
8,0,8,rbf,603,saab,saab,
8,0,8,rbf,612,opel,van,
8,0,8,rbf,615,opel,opel,
8,0,8,rbf,620,saab,opel,
8,0,8,rbf,627,bus,bus,
8,0,8,rbf,630,saab,van,
8,0,8,rbf,632,bus,bus,
8,0,8,rbf,643,bus,bus,
8,0,8,rbf,658,van,van,
8,0,8,rbf,664,van,van,
8,0,8,rbf,666,opel,saab,
8,0,8,rbf,676,bus,bus,
8,0,8,rbf,691,bus,bus,
8,0,8,rbf,697,bus,bus,
8,0,8,rbf,701,saab,saab,
8,0,8,rbf,723,opel,saab,
8,0,8,rbf,731,bus,bus,
8,0,8,rbf,735,opel,saab,
8,0,8,rbf,736,saab,opel,
8,0,8,rbf,738,bus,bus,
8,0,8,rbf,759,van,van,
8,0,8,rbf,760,opel,saab,
8,0,8,rbf,764,saab,saab,
8,0,8,rbf,812,bus,bus,
8,0,8,rbf,813,van,van,
8,0,8,rbf,827,opel,opel,
8,0,8,svm_linear,11,saab,saab,
8,0,8,svm_linear,22,bus,bus,
8,0,8,svm_linear,24,saab,opel,
8,0,8,svm_linear,42,van,van,
8,0,8,svm_linear,89,opel,opel,
8,0,8,svm_linear,94,bus,bus,
8,0,8,svm_linear,105,saab,saab,
8,0,8,svm_linear,119,bus,bus,
8,0,8,svm_linear,125,van,van,
8,0,8,svm_linear,127,bus,van,
8,0,8,svm_linear,130,saab,saab,
8,0,8,svm_linear,133,van,van,
8,0,8,svm_linear,137,van,van,
8,0,8,svm_linear,151,bus,bus,
8,0,8,svm_linear,165,opel,opel,
8,0,8,svm_linear,172,van,van,
8,0,8,svm_linear,174,van,van,
8,0,8,svm_linear,180,saab,opel,
8,0,8,svm_linear,183,saab,saab,
8,0,8,svm_linear,197,bus,bus,
8,0,8,svm_linear,198,bus,bus,
8,0,8,svm_linear,201,saab,opel,
8,0,8,svm_linear,202,opel,saab,
8,0,8,svm_linear,231,saab,van,
8,0,8,svm_linear,234,van,van,
8,0,8,svm_linear,240,opel,opel,
8,0,8,svm_linear,245,van,van,
8,0,8,svm_linear,247,saab,opel,
8,0,8,svm_linear,257,opel,opel,
8,0,8,svm_linear,280,opel,opel,
8,0,8,svm_linear,303,van,van,
8,0,8,svm_linear,306,saab,saab,
8,0,8,svm_linear,311,van,van,
8,0,8,svm_linear,326,opel,saab,
8,0,8,svm_linear,336,van,van,
8,0,8,svm_linear,359,opel,opel,
8,0,8,svm_linear,365,saab,saab,
8,0,8,svm_linear,370,bus,bus,
8,0,8,svm_linear,379,opel,opel,
8,0,8,svm_linear,393,bus,bus,
8,0,8,svm_linear,402,opel,opel,
8,0,8,svm_linear,403,van,van,
8,0,8,svm_linear,406,opel,opel,
8,0,8,svm_linear,434,saab,saab,
8,0,8,svm_linear,447,opel,opel,
8,0,8,svm_linear,457,van,bus,
8,0,8,svm_linear,459,saab,saab,
8,0,8,svm_linear,478,bus,bus,
8,0,8,svm_linear,484,van,van,
8,0,8,svm_linear,495,bus,bus,
8,0,8,svm_linear,501,opel,opel,
8,0,8,svm_linear,509,opel,opel,
8,0,8,svm_linear,523,van,van,
8,0,8,svm_linear,545,van,van,
8,0,8,svm_linear,562,saab,saab,
8,0,8,svm_linear,568,bus,bus,
8,0,8,svm_linear,576,saab,saab,
8,0,8,svm_linear,580,bus,bus,
8,0,8,svm_linear,603,saab,saab,
8,0,8,svm_linear,612,opel,van,
8,0,8,svm_linear,615,opel,opel,
8,0,8,svm_linear,620,saab,saab,
8,0,8,svm_linear,627,bus,bus,
8,0,8,svm_linear,630,saab,saab,
8,0,8,svm_linear,632,bus,bus,
8,0,8,svm_linear,643,bus,bus,
8,0,8,svm_linear,658,van,van,
8,0,8,svm_linear,664,van,van,
8,0,8,svm_linear,666,opel,saab,
8,0,8,svm_linear,676,bus,bus,
8,0,8,svm_linear,691,bus,bus,
8,0,8,svm_linear,697,bus,bus,
8,0,8,svm_linear,701,saab,saab,
8,0,8,svm_linear,723,opel,saab,
8,0,8,svm_linear,731,bus,bus,
8,0,8,svm_linear,735,opel,opel,
8,0,8,svm_linear,736,saab,opel,
8,0,8,svm_linear,738,bus,bus,
8,0,8,svm_linear,759,van,van,
8,0,8,svm_linear,760,opel,saab,
8,0,8,svm_linear,764,saab,saab,
8,0,8,svm_linear,812,bus,bus,
8,0,8,svm_linear,813,van,van,
8,0,8,svm_linear,827,opel,opel,
8,0,8,svm_unscaled,11,saab,opel,
8,0,8,svm_unscaled,22,bus,bus,
8,0,8,svm_unscaled,24,saab,opel,
8,0,8,svm_unscaled,42,van,van,
8,0,8,svm_unscaled,89,opel,van,
8,0,8,svm_unscaled,94,bus,bus,
8,0,8,svm_unscaled,105,saab,saab,
8,0,8,svm_unscaled,119,bus,bus,
8,0,8,svm_unscaled,125,van,van,
8,0,8,svm_unscaled,127,bus,bus,
8,0,8,svm_unscaled,130,saab,saab,
8,0,8,svm_unscaled,133,van,van,
8,0,8,svm_unscaled,137,van,van,
8,0,8,svm_unscaled,151,bus,bus,
8,0,8,svm_unscaled,165,opel,opel,
8,0,8,svm_unscaled,172,van,van,
8,0,8,svm_unscaled,174,van,van,
8,0,8,svm_unscaled,180,saab,saab,
8,0,8,svm_unscaled,183,saab,van,
8,0,8,svm_unscaled,197,bus,bus,
8,0,8,svm_unscaled,198,bus,bus,
8,0,8,svm_unscaled,201,saab,saab,
8,0,8,svm_unscaled,202,opel,saab,
8,0,8,svm_unscaled,231,saab,van,
8,0,8,svm_unscaled,234,van,van,
8,0,8,svm_unscaled,240,opel,saab,
8,0,8,svm_unscaled,245,van,van,
8,0,8,svm_unscaled,247,saab,saab,
8,0,8,svm_unscaled,257,opel,saab,
8,0,8,svm_unscaled,280,opel,saab,
8,0,8,svm_unscaled,303,van,van,
8,0,8,svm_unscaled,306,saab,saab,
8,0,8,svm_unscaled,311,van,van,
8,0,8,svm_unscaled,326,opel,saab,
8,0,8,svm_unscaled,336,van,van,
8,0,8,svm_unscaled,359,opel,saab,
8,0,8,svm_unscaled,365,saab,saab,
8,0,8,svm_unscaled,370,bus,bus,
8,0,8,svm_unscaled,379,opel,opel,
8,0,8,svm_unscaled,393,bus,bus,
8,0,8,svm_unscaled,402,opel,opel,
8,0,8,svm_unscaled,403,van,van,
8,0,8,svm_unscaled,406,opel,opel,
8,0,8,svm_unscaled,434,saab,saab,
8,0,8,svm_unscaled,447,opel,opel,
8,0,8,svm_unscaled,457,van,bus,
8,0,8,svm_unscaled,459,saab,saab,
8,0,8,svm_unscaled,478,bus,bus,
8,0,8,svm_unscaled,484,van,van,
8,0,8,svm_unscaled,495,bus,bus,
8,0,8,svm_unscaled,501,opel,opel,
8,0,8,svm_unscaled,509,opel,opel,
8,0,8,svm_unscaled,523,van,van,
8,0,8,svm_unscaled,545,van,van,
8,0,8,svm_unscaled,562,saab,saab,
8,0,8,svm_unscaled,568,bus,bus,
8,0,8,svm_unscaled,576,saab,saab,
8,0,8,svm_unscaled,580,bus,bus,
8,0,8,svm_unscaled,603,saab,saab,
8,0,8,svm_unscaled,612,opel,van,
8,0,8,svm_unscaled,615,opel,saab,
8,0,8,svm_unscaled,620,saab,opel,
8,0,8,svm_unscaled,627,bus,bus,
8,0,8,svm_unscaled,630,saab,saab,
8,0,8,svm_unscaled,632,bus,bus,
8,0,8,svm_unscaled,643,bus,bus,
8,0,8,svm_unscaled,658,van,van,
8,0,8,svm_unscaled,664,van,van,
8,0,8,svm_unscaled,666,opel,saab,
8,0,8,svm_unscaled,676,bus,bus,
8,0,8,svm_unscaled,691,bus,bus,
8,0,8,svm_unscaled,697,bus,bus,
8,0,8,svm_unscaled,701,saab,saab,
8,0,8,svm_unscaled,723,opel,saab,
8,0,8,svm_unscaled,731,bus,bus,
8,0,8,svm_unscaled,735,opel,saab,
8,0,8,svm_unscaled,736,saab,opel,
8,0,8,svm_unscaled,738,bus,bus,
8,0,8,svm_unscaled,759,van,van,
8,0,8,svm_unscaled,760,opel,saab,
8,0,8,svm_unscaled,764,saab,saab,
8,0,8,svm_unscaled,812,bus,bus,
8,0,8,svm_unscaled,813,van,van,
8,0,8,svm_unscaled,827,opel,opel,
9,0,9,centroid,13,van,van,
9,0,9,centroid,16,van,van,
9,0,9,centroid,18,saab,opel,
9,0,9,centroid,25,van,van,
9,0,9,centroid,26,saab,van,
9,0,9,centroid,28,bus,saab,
9,0,9,centroid,49,saab,opel,
9,0,9,centroid,58,opel,opel,
9,0,9,centroid,67,opel,opel,
9,0,9,centroid,73,opel,van,
9,0,9,centroid,76,saab,bus,
9,0,9,centroid,85,bus,opel,
9,0,9,centroid,87,van,van,
9,0,9,centroid,93,van,bus,
9,0,9,centroid,95,opel,opel,
9,0,9,centroid,104,bus,opel,
9,0,9,centroid,111,van,bus,
9,0,9,centroid,121,van,bus,
9,0,9,centroid,126,bus,van,
9,0,9,centroid,129,bus,saab,
9,0,9,centroid,132,saab,saab,
9,0,9,centroid,140,saab,van,
9,0,9,centroid,154,van,van,
9,0,9,centroid,157,van,van,
9,0,9,centroid,160,opel,van,
9,0,9,centroid,171,bus,opel,
9,0,9,centroid,178,bus,van,
9,0,9,centroid,182,bus,van,
9,0,9,centroid,186,bus,saab,
9,0,9,centroid,188,opel,opel,
9,0,9,centroid,191,van,van,
9,0,9,centroid,193,bus,opel,
9,0,9,centroid,200,van,bus,
9,0,9,centroid,204,van,van,
9,0,9,centroid,229,saab,bus,
9,0,9,centroid,250,van,van,
9,0,9,centroid,256,saab,van,
9,0,9,centroid,259,opel,opel,
9,0,9,centroid,264,saab,saab,
9,0,9,centroid,270,bus,bus,
9,0,9,centroid,274,bus,opel,
9,0,9,centroid,286,bus,van,
9,0,9,centroid,292,bus,bus,
9,0,9,centroid,323,saab,saab,
9,0,9,centroid,332,opel,opel,
9,0,9,centroid,334,bus,opel,
9,0,9,centroid,343,opel,opel,
9,0,9,centroid,383,opel,opel,
9,0,9,centroid,384,opel,van,
9,0,9,centroid,412,bus,bus,
9,0,9,centroid,418,bus,bus,
9,0,9,centroid,421,opel,opel,
9,0,9,centroid,422,saab,van,
9,0,9,centroid,428,saab,saab,
9,0,9,centroid,474,opel,van,
9,0,9,centroid,488,opel,van,
9,0,9,centroid,503,saab,van,
9,0,9,centroid,513,saab,van,
9,0,9,centroid,515,opel,van,
9,0,9,centroid,520,saab,opel,
9,0,9,centroid,524,opel,opel,
9,0,9,centroid,577,opel,opel,
9,0,9,centroid,578,opel,saab,
9,0,9,centroid,582,saab,saab,
9,0,9,centroid,587,opel,van,
9,0,9,centroid,606,van,van,
9,0,9,centroid,614,saab,van,
9,0,9,centroid,624,saab,van,
9,0,9,centroid,637,bus,bus,
9,0,9,centroid,656,bus,van,
9,0,9,centroid,669,bus,bus,
9,0,9,centroid,674,saab,van,
9,0,9,centroid,712,saab,saab,
9,0,9,centroid,714,bus,van,
9,0,9,centroid,719,saab,saab,
9,0,9,centroid,724,van,van,
9,0,9,centroid,729,opel,opel,
9,0,9,centroid,734,van,van,
9,0,9,centroid,742,opel,van,
9,0,9,centroid,791,van,van,
9,0,9,centroid,815,bus,bus,
9,0,9,centroid,817,saab,saab,
9,0,9,centroid,829,van,bus,
9,0,9,centroid,838,van,van,
9,0,9,knn,13,van,van,
9,0,9,knn,16,van,saab,
9,0,9,knn,18,saab,opel,
9,0,9,knn,25,van,van,
9,0,9,knn,26,saab,opel,
9,0,9,knn,28,bus,bus,
9,0,9,knn,49,saab,saab,
9,0,9,knn,58,opel,saab,
9,0,9,knn,67,opel,opel,
9,0,9,knn,73,opel,opel,
9,0,9,knn,76,saab,opel,
9,0,9,knn,85,bus,bus,
9,0,9,knn,87,van,van,
9,0,9,knn,93,van,van,
9,0,9,knn,95,opel,opel,
9,0,9,knn,104,bus,bus,
9,0,9,knn,111,van,van,
9,0,9,knn,121,van,van,
9,0,9,knn,126,bus,bus,
9,0,9,knn,129,bus,opel,
9,0,9,knn,132,saab,saab,
9,0,9,knn,140,saab,saab,
9,0,9,knn,154,van,bus,
9,0,9,knn,157,van,van,
9,0,9,knn,160,opel,saab,
9,0,9,knn,171,bus,bus,
9,0,9,knn,178,bus,bus,
9,0,9,knn,182,bus,van,
9,0,9,knn,186,bus,bus,
9,0,9,knn,188,opel,saab,
9,0,9,knn,191,van,van,
9,0,9,knn,193,bus,bus,
9,0,9,knn,200,van,van,
9,0,9,knn,204,van,van,
9,0,9,knn,229,saab,bus,
9,0,9,knn,250,van,van,
9,0,9,knn,256,saab,opel,
9,0,9,knn,259,opel,opel,
9,0,9,knn,264,saab,opel,
9,0,9,knn,270,bus,bus,
9,0,9,knn,274,bus,bus,
9,0,9,knn,286,bus,bus,
9,0,9,knn,292,bus,bus,
9,0,9,knn,323,saab,saab,
9,0,9,knn,332,opel,opel,
9,0,9,knn,334,bus,bus,
9,0,9,knn,343,opel,opel,
9,0,9,knn,383,opel,saab,
9,0,9,knn,384,opel,van,
9,0,9,knn,412,bus,bus,
9,0,9,knn,418,bus,bus,
9,0,9,knn,421,opel,opel,
9,0,9,knn,422,saab,van,
9,0,9,knn,428,saab,saab,
9,0,9,knn,474,opel,bus,
9,0,9,knn,488,opel,saab,
9,0,9,knn,503,saab,saab,
9,0,9,knn,513,saab,opel,
9,0,9,knn,515,opel,opel,
9,0,9,knn,520,saab,saab,
9,0,9,knn,524,opel,saab,
9,0,9,knn,577,opel,saab,
9,0,9,knn,578,opel,opel,
9,0,9,knn,582,saab,saab,
9,0,9,knn,587,opel,opel,
9,0,9,knn,606,van,van,
9,0,9,knn,614,saab,opel,
9,0,9,knn,624,saab,saab,
9,0,9,knn,637,bus,bus,
9,0,9,knn,656,bus,bus,
9,0,9,knn,669,bus,bus,
9,0,9,knn,674,saab,bus,
9,0,9,knn,712,saab,saab,
9,0,9,knn,714,bus,bus,
9,0,9,knn,719,saab,saab,
9,0,9,knn,724,van,van,
9,0,9,knn,729,opel,opel,
9,0,9,knn,734,van,bus,
9,0,9,knn,742,opel,van,
9,0,9,knn,791,van,van,
9,0,9,knn,815,bus,bus,
9,0,9,knn,817,saab,saab,
9,0,9,knn,829,van,van,
9,0,9,knn,838,van,van,
9,0,9,svm,13,van,van,1.164680234486359
9,0,9,svm,16,van,van,1.4156290719558071
9,0,9,svm,18,saab,saab,0.9789902649652253
9,0,9,svm,25,van,van,1.5134945834915317
9,0,9,svm,26,saab,opel,0.2890775595344106
9,0,9,svm,28,bus,bus,2.5158564797520926
9,0,9,svm,49,saab,saab,1.25802459956875
9,0,9,svm,58,opel,saab,0.5644690688253409
9,0,9,svm,67,opel,opel,1.9438584582229526
9,0,9,svm,73,opel,opel,1.1377617053648859
9,0,9,svm,76,saab,opel,0.2181618735337505
9,0,9,svm,85,bus,bus,1.5888462775837415
9,0,9,svm,87,van,van,1.5131599472890556
9,0,9,svm,93,van,van,2.6802111271490228
9,0,9,svm,95,opel,opel,1.5084813903047358
9,0,9,svm,104,bus,bus,2.5195361849227256
9,0,9,svm,111,van,van,1.8623142498172842
9,0,9,svm,121,van,van,1.5581975718766716
9,0,9,svm,126,bus,bus,0.7247874066440584
9,0,9,svm,129,bus,bus,0.33907325289926593
9,0,9,svm,132,saab,saab,0.042671817481414465
9,0,9,svm,140,saab,opel,0.06695834392993127
9,0,9,svm,154,van,van,1.2279028223364992
9,0,9,svm,157,van,van,3.2296634511453237
9,0,9,svm,160,opel,opel,0.5220799730556731
9,0,9,svm,171,bus,bus,2.459217746118335
9,0,9,svm,178,bus,bus,0.7729438771784087
9,0,9,svm,182,bus,bus,1.6540866634652116
9,0,9,svm,186,bus,bus,1.2684858263073542
9,0,9,svm,188,opel,saab,0.8793450907940201
9,0,9,svm,191,van,van,0.9512871398156012
9,0,9,svm,193,bus,bus,1.4884959183407078
9,0,9,svm,200,van,van,2.6326096481716905
9,0,9,svm,204,van,van,2.360944872322365
9,0,9,svm,229,saab,bus,0.10747843091398135
9,0,9,svm,250,van,van,1.831585403069242
9,0,9,svm,256,saab,opel,0.561104311554578
9,0,9,svm,259,opel,opel,1.9097559750287498
9,0,9,svm,264,saab,saab,0.9852167185109
9,0,9,svm,270,bus,bus,2.1491135959366607
9,0,9,svm,274,bus,bus,1.482543305373547
9,0,9,svm,286,bus,bus,0.7197096683730603
9,0,9,svm,292,bus,bus,1.7109475543876576
9,0,9,svm,323,saab,saab,0.4441562862120154
9,0,9,svm,332,opel,opel,1.5373398650533812
9,0,9,svm,334,bus,bus,0.5796827190645102
9,0,9,svm,343,opel,opel,1.9440902503477044
9,0,9,svm,383,opel,opel,0.6557701995831504
9,0,9,svm,384,opel,saab,0.834426900697436
9,0,9,svm,412,bus,bus,1.7138844448545116
9,0,9,svm,418,bus,bus,1.9080463397391556
9,0,9,svm,421,opel,opel,1.9369897183757114
9,0,9,svm,422,saab,opel,0.6799059094099018
9,0,9,svm,428,saab,saab,1.8376052215096141
9,0,9,svm,474,opel,opel,0.7986365710097569
9,0,9,svm,488,opel,opel,0.6524858523038599
9,0,9,svm,503,saab,saab,1.3271202759790826
9,0,9,svm,513,saab,opel,0.9440375204843914
9,0,9,svm,515,opel,opel,0.5751653332778712
9,0,9,svm,520,saab,opel,0.5069401312423079
9,0,9,svm,524,opel,saab,0.07690523774591362
9,0,9,svm,577,opel,saab,0.4868109663986946
9,0,9,svm,578,opel,opel,0.43367170781289666
9,0,9,svm,582,saab,saab,0.794460174507643
9,0,9,svm,587,opel,opel,1.1976637278141649
9,0,9,svm,606,van,van,1.1703267861493858
9,0,9,svm,614,saab,saab,1.1312293067298627
9,0,9,svm,624,saab,opel,0.47791097913046166
9,0,9,svm,637,bus,bus,1.2288023430313229
9,0,9,svm,656,bus,bus,1.0423097720933083
9,0,9,svm,669,bus,bus,1.697198008348705
9,0,9,svm,674,saab,saab,0.20217613621182728
9,0,9,svm,712,saab,saab,1.1010439329852435
9,0,9,svm,714,bus,bus,1.8669387943350881
9,0,9,svm,719,saab,saab,1.781241281373957
9,0,9,svm,724,van,van,1.8656976652698072
9,0,9,svm,729,opel,opel,0.5216849866548525
9,0,9,svm,734,van,van,1.3154340335466332
9,0,9,svm,742,opel,saab,0.01687842135512929
9,0,9,svm,791,van,van,1.1499861908838898
9,0,9,svm,815,bus,bus,1.3424104517694855
9,0,9,svm,817,saab,saab,1.4552850320105595
9,0,9,svm,829,van,van,2.194499019073093
9,0,9,svm,838,van,van,1.503816590492609
9,0,9,mlp,13,van,van,
9,0,9,mlp,16,van,van,
9,0,9,mlp,18,saab,saab,
9,0,9,mlp,25,van,van,
9,0,9,mlp,26,saab,saab,
9,0,9,mlp,28,bus,bus,
9,0,9,mlp,49,saab,saab,
9,0,9,mlp,58,opel,saab,
9,0,9,mlp,67,opel,opel,
9,0,9,mlp,73,opel,opel,
9,0,9,mlp,76,saab,opel,
9,0,9,mlp,85,bus,bus,
9,0,9,mlp,87,van,van,
9,0,9,mlp,93,van,van,
9,0,9,mlp,95,opel,opel,
9,0,9,mlp,104,bus,bus,
9,0,9,mlp,111,van,van,
9,0,9,mlp,121,van,van,
9,0,9,mlp,126,bus,bus,
9,0,9,mlp,129,bus,bus,
9,0,9,mlp,132,saab,saab,
9,0,9,mlp,140,saab,opel,
9,0,9,mlp,154,van,van,
9,0,9,mlp,157,van,van,
9,0,9,mlp,160,opel,saab,
9,0,9,mlp,171,bus,bus,
9,0,9,mlp,178,bus,bus,
9,0,9,mlp,182,bus,bus,
9,0,9,mlp,186,bus,bus,
9,0,9,mlp,188,opel,saab,
9,0,9,mlp,191,van,van,
9,0,9,mlp,193,bus,bus,
9,0,9,mlp,200,van,van,
9,0,9,mlp,204,van,van,
9,0,9,mlp,229,saab,saab,
9,0,9,mlp,250,van,van,
9,0,9,mlp,256,saab,saab,
9,0,9,mlp,259,opel,opel,
9,0,9,mlp,264,saab,saab,
9,0,9,mlp,270,bus,bus,
9,0,9,mlp,274,bus,bus,
9,0,9,mlp,286,bus,bus,
9,0,9,mlp,292,bus,bus,
9,0,9,mlp,323,saab,saab,
9,0,9,mlp,332,opel,opel,
9,0,9,mlp,334,bus,bus,
9,0,9,mlp,343,opel,opel,
9,0,9,mlp,383,opel,opel,
9,0,9,mlp,384,opel,saab,
9,0,9,mlp,412,bus,bus,
9,0,9,mlp,418,bus,bus,
9,0,9,mlp,421,opel,opel,
9,0,9,mlp,422,saab,opel,
9,0,9,mlp,428,saab,saab,
9,0,9,mlp,474,opel,opel,
9,0,9,mlp,488,opel,opel,
9,0,9,mlp,503,saab,saab,
9,0,9,mlp,513,saab,opel,
9,0,9,mlp,515,opel,opel,
9,0,9,mlp,520,saab,opel,
9,0,9,mlp,524,opel,opel,
9,0,9,mlp,577,opel,saab,
9,0,9,mlp,578,opel,opel,
9,0,9,mlp,582,saab,saab,
9,0,9,mlp,587,opel,opel,
9,0,9,mlp,606,van,van,
9,0,9,mlp,614,saab,saab,
9,0,9,mlp,624,saab,saab,
9,0,9,mlp,637,bus,bus,
9,0,9,mlp,656,bus,bus,
9,0,9,mlp,669,bus,bus,
9,0,9,mlp,674,saab,saab,
9,0,9,mlp,712,saab,saab,
9,0,9,mlp,714,bus,bus,
9,0,9,mlp,719,saab,saab,
9,0,9,mlp,724,van,van,
9,0,9,mlp,729,opel,saab,
9,0,9,mlp,734,van,van,
9,0,9,mlp,742,opel,saab,
9,0,9,mlp,791,van,van,
9,0,9,mlp,815,bus,bus,
9,0,9,mlp,817,saab,saab,
9,0,9,mlp,829,van,van,
9,0,9,mlp,838,van,van,
9,0,9,rbf,13,van,van,
9,0,9,rbf,16,van,van,
9,0,9,rbf,18,saab,opel,
9,0,9,rbf,25,van,van,
9,0,9,rbf,26,saab,saab,
9,0,9,rbf,28,bus,bus,
9,0,9,rbf,49,saab,opel,
9,0,9,rbf,58,opel,saab,
9,0,9,rbf,67,opel,opel,
9,0,9,rbf,73,opel,opel,
9,0,9,rbf,76,saab,opel,
9,0,9,rbf,85,bus,bus,
9,0,9,rbf,87,van,van,
9,0,9,rbf,93,van,van,
9,0,9,rbf,95,opel,saab,
9,0,9,rbf,104,bus,bus,
9,0,9,rbf,111,van,van,
9,0,9,rbf,121,van,van,
9,0,9,rbf,126,bus,bus,
9,0,9,rbf,129,bus,bus,
9,0,9,rbf,132,saab,saab,
9,0,9,rbf,140,saab,opel,
9,0,9,rbf,154,van,van,
9,0,9,rbf,157,van,van,
9,0,9,rbf,160,opel,bus,
9,0,9,rbf,171,bus,bus,
9,0,9,rbf,178,bus,bus,
9,0,9,rbf,182,bus,bus,
9,0,9,rbf,186,bus,bus,
9,0,9,rbf,188,opel,saab,
9,0,9,rbf,191,van,van,
9,0,9,rbf,193,bus,bus,
9,0,9,rbf,200,van,van,
9,0,9,rbf,204,van,van,
9,0,9,rbf,229,saab,bus,
9,0,9,rbf,250,van,van,
9,0,9,rbf,256,saab,opel,
9,0,9,rbf,259,opel,opel,
9,0,9,rbf,264,saab,saab,
9,0,9,rbf,270,bus,bus,
9,0,9,rbf,274,bus,bus,
9,0,9,rbf,286,bus,bus,
9,0,9,rbf,292,bus,bus,
9,0,9,rbf,323,saab,saab,
9,0,9,rbf,332,opel,opel,
9,0,9,rbf,334,bus,bus,
9,0,9,rbf,343,opel,opel,
9,0,9,rbf,383,opel,saab,
9,0,9,rbf,384,opel,van,
9,0,9,rbf,412,bus,bus,
9,0,9,rbf,418,bus,bus,
9,0,9,rbf,421,opel,opel,
9,0,9,rbf,422,saab,opel,
9,0,9,rbf,428,saab,saab,
9,0,9,rbf,474,opel,saab,
9,0,9,rbf,488,opel,opel,
9,0,9,rbf,503,saab,saab,
9,0,9,rbf,513,saab,opel,
9,0,9,rbf,515,opel,bus,
9,0,9,rbf,520,saab,opel,
9,0,9,rbf,524,opel,opel,
9,0,9,rbf,577,opel,saab,
9,0,9,rbf,578,opel,opel,
9,0,9,rbf,582,saab,saab,
9,0,9,rbf,587,opel,saab,
9,0,9,rbf,606,van,van,
9,0,9,rbf,614,saab,opel,
9,0,9,rbf,624,saab,opel,
9,0,9,rbf,637,bus,bus,
9,0,9,rbf,656,bus,bus,
9,0,9,rbf,669,bus,bus,
9,0,9,rbf,674,saab,saab,
9,0,9,rbf,712,saab,saab,
9,0,9,rbf,714,bus,bus,
9,0,9,rbf,719,saab,saab,
9,0,9,rbf,724,van,van,
9,0,9,rbf,729,opel,saab,
9,0,9,rbf,734,van,van,
9,0,9,rbf,742,opel,van,
9,0,9,rbf,791,van,van,
9,0,9,rbf,815,bus,bus,
9,0,9,rbf,817,saab,saab,
9,0,9,rbf,829,van,van,
9,0,9,rbf,838,van,van,
9,0,9,svm_linear,13,van,van,
9,0,9,svm_linear,16,van,van,
9,0,9,svm_linear,18,saab,saab,
9,0,9,svm_linear,25,van,van,
9,0,9,svm_linear,26,saab,saab,
9,0,9,svm_linear,28,bus,bus,
9,0,9,svm_linear,49,saab,opel,
9,0,9,svm_linear,58,opel,saab,
9,0,9,svm_linear,67,opel,opel,
9,0,9,svm_linear,73,opel,saab,
9,0,9,svm_linear,76,saab,saab,
9,0,9,svm_linear,85,bus,bus,
9,0,9,svm_linear,87,van,van,
9,0,9,svm_linear,93,van,van,
9,0,9,svm_linear,95,opel,opel,
9,0,9,svm_linear,104,bus,bus,
9,0,9,svm_linear,111,van,van,
9,0,9,svm_linear,121,van,van,
9,0,9,svm_linear,126,bus,bus,
9,0,9,svm_linear,129,bus,bus,
9,0,9,svm_linear,132,saab,saab,
9,0,9,svm_linear,140,saab,opel,
9,0,9,svm_linear,154,van,van,
9,0,9,svm_linear,157,van,van,
9,0,9,svm_linear,160,opel,bus,
9,0,9,svm_linear,171,bus,bus,
9,0,9,svm_linear,178,bus,bus,
9,0,9,svm_linear,182,bus,bus,
9,0,9,svm_linear,186,bus,bus,
9,0,9,svm_linear,188,opel,saab,
9,0,9,svm_linear,191,van,van,
9,0,9,svm_linear,193,bus,bus,
9,0,9,svm_linear,200,van,van,
9,0,9,svm_linear,204,van,van,
9,0,9,svm_linear,229,saab,saab,
9,0,9,svm_linear,250,van,van,
9,0,9,svm_linear,256,saab,opel,
9,0,9,svm_linear,259,opel,opel,
9,0,9,svm_linear,264,saab,saab,
9,0,9,svm_linear,270,bus,bus,
9,0,9,svm_linear,274,bus,bus,
9,0,9,svm_linear,286,bus,bus,
9,0,9,svm_linear,292,bus,bus,
9,0,9,svm_linear,323,saab,saab,
9,0,9,svm_linear,332,opel,opel,
9,0,9,svm_linear,334,bus,bus,
9,0,9,svm_linear,343,opel,opel,
9,0,9,svm_linear,383,opel,opel,
9,0,9,svm_linear,384,opel,saab,
9,0,9,svm_linear,412,bus,bus,
9,0,9,svm_linear,418,bus,bus,
9,0,9,svm_linear,421,opel,opel,
9,0,9,svm_linear,422,saab,opel,
9,0,9,svm_linear,428,saab,saab,
9,0,9,svm_linear,474,opel,opel,
9,0,9,svm_linear,488,opel,opel,
9,0,9,svm_linear,503,saab,saab,
9,0,9,svm_linear,513,saab,saab,
9,0,9,svm_linear,515,opel,bus,
9,0,9,svm_linear,520,saab,opel,
9,0,9,svm_linear,524,opel,opel,
9,0,9,svm_linear,577,opel,saab,
9,0,9,svm_linear,578,opel,opel,
9,0,9,svm_linear,582,saab,saab,
9,0,9,svm_linear,587,opel,opel,
9,0,9,svm_linear,606,van,van,
9,0,9,svm_linear,614,saab,saab,
9,0,9,svm_linear,624,saab,opel,
9,0,9,svm_linear,637,bus,bus,
9,0,9,svm_linear,656,bus,bus,
9,0,9,svm_linear,669,bus,bus,
9,0,9,svm_linear,674,saab,saab,
9,0,9,svm_linear,712,saab,saab,
9,0,9,svm_linear,714,bus,bus,
9,0,9,svm_linear,719,saab,saab,
9,0,9,svm_linear,724,van,van,
9,0,9,svm_linear,729,opel,saab,
9,0,9,svm_linear,734,van,van,
9,0,9,svm_linear,742,opel,van,
9,0,9,svm_linear,791,van,van,
9,0,9,svm_linear,815,bus,bus,
9,0,9,svm_linear,817,saab,saab,
9,0,9,svm_linear,829,van,van,
9,0,9,svm_linear,838,van,van,
9,0,9,svm_unscaled,13,van,van,
9,0,9,svm_unscaled,16,van,van,
9,0,9,svm_unscaled,18,saab,opel,
9,0,9,svm_unscaled,25,van,van,
9,0,9,svm_unscaled,26,saab,opel,
9,0,9,svm_unscaled,28,bus,bus,
9,0,9,svm_unscaled,49,saab,saab,
9,0,9,svm_unscaled,58,opel,saab,
9,0,9,svm_unscaled,67,opel,opel,
9,0,9,svm_unscaled,73,opel,opel,
9,0,9,svm_unscaled,76,saab,opel,
9,0,9,svm_unscaled,85,bus,bus,
9,0,9,svm_unscaled,87,van,van,
9,0,9,svm_unscaled,93,van,van,
9,0,9,svm_unscaled,95,opel,saab,
9,0,9,svm_unscaled,104,bus,bus,
9,0,9,svm_unscaled,111,van,van,
9,0,9,svm_unscaled,121,van,van,
9,0,9,svm_unscaled,126,bus,bus,
9,0,9,svm_unscaled,129,bus,bus,
9,0,9,svm_unscaled,132,saab,saab,
9,0,9,svm_unscaled,140,saab,opel,
9,0,9,svm_unscaled,154,van,van,
9,0,9,svm_unscaled,157,van,van,
9,0,9,svm_unscaled,160,opel,bus,
9,0,9,svm_unscaled,171,bus,bus,
9,0,9,svm_unscaled,178,bus,bus,
9,0,9,svm_unscaled,182,bus,bus,
9,0,9,svm_unscaled,186,bus,bus,
9,0,9,svm_unscaled,188,opel,saab,
9,0,9,svm_unscaled,191,van,van,
9,0,9,svm_unscaled,193,bus,bus,
9,0,9,svm_unscaled,200,van,van,
9,0,9,svm_unscaled,204,van,van,
9,0,9,svm_unscaled,229,saab,bus,
9,0,9,svm_unscaled,250,van,van,
9,0,9,svm_unscaled,256,saab,opel,
9,0,9,svm_unscaled,259,opel,opel,
9,0,9,svm_unscaled,264,saab,saab,
9,0,9,svm_unscaled,270,bus,bus,
9,0,9,svm_unscaled,274,bus,bus,
9,0,9,svm_unscaled,286,bus,bus,
9,0,9,svm_unscaled,292,bus,bus,
9,0,9,svm_unscaled,323,saab,saab,
9,0,9,svm_unscaled,332,opel,opel,
9,0,9,svm_unscaled,334,bus,bus,
9,0,9,svm_unscaled,343,opel,opel,
9,0,9,svm_unscaled,383,opel,opel,
9,0,9,svm_unscaled,384,opel,saab,
9,0,9,svm_unscaled,412,bus,bus,
9,0,9,svm_unscaled,418,bus,bus,
9,0,9,svm_unscaled,421,opel,opel,
9,0,9,svm_unscaled,422,saab,opel,
9,0,9,svm_unscaled,428,saab,saab,
9,0,9,svm_unscaled,474,opel,opel,
9,0,9,svm_unscaled,488,opel,opel,
9,0,9,svm_unscaled,503,saab,saab,
9,0,9,svm_unscaled,513,saab,opel,
9,0,9,svm_unscaled,515,opel,saab,
9,0,9,svm_unscaled,520,saab,opel,
9,0,9,svm_unscaled,524,opel,saab,
9,0,9,svm_unscaled,577,opel,saab,
9,0,9,svm_unscaled,578,opel,opel,
9,0,9,svm_unscaled,582,saab,saab,
9,0,9,svm_unscaled,587,opel,opel,
9,0,9,svm_unscaled,606,van,van,
9,0,9,svm_unscaled,614,saab,saab,
9,0,9,svm_unscaled,624,saab,saab,
9,0,9,svm_unscaled,637,bus,bus,
9,0,9,svm_unscaled,656,bus,bus,
9,0,9,svm_unscaled,669,bus,bus,
9,0,9,svm_unscaled,674,saab,saab,
9,0,9,svm_unscaled,712,saab,saab,
9,0,9,svm_unscaled,714,bus,bus,
9,0,9,svm_unscaled,719,saab,saab,
9,0,9,svm_unscaled,724,van,van,
9,0,9,svm_unscaled,729,opel,saab,
9,0,9,svm_unscaled,734,van,van,
9,0,9,svm_unscaled,742,opel,van,
9,0,9,svm_unscaled,791,van,van,
9,0,9,svm_unscaled,815,bus,bus,
9,0,9,svm_unscaled,817,saab,saab,
9,0,9,svm_unscaled,829,van,van,
9,0,9,svm_unscaled,838,van,van,
10,1,0,centroid,30,van,van,
10,1,0,centroid,78,bus,opel,
10,1,0,centroid,85,bus,opel,
10,1,0,centroid,90,saab,opel,
10,1,0,centroid,93,van,bus,
10,1,0,centroid,116,opel,opel,
10,1,0,centroid,137,van,van,
10,1,0,centroid,153,saab,opel,
10,1,0,centroid,154,van,van,
10,1,0,centroid,160,opel,van,
10,1,0,centroid,174,van,bus,
10,1,0,centroid,185,bus,saab,
10,1,0,centroid,186,bus,saab,
10,1,0,centroid,188,opel,opel,
10,1,0,centroid,191,van,van,
10,1,0,centroid,224,saab,van,
10,1,0,centroid,233,saab,opel,
10,1,0,centroid,264,saab,saab,
10,1,0,centroid,266,bus,bus,
10,1,0,centroid,274,bus,opel,
10,1,0,centroid,283,saab,saab,
10,1,0,centroid,285,saab,saab,
10,1,0,centroid,290,van,van,
10,1,0,centroid,293,van,van,
10,1,0,centroid,301,opel,van,
10,1,0,centroid,306,saab,opel,
10,1,0,centroid,314,bus,bus,
10,1,0,centroid,321,bus,opel,
10,1,0,centroid,334,bus,opel,
10,1,0,centroid,340,bus,van,
10,1,0,centroid,342,saab,van,
10,1,0,centroid,350,opel,opel,
10,1,0,centroid,366,van,bus,
10,1,0,centroid,370,bus,bus,
10,1,0,centroid,381,bus,opel,
10,1,0,centroid,385,van,bus,
10,1,0,centroid,391,van,van,
10,1,0,centroid,413,opel,van,
10,1,0,centroid,415,opel,opel,
10,1,0,centroid,424,opel,saab,
10,1,0,centroid,426,opel,opel,
10,1,0,centroid,433,bus,bus,
10,1,0,centroid,439,saab,opel,
10,1,0,centroid,440,saab,opel,
10,1,0,centroid,462,opel,saab,
10,1,0,centroid,467,opel,opel,
10,1,0,centroid,470,van,van,
10,1,0,centroid,473,opel,opel,
10,1,0,centroid,507,opel,van,
10,1,0,centroid,514,van,van,
10,1,0,centroid,519,van,van,
10,1,0,centroid,525,saab,bus,
10,1,0,centroid,528,bus,saab,
10,1,0,centroid,578,opel,saab,
10,1,0,centroid,602,opel,opel,
10,1,0,centroid,604,opel,opel,
10,1,0,centroid,611,van,bus,
10,1,0,centroid,613,bus,van,
10,1,0,centroid,634,opel,van,
10,1,0,centroid,644,van,saab,
10,1,0,centroid,648,saab,opel,
10,1,0,centroid,649,saab,van,
10,1,0,centroid,655,van,van,
10,1,0,centroid,657,van,bus,
10,1,0,centroid,661,saab,saab,
10,1,0,centroid,662,saab,van,
10,1,0,centroid,673,opel,van,
10,1,0,centroid,694,saab,saab,
10,1,0,centroid,696,saab,van,
10,1,0,centroid,697,bus,van,
10,1,0,centroid,710,bus,opel,
10,1,0,centroid,717,bus,saab,
10,1,0,centroid,726,saab,opel,
10,1,0,centroid,727,bus,van,
10,1,0,centroid,728,opel,van,
10,1,0,centroid,729,opel,opel,
10,1,0,centroid,750,saab,saab,
10,1,0,centroid,767,bus,van,
10,1,0,centroid,773,bus,van,
10,1,0,centroid,785,bus,bus,
10,1,0,centroid,802,opel,saab,
10,1,0,centroid,813,van,bus,
10,1,0,centroid,833,saab,bus,
10,1,0,centroid,844,saab,van,
10,1,0,centroid,845,van,van,
10,1,0,knn,30,van,van,
10,1,0,knn,78,bus,bus,
10,1,0,knn,85,bus,bus,
10,1,0,knn,90,saab,saab,
10,1,0,knn,93,van,van,
10,1,0,knn,116,opel,opel,
10,1,0,knn,137,van,van,
10,1,0,knn,153,saab,saab,
10,1,0,knn,154,van,van,
10,1,0,knn,160,opel,saab,
10,1,0,knn,174,van,van,
10,1,0,knn,185,bus,bus,
10,1,0,knn,186,bus,bus,
10,1,0,knn,188,opel,opel,
10,1,0,knn,191,van,van,
10,1,0,knn,224,saab,saab,
10,1,0,knn,233,saab,opel,
10,1,0,knn,264,saab,opel,
10,1,0,knn,266,bus,bus,
10,1,0,knn,274,bus,bus,
10,1,0,knn,283,saab,saab,
10,1,0,knn,285,saab,opel,
10,1,0,knn,290,van,van,
10,1,0,knn,293,van,opel,
10,1,0,knn,301,opel,saab,
10,1,0,knn,306,saab,opel,
10,1,0,knn,314,bus,bus,
10,1,0,knn,321,bus,bus,
10,1,0,knn,334,bus,bus,
10,1,0,knn,340,bus,bus,
10,1,0,knn,342,saab,saab,
10,1,0,knn,350,opel,opel,
10,1,0,knn,366,van,van,
10,1,0,knn,370,bus,bus,
10,1,0,knn,381,bus,bus,
10,1,0,knn,385,van,van,
10,1,0,knn,391,van,van,
10,1,0,knn,413,opel,saab,
10,1,0,knn,415,opel,opel,
10,1,0,knn,424,opel,saab,
10,1,0,knn,426,opel,saab,
10,1,0,knn,433,bus,bus,
10,1,0,knn,439,saab,saab,
10,1,0,knn,440,saab,opel,
10,1,0,knn,462,opel,saab,
10,1,0,knn,467,opel,opel,
10,1,0,knn,470,van,van,
10,1,0,knn,473,opel,saab,
10,1,0,knn,507,opel,saab,
10,1,0,knn,514,van,van,
10,1,0,knn,519,van,van,
10,1,0,knn,525,saab,saab,
10,1,0,knn,528,bus,bus,
10,1,0,knn,578,opel,opel,
10,1,0,knn,602,opel,opel,
10,1,0,knn,604,opel,saab,
10,1,0,knn,611,van,van,
10,1,0,knn,613,bus,bus,
10,1,0,knn,634,opel,van,
10,1,0,knn,644,van,van,
10,1,0,knn,648,saab,saab,
10,1,0,knn,649,saab,bus,
10,1,0,knn,655,van,van,
10,1,0,knn,657,van,van,
10,1,0,knn,661,saab,opel,
10,1,0,knn,662,saab,opel,
10,1,0,knn,673,opel,bus,
10,1,0,knn,694,saab,saab,
10,1,0,knn,696,saab,opel,
10,1,0,knn,697,bus,bus,
10,1,0,knn,710,bus,bus,
10,1,0,knn,717,bus,bus,
10,1,0,knn,726,saab,opel,
10,1,0,knn,727,bus,bus,
10,1,0,knn,728,opel,opel,
10,1,0,knn,729,opel,opel,
10,1,0,knn,750,saab,saab,
10,1,0,knn,767,bus,bus,
10,1,0,knn,773,bus,bus,
10,1,0,knn,785,bus,bus,
10,1,0,knn,802,opel,opel,
10,1,0,knn,813,van,van,
10,1,0,knn,833,saab,opel,
10,1,0,knn,844,saab,saab,
10,1,0,knn,845,van,opel,
10,1,0,svm,30,van,van,1.7719953881817947
10,1,0,svm,78,bus,bus,1.734113528601049
10,1,0,svm,85,bus,bus,1.0840094763998125
10,1,0,svm,90,saab,saab,0.8899410041075146
10,1,0,svm,93,van,van,2.828403989333807
10,1,0,svm,116,opel,opel,0.4072764233614219
10,1,0,svm,137,van,van,1.6874979816034918
10,1,0,svm,153,saab,saab,0.9327464045553189
10,1,0,svm,154,van,van,1.2826847248204127
10,1,0,svm,160,opel,opel,0.20225499533860436
10,1,0,svm,174,van,van,3.249360409305618
10,1,0,svm,185,bus,bus,2.092322701348454
10,1,0,svm,186,bus,bus,1.742635685346638
10,1,0,svm,188,opel,saab,0.9806960928008426
10,1,0,svm,191,van,van,1.0185860603711734
10,1,0,svm,224,saab,saab,0.07363250222464224
10,1,0,svm,233,saab,opel,0.12126316563955974
10,1,0,svm,264,saab,saab,0.7022022239369665
10,1,0,svm,266,bus,bus,1.1797451981293419
10,1,0,svm,274,bus,bus,0.7473245082153985
10,1,0,svm,283,saab,saab,1.5647718804557336
10,1,0,svm,285,saab,opel,1.114821245633875
10,1,0,svm,290,van,van,1.5413050546881415
10,1,0,svm,293,van,van,0.6083514645717543
10,1,0,svm,301,opel,opel,0.0692123305452963
10,1,0,svm,306,saab,saab,2.248387001214896
10,1,0,svm,314,bus,bus,0.7227977864651649
10,1,0,svm,321,bus,bus,0.4236561364527014
10,1,0,svm,334,bus,bus,0.3136540593933921
10,1,0,svm,340,bus,bus,0.8009035484654667
10,1,0,svm,342,saab,saab,0.6957307501730003
10,1,0,svm,350,opel,opel,0.7583301387276418
10,1,0,svm,366,van,van,2.459459811177455
10,1,0,svm,370,bus,bus,2.613512660179797
10,1,0,svm,381,bus,bus,2.363056959473183
10,1,0,svm,385,van,van,2.2679406704217957
10,1,0,svm,391,van,van,2.671331544821761
10,1,0,svm,413,opel,opel,0.11493814589894491
10,1,0,svm,415,opel,opel,2.2296179508216607
10,1,0,svm,424,opel,opel,0.549447024758349
10,1,0,svm,426,opel,opel,0.7300419911782665
10,1,0,svm,433,bus,bus,0.6156420431165586
10,1,0,svm,439,saab,saab,0.3491375633053213
10,1,0,svm,440,saab,saab,0.37483225188964475
10,1,0,svm,462,opel,saab,0.14354905436350585
10,1,0,svm,467,opel,opel,1.2954166194318697
10,1,0,svm,470,van,van,0.9172327516489172
10,1,0,svm,473,opel,opel,1.4220625701274177
10,1,0,svm,507,opel,saab,1.4710197139475287
10,1,0,svm,514,van,van,1.302657229219916
10,1,0,svm,519,van,van,1.6910729155127835
10,1,0,svm,525,saab,saab,0.027663313952901447
10,1,0,svm,528,bus,bus,2.257429277764352
10,1,0,svm,578,opel,opel,0.7089826143374847
10,1,0,svm,602,opel,opel,1.0712430357314258
10,1,0,svm,604,opel,saab,0.8766524722038316
10,1,0,svm,611,van,van,2.409523812002421
10,1,0,svm,613,bus,bus,1.437016445506167
10,1,0,svm,634,opel,saab,0.12603705758397332
10,1,0,svm,644,van,van,1.4333310882080568
10,1,0,svm,648,saab,saab,1.2675566776954543
10,1,0,svm,649,saab,saab,0.9197239985168739
10,1,0,svm,655,van,van,0.9001818710290612
10,1,0,svm,657,van,van,1.7823767998570776
10,1,0,svm,661,saab,saab,0.6739045072411773
10,1,0,svm,662,saab,opel,0.11621416259479922
10,1,0,svm,673,opel,saab,0.7797775887049347
10,1,0,svm,694,saab,saab,0.959291468583773
10,1,0,svm,696,saab,opel,1.0041263413283996
10,1,0,svm,697,bus,bus,2.481561126621774
10,1,0,svm,710,bus,bus,1.3251599800122547
10,1,0,svm,717,bus,bus,2.6901560474896726
10,1,0,svm,726,saab,saab,0.19079649531990306
10,1,0,svm,727,bus,bus,3.0615472793008713
10,1,0,svm,728,opel,opel,0.4713584702217286
10,1,0,svm,729,opel,opel,0.2650276315558511
10,1,0,svm,750,saab,saab,1.7490066938673312
10,1,0,svm,767,bus,bus,1.15228590480179
10,1,0,svm,773,bus,bus,0.8870197156800472
10,1,0,svm,785,bus,bus,1.6122700758526851
10,1,0,svm,802,opel,opel,0.06680659082678453
10,1,0,svm,813,van,van,2.4365948931305748
10,1,0,svm,833,saab,opel,0.35797612513684207
10,1,0,svm,844,saab,opel,0.03394220292531536
10,1,0,svm,845,van,van,0.42598358777869905
10,1,0,mlp,30,van,van,
10,1,0,mlp,78,bus,bus,
10,1,0,mlp,85,bus,bus,
10,1,0,mlp,90,saab,opel,
10,1,0,mlp,93,van,van,
10,1,0,mlp,116,opel,saab,
10,1,0,mlp,137,van,van,
10,1,0,mlp,153,saab,saab,
10,1,0,mlp,154,van,van,
10,1,0,mlp,160,opel,bus,
10,1,0,mlp,174,van,van,
10,1,0,mlp,185,bus,bus,
10,1,0,mlp,186,bus,bus,
10,1,0,mlp,188,opel,saab,
10,1,0,mlp,191,van,van,
10,1,0,mlp,224,saab,saab,
10,1,0,mlp,233,saab,opel,
10,1,0,mlp,264,saab,opel,
10,1,0,mlp,266,bus,bus,
10,1,0,mlp,274,bus,bus,
10,1,0,mlp,283,saab,saab,
10,1,0,mlp,285,saab,opel,
10,1,0,mlp,290,van,van,
10,1,0,mlp,293,van,van,
10,1,0,mlp,301,opel,opel,
10,1,0,mlp,306,saab,saab,
10,1,0,mlp,314,bus,bus,
10,1,0,mlp,321,bus,bus,
10,1,0,mlp,334,bus,bus,
10,1,0,mlp,340,bus,bus,
10,1,0,mlp,342,saab,bus,
10,1,0,mlp,350,opel,opel,
10,1,0,mlp,366,van,van,
10,1,0,mlp,370,bus,bus,
10,1,0,mlp,381,bus,bus,
10,1,0,mlp,385,van,van,
10,1,0,mlp,391,van,van,
10,1,0,mlp,413,opel,saab,
10,1,0,mlp,415,opel,opel,
10,1,0,mlp,424,opel,opel,
10,1,0,mlp,426,opel,saab,
10,1,0,mlp,433,bus,bus,
10,1,0,mlp,439,saab,saab,
10,1,0,mlp,440,saab,saab,
10,1,0,mlp,462,opel,bus,
10,1,0,mlp,467,opel,opel,
10,1,0,mlp,470,van,van,
10,1,0,mlp,473,opel,opel,
10,1,0,mlp,507,opel,saab,
10,1,0,mlp,514,van,van,
10,1,0,mlp,519,van,van,
10,1,0,mlp,525,saab,saab,
10,1,0,mlp,528,bus,bus,
10,1,0,mlp,578,opel,opel,
10,1,0,mlp,602,opel,opel,
10,1,0,mlp,604,opel,opel,
10,1,0,mlp,611,van,van,
10,1,0,mlp,613,bus,bus,
10,1,0,mlp,634,opel,saab,
10,1,0,mlp,644,van,van,
10,1,0,mlp,648,saab,opel,
10,1,0,mlp,649,saab,saab,
10,1,0,mlp,655,van,van,
10,1,0,mlp,657,van,van,
10,1,0,mlp,661,saab,saab,
10,1,0,mlp,662,saab,saab,
10,1,0,mlp,673,opel,saab,
10,1,0,mlp,694,saab,saab,
10,1,0,mlp,696,saab,opel,
10,1,0,mlp,697,bus,bus,
10,1,0,mlp,710,bus,bus,
10,1,0,mlp,717,bus,bus,
10,1,0,mlp,726,saab,saab,
10,1,0,mlp,727,bus,bus,
10,1,0,mlp,728,opel,opel,
10,1,0,mlp,729,opel,saab,
10,1,0,mlp,750,saab,saab,
10,1,0,mlp,767,bus,bus,
10,1,0,mlp,773,bus,bus,
10,1,0,mlp,785,bus,bus,
10,1,0,mlp,802,opel,opel,
10,1,0,mlp,813,van,van,
10,1,0,mlp,833,saab,opel,
10,1,0,mlp,844,saab,saab,
10,1,0,mlp,845,van,van,
10,1,0,rbf,30,van,van,
10,1,0,rbf,78,bus,bus,
10,1,0,rbf,85,bus,bus,
10,1,0,rbf,90,saab,opel,
10,1,0,rbf,93,van,van,
10,1,0,rbf,116,opel,saab,
10,1,0,rbf,137,van,van,
10,1,0,rbf,153,saab,saab,
10,1,0,rbf,154,van,van,
10,1,0,rbf,160,opel,bus,
10,1,0,rbf,174,van,van,
10,1,0,rbf,185,bus,bus,
10,1,0,rbf,186,bus,bus,
10,1,0,rbf,188,opel,saab,
10,1,0,rbf,191,van,van,
10,1,0,rbf,224,saab,bus,
10,1,0,rbf,233,saab,opel,
10,1,0,rbf,264,saab,saab,
10,1,0,rbf,266,bus,bus,
10,1,0,rbf,274,bus,bus,
10,1,0,rbf,283,saab,saab,
10,1,0,rbf,285,saab,opel,
10,1,0,rbf,290,van,van,
10,1,0,rbf,293,van,van,
10,1,0,rbf,301,opel,opel,
10,1,0,rbf,306,saab,saab,
10,1,0,rbf,314,bus,bus,
10,1,0,rbf,321,bus,bus,
10,1,0,rbf,334,bus,bus,
10,1,0,rbf,340,bus,bus,
10,1,0,rbf,342,saab,bus,
10,1,0,rbf,350,opel,opel,
10,1,0,rbf,366,van,van,
10,1,0,rbf,370,bus,bus,
10,1,0,rbf,381,bus,bus,
10,1,0,rbf,385,van,van,
10,1,0,rbf,391,van,van,
10,1,0,rbf,413,opel,saab,
10,1,0,rbf,415,opel,opel,
10,1,0,rbf,424,opel,opel,
10,1,0,rbf,426,opel,saab,
10,1,0,rbf,433,bus,bus,
10,1,0,rbf,439,saab,opel,
10,1,0,rbf,440,saab,saab,
10,1,0,rbf,462,opel,bus,
10,1,0,rbf,467,opel,opel,
10,1,0,rbf,470,van,van,
10,1,0,rbf,473,opel,opel,
10,1,0,rbf,507,opel,saab,
10,1,0,rbf,514,van,van,
10,1,0,rbf,519,van,van,
10,1,0,rbf,525,saab,opel,
10,1,0,rbf,528,bus,bus,
10,1,0,rbf,578,opel,opel,
10,1,0,rbf,602,opel,saab,
10,1,0,rbf,604,opel,opel,
10,1,0,rbf,611,van,van,
10,1,0,rbf,613,bus,bus,
10,1,0,rbf,634,opel,saab,
10,1,0,rbf,644,van,van,
10,1,0,rbf,648,saab,opel,
10,1,0,rbf,649,saab,saab,
10,1,0,rbf,655,van,van,
10,1,0,rbf,657,van,van,
10,1,0,rbf,661,saab,saab,
10,1,0,rbf,662,saab,bus,
10,1,0,rbf,673,opel,van,
10,1,0,rbf,694,saab,saab,
10,1,0,rbf,696,saab,opel,
10,1,0,rbf,697,bus,bus,
10,1,0,rbf,710,bus,bus,
10,1,0,rbf,717,bus,bus,
10,1,0,rbf,726,saab,saab,
10,1,0,rbf,727,bus,bus,
10,1,0,rbf,728,opel,opel,
10,1,0,rbf,729,opel,saab,
10,1,0,rbf,750,saab,saab,
10,1,0,rbf,767,bus,bus,
10,1,0,rbf,773,bus,bus,
10,1,0,rbf,785,bus,bus,
10,1,0,rbf,802,opel,opel,
10,1,0,rbf,813,van,van,
10,1,0,rbf,833,saab,opel,
10,1,0,rbf,844,saab,saab,
10,1,0,rbf,845,van,van,
10,1,0,svm_linear,30,van,van,
10,1,0,svm_linear,78,bus,bus,
10,1,0,svm_linear,85,bus,bus,
10,1,0,svm_linear,90,saab,saab,
10,1,0,svm_linear,93,van,van,
10,1,0,svm_linear,116,opel,saab,
10,1,0,svm_linear,137,van,van,
10,1,0,svm_linear,153,saab,saab,
10,1,0,svm_linear,154,van,van,
10,1,0,svm_linear,160,opel,saab,
10,1,0,svm_linear,174,van,van,
10,1,0,svm_linear,185,bus,bus,
10,1,0,svm_linear,186,bus,bus,
10,1,0,svm_linear,188,opel,saab,
10,1,0,svm_linear,191,van,van,
10,1,0,svm_linear,224,saab,opel,
10,1,0,svm_linear,233,saab,opel,
10,1,0,svm_linear,264,saab,saab,
10,1,0,svm_linear,266,bus,bus,
10,1,0,svm_linear,274,bus,bus,
10,1,0,svm_linear,283,saab,saab,
10,1,0,svm_linear,285,saab,opel,
10,1,0,svm_linear,290,van,van,
10,1,0,svm_linear,293,van,van,
10,1,0,svm_linear,301,opel,saab,
10,1,0,svm_linear,306,saab,saab,
10,1,0,svm_linear,314,bus,bus,
10,1,0,svm_linear,321,bus,bus,
10,1,0,svm_linear,334,bus,bus,
10,1,0,svm_linear,340,bus,bus,
10,1,0,svm_linear,342,saab,bus,
10,1,0,svm_linear,350,opel,opel,
10,1,0,svm_linear,366,van,van,
10,1,0,svm_linear,370,bus,bus,
10,1,0,svm_linear,381,bus,bus,
10,1,0,svm_linear,385,van,van,
10,1,0,svm_linear,391,van,van,
10,1,0,svm_linear,413,opel,opel,
10,1,0,svm_linear,415,opel,opel,
10,1,0,svm_linear,424,opel,opel,
10,1,0,svm_linear,426,opel,saab,
10,1,0,svm_linear,433,bus,bus,
10,1,0,svm_linear,439,saab,opel,
10,1,0,svm_linear,440,saab,saab,
10,1,0,svm_linear,462,opel,saab,
10,1,0,svm_linear,467,opel,opel,
10,1,0,svm_linear,470,van,van,
10,1,0,svm_linear,473,opel,opel,
10,1,0,svm_linear,507,opel,saab,
10,1,0,svm_linear,514,van,van,
10,1,0,svm_linear,519,van,van,
10,1,0,svm_linear,525,saab,opel,
10,1,0,svm_linear,528,bus,bus,
10,1,0,svm_linear,578,opel,opel,
10,1,0,svm_linear,602,opel,opel,
10,1,0,svm_linear,604,opel,saab,
10,1,0,svm_linear,611,van,van,
10,1,0,svm_linear,613,bus,bus,
10,1,0,svm_linear,634,opel,saab,
10,1,0,svm_linear,644,van,van,
10,1,0,svm_linear,648,saab,saab,
10,1,0,svm_linear,649,saab,saab,
10,1,0,svm_linear,655,van,saab,
10,1,0,svm_linear,657,van,van,
10,1,0,svm_linear,661,saab,saab,
10,1,0,svm_linear,662,saab,saab,
10,1,0,svm_linear,673,opel,saab,
10,1,0,svm_linear,694,saab,saab,
10,1,0,svm_linear,696,saab,opel,
10,1,0,svm_linear,697,bus,bus,
10,1,0,svm_linear,710,bus,bus,
10,1,0,svm_linear,717,bus,bus,
10,1,0,svm_linear,726,saab,saab,
10,1,0,svm_linear,727,bus,bus,
10,1,0,svm_linear,728,opel,van,
10,1,0,svm_linear,729,opel,saab,
10,1,0,svm_linear,750,saab,saab,
10,1,0,svm_linear,767,bus,bus,
10,1,0,svm_linear,773,bus,bus,
10,1,0,svm_linear,785,bus,bus,
10,1,0,svm_linear,802,opel,opel,
10,1,0,svm_linear,813,van,van,
10,1,0,svm_linear,833,saab,saab,
10,1,0,svm_linear,844,saab,opel,
10,1,0,svm_linear,845,van,van,
10,1,0,svm_unscaled,30,van,van,
10,1,0,svm_unscaled,78,bus,bus,
10,1,0,svm_unscaled,85,bus,bus,
10,1,0,svm_unscaled,90,saab,saab,
10,1,0,svm_unscaled,93,van,van,
10,1,0,svm_unscaled,116,opel,opel,
10,1,0,svm_unscaled,137,van,van,
10,1,0,svm_unscaled,153,saab,opel,
10,1,0,svm_unscaled,154,van,van,
10,1,0,svm_unscaled,160,opel,bus,
10,1,0,svm_unscaled,174,van,van,
10,1,0,svm_unscaled,185,bus,bus,
10,1,0,svm_unscaled,186,bus,bus,
10,1,0,svm_unscaled,188,opel,saab,
10,1,0,svm_unscaled,191,van,van,
10,1,0,svm_unscaled,224,saab,saab,
10,1,0,svm_unscaled,233,saab,opel,
10,1,0,svm_unscaled,264,saab,opel,
10,1,0,svm_unscaled,266,bus,bus,
10,1,0,svm_unscaled,274,bus,bus,
10,1,0,svm_unscaled,283,saab,saab,
10,1,0,svm_unscaled,285,saab,opel,
10,1,0,svm_unscaled,290,van,van,
10,1,0,svm_unscaled,293,van,van,
10,1,0,svm_unscaled,301,opel,saab,
10,1,0,svm_unscaled,306,saab,saab,
10,1,0,svm_unscaled,314,bus,bus,
10,1,0,svm_unscaled,321,bus,bus,
10,1,0,svm_unscaled,334,bus,bus,
10,1,0,svm_unscaled,340,bus,bus,
10,1,0,svm_unscaled,342,saab,bus,
10,1,0,svm_unscaled,350,opel,opel,
10,1,0,svm_unscaled,366,van,van,
10,1,0,svm_unscaled,370,bus,bus,
10,1,0,svm_unscaled,381,bus,bus,
10,1,0,svm_unscaled,385,van,van,
10,1,0,svm_unscaled,391,van,van,
10,1,0,svm_unscaled,413,opel,saab,
10,1,0,svm_unscaled,415,opel,opel,
10,1,0,svm_unscaled,424,opel,opel,
10,1,0,svm_unscaled,426,opel,saab,
10,1,0,svm_unscaled,433,bus,bus,
10,1,0,svm_unscaled,439,saab,opel,
10,1,0,svm_unscaled,440,saab,saab,
10,1,0,svm_unscaled,462,opel,saab,
10,1,0,svm_unscaled,467,opel,opel,
10,1,0,svm_unscaled,470,van,van,
10,1,0,svm_unscaled,473,opel,opel,
10,1,0,svm_unscaled,507,opel,saab,
10,1,0,svm_unscaled,514,van,van,
10,1,0,svm_unscaled,519,van,van,
10,1,0,svm_unscaled,525,saab,saab,
10,1,0,svm_unscaled,528,bus,bus,
10,1,0,svm_unscaled,578,opel,opel,
10,1,0,svm_unscaled,602,opel,opel,
10,1,0,svm_unscaled,604,opel,opel,
10,1,0,svm_unscaled,611,van,van,
10,1,0,svm_unscaled,613,bus,bus,
10,1,0,svm_unscaled,634,opel,saab,
10,1,0,svm_unscaled,644,van,van,
10,1,0,svm_unscaled,648,saab,opel,
10,1,0,svm_unscaled,649,saab,saab,
10,1,0,svm_unscaled,655,van,van,
10,1,0,svm_unscaled,657,van,van,
10,1,0,svm_unscaled,661,saab,saab,
10,1,0,svm_unscaled,662,saab,saab,
10,1,0,svm_unscaled,673,opel,saab,
10,1,0,svm_unscaled,694,saab,saab,
10,1,0,svm_unscaled,696,saab,opel,
10,1,0,svm_unscaled,697,bus,bus,
10,1,0,svm_unscaled,710,bus,bus,
10,1,0,svm_unscaled,717,bus,bus,
10,1,0,svm_unscaled,726,saab,opel,
10,1,0,svm_unscaled,727,bus,bus,
10,1,0,svm_unscaled,728,opel,opel,
10,1,0,svm_unscaled,729,opel,opel,
10,1,0,svm_unscaled,750,saab,saab,
10,1,0,svm_unscaled,767,bus,bus,
10,1,0,svm_unscaled,773,bus,bus,
10,1,0,svm_unscaled,785,bus,bus,
10,1,0,svm_unscaled,802,opel,saab,
10,1,0,svm_unscaled,813,van,van,
10,1,0,svm_unscaled,833,saab,saab,
10,1,0,svm_unscaled,844,saab,saab,
10,1,0,svm_unscaled,845,van,van,
11,1,1,centroid,11,saab,van,
11,1,1,centroid,24,saab,opel,
11,1,1,centroid,31,saab,van,
11,1,1,centroid,38,saab,opel,
11,1,1,centroid,46,van,van,
11,1,1,centroid,47,bus,bus,
11,1,1,centroid,62,van,van,
11,1,1,centroid,73,opel,van,
11,1,1,centroid,84,bus,van,
11,1,1,centroid,89,opel,van,
11,1,1,centroid,94,bus,van,
11,1,1,centroid,96,saab,van,
11,1,1,centroid,102,van,van,
11,1,1,centroid,103,van,van,
11,1,1,centroid,104,bus,opel,
11,1,1,centroid,113,opel,van,
11,1,1,centroid,117,saab,saab,
11,1,1,centroid,119,bus,opel,
11,1,1,centroid,125,van,van,
11,1,1,centroid,133,van,van,
11,1,1,centroid,144,opel,saab,
11,1,1,centroid,146,van,saab,
11,1,1,centroid,170,opel,opel,
11,1,1,centroid,172,van,van,
11,1,1,centroid,179,van,van,
11,1,1,centroid,196,saab,opel,
11,1,1,centroid,223,bus,bus,
11,1,1,centroid,226,saab,opel,
11,1,1,centroid,236,bus,bus,
11,1,1,centroid,244,van,bus,
11,1,1,centroid,251,opel,opel,
11,1,1,centroid,257,opel,van,
11,1,1,centroid,258,saab,opel,
11,1,1,centroid,272,van,van,
11,1,1,centroid,277,opel,van,
11,1,1,centroid,278,saab,saab,
11,1,1,centroid,299,bus,saab,
11,1,1,centroid,302,bus,van,
11,1,1,centroid,309,opel,saab,
11,1,1,centroid,323,saab,opel,
11,1,1,centroid,325,bus,bus,
11,1,1,centroid,328,van,van,
11,1,1,centroid,332,opel,opel,
11,1,1,centroid,335,saab,opel,
11,1,1,centroid,345,bus,opel,
11,1,1,centroid,353,bus,bus,
11,1,1,centroid,364,opel,van,
11,1,1,centroid,407,saab,van,
11,1,1,centroid,408,bus,van,
11,1,1,centroid,409,saab,saab,
11,1,1,centroid,417,bus,van,
11,1,1,centroid,457,van,van,
11,1,1,centroid,459,saab,saab,
11,1,1,centroid,465,bus,bus,
11,1,1,centroid,492,bus,bus,
11,1,1,centroid,493,opel,opel,
11,1,1,centroid,498,van,van,
11,1,1,centroid,531,bus,opel,
11,1,1,centroid,538,opel,opel,
11,1,1,centroid,539,bus,opel,
11,1,1,centroid,542,saab,saab,
11,1,1,centroid,548,bus,van,
11,1,1,centroid,549,saab,opel,
11,1,1,centroid,561,opel,bus,
11,1,1,centroid,568,bus,bus,
11,1,1,centroid,618,van,van,
11,1,1,centroid,670,opel,opel,
11,1,1,centroid,690,saab,saab,
11,1,1,centroid,695,van,van,
11,1,1,centroid,706,van,van,
11,1,1,centroid,715,opel,opel,
11,1,1,centroid,718,opel,opel,
11,1,1,centroid,720,opel,saab,
11,1,1,centroid,738,bus,opel,
11,1,1,centroid,739,van,van,
11,1,1,centroid,741,bus,van,
11,1,1,centroid,768,opel,opel,
11,1,1,centroid,771,opel,opel,
11,1,1,centroid,776,saab,opel,
11,1,1,centroid,781,van,van,
11,1,1,centroid,789,saab,bus,
11,1,1,centroid,806,saab,van,
11,1,1,centroid,816,van,bus,
11,1,1,centroid,823,opel,opel,
11,1,1,centroid,834,saab,van,
11,1,1,knn,11,saab,van,
11,1,1,knn,24,saab,saab,
11,1,1,knn,31,saab,opel,
11,1,1,knn,38,saab,opel,
11,1,1,knn,46,van,van,
11,1,1,knn,47,bus,bus,
11,1,1,knn,62,van,van,
11,1,1,knn,73,opel,opel,
11,1,1,knn,84,bus,bus,
11,1,1,knn,89,opel,saab,
11,1,1,knn,94,bus,bus,
11,1,1,knn,96,saab,opel,
11,1,1,knn,102,van,van,
11,1,1,knn,103,van,van,
11,1,1,knn,104,bus,bus,
11,1,1,knn,113,opel,saab,
11,1,1,knn,117,saab,saab,
11,1,1,knn,119,bus,bus,
11,1,1,knn,125,van,van,
11,1,1,knn,133,van,van,
11,1,1,knn,144,opel,opel,
11,1,1,knn,146,van,van,
11,1,1,knn,170,opel,saab,
11,1,1,knn,172,van,van,
11,1,1,knn,179,van,bus,
11,1,1,knn,196,saab,opel,
11,1,1,knn,223,bus,bus,
11,1,1,knn,226,saab,saab,
11,1,1,knn,236,bus,bus,
11,1,1,knn,244,van,van,
11,1,1,knn,251,opel,opel,
11,1,1,knn,257,opel,saab,
11,1,1,knn,258,saab,opel,
11,1,1,knn,272,van,van,
11,1,1,knn,277,opel,saab,
11,1,1,knn,278,saab,saab,
11,1,1,knn,299,bus,bus,
11,1,1,knn,302,bus,bus,
11,1,1,knn,309,opel,saab,
11,1,1,knn,323,saab,saab,
11,1,1,knn,325,bus,bus,
11,1,1,knn,328,van,van,
11,1,1,knn,332,opel,opel,
11,1,1,knn,335,saab,saab,
11,1,1,knn,345,bus,bus,
11,1,1,knn,353,bus,bus,
11,1,1,knn,364,opel,van,
11,1,1,knn,407,saab,opel,
11,1,1,knn,408,bus,bus,
11,1,1,knn,409,saab,saab,
11,1,1,knn,417,bus,bus,
11,1,1,knn,457,van,bus,
11,1,1,knn,459,saab,saab,
11,1,1,knn,465,bus,bus,
11,1,1,knn,492,bus,bus,
11,1,1,knn,493,opel,opel,
11,1,1,knn,498,van,van,
11,1,1,knn,531,bus,bus,
11,1,1,knn,538,opel,saab,
11,1,1,knn,539,bus,bus,
11,1,1,knn,542,saab,saab,
11,1,1,knn,548,bus,bus,
11,1,1,knn,549,saab,opel,
11,1,1,knn,561,opel,saab,
11,1,1,knn,568,bus,bus,
11,1,1,knn,618,van,van,
11,1,1,knn,670,opel,saab,
11,1,1,knn,690,saab,opel,
11,1,1,knn,695,van,van,
11,1,1,knn,706,van,van,
11,1,1,knn,715,opel,opel,
11,1,1,knn,718,opel,saab,
11,1,1,knn,720,opel,saab,
11,1,1,knn,738,bus,bus,
11,1,1,knn,739,van,van,
11,1,1,knn,741,bus,bus,
11,1,1,knn,768,opel,opel,
11,1,1,knn,771,opel,opel,
11,1,1,knn,776,saab,opel,
11,1,1,knn,781,van,van,
11,1,1,knn,789,saab,saab,
11,1,1,knn,806,saab,van,
11,1,1,knn,816,van,van,
11,1,1,knn,823,opel,opel,
11,1,1,knn,834,saab,van,
11,1,1,svm,11,saab,opel,0.7299399238950377
11,1,1,svm,24,saab,saab,0.16925481104556628
11,1,1,svm,31,saab,van,0.13107280624456852
11,1,1,svm,38,saab,saab,0.10813816104282825
11,1,1,svm,46,van,van,2.395989624871498
11,1,1,svm,47,bus,bus,1.4173300075295168
11,1,1,svm,62,van,van,2.4274467283983947
11,1,1,svm,73,opel,opel,0.9013069958885778
11,1,1,svm,84,bus,bus,2.3103054728433037
11,1,1,svm,89,opel,opel,0.6247730349477854
11,1,1,svm,94,bus,bus,0.9902998593997894
11,1,1,svm,96,saab,saab,0.6441179964690622
11,1,1,svm,102,van,van,2.1107055213657944
11,1,1,svm,103,van,van,3.366431550938743
11,1,1,svm,104,bus,bus,2.276308795600244
11,1,1,svm,113,opel,saab,0.13180146408293925
11,1,1,svm,117,saab,saab,1.121321190069337
11,1,1,svm,119,bus,bus,1.1917065212168492
11,1,1,svm,125,van,van,1.3272471052532426
11,1,1,svm,133,van,van,1.8035137351548383
11,1,1,svm,144,opel,opel,1.170697068029841
11,1,1,svm,146,van,van,2.848626116178864
11,1,1,svm,170,opel,saab,0.2346273483327126
11,1,1,svm,172,van,van,1.0814976180800004
11,1,1,svm,179,van,van,0.5396926948526259
11,1,1,svm,196,saab,opel,0.9419097461238293
11,1,1,svm,223,bus,bus,1.927786063019783
11,1,1,svm,226,saab,saab,0.2329567868522746
11,1,1,svm,236,bus,bus,2.416059997058652
11,1,1,svm,244,van,van,1.9291903093781644
11,1,1,svm,251,opel,opel,0.9928169416158736
11,1,1,svm,257,opel,opel,0.5804458521916613
11,1,1,svm,258,saab,saab,0.8599852046885319
11,1,1,svm,272,van,van,2.5474848421172505
11,1,1,svm,277,opel,saab,0.7033517650194188
11,1,1,svm,278,saab,saab,1.2153421926388264
11,1,1,svm,299,bus,bus,1.469215306155545
11,1,1,svm,302,bus,bus,2.566870619337895
11,1,1,svm,309,opel,opel,0.8821233543949019
11,1,1,svm,323,saab,saab,0.6651796096748983
11,1,1,svm,325,bus,bus,1.299807526716687
11,1,1,svm,328,van,van,2.012313221799708
11,1,1,svm,332,opel,opel,1.2872539688822853
11,1,1,svm,335,saab,saab,1.8197911173051142
11,1,1,svm,345,bus,bus,1.8311194837682643
11,1,1,svm,353,bus,bus,1.6887932324707795
11,1,1,svm,364,opel,opel,0.48197625972524616
11,1,1,svm,407,saab,saab,1.4144364711547412
11,1,1,svm,408,bus,bus,0.9975989820630315
11,1,1,svm,409,saab,opel,0.18633475538787803
11,1,1,svm,417,bus,bus,1.6788128014979349
11,1,1,svm,457,van,bus,0.38302409813980615
11,1,1,svm,459,saab,opel,0.018662392413378193
11,1,1,svm,465,bus,bus,1.4722729288187044
11,1,1,svm,492,bus,bus,1.8066914361261728
11,1,1,svm,493,opel,opel,0.5012300815432083
11,1,1,svm,498,van,van,2.0482856890038628
11,1,1,svm,531,bus,bus,1.3680016069300718
11,1,1,svm,538,opel,opel,0.9999502714657664
11,1,1,svm,539,bus,bus,2.256862084175239
11,1,1,svm,542,saab,opel,0.5488809477835614
11,1,1,svm,548,bus,bus,1.7308476326190954
11,1,1,svm,549,saab,saab,0.9031436062921943
11,1,1,svm,561,opel,opel,0.0974124869738402
11,1,1,svm,568,bus,bus,1.5579657632324118
11,1,1,svm,618,van,van,1.985258595992563
11,1,1,svm,670,opel,opel,0.5961048833943137
11,1,1,svm,690,saab,saab,0.6221252048838877
11,1,1,svm,695,van,van,1.2600983504477556
11,1,1,svm,706,van,van,0.1577141704929092
11,1,1,svm,715,opel,opel,1.3644447985004104
11,1,1,svm,718,opel,opel,0.11106714511844995
11,1,1,svm,720,opel,saab,1.0797690787582725
11,1,1,svm,738,bus,bus,1.4804868847169015
11,1,1,svm,739,van,van,2.193808629517882
11,1,1,svm,741,bus,bus,1.1008738741325632
11,1,1,svm,768,opel,opel,0.06858491337105743
11,1,1,svm,771,opel,opel,1.2959579216286157
11,1,1,svm,776,saab,saab,0.27729999802997174
11,1,1,svm,781,van,van,1.2708119919675271
11,1,1,svm,789,saab,saab,1.151182574642431
11,1,1,svm,806,saab,opel,0.7468426740029654
11,1,1,svm,816,van,van,2.6402173097880492
11,1,1,svm,823,opel,opel,0.010706892104809462
11,1,1,svm,834,saab,saab,0.08082668803635062
11,1,1,mlp,11,saab,opel,
11,1,1,mlp,24,saab,saab,
11,1,1,mlp,31,saab,van,
11,1,1,mlp,38,saab,opel,
11,1,1,mlp,46,van,van,
11,1,1,mlp,47,bus,bus,
11,1,1,mlp,62,van,van,
11,1,1,mlp,73,opel,opel,
11,1,1,mlp,84,bus,bus,
11,1,1,mlp,89,opel,saab,
11,1,1,mlp,94,bus,bus,
11,1,1,mlp,96,saab,saab,
11,1,1,mlp,102,van,van,
11,1,1,mlp,103,van,van,
11,1,1,mlp,104,bus,bus,
11,1,1,mlp,113,opel,saab,
11,1,1,mlp,117,saab,saab,
11,1,1,mlp,119,bus,bus,
11,1,1,mlp,125,van,van,
11,1,1,mlp,133,van,van,
11,1,1,mlp,144,opel,opel,
11,1,1,mlp,146,van,van,
11,1,1,mlp,170,opel,saab,
11,1,1,mlp,172,van,van,
11,1,1,mlp,179,van,van,
11,1,1,mlp,196,saab,saab,
11,1,1,mlp,223,bus,bus,
11,1,1,mlp,226,saab,saab,
11,1,1,mlp,236,bus,bus,
11,1,1,mlp,244,van,van,
11,1,1,mlp,251,opel,opel,
11,1,1,mlp,257,opel,opel,
11,1,1,mlp,258,saab,saab,
11,1,1,mlp,272,van,van,
11,1,1,mlp,277,opel,van,
11,1,1,mlp,278,saab,saab,
11,1,1,mlp,299,bus,bus,
11,1,1,mlp,302,bus,bus,
11,1,1,mlp,309,opel,saab,
11,1,1,mlp,323,saab,saab,
11,1,1,mlp,325,bus,bus,
11,1,1,mlp,328,van,van,
11,1,1,mlp,332,opel,opel,
11,1,1,mlp,335,saab,saab,
11,1,1,mlp,345,bus,bus,
11,1,1,mlp,353,bus,bus,
11,1,1,mlp,364,opel,opel,
11,1,1,mlp,407,saab,saab,
11,1,1,mlp,408,bus,bus,
11,1,1,mlp,409,saab,opel,
11,1,1,mlp,417,bus,bus,
11,1,1,mlp,457,van,bus,
11,1,1,mlp,459,saab,saab,
11,1,1,mlp,465,bus,bus,
11,1,1,mlp,492,bus,bus,
11,1,1,mlp,493,opel,opel,
11,1,1,mlp,498,van,van,
11,1,1,mlp,531,bus,bus,
11,1,1,mlp,538,opel,opel,
11,1,1,mlp,539,bus,bus,
11,1,1,mlp,542,saab,opel,
11,1,1,mlp,548,bus,bus,
11,1,1,mlp,549,saab,saab,
11,1,1,mlp,561,opel,bus,
11,1,1,mlp,568,bus,bus,
11,1,1,mlp,618,van,van,
11,1,1,mlp,670,opel,opel,
11,1,1,mlp,690,saab,saab,
11,1,1,mlp,695,van,van,
11,1,1,mlp,706,van,van,
11,1,1,mlp,715,opel,opel,
11,1,1,mlp,718,opel,saab,
11,1,1,mlp,720,opel,saab,
11,1,1,mlp,738,bus,bus,
11,1,1,mlp,739,van,van,
11,1,1,mlp,741,bus,bus,
11,1,1,mlp,768,opel,opel,
11,1,1,mlp,771,opel,opel,
11,1,1,mlp,776,saab,opel,
11,1,1,mlp,781,van,van,
11,1,1,mlp,789,saab,saab,
11,1,1,mlp,806,saab,van,
11,1,1,mlp,816,van,van,
11,1,1,mlp,823,opel,saab,
11,1,1,mlp,834,saab,opel,
11,1,1,rbf,11,saab,saab,
11,1,1,rbf,24,saab,opel,
11,1,1,rbf,31,saab,van,
11,1,1,rbf,38,saab,opel,
11,1,1,rbf,46,van,van,
11,1,1,rbf,47,bus,bus,
11,1,1,rbf,62,van,van,
11,1,1,rbf,73,opel,opel,
11,1,1,rbf,84,bus,bus,
11,1,1,rbf,89,opel,van,
11,1,1,rbf,94,bus,bus,
11,1,1,rbf,96,saab,saab,
11,1,1,rbf,102,van,van,
11,1,1,rbf,103,van,van,
11,1,1,rbf,104,bus,bus,
11,1,1,rbf,113,opel,van,
11,1,1,rbf,117,saab,saab,
11,1,1,rbf,119,bus,bus,
11,1,1,rbf,125,van,van,
11,1,1,rbf,133,van,van,
11,1,1,rbf,144,opel,saab,
11,1,1,rbf,146,van,van,
11,1,1,rbf,170,opel,saab,
11,1,1,rbf,172,van,van,
11,1,1,rbf,179,van,bus,
11,1,1,rbf,196,saab,saab,
11,1,1,rbf,223,bus,bus,
11,1,1,rbf,226,saab,saab,
11,1,1,rbf,236,bus,bus,
11,1,1,rbf,244,van,van,
11,1,1,rbf,251,opel,opel,
11,1,1,rbf,257,opel,saab,
11,1,1,rbf,258,saab,saab,
11,1,1,rbf,272,van,van,
11,1,1,rbf,277,opel,van,
11,1,1,rbf,278,saab,saab,
11,1,1,rbf,299,bus,bus,
11,1,1,rbf,302,bus,bus,
11,1,1,rbf,309,opel,saab,
11,1,1,rbf,323,saab,saab,
11,1,1,rbf,325,bus,bus,
11,1,1,rbf,328,van,van,
11,1,1,rbf,332,opel,opel,
11,1,1,rbf,335,saab,saab,
11,1,1,rbf,345,bus,bus,
11,1,1,rbf,353,bus,bus,
11,1,1,rbf,364,opel,bus,
11,1,1,rbf,407,saab,saab,
11,1,1,rbf,408,bus,bus,
11,1,1,rbf,409,saab,opel,
11,1,1,rbf,417,bus,bus,
11,1,1,rbf,457,van,bus,
11,1,1,rbf,459,saab,opel,
11,1,1,rbf,465,bus,bus,
11,1,1,rbf,492,bus,bus,
11,1,1,rbf,493,opel,opel,
11,1,1,rbf,498,van,van,
11,1,1,rbf,531,bus,bus,
11,1,1,rbf,538,opel,opel,
11,1,1,rbf,539,bus,bus,
11,1,1,rbf,542,saab,opel,
11,1,1,rbf,548,bus,bus,
11,1,1,rbf,549,saab,saab,
11,1,1,rbf,561,opel,bus,
11,1,1,rbf,568,bus,bus,
11,1,1,rbf,618,van,van,
11,1,1,rbf,670,opel,opel,
11,1,1,rbf,690,saab,opel,
11,1,1,rbf,695,van,van,
11,1,1,rbf,706,van,bus,
11,1,1,rbf,715,opel,opel,
11,1,1,rbf,718,opel,saab,
11,1,1,rbf,720,opel,opel,
11,1,1,rbf,738,bus,bus,
11,1,1,rbf,739,van,van,
11,1,1,rbf,741,bus,bus,
11,1,1,rbf,768,opel,opel,
11,1,1,rbf,771,opel,opel,
11,1,1,rbf,776,saab,saab,
11,1,1,rbf,781,van,van,
11,1,1,rbf,789,saab,saab,
11,1,1,rbf,806,saab,van,
11,1,1,rbf,816,van,van,
11,1,1,rbf,823,opel,saab,
11,1,1,rbf,834,saab,saab,
11,1,1,svm_linear,11,saab,opel,
11,1,1,svm_linear,24,saab,opel,
11,1,1,svm_linear,31,saab,van,
11,1,1,svm_linear,38,saab,saab,
11,1,1,svm_linear,46,van,van,
11,1,1,svm_linear,47,bus,bus,
11,1,1,svm_linear,62,van,van,
11,1,1,svm_linear,73,opel,saab,
11,1,1,svm_linear,84,bus,bus,
11,1,1,svm_linear,89,opel,opel,
11,1,1,svm_linear,94,bus,bus,
11,1,1,svm_linear,96,saab,saab,
11,1,1,svm_linear,102,van,van,
11,1,1,svm_linear,103,van,van,
11,1,1,svm_linear,104,bus,bus,
11,1,1,svm_linear,113,opel,saab,
11,1,1,svm_linear,117,saab,saab,
11,1,1,svm_linear,119,bus,bus,
11,1,1,svm_linear,125,van,van,
11,1,1,svm_linear,133,van,van,
11,1,1,svm_linear,144,opel,opel,
11,1,1,svm_linear,146,van,van,
11,1,1,svm_linear,170,opel,saab,
11,1,1,svm_linear,172,van,van,
11,1,1,svm_linear,179,van,van,
11,1,1,svm_linear,196,saab,opel,
11,1,1,svm_linear,223,bus,bus,
11,1,1,svm_linear,226,saab,saab,
11,1,1,svm_linear,236,bus,bus,
11,1,1,svm_linear,244,van,van,
11,1,1,svm_linear,251,opel,opel,
11,1,1,svm_linear,257,opel,opel,
11,1,1,svm_linear,258,saab,saab,
11,1,1,svm_linear,272,van,van,
11,1,1,svm_linear,277,opel,saab,
11,1,1,svm_linear,278,saab,saab,
11,1,1,svm_linear,299,bus,bus,
11,1,1,svm_linear,302,bus,bus,
11,1,1,svm_linear,309,opel,saab,
11,1,1,svm_linear,323,saab,saab,
11,1,1,svm_linear,325,bus,bus,
11,1,1,svm_linear,328,van,van,
11,1,1,svm_linear,332,opel,opel,
11,1,1,svm_linear,335,saab,saab,
11,1,1,svm_linear,345,bus,bus,
11,1,1,svm_linear,353,bus,bus,
11,1,1,svm_linear,364,opel,opel,
11,1,1,svm_linear,407,saab,saab,
11,1,1,svm_linear,408,bus,bus,
11,1,1,svm_linear,409,saab,opel,
11,1,1,svm_linear,417,bus,bus,
11,1,1,svm_linear,457,van,bus,
11,1,1,svm_linear,459,saab,opel,
11,1,1,svm_linear,465,bus,bus,
11,1,1,svm_linear,492,bus,bus,
11,1,1,svm_linear,493,opel,opel,
11,1,1,svm_linear,498,van,van,
11,1,1,svm_linear,531,bus,bus,
11,1,1,svm_linear,538,opel,opel,
11,1,1,svm_linear,539,bus,bus,
11,1,1,svm_linear,542,saab,opel,
11,1,1,svm_linear,548,bus,bus,
11,1,1,svm_linear,549,saab,saab,
11,1,1,svm_linear,561,opel,opel,
11,1,1,svm_linear,568,bus,bus,
11,1,1,svm_linear,618,van,van,
11,1,1,svm_linear,670,opel,saab,
11,1,1,svm_linear,690,saab,opel,
11,1,1,svm_linear,695,van,van,
11,1,1,svm_linear,706,van,van,
11,1,1,svm_linear,715,opel,opel,
11,1,1,svm_linear,718,opel,saab,
11,1,1,svm_linear,720,opel,saab,
11,1,1,svm_linear,738,bus,bus,
11,1,1,svm_linear,739,van,van,
11,1,1,svm_linear,741,bus,bus,
11,1,1,svm_linear,768,opel,saab,
11,1,1,svm_linear,771,opel,opel,
11,1,1,svm_linear,776,saab,saab,
11,1,1,svm_linear,781,van,van,
11,1,1,svm_linear,789,saab,saab,
11,1,1,svm_linear,806,saab,opel,
11,1,1,svm_linear,816,van,van,
11,1,1,svm_linear,823,opel,opel,
11,1,1,svm_linear,834,saab,bus,
11,1,1,svm_unscaled,11,saab,opel,
11,1,1,svm_unscaled,24,saab,opel,
11,1,1,svm_unscaled,31,saab,van,
11,1,1,svm_unscaled,38,saab,opel,
11,1,1,svm_unscaled,46,van,van,
11,1,1,svm_unscaled,47,bus,bus,
11,1,1,svm_unscaled,62,van,van,
11,1,1,svm_unscaled,73,opel,opel,
11,1,1,svm_unscaled,84,bus,bus,
11,1,1,svm_unscaled,89,opel,van,
11,1,1,svm_unscaled,94,bus,bus,
11,1,1,svm_unscaled,96,saab,saab,
11,1,1,svm_unscaled,102,van,van,
11,1,1,svm_unscaled,103,van,van,
11,1,1,svm_unscaled,104,bus,bus,
11,1,1,svm_unscaled,113,opel,van,
11,1,1,svm_unscaled,117,saab,saab,
11,1,1,svm_unscaled,119,bus,bus,
11,1,1,svm_unscaled,125,van,van,
11,1,1,svm_unscaled,133,van,van,
11,1,1,svm_unscaled,144,opel,saab,
11,1,1,svm_unscaled,146,van,van,
11,1,1,svm_unscaled,170,opel,opel,
11,1,1,svm_unscaled,172,van,van,
11,1,1,svm_unscaled,179,van,van,
11,1,1,svm_unscaled,196,saab,saab,
11,1,1,svm_unscaled,223,bus,bus,
11,1,1,svm_unscaled,226,saab,opel,
11,1,1,svm_unscaled,236,bus,bus,
11,1,1,svm_unscaled,244,van,van,
11,1,1,svm_unscaled,251,opel,opel,
11,1,1,svm_unscaled,257,opel,saab,
11,1,1,svm_unscaled,258,saab,opel,
11,1,1,svm_unscaled,272,van,van,
11,1,1,svm_unscaled,277,opel,van,
11,1,1,svm_unscaled,278,saab,saab,
11,1,1,svm_unscaled,299,bus,bus,
11,1,1,svm_unscaled,302,bus,bus,
11,1,1,svm_unscaled,309,opel,saab,
11,1,1,svm_unscaled,323,saab,saab,
11,1,1,svm_unscaled,325,bus,bus,
11,1,1,svm_unscaled,328,van,van,
11,1,1,svm_unscaled,332,opel,opel,
11,1,1,svm_unscaled,335,saab,saab,
11,1,1,svm_unscaled,345,bus,bus,
11,1,1,svm_unscaled,353,bus,bus,
11,1,1,svm_unscaled,364,opel,saab,
11,1,1,svm_unscaled,407,saab,saab,
11,1,1,svm_unscaled,408,bus,bus,
11,1,1,svm_unscaled,409,saab,opel,
11,1,1,svm_unscaled,417,bus,bus,
11,1,1,svm_unscaled,457,van,bus,
11,1,1,svm_unscaled,459,saab,opel,
11,1,1,svm_unscaled,465,bus,bus,
11,1,1,svm_unscaled,492,bus,bus,
11,1,1,svm_unscaled,493,opel,opel,
11,1,1,svm_unscaled,498,van,van,
11,1,1,svm_unscaled,531,bus,bus,
11,1,1,svm_unscaled,538,opel,opel,
11,1,1,svm_unscaled,539,bus,bus,
11,1,1,svm_unscaled,542,saab,opel,
11,1,1,svm_unscaled,548,bus,bus,
11,1,1,svm_unscaled,549,saab,saab,
11,1,1,svm_unscaled,561,opel,saab,
11,1,1,svm_unscaled,568,bus,bus,
11,1,1,svm_unscaled,618,van,van,
11,1,1,svm_unscaled,670,opel,saab,
11,1,1,svm_unscaled,690,saab,opel,
11,1,1,svm_unscaled,695,van,van,
11,1,1,svm_unscaled,706,van,van,
11,1,1,svm_unscaled,715,opel,opel,
11,1,1,svm_unscaled,718,opel,saab,
11,1,1,svm_unscaled,720,opel,saab,
11,1,1,svm_unscaled,738,bus,bus,
11,1,1,svm_unscaled,739,van,van,
11,1,1,svm_unscaled,741,bus,bus,
11,1,1,svm_unscaled,768,opel,opel,
11,1,1,svm_unscaled,771,opel,opel,
11,1,1,svm_unscaled,776,saab,saab,
11,1,1,svm_unscaled,781,van,van,
11,1,1,svm_unscaled,789,saab,saab,
11,1,1,svm_unscaled,806,saab,van,
11,1,1,svm_unscaled,816,van,van,
11,1,1,svm_unscaled,823,opel,saab,
11,1,1,svm_unscaled,834,saab,saab,
12,1,2,centroid,1,van,van,
12,1,2,centroid,5,bus,opel,
12,1,2,centroid,13,van,van,
12,1,2,centroid,17,bus,saab,
12,1,2,centroid,18,saab,opel,
12,1,2,centroid,34,opel,saab,
12,1,2,centroid,42,van,bus,
12,1,2,centroid,61,opel,van,
12,1,2,centroid,97,bus,van,
12,1,2,centroid,111,van,bus,
12,1,2,centroid,134,opel,opel,
12,1,2,centroid,142,opel,opel,
12,1,2,centroid,151,bus,saab,
12,1,2,centroid,163,saab,van,
12,1,2,centroid,166,saab,van,
12,1,2,centroid,199,bus,bus,
12,1,2,centroid,201,saab,van,
12,1,2,centroid,215,opel,bus,
12,1,2,centroid,221,van,van,
12,1,2,centroid,247,saab,saab,
12,1,2,centroid,249,saab,van,
12,1,2,centroid,262,van,van,
12,1,2,centroid,268,van,van,
12,1,2,centroid,270,bus,bus,
12,1,2,centroid,282,bus,bus,
12,1,2,centroid,307,opel,opel,
12,1,2,centroid,310,saab,opel,
12,1,2,centroid,317,saab,saab,
12,1,2,centroid,322,bus,van,
12,1,2,centroid,327,opel,van,
12,1,2,centroid,348,van,van,
12,1,2,centroid,349,opel,van,
12,1,2,centroid,358,opel,bus,
12,1,2,centroid,361,saab,saab,
12,1,2,centroid,365,saab,opel,
12,1,2,centroid,375,bus,opel,
12,1,2,centroid,378,saab,van,
12,1,2,centroid,379,opel,opel,
12,1,2,centroid,384,opel,van,
12,1,2,centroid,393,bus,bus,
12,1,2,centroid,400,saab,saab,
12,1,2,centroid,431,bus,opel,
12,1,2,centroid,434,saab,opel,
12,1,2,centroid,442,van,van,
12,1,2,centroid,444,bus,opel,
12,1,2,centroid,447,opel,opel,
12,1,2,centroid,452,opel,saab,
12,1,2,centroid,461,opel,opel,
12,1,2,centroid,471,opel,opel,
12,1,2,centroid,482,opel,saab,
12,1,2,centroid,510,bus,bus,
12,1,2,centroid,529,bus,van,
12,1,2,centroid,547,bus,van,
12,1,2,centroid,575,saab,opel,
12,1,2,centroid,577,opel,opel,
12,1,2,centroid,579,opel,van,
12,1,2,centroid,581,van,van,
12,1,2,centroid,583,saab,opel,
12,1,2,centroid,589,opel,opel,
12,1,2,centroid,597,van,van,
12,1,2,centroid,617,van,van,
12,1,2,centroid,620,saab,opel,
12,1,2,centroid,624,saab,van,
12,1,2,centroid,637,bus,bus,
12,1,2,centroid,653,opel,saab,
12,1,2,centroid,660,van,van,
12,1,2,centroid,664,van,van,
12,1,2,centroid,667,saab,opel,
12,1,2,centroid,669,bus,bus,
12,1,2,centroid,698,bus,van,
12,1,2,centroid,701,saab,opel,
12,1,2,centroid,708,van,bus,
12,1,2,centroid,725,van,van,
12,1,2,centroid,733,bus,opel,
12,1,2,centroid,752,bus,saab,
12,1,2,centroid,759,van,bus,
12,1,2,centroid,762,van,van,
12,1,2,centroid,786,saab,opel,
12,1,2,centroid,788,saab,opel,
12,1,2,centroid,793,bus,opel,
12,1,2,centroid,803,bus,saab,
12,1,2,centroid,819,saab,saab,
12,1,2,centroid,822,van,van,
12,1,2,centroid,836,van,van,
12,1,2,centroid,840,opel,van,
12,1,2,knn,1,van,van,
12,1,2,knn,5,bus,bus,
12,1,2,knn,13,van,van,
12,1,2,knn,17,bus,bus,
12,1,2,knn,18,saab,opel,
12,1,2,knn,34,opel,saab,
12,1,2,knn,42,van,van,
12,1,2,knn,61,opel,saab,
12,1,2,knn,97,bus,bus,
12,1,2,knn,111,van,van,
12,1,2,knn,134,opel,opel,
12,1,2,knn,142,opel,saab,
12,1,2,knn,151,bus,bus,
12,1,2,knn,163,saab,van,
12,1,2,knn,166,saab,opel,
12,1,2,knn,199,bus,bus,
12,1,2,knn,201,saab,saab,
12,1,2,knn,215,opel,opel,
12,1,2,knn,221,van,van,
12,1,2,knn,247,saab,saab,
12,1,2,knn,249,saab,saab,
12,1,2,knn,262,van,van,
12,1,2,knn,268,van,van,
12,1,2,knn,270,bus,bus,
12,1,2,knn,282,bus,bus,
12,1,2,knn,307,opel,saab,
12,1,2,knn,310,saab,opel,
12,1,2,knn,317,saab,saab,
12,1,2,knn,322,bus,bus,
12,1,2,knn,327,opel,saab,
12,1,2,knn,348,van,van,
12,1,2,knn,349,opel,van,
12,1,2,knn,358,opel,van,
12,1,2,knn,361,saab,opel,
12,1,2,knn,365,saab,saab,
12,1,2,knn,375,bus,bus,
12,1,2,knn,378,saab,opel,
12,1,2,knn,379,opel,saab,
12,1,2,knn,384,opel,van,
12,1,2,knn,393,bus,bus,
12,1,2,knn,400,saab,saab,
12,1,2,knn,431,bus,bus,
12,1,2,knn,434,saab,opel,
12,1,2,knn,442,van,van,
12,1,2,knn,444,bus,bus,
12,1,2,knn,447,opel,opel,
12,1,2,knn,452,opel,saab,
12,1,2,knn,461,opel,opel,
12,1,2,knn,471,opel,saab,
12,1,2,knn,482,opel,opel,
12,1,2,knn,510,bus,bus,
12,1,2,knn,529,bus,bus,
12,1,2,knn,547,bus,bus,
12,1,2,knn,575,saab,saab,
12,1,2,knn,577,opel,saab,
12,1,2,knn,579,opel,saab,
12,1,2,knn,581,van,van,
12,1,2,knn,583,saab,saab,
12,1,2,knn,589,opel,opel,
12,1,2,knn,597,van,van,
12,1,2,knn,617,van,van,
12,1,2,knn,620,saab,opel,
12,1,2,knn,624,saab,saab,
12,1,2,knn,637,bus,bus,
12,1,2,knn,653,opel,saab,
12,1,2,knn,660,van,van,
12,1,2,knn,664,van,van,
12,1,2,knn,667,saab,saab,
12,1,2,knn,669,bus,bus,
12,1,2,knn,698,bus,bus,
12,1,2,knn,701,saab,saab,
12,1,2,knn,708,van,van,
12,1,2,knn,725,van,van,
12,1,2,knn,733,bus,bus,
12,1,2,knn,752,bus,bus,
12,1,2,knn,759,van,van,
12,1,2,knn,762,van,bus,
12,1,2,knn,786,saab,saab,
12,1,2,knn,788,saab,saab,
12,1,2,knn,793,bus,opel,
12,1,2,knn,803,bus,bus,
12,1,2,knn,819,saab,saab,
12,1,2,knn,822,van,van,
12,1,2,knn,836,van,van,
12,1,2,knn,840,opel,saab,
12,1,2,svm,1,van,van,1.36268545618542
12,1,2,svm,5,bus,bus,2.0206490768082754
12,1,2,svm,13,van,van,0.8389199973647345
12,1,2,svm,17,bus,bus,2.557667705620693
12,1,2,svm,18,saab,saab,1.1008056033429785
12,1,2,svm,34,opel,opel,1.0732906989838806
12,1,2,svm,42,van,van,2.1665368200745343
12,1,2,svm,61,opel,opel,0.5088944958627035
12,1,2,svm,97,bus,bus,1.5192214604796652
12,1,2,svm,111,van,van,1.8655157393527757
12,1,2,svm,134,opel,opel,1.1510170530221027
12,1,2,svm,142,opel,opel,0.8491469006416335
12,1,2,svm,151,bus,bus,2.5801389079483554
12,1,2,svm,163,saab,van,0.17669885462928192
12,1,2,svm,166,saab,saab,0.26161622142460494
12,1,2,svm,199,bus,bus,1.4995745126261293
12,1,2,svm,201,saab,opel,0.11398755683188533
12,1,2,svm,215,opel,saab,0.22083080421353607
12,1,2,svm,221,van,van,1.6288016035556163
12,1,2,svm,247,saab,opel,0.5800123868086882
12,1,2,svm,249,saab,saab,0.06449585599350094
12,1,2,svm,262,van,van,1.630309026274399
12,1,2,svm,268,van,van,1.718963360718882
12,1,2,svm,270,bus,bus,2.1143820623395495
12,1,2,svm,282,bus,bus,1.1950580759545235
12,1,2,svm,307,opel,opel,1.0097032701370932
12,1,2,svm,310,saab,opel,0.980139529034231
12,1,2,svm,317,saab,saab,1.155878395947811
12,1,2,svm,322,bus,bus,1.4257590515309888
12,1,2,svm,327,opel,saab,0.2471502217742927
12,1,2,svm,348,van,van,1.8279514314709298
12,1,2,svm,349,opel,opel,0.26397085202007187
12,1,2,svm,358,opel,opel,0.20457512193541838
12,1,2,svm,361,saab,saab,1.615524106891927
12,1,2,svm,365,saab,saab,2.119189603585747
12,1,2,svm,375,bus,bus,2.4604446799044473
12,1,2,svm,378,saab,opel,0.9534878806102807
12,1,2,svm,379,opel,saab,0.06909369427073564
12,1,2,svm,384,opel,saab,0.6751140143096183
12,1,2,svm,393,bus,bus,1.9027747044167458
12,1,2,svm,400,saab,saab,1.5052331132782246
12,1,2,svm,431,bus,bus,3.133771663329518
12,1,2,svm,434,saab,saab,1.4498773376251055
12,1,2,svm,442,van,van,1.990105525311189
12,1,2,svm,444,bus,bus,2.925193306348504
12,1,2,svm,447,opel,opel,1.844002050237445
12,1,2,svm,452,opel,saab,0.2832240056837936
12,1,2,svm,461,opel,opel,1.3028245977368211
12,1,2,svm,471,opel,opel,0.9565260757319276
12,1,2,svm,482,opel,saab,0.6837113124852596
12,1,2,svm,510,bus,bus,1.1727752176245363
12,1,2,svm,529,bus,bus,1.6130690061859414
12,1,2,svm,547,bus,van,0.36111856507855267
12,1,2,svm,575,saab,saab,1.703705711310982
12,1,2,svm,577,opel,saab,0.5204944677862304
12,1,2,svm,579,opel,van,0.41756984293587696
12,1,2,svm,581,van,van,0.674562332347592
12,1,2,svm,583,saab,saab,1.0051875489862088
12,1,2,svm,589,opel,opel,0.6343954497619304
12,1,2,svm,597,van,van,2.524261855196948
12,1,2,svm,617,van,van,0.41708201598135275
12,1,2,svm,620,saab,saab,0.6356878143691436
12,1,2,svm,624,saab,opel,0.5814861616605338
12,1,2,svm,637,bus,bus,1.5529678882834363
12,1,2,svm,653,opel,opel,0.3560842694203483
12,1,2,svm,660,van,van,1.249247603522499
12,1,2,svm,664,van,van,1.7490020164875912
12,1,2,svm,667,saab,saab,2.0974853178181734
12,1,2,svm,669,bus,bus,1.7328023047447394
12,1,2,svm,698,bus,bus,0.7653855326718562
12,1,2,svm,701,saab,saab,1.793107474443433
12,1,2,svm,708,van,van,2.2612677255782154
12,1,2,svm,725,van,van,0.9864411301187994
12,1,2,svm,733,bus,bus,1.8469901575322996
12,1,2,svm,752,bus,bus,2.0915023737757554
12,1,2,svm,759,van,van,3.865818648829703
12,1,2,svm,762,van,van,1.2855935571111101
12,1,2,svm,786,saab,saab,0.8395404005360536
12,1,2,svm,788,saab,saab,1.602388710654212
12,1,2,svm,793,bus,bus,0.4668174135936587
12,1,2,svm,803,bus,bus,1.3622575419745575
12,1,2,svm,819,saab,saab,0.848483108393113
12,1,2,svm,822,van,van,1.871857469336231
12,1,2,svm,836,van,van,1.207450451441343
12,1,2,svm,840,opel,opel,0.4639023533276099
12,1,2,mlp,1,van,van,
12,1,2,mlp,5,bus,bus,
12,1,2,mlp,13,van,van,
12,1,2,mlp,17,bus,bus,
12,1,2,mlp,18,saab,opel,
12,1,2,mlp,34,opel,opel,
12,1,2,mlp,42,van,van,
12,1,2,mlp,61,opel,opel,
12,1,2,mlp,97,bus,bus,
12,1,2,mlp,111,van,van,
12,1,2,mlp,134,opel,opel,
12,1,2,mlp,142,opel,saab,
12,1,2,mlp,151,bus,bus,
12,1,2,mlp,163,saab,van,
12,1,2,mlp,166,saab,saab,
12,1,2,mlp,199,bus,bus,
12,1,2,mlp,201,saab,opel,
12,1,2,mlp,215,opel,bus,
12,1,2,mlp,221,van,van,
12,1,2,mlp,247,saab,opel,
12,1,2,mlp,249,saab,saab,
12,1,2,mlp,262,van,van,
12,1,2,mlp,268,van,van,
12,1,2,mlp,270,bus,bus,
12,1,2,mlp,282,bus,bus,
12,1,2,mlp,307,opel,saab,
12,1,2,mlp,310,saab,opel,
12,1,2,mlp,317,saab,saab,
12,1,2,mlp,322,bus,bus,
12,1,2,mlp,327,opel,opel,
12,1,2,mlp,348,van,van,
12,1,2,mlp,349,opel,opel,
12,1,2,mlp,358,opel,van,
12,1,2,mlp,361,saab,saab,
12,1,2,mlp,365,saab,saab,
12,1,2,mlp,375,bus,bus,
12,1,2,mlp,378,saab,saab,
12,1,2,mlp,379,opel,opel,
12,1,2,mlp,384,opel,van,
12,1,2,mlp,393,bus,bus,
12,1,2,mlp,400,saab,saab,
12,1,2,mlp,431,bus,bus,
12,1,2,mlp,434,saab,saab,
12,1,2,mlp,442,van,van,
12,1,2,mlp,444,bus,bus,
12,1,2,mlp,447,opel,opel,
12,1,2,mlp,452,opel,saab,
12,1,2,mlp,461,opel,saab,
12,1,2,mlp,471,opel,saab,
12,1,2,mlp,482,opel,saab,
12,1,2,mlp,510,bus,bus,
12,1,2,mlp,529,bus,bus,
12,1,2,mlp,547,bus,van,
12,1,2,mlp,575,saab,saab,
12,1,2,mlp,577,opel,opel,
12,1,2,mlp,579,opel,van,
12,1,2,mlp,581,van,van,
12,1,2,mlp,583,saab,opel,
12,1,2,mlp,589,opel,opel,
12,1,2,mlp,597,van,van,
12,1,2,mlp,617,van,saab,
12,1,2,mlp,620,saab,saab,
12,1,2,mlp,624,saab,saab,
12,1,2,mlp,637,bus,bus,
12,1,2,mlp,653,opel,opel,
12,1,2,mlp,660,van,van,
12,1,2,mlp,664,van,van,
12,1,2,mlp,667,saab,saab,
12,1,2,mlp,669,bus,bus,
12,1,2,mlp,698,bus,bus,
12,1,2,mlp,701,saab,saab,
12,1,2,mlp,708,van,van,
12,1,2,mlp,725,van,van,
12,1,2,mlp,733,bus,bus,
12,1,2,mlp,752,bus,bus,
12,1,2,mlp,759,van,van,
12,1,2,mlp,762,van,van,
12,1,2,mlp,786,saab,saab,
12,1,2,mlp,788,saab,saab,
12,1,2,mlp,793,bus,bus,
12,1,2,mlp,803,bus,bus,
12,1,2,mlp,819,saab,saab,
12,1,2,mlp,822,van,van,
12,1,2,mlp,836,van,van,
12,1,2,mlp,840,opel,saab,
12,1,2,rbf,1,van,van,
12,1,2,rbf,5,bus,bus,
12,1,2,rbf,13,van,van,
12,1,2,rbf,17,bus,bus,
12,1,2,rbf,18,saab,opel,
12,1,2,rbf,34,opel,opel,
12,1,2,rbf,42,van,van,
12,1,2,rbf,61,opel,opel,
12,1,2,rbf,97,bus,bus,
12,1,2,rbf,111,van,van,
12,1,2,rbf,134,opel,opel,
12,1,2,rbf,142,opel,saab,
12,1,2,rbf,151,bus,bus,
12,1,2,rbf,163,saab,van,
12,1,2,rbf,166,saab,opel,
12,1,2,rbf,199,bus,bus,
12,1,2,rbf,201,saab,opel,
12,1,2,rbf,215,opel,opel,
12,1,2,rbf,221,van,van,
12,1,2,rbf,247,saab,opel,
12,1,2,rbf,249,saab,van,
12,1,2,rbf,262,van,van,
12,1,2,rbf,268,van,van,
12,1,2,rbf,270,bus,bus,
12,1,2,rbf,282,bus,bus,
12,1,2,rbf,307,opel,saab,
12,1,2,rbf,310,saab,opel,
12,1,2,rbf,317,saab,saab,
12,1,2,rbf,322,bus,bus,
12,1,2,rbf,327,opel,opel,
12,1,2,rbf,348,van,van,
12,1,2,rbf,349,opel,van,
12,1,2,rbf,358,opel,opel,
12,1,2,rbf,361,saab,saab,
12,1,2,rbf,365,saab,saab,
12,1,2,rbf,375,bus,bus,
12,1,2,rbf,378,saab,van,
12,1,2,rbf,379,opel,opel,
12,1,2,rbf,384,opel,van,
12,1,2,rbf,393,bus,bus,
12,1,2,rbf,400,saab,saab,
12,1,2,rbf,431,bus,bus,
12,1,2,rbf,434,saab,saab,
12,1,2,rbf,442,van,van,
12,1,2,rbf,444,bus,bus,
12,1,2,rbf,447,opel,opel,
12,1,2,rbf,452,opel,opel,
12,1,2,rbf,461,opel,saab,
12,1,2,rbf,471,opel,saab,
12,1,2,rbf,482,opel,saab,
12,1,2,rbf,510,bus,bus,
12,1,2,rbf,529,bus,bus,
12,1,2,rbf,547,bus,van,
12,1,2,rbf,575,saab,saab,
12,1,2,rbf,577,opel,opel,
12,1,2,rbf,579,opel,van,
12,1,2,rbf,581,van,van,
12,1,2,rbf,583,saab,opel,
12,1,2,rbf,589,opel,opel,
12,1,2,rbf,597,van,van,
12,1,2,rbf,617,van,van,
12,1,2,rbf,620,saab,opel,
12,1,2,rbf,624,saab,opel,
12,1,2,rbf,637,bus,bus,
12,1,2,rbf,653,opel,opel,
12,1,2,rbf,660,van,van,
12,1,2,rbf,664,van,van,
12,1,2,rbf,667,saab,saab,
12,1,2,rbf,669,bus,bus,
12,1,2,rbf,698,bus,bus,
12,1,2,rbf,701,saab,saab,
12,1,2,rbf,708,van,van,
12,1,2,rbf,725,van,van,
12,1,2,rbf,733,bus,bus,
12,1,2,rbf,752,bus,bus,
12,1,2,rbf,759,van,van,
12,1,2,rbf,762,van,van,
12,1,2,rbf,786,saab,opel,
12,1,2,rbf,788,saab,saab,
12,1,2,rbf,793,bus,bus,
12,1,2,rbf,803,bus,bus,
12,1,2,rbf,819,saab,saab,
12,1,2,rbf,822,van,van,
12,1,2,rbf,836,van,van,
12,1,2,rbf,840,opel,saab,
12,1,2,svm_linear,1,van,van,
12,1,2,svm_linear,5,bus,bus,
12,1,2,svm_linear,13,van,van,
12,1,2,svm_linear,17,bus,bus,
12,1,2,svm_linear,18,saab,saab,
12,1,2,svm_linear,34,opel,opel,
12,1,2,svm_linear,42,van,van,
12,1,2,svm_linear,61,opel,opel,
12,1,2,svm_linear,97,bus,bus,
12,1,2,svm_linear,111,van,van,
12,1,2,svm_linear,134,opel,opel,
12,1,2,svm_linear,142,opel,saab,
12,1,2,svm_linear,151,bus,bus,
12,1,2,svm_linear,163,saab,van,
12,1,2,svm_linear,166,saab,opel,
12,1,2,svm_linear,199,bus,bus,
12,1,2,svm_linear,201,saab,opel,
12,1,2,svm_linear,215,opel,saab,
12,1,2,svm_linear,221,van,van,
12,1,2,svm_linear,247,saab,opel,
12,1,2,svm_linear,249,saab,opel,
12,1,2,svm_linear,262,van,van,
12,1,2,svm_linear,268,van,van,
12,1,2,svm_linear,270,bus,bus,
12,1,2,svm_linear,282,bus,bus,
12,1,2,svm_linear,307,opel,opel,
12,1,2,svm_linear,310,saab,opel,
12,1,2,svm_linear,317,saab,saab,
12,1,2,svm_linear,322,bus,bus,
12,1,2,svm_linear,327,opel,opel,
12,1,2,svm_linear,348,van,van,
12,1,2,svm_linear,349,opel,van,
12,1,2,svm_linear,358,opel,opel,
12,1,2,svm_linear,361,saab,saab,
12,1,2,svm_linear,365,saab,saab,
12,1,2,svm_linear,375,bus,bus,
12,1,2,svm_linear,378,saab,opel,
12,1,2,svm_linear,379,opel,opel,
12,1,2,svm_linear,384,opel,saab,
12,1,2,svm_linear,393,bus,bus,
12,1,2,svm_linear,400,saab,opel,
12,1,2,svm_linear,431,bus,bus,
12,1,2,svm_linear,434,saab,saab,
12,1,2,svm_linear,442,van,van,
12,1,2,svm_linear,444,bus,bus,
12,1,2,svm_linear,447,opel,opel,
12,1,2,svm_linear,452,opel,saab,
12,1,2,svm_linear,461,opel,opel,
12,1,2,svm_linear,471,opel,opel,
12,1,2,svm_linear,482,opel,saab,
12,1,2,svm_linear,510,bus,bus,
12,1,2,svm_linear,529,bus,bus,
12,1,2,svm_linear,547,bus,bus,
12,1,2,svm_linear,575,saab,saab,
12,1,2,svm_linear,577,opel,saab,
12,1,2,svm_linear,579,opel,van,
12,1,2,svm_linear,581,van,van,
12,1,2,svm_linear,583,saab,saab,
12,1,2,svm_linear,589,opel,opel,
12,1,2,svm_linear,597,van,van,
12,1,2,svm_linear,617,van,van,
12,1,2,svm_linear,620,saab,saab,
12,1,2,svm_linear,624,saab,opel,
12,1,2,svm_linear,637,bus,bus,
12,1,2,svm_linear,653,opel,opel,
12,1,2,svm_linear,660,van,van,
12,1,2,svm_linear,664,van,van,
12,1,2,svm_linear,667,saab,saab,
12,1,2,svm_linear,669,bus,bus,
12,1,2,svm_linear,698,bus,bus,
12,1,2,svm_linear,701,saab,saab,
12,1,2,svm_linear,708,van,van,
12,1,2,svm_linear,725,van,van,
12,1,2,svm_linear,733,bus,bus,
12,1,2,svm_linear,752,bus,bus,
12,1,2,svm_linear,759,van,van,
12,1,2,svm_linear,762,van,van,
12,1,2,svm_linear,786,saab,saab,
12,1,2,svm_linear,788,saab,saab,
12,1,2,svm_linear,793,bus,bus,
12,1,2,svm_linear,803,bus,bus,
12,1,2,svm_linear,819,saab,saab,
12,1,2,svm_linear,822,van,van,
12,1,2,svm_linear,836,van,van,
12,1,2,svm_linear,840,opel,opel,
12,1,2,svm_unscaled,1,van,van,
12,1,2,svm_unscaled,5,bus,bus,
12,1,2,svm_unscaled,13,van,van,
12,1,2,svm_unscaled,17,bus,bus,
12,1,2,svm_unscaled,18,saab,opel,
12,1,2,svm_unscaled,34,opel,opel,
12,1,2,svm_unscaled,42,van,van,
12,1,2,svm_unscaled,61,opel,opel,
12,1,2,svm_unscaled,97,bus,bus,
12,1,2,svm_unscaled,111,van,van,
12,1,2,svm_unscaled,134,opel,opel,
12,1,2,svm_unscaled,142,opel,saab,
12,1,2,svm_unscaled,151,bus,bus,
12,1,2,svm_unscaled,163,saab,van,
12,1,2,svm_unscaled,166,saab,saab,
12,1,2,svm_unscaled,199,bus,bus,
12,1,2,svm_unscaled,201,saab,saab,
12,1,2,svm_unscaled,215,opel,saab,
12,1,2,svm_unscaled,221,van,van,
12,1,2,svm_unscaled,247,saab,saab,
12,1,2,svm_unscaled,249,saab,opel,
12,1,2,svm_unscaled,262,van,van,
12,1,2,svm_unscaled,268,van,van,
12,1,2,svm_unscaled,270,bus,bus,
12,1,2,svm_unscaled,282,bus,bus,
12,1,2,svm_unscaled,307,opel,opel,
12,1,2,svm_unscaled,310,saab,opel,
12,1,2,svm_unscaled,317,saab,opel,
12,1,2,svm_unscaled,322,bus,bus,
12,1,2,svm_unscaled,327,opel,saab,
12,1,2,svm_unscaled,348,van,van,
12,1,2,svm_unscaled,349,opel,van,
12,1,2,svm_unscaled,358,opel,bus,
12,1,2,svm_unscaled,361,saab,saab,
12,1,2,svm_unscaled,365,saab,saab,
12,1,2,svm_unscaled,375,bus,bus,
12,1,2,svm_unscaled,378,saab,opel,
12,1,2,svm_unscaled,379,opel,opel,
12,1,2,svm_unscaled,384,opel,saab,
12,1,2,svm_unscaled,393,bus,bus,
12,1,2,svm_unscaled,400,saab,saab,
12,1,2,svm_unscaled,431,bus,bus,
12,1,2,svm_unscaled,434,saab,saab,
12,1,2,svm_unscaled,442,van,van,
12,1,2,svm_unscaled,444,bus,bus,
12,1,2,svm_unscaled,447,opel,opel,
12,1,2,svm_unscaled,452,opel,saab,
12,1,2,svm_unscaled,461,opel,saab,
12,1,2,svm_unscaled,471,opel,saab,
12,1,2,svm_unscaled,482,opel,saab,
12,1,2,svm_unscaled,510,bus,bus,
12,1,2,svm_unscaled,529,bus,bus,
12,1,2,svm_unscaled,547,bus,van,
12,1,2,svm_unscaled,575,saab,saab,
12,1,2,svm_unscaled,577,opel,opel,
12,1,2,svm_unscaled,579,opel,van,
12,1,2,svm_unscaled,581,van,van,
12,1,2,svm_unscaled,583,saab,opel,
12,1,2,svm_unscaled,589,opel,opel,
12,1,2,svm_unscaled,597,van,van,
12,1,2,svm_unscaled,617,van,van,
12,1,2,svm_unscaled,620,saab,opel,
12,1,2,svm_unscaled,624,saab,saab,
12,1,2,svm_unscaled,637,bus,bus,
12,1,2,svm_unscaled,653,opel,opel,
12,1,2,svm_unscaled,660,van,van,
12,1,2,svm_unscaled,664,van,van,
12,1,2,svm_unscaled,667,saab,saab,
12,1,2,svm_unscaled,669,bus,bus,
12,1,2,svm_unscaled,698,bus,bus,
12,1,2,svm_unscaled,701,saab,saab,
12,1,2,svm_unscaled,708,van,van,
12,1,2,svm_unscaled,725,van,van,
12,1,2,svm_unscaled,733,bus,bus,
12,1,2,svm_unscaled,752,bus,bus,
12,1,2,svm_unscaled,759,van,van,
12,1,2,svm_unscaled,762,van,van,
12,1,2,svm_unscaled,786,saab,saab,
12,1,2,svm_unscaled,788,saab,saab,
12,1,2,svm_unscaled,793,bus,bus,
12,1,2,svm_unscaled,803,bus,bus,
12,1,2,svm_unscaled,819,saab,saab,
12,1,2,svm_unscaled,822,van,van,
12,1,2,svm_unscaled,836,van,van,
12,1,2,svm_unscaled,840,opel,saab,
13,1,3,centroid,19,opel,opel,
13,1,3,centroid,41,van,van,
13,1,3,centroid,45,van,bus,
13,1,3,centroid,71,opel,opel,
13,1,3,centroid,74,van,van,
13,1,3,centroid,81,bus,opel,
13,1,3,centroid,99,bus,bus,
13,1,3,centroid,128,van,saab,
13,1,3,centroid,147,bus,van,
13,1,3,centroid,155,bus,opel,
13,1,3,centroid,161,opel,saab,
13,1,3,centroid,168,bus,bus,
13,1,3,centroid,171,bus,opel,
13,1,3,centroid,208,bus,bus,
13,1,3,centroid,209,opel,opel,
13,1,3,centroid,220,opel,opel,
13,1,3,centroid,225,van,van,
13,1,3,centroid,227,van,van,
13,1,3,centroid,243,saab,opel,
13,1,3,centroid,248,opel,opel,
13,1,3,centroid,250,van,van,
13,1,3,centroid,255,saab,saab,
13,1,3,centroid,271,saab,opel,
13,1,3,centroid,276,bus,van,
13,1,3,centroid,286,bus,van,
13,1,3,centroid,291,van,bus,
13,1,3,centroid,324,saab,saab,
13,1,3,centroid,326,opel,saab,
13,1,3,centroid,338,van,saab,
13,1,3,centroid,343,opel,saab,
13,1,3,centroid,346,saab,saab,
13,1,3,centroid,347,opel,van,
13,1,3,centroid,356,bus,van,
13,1,3,centroid,359,opel,saab,
13,1,3,centroid,360,saab,saab,
13,1,3,centroid,363,van,van,
13,1,3,centroid,377,saab,van,
13,1,3,centroid,387,van,van,
13,1,3,centroid,390,bus,van,
13,1,3,centroid,403,van,van,
13,1,3,centroid,406,opel,van,
13,1,3,centroid,420,van,van,
13,1,3,centroid,450,bus,bus,
13,1,3,centroid,451,opel,van,
13,1,3,centroid,453,bus,van,
13,1,3,centroid,464,bus,saab,
13,1,3,centroid,468,saab,saab,
13,1,3,centroid,481,opel,opel,
13,1,3,centroid,483,van,van,
13,1,3,centroid,491,saab,saab,
13,1,3,centroid,496,opel,opel,
13,1,3,centroid,505,saab,saab,
13,1,3,centroid,508,van,opel,
13,1,3,centroid,512,opel,opel,
13,1,3,centroid,513,saab,saab,
13,1,3,centroid,524,opel,opel,
13,1,3,centroid,550,van,van,
13,1,3,centroid,554,saab,saab,
13,1,3,centroid,564,bus,van,
13,1,3,centroid,565,saab,saab,
13,1,3,centroid,592,bus,bus,
13,1,3,centroid,599,saab,van,
13,1,3,centroid,603,saab,saab,
13,1,3,centroid,626,bus,van,
13,1,3,centroid,629,van,van,
13,1,3,centroid,630,saab,van,
13,1,3,centroid,646,bus,van,
13,1,3,centroid,654,saab,saab,
13,1,3,centroid,659,saab,saab,
13,1,3,centroid,672,bus,opel,
13,1,3,centroid,683,bus,opel,
13,1,3,centroid,686,opel,van,
13,1,3,centroid,716,saab,saab,
13,1,3,centroid,721,saab,saab,
13,1,3,centroid,724,van,van,
13,1,3,centroid,730,opel,opel,
13,1,3,centroid,737,bus,opel,
13,1,3,centroid,756,saab,opel,
13,1,3,centroid,760,opel,saab,
13,1,3,centroid,763,opel,opel,
13,1,3,centroid,765,bus,bus,
13,1,3,centroid,769,saab,van,
13,1,3,centroid,784,van,van,
13,1,3,centroid,792,opel,opel,
13,1,3,centroid,838,van,van,
13,1,3,knn,19,opel,saab,
13,1,3,knn,41,van,van,
13,1,3,knn,45,van,van,
13,1,3,knn,71,opel,opel,
13,1,3,knn,74,van,van,
13,1,3,knn,81,bus,bus,
13,1,3,knn,99,bus,bus,
13,1,3,knn,128,van,van,
13,1,3,knn,147,bus,bus,
13,1,3,knn,155,bus,bus,
13,1,3,knn,161,opel,saab,
13,1,3,knn,168,bus,bus,
13,1,3,knn,171,bus,bus,
13,1,3,knn,208,bus,bus,
13,1,3,knn,209,opel,opel,
13,1,3,knn,220,opel,opel,
13,1,3,knn,225,van,van,
13,1,3,knn,227,van,van,
13,1,3,knn,243,saab,saab,
13,1,3,knn,248,opel,saab,
13,1,3,knn,250,van,van,
13,1,3,knn,255,saab,saab,
13,1,3,knn,271,saab,bus,
13,1,3,knn,276,bus,bus,
13,1,3,knn,286,bus,bus,
13,1,3,knn,291,van,van,
13,1,3,knn,324,saab,saab,
13,1,3,knn,326,opel,saab,
13,1,3,knn,338,van,van,
13,1,3,knn,343,opel,saab,
13,1,3,knn,346,saab,saab,
13,1,3,knn,347,opel,saab,
13,1,3,knn,356,bus,bus,
13,1,3,knn,359,opel,opel,
13,1,3,knn,360,saab,saab,
13,1,3,knn,363,van,van,
13,1,3,knn,377,saab,van,
13,1,3,knn,387,van,van,
13,1,3,knn,390,bus,bus,
13,1,3,knn,403,van,van,
13,1,3,knn,406,opel,opel,
13,1,3,knn,420,van,van,
13,1,3,knn,450,bus,bus,
13,1,3,knn,451,opel,saab,
13,1,3,knn,453,bus,bus,
13,1,3,knn,464,bus,bus,
13,1,3,knn,468,saab,saab,
13,1,3,knn,481,opel,saab,
13,1,3,knn,483,van,van,
13,1,3,knn,491,saab,opel,
13,1,3,knn,496,opel,saab,
13,1,3,knn,505,saab,saab,
13,1,3,knn,508,van,van,
13,1,3,knn,512,opel,opel,
13,1,3,knn,513,saab,opel,
13,1,3,knn,524,opel,saab,
13,1,3,knn,550,van,van,
13,1,3,knn,554,saab,saab,
13,1,3,knn,564,bus,bus,
13,1,3,knn,565,saab,saab,
13,1,3,knn,592,bus,bus,
13,1,3,knn,599,saab,van,
13,1,3,knn,603,saab,opel,
13,1,3,knn,626,bus,bus,
13,1,3,knn,629,van,van,
13,1,3,knn,630,saab,opel,
13,1,3,knn,646,bus,bus,
13,1,3,knn,654,saab,opel,
13,1,3,knn,659,saab,opel,
13,1,3,knn,672,bus,bus,
13,1,3,knn,683,bus,bus,
13,1,3,knn,686,opel,van,
13,1,3,knn,716,saab,saab,
13,1,3,knn,721,saab,saab,
13,1,3,knn,724,van,van,
13,1,3,knn,730,opel,opel,
13,1,3,knn,737,bus,bus,
13,1,3,knn,756,saab,opel,
13,1,3,knn,760,opel,opel,
13,1,3,knn,763,opel,saab,
13,1,3,knn,765,bus,bus,
13,1,3,knn,769,saab,saab,
13,1,3,knn,784,van,saab,
13,1,3,knn,792,opel,opel,
13,1,3,knn,838,van,van,
13,1,3,svm,19,opel,opel,1.026629273018349
13,1,3,svm,41,van,van,1.835159547632667
13,1,3,svm,45,van,van,2.531261147241576
13,1,3,svm,71,opel,opel,1.5131392192500668
13,1,3,svm,74,van,van,1.341835266508493
13,1,3,svm,81,bus,bus,2.1957843730336295
13,1,3,svm,99,bus,bus,1.7532832096770374
13,1,3,svm,128,van,van,2.155542504836702
13,1,3,svm,147,bus,bus,0.266272608117917
13,1,3,svm,155,bus,bus,2.657453087583117
13,1,3,svm,161,opel,saab,0.22071498585221327
13,1,3,svm,168,bus,bus,1.9584909334255578
13,1,3,svm,171,bus,bus,2.8459061865015505
13,1,3,svm,208,bus,bus,1.220943782557286
13,1,3,svm,209,opel,opel,1.840066798986788
13,1,3,svm,220,opel,opel,1.5396396158097811
13,1,3,svm,225,van,van,2.357363053087872
13,1,3,svm,227,van,van,1.3953445342699071
13,1,3,svm,243,saab,opel,0.11041677114164195
13,1,3,svm,248,opel,opel,0.6352579802440541
13,1,3,svm,250,van,van,1.7052041438524943
13,1,3,svm,255,saab,saab,2.5430626688430245
13,1,3,svm,271,saab,saab,0.7974470043313193
13,1,3,svm,276,bus,bus,0.6242448543151735
13,1,3,svm,286,bus,bus,0.8275134155189943
13,1,3,svm,291,van,van,0.594246655325686
13,1,3,svm,324,saab,saab,0.8657534642971161
13,1,3,svm,326,opel,opel,0.7160326798542496
13,1,3,svm,338,van,van,0.24855998594214146
13,1,3,svm,343,opel,opel,1.624033799300184
13,1,3,svm,346,saab,saab,2.150498422256163
13,1,3,svm,347,opel,opel,0.24841277693688646
13,1,3,svm,356,bus,bus,1.0575934351658927
13,1,3,svm,359,opel,opel,0.6332972233116418
13,1,3,svm,360,saab,saab,1.2184420072366908
13,1,3,svm,363,van,van,1.6659730847618552
13,1,3,svm,377,saab,saab,0.4598463489043818
13,1,3,svm,387,van,van,2.241811363712568
13,1,3,svm,390,bus,bus,1.1566401176336032
13,1,3,svm,403,van,van,2.643882063684541
13,1,3,svm,406,opel,opel,1.74375831283629
13,1,3,svm,420,van,van,1.6510224016757593
13,1,3,svm,450,bus,bus,2.016540228506522
13,1,3,svm,451,opel,saab,1.2071979513853837
13,1,3,svm,453,bus,bus,0.8540630574648109
13,1,3,svm,464,bus,bus,2.503288140132374
13,1,3,svm,468,saab,saab,1.3212743529935427
13,1,3,svm,481,opel,opel,0.5218936493160027
13,1,3,svm,483,van,van,0.060722053794276754
13,1,3,svm,491,saab,saab,0.18650436454061214
13,1,3,svm,496,opel,opel,0.41927576841349
13,1,3,svm,505,saab,saab,1.576805170595968
13,1,3,svm,508,van,van,2.192649854018126
13,1,3,svm,512,opel,opel,0.06264311734793715
13,1,3,svm,513,saab,opel,1.3592480513376
13,1,3,svm,524,opel,opel,0.14292735609165952
13,1,3,svm,550,van,van,1.4892160967318064
13,1,3,svm,554,saab,saab,0.9158835940541881
13,1,3,svm,564,bus,bus,1.7428734228012115
13,1,3,svm,565,saab,saab,1.2849209830597932
13,1,3,svm,592,bus,bus,1.7503789166316122
13,1,3,svm,599,saab,van,0.20692229212943136
13,1,3,svm,603,saab,saab,0.15029641547238448
13,1,3,svm,626,bus,bus,1.3426972942589892
13,1,3,svm,629,van,van,0.8945703991508767
13,1,3,svm,630,saab,saab,0.4795533964772023
13,1,3,svm,646,bus,bus,1.4519339271345768
13,1,3,svm,654,saab,opel,0.33847948430581987
13,1,3,svm,659,saab,opel,0.2091404878099592
13,1,3,svm,672,bus,bus,0.23894803579628876
13,1,3,svm,683,bus,bus,1.7924109790579383
13,1,3,svm,686,opel,van,0.38723674864347135
13,1,3,svm,716,saab,saab,1.1002310989675
13,1,3,svm,721,saab,saab,0.7268413151144859
13,1,3,svm,724,van,van,2.0376713483809654
13,1,3,svm,730,opel,opel,0.5957858198995023
13,1,3,svm,737,bus,bus,2.2134136208677897
13,1,3,svm,756,saab,opel,0.6331052522556444
13,1,3,svm,760,opel,saab,0.01907454722155144
13,1,3,svm,763,opel,opel,0.9703546126151519
13,1,3,svm,765,bus,bus,1.2701578139946446
13,1,3,svm,769,saab,saab,0.21718442889890532
13,1,3,svm,784,van,saab,0.35574670268794173
13,1,3,svm,792,opel,opel,1.7247516945405774
13,1,3,svm,838,van,van,1.3946318438611884
13,1,3,mlp,19,opel,opel,
13,1,3,mlp,41,van,van,
13,1,3,mlp,45,van,van,
13,1,3,mlp,71,opel,opel,
13,1,3,mlp,74,van,van,
13,1,3,mlp,81,bus,bus,
13,1,3,mlp,99,bus,bus,
13,1,3,mlp,128,van,van,
13,1,3,mlp,147,bus,bus,
13,1,3,mlp,155,bus,bus,
13,1,3,mlp,161,opel,saab,
13,1,3,mlp,168,bus,bus,
13,1,3,mlp,171,bus,bus,
13,1,3,mlp,208,bus,bus,
13,1,3,mlp,209,opel,opel,
13,1,3,mlp,220,opel,opel,
13,1,3,mlp,225,van,van,
13,1,3,mlp,227,van,van,
13,1,3,mlp,243,saab,opel,
13,1,3,mlp,248,opel,opel,
13,1,3,mlp,250,van,van,
13,1,3,mlp,255,saab,saab,
13,1,3,mlp,271,saab,saab,
13,1,3,mlp,276,bus,bus,
13,1,3,mlp,286,bus,bus,
13,1,3,mlp,291,van,van,
13,1,3,mlp,324,saab,saab,
13,1,3,mlp,326,opel,saab,
13,1,3,mlp,338,van,van,
13,1,3,mlp,343,opel,opel,
13,1,3,mlp,346,saab,saab,
13,1,3,mlp,347,opel,saab,
13,1,3,mlp,356,bus,bus,
13,1,3,mlp,359,opel,saab,
13,1,3,mlp,360,saab,saab,
13,1,3,mlp,363,van,van,
13,1,3,mlp,377,saab,saab,
13,1,3,mlp,387,van,van,
13,1,3,mlp,390,bus,bus,
13,1,3,mlp,403,van,van,
13,1,3,mlp,406,opel,opel,
13,1,3,mlp,420,van,van,
13,1,3,mlp,450,bus,bus,
13,1,3,mlp,451,opel,opel,
13,1,3,mlp,453,bus,bus,
13,1,3,mlp,464,bus,bus,
13,1,3,mlp,468,saab,saab,
13,1,3,mlp,481,opel,opel,
13,1,3,mlp,483,van,opel,
13,1,3,mlp,491,saab,opel,
13,1,3,mlp,496,opel,saab,
13,1,3,mlp,505,saab,saab,
13,1,3,mlp,508,van,van,
13,1,3,mlp,512,opel,opel,
13,1,3,mlp,513,saab,opel,
13,1,3,mlp,524,opel,saab,
13,1,3,mlp,550,van,van,
13,1,3,mlp,554,saab,saab,
13,1,3,mlp,564,bus,bus,
13,1,3,mlp,565,saab,saab,
13,1,3,mlp,592,bus,bus,
13,1,3,mlp,599,saab,van,
13,1,3,mlp,603,saab,saab,
13,1,3,mlp,626,bus,bus,
13,1,3,mlp,629,van,van,
13,1,3,mlp,630,saab,opel,
13,1,3,mlp,646,bus,bus,
13,1,3,mlp,654,saab,saab,
13,1,3,mlp,659,saab,opel,
13,1,3,mlp,672,bus,bus,
13,1,3,mlp,683,bus,bus,
13,1,3,mlp,686,opel,van,
13,1,3,mlp,716,saab,saab,
13,1,3,mlp,721,saab,saab,
13,1,3,mlp,724,van,van,
13,1,3,mlp,730,opel,opel,
13,1,3,mlp,737,bus,bus,
13,1,3,mlp,756,saab,opel,
13,1,3,mlp,760,opel,saab,
13,1,3,mlp,763,opel,opel,
13,1,3,mlp,765,bus,bus,
13,1,3,mlp,769,saab,saab,
13,1,3,mlp,784,van,van,
13,1,3,mlp,792,opel,opel,
13,1,3,mlp,838,van,van,
13,1,3,rbf,19,opel,opel,
13,1,3,rbf,41,van,van,
13,1,3,rbf,45,van,van,
13,1,3,rbf,71,opel,opel,
13,1,3,rbf,74,van,van,
13,1,3,rbf,81,bus,bus,
13,1,3,rbf,99,bus,bus,
13,1,3,rbf,128,van,van,
13,1,3,rbf,147,bus,bus,
13,1,3,rbf,155,bus,bus,
13,1,3,rbf,161,opel,saab,
13,1,3,rbf,168,bus,bus,
13,1,3,rbf,171,bus,bus,
13,1,3,rbf,208,bus,bus,
13,1,3,rbf,209,opel,opel,
13,1,3,rbf,220,opel,opel,
13,1,3,rbf,225,van,van,
13,1,3,rbf,227,van,van,
13,1,3,rbf,243,saab,opel,
13,1,3,rbf,248,opel,saab,
13,1,3,rbf,250,van,van,
13,1,3,rbf,255,saab,saab,
13,1,3,rbf,271,saab,saab,
13,1,3,rbf,276,bus,bus,
13,1,3,rbf,286,bus,bus,
13,1,3,rbf,291,van,van,
13,1,3,rbf,324,saab,opel,
13,1,3,rbf,326,opel,saab,
13,1,3,rbf,338,van,van,
13,1,3,rbf,343,opel,opel,
13,1,3,rbf,346,saab,saab,
13,1,3,rbf,347,opel,opel,
13,1,3,rbf,356,bus,bus,
13,1,3,rbf,359,opel,saab,
13,1,3,rbf,360,saab,saab,
13,1,3,rbf,363,van,van,
13,1,3,rbf,377,saab,van,
13,1,3,rbf,387,van,van,
13,1,3,rbf,390,bus,bus,
13,1,3,rbf,403,van,van,
13,1,3,rbf,406,opel,opel,
13,1,3,rbf,420,van,van,
13,1,3,rbf,450,bus,bus,
13,1,3,rbf,451,opel,opel,
13,1,3,rbf,453,bus,bus,
13,1,3,rbf,464,bus,bus,
13,1,3,rbf,468,saab,saab,
13,1,3,rbf,481,opel,opel,
13,1,3,rbf,483,van,van,
13,1,3,rbf,491,saab,opel,
13,1,3,rbf,496,opel,saab,
13,1,3,rbf,505,saab,saab,
13,1,3,rbf,508,van,van,
13,1,3,rbf,512,opel,opel,
13,1,3,rbf,513,saab,opel,
13,1,3,rbf,524,opel,saab,
13,1,3,rbf,550,van,van,
13,1,3,rbf,554,saab,saab,
13,1,3,rbf,564,bus,bus,
13,1,3,rbf,565,saab,saab,
13,1,3,rbf,592,bus,bus,
13,1,3,rbf,599,saab,van,
13,1,3,rbf,603,saab,saab,
13,1,3,rbf,626,bus,bus,
13,1,3,rbf,629,van,van,
13,1,3,rbf,630,saab,van,
13,1,3,rbf,646,bus,bus,
13,1,3,rbf,654,saab,saab,
13,1,3,rbf,659,saab,saab,
13,1,3,rbf,672,bus,bus,
13,1,3,rbf,683,bus,bus,
13,1,3,rbf,686,opel,van,
13,1,3,rbf,716,saab,opel,
13,1,3,rbf,721,saab,saab,
13,1,3,rbf,724,van,van,
13,1,3,rbf,730,opel,opel,
13,1,3,rbf,737,bus,bus,
13,1,3,rbf,756,saab,opel,
13,1,3,rbf,760,opel,saab,
13,1,3,rbf,763,opel,opel,
13,1,3,rbf,765,bus,bus,
13,1,3,rbf,769,saab,opel,
13,1,3,rbf,784,van,van,
13,1,3,rbf,792,opel,opel,
13,1,3,rbf,838,van,van,
13,1,3,svm_linear,19,opel,opel,
13,1,3,svm_linear,41,van,van,
13,1,3,svm_linear,45,van,van,
13,1,3,svm_linear,71,opel,opel,
13,1,3,svm_linear,74,van,van,
13,1,3,svm_linear,81,bus,bus,
13,1,3,svm_linear,99,bus,bus,
13,1,3,svm_linear,128,van,van,
13,1,3,svm_linear,147,bus,saab,
13,1,3,svm_linear,155,bus,bus,
13,1,3,svm_linear,161,opel,saab,
13,1,3,svm_linear,168,bus,bus,
13,1,3,svm_linear,171,bus,bus,
13,1,3,svm_linear,208,bus,bus,
13,1,3,svm_linear,209,opel,opel,
13,1,3,svm_linear,220,opel,opel,
13,1,3,svm_linear,225,van,van,
13,1,3,svm_linear,227,van,van,
13,1,3,svm_linear,243,saab,opel,
13,1,3,svm_linear,248,opel,opel,
13,1,3,svm_linear,250,van,van,
13,1,3,svm_linear,255,saab,saab,
13,1,3,svm_linear,271,saab,opel,
13,1,3,svm_linear,276,bus,bus,
13,1,3,svm_linear,286,bus,bus,
13,1,3,svm_linear,291,van,van,
13,1,3,svm_linear,324,saab,saab,
13,1,3,svm_linear,326,opel,saab,
13,1,3,svm_linear,338,van,van,
13,1,3,svm_linear,343,opel,opel,
13,1,3,svm_linear,346,saab,saab,
13,1,3,svm_linear,347,opel,opel,
13,1,3,svm_linear,356,bus,bus,
13,1,3,svm_linear,359,opel,opel,
13,1,3,svm_linear,360,saab,saab,
13,1,3,svm_linear,363,van,van,
13,1,3,svm_linear,377,saab,saab,
13,1,3,svm_linear,387,van,van,
13,1,3,svm_linear,390,bus,bus,
13,1,3,svm_linear,403,van,van,
13,1,3,svm_linear,406,opel,opel,
13,1,3,svm_linear,420,van,van,
13,1,3,svm_linear,450,bus,bus,
13,1,3,svm_linear,451,opel,saab,
13,1,3,svm_linear,453,bus,bus,
13,1,3,svm_linear,464,bus,bus,
13,1,3,svm_linear,468,saab,saab,
13,1,3,svm_linear,481,opel,opel,
13,1,3,svm_linear,483,van,opel,
13,1,3,svm_linear,491,saab,saab,
13,1,3,svm_linear,496,opel,opel,
13,1,3,svm_linear,505,saab,saab,
13,1,3,svm_linear,508,van,van,
13,1,3,svm_linear,512,opel,opel,
13,1,3,svm_linear,513,saab,saab,
13,1,3,svm_linear,524,opel,opel,
13,1,3,svm_linear,550,van,van,
13,1,3,svm_linear,554,saab,saab,
13,1,3,svm_linear,564,bus,bus,
13,1,3,svm_linear,565,saab,saab,
13,1,3,svm_linear,592,bus,bus,
13,1,3,svm_linear,599,saab,van,
13,1,3,svm_linear,603,saab,saab,
13,1,3,svm_linear,626,bus,bus,
13,1,3,svm_linear,629,van,van,
13,1,3,svm_linear,630,saab,saab,
13,1,3,svm_linear,646,bus,bus,
13,1,3,svm_linear,654,saab,saab,
13,1,3,svm_linear,659,saab,opel,
13,1,3,svm_linear,672,bus,bus,
13,1,3,svm_linear,683,bus,bus,
13,1,3,svm_linear,686,opel,van,
13,1,3,svm_linear,716,saab,saab,
13,1,3,svm_linear,721,saab,saab,
13,1,3,svm_linear,724,van,van,
13,1,3,svm_linear,730,opel,opel,
13,1,3,svm_linear,737,bus,bus,
13,1,3,svm_linear,756,saab,opel,
13,1,3,svm_linear,760,opel,saab,
13,1,3,svm_linear,763,opel,opel,
13,1,3,svm_linear,765,bus,bus,
13,1,3,svm_linear,769,saab,saab,
13,1,3,svm_linear,784,van,opel,
13,1,3,svm_linear,792,opel,opel,
13,1,3,svm_linear,838,van,van,
13,1,3,svm_unscaled,19,opel,opel,
13,1,3,svm_unscaled,41,van,van,
13,1,3,svm_unscaled,45,van,van,
13,1,3,svm_unscaled,71,opel,opel,
13,1,3,svm_unscaled,74,van,van,
13,1,3,svm_unscaled,81,bus,bus,
13,1,3,svm_unscaled,99,bus,bus,
13,1,3,svm_unscaled,128,van,van,
13,1,3,svm_unscaled,147,bus,bus,
13,1,3,svm_unscaled,155,bus,bus,
13,1,3,svm_unscaled,161,opel,saab,
13,1,3,svm_unscaled,168,bus,bus,
13,1,3,svm_unscaled,171,bus,bus,
13,1,3,svm_unscaled,208,bus,bus,
13,1,3,svm_unscaled,209,opel,opel,
13,1,3,svm_unscaled,220,opel,opel,
13,1,3,svm_unscaled,225,van,van,
13,1,3,svm_unscaled,227,van,van,
13,1,3,svm_unscaled,243,saab,opel,
13,1,3,svm_unscaled,248,opel,saab,
13,1,3,svm_unscaled,250,van,van,
13,1,3,svm_unscaled,255,saab,saab,
13,1,3,svm_unscaled,271,saab,saab,
13,1,3,svm_unscaled,276,bus,bus,
13,1,3,svm_unscaled,286,bus,bus,
13,1,3,svm_unscaled,291,van,van,
13,1,3,svm_unscaled,324,saab,saab,
13,1,3,svm_unscaled,326,opel,saab,
13,1,3,svm_unscaled,338,van,van,
13,1,3,svm_unscaled,343,opel,opel,
13,1,3,svm_unscaled,346,saab,saab,
13,1,3,svm_unscaled,347,opel,opel,
13,1,3,svm_unscaled,356,bus,bus,
13,1,3,svm_unscaled,359,opel,saab,
13,1,3,svm_unscaled,360,saab,saab,
13,1,3,svm_unscaled,363,van,van,
13,1,3,svm_unscaled,377,saab,van,
13,1,3,svm_unscaled,387,van,van,
13,1,3,svm_unscaled,390,bus,bus,
13,1,3,svm_unscaled,403,van,van,
13,1,3,svm_unscaled,406,opel,opel,
13,1,3,svm_unscaled,420,van,van,
13,1,3,svm_unscaled,450,bus,bus,
13,1,3,svm_unscaled,451,opel,saab,
13,1,3,svm_unscaled,453,bus,bus,
13,1,3,svm_unscaled,464,bus,bus,
13,1,3,svm_unscaled,468,saab,opel,
13,1,3,svm_unscaled,481,opel,opel,
13,1,3,svm_unscaled,483,van,opel,
13,1,3,svm_unscaled,491,saab,saab,
13,1,3,svm_unscaled,496,opel,saab,
13,1,3,svm_unscaled,505,saab,saab,
13,1,3,svm_unscaled,508,van,van,
13,1,3,svm_unscaled,512,opel,opel,
13,1,3,svm_unscaled,513,saab,saab,
13,1,3,svm_unscaled,524,opel,saab,
13,1,3,svm_unscaled,550,van,van,
13,1,3,svm_unscaled,554,saab,saab,
13,1,3,svm_unscaled,564,bus,bus,
13,1,3,svm_unscaled,565,saab,saab,
13,1,3,svm_unscaled,592,bus,bus,
13,1,3,svm_unscaled,599,saab,van,
13,1,3,svm_unscaled,603,saab,saab,
13,1,3,svm_unscaled,626,bus,bus,
13,1,3,svm_unscaled,629,van,van,
13,1,3,svm_unscaled,630,saab,opel,
13,1,3,svm_unscaled,646,bus,bus,
13,1,3,svm_unscaled,654,saab,saab,
13,1,3,svm_unscaled,659,saab,opel,
13,1,3,svm_unscaled,672,bus,bus,
13,1,3,svm_unscaled,683,bus,bus,
13,1,3,svm_unscaled,686,opel,van,
13,1,3,svm_unscaled,716,saab,saab,
13,1,3,svm_unscaled,721,saab,saab,
13,1,3,svm_unscaled,724,van,van,
13,1,3,svm_unscaled,730,opel,opel,
13,1,3,svm_unscaled,737,bus,bus,
13,1,3,svm_unscaled,756,saab,opel,
13,1,3,svm_unscaled,760,opel,saab,
13,1,3,svm_unscaled,763,opel,opel,
13,1,3,svm_unscaled,765,bus,bus,
13,1,3,svm_unscaled,769,saab,saab,
13,1,3,svm_unscaled,784,van,opel,
13,1,3,svm_unscaled,792,opel,opel,
13,1,3,svm_unscaled,838,van,van,
14,1,4,centroid,4,bus,bus,
14,1,4,centroid,14,bus,saab,
14,1,4,centroid,33,opel,saab,
14,1,4,centroid,36,bus,bus,
14,1,4,centroid,40,opel,opel,
14,1,4,centroid,44,saab,saab,
14,1,4,centroid,51,saab,van,
14,1,4,centroid,54,bus,opel,
14,1,4,centroid,57,van,van,
14,1,4,centroid,58,opel,saab,
14,1,4,centroid,72,opel,saab,
14,1,4,centroid,76,saab,bus,
14,1,4,centroid,87,van,van,
14,1,4,centroid,105,saab,saab,
14,1,4,centroid,109,bus,opel,
14,1,4,centroid,132,saab,saab,
14,1,4,centroid,149,van,van,
14,1,4,centroid,183,saab,van,
14,1,4,centroid,194,saab,van,
14,1,4,centroid,231,saab,van,
14,1,4,centroid,239,bus,bus,
14,1,4,centroid,240,opel,van,
14,1,4,centroid,241,opel,saab,
14,1,4,centroid,267,saab,saab,
14,1,4,centroid,269,van,van,
14,1,4,centroid,280,opel,saab,
14,1,4,centroid,281,bus,van,
14,1,4,centroid,311,van,bus,
14,1,4,centroid,319,bus,opel,
14,1,4,centroid,352,van,van,
14,1,4,centroid,362,saab,opel,
14,1,4,centroid,382,bus,bus,
14,1,4,centroid,395,opel,bus,
14,1,4,centroid,402,opel,opel,
14,1,4,centroid,419,saab,van,
14,1,4,centroid,425,opel,van,
14,1,4,centroid,427,opel,saab,
14,1,4,centroid,432,saab,van,
14,1,4,centroid,437,opel,van,
14,1,4,centroid,449,van,van,
14,1,4,centroid,456,van,van,
14,1,4,centroid,458,opel,opel,
14,1,4,centroid,466,bus,van,
14,1,4,centroid,484,van,bus,
14,1,4,centroid,497,van,van,
14,1,4,centroid,501,opel,opel,
14,1,4,centroid,509,opel,opel,
14,1,4,centroid,516,opel,van,
14,1,4,centroid,517,saab,saab,
14,1,4,centroid,523,van,van,
14,1,4,centroid,557,saab,van,
14,1,4,centroid,559,saab,opel,
14,1,4,centroid,594,van,van,
14,1,4,centroid,598,bus,bus,
14,1,4,centroid,601,van,van,
14,1,4,centroid,606,van,van,
14,1,4,centroid,610,opel,saab,
14,1,4,centroid,614,saab,van,
14,1,4,centroid,619,opel,opel,
14,1,4,centroid,640,opel,opel,
14,1,4,centroid,656,bus,van,
14,1,4,centroid,658,van,van,
14,1,4,centroid,663,saab,bus,
14,1,4,centroid,671,opel,saab,
14,1,4,centroid,681,bus,saab,
14,1,4,centroid,691,bus,van,
14,1,4,centroid,693,van,bus,
14,1,4,centroid,707,van,van,
14,1,4,centroid,709,opel,saab,
14,1,4,centroid,753,saab,van,
14,1,4,centroid,755,van,van,
14,1,4,centroid,758,bus,bus,
14,1,4,centroid,770,bus,van,
14,1,4,centroid,777,bus,opel,
14,1,4,centroid,778,saab,saab,
14,1,4,centroid,783,saab,opel,
14,1,4,centroid,790,bus,bus,
14,1,4,centroid,794,bus,van,
14,1,4,centroid,797,saab,saab,
14,1,4,centroid,804,opel,saab,
14,1,4,centroid,805,bus,bus,
14,1,4,centroid,809,saab,van,
14,1,4,centroid,812,bus,bus,
14,1,4,centroid,829,van,bus,
14,1,4,centroid,839,van,van,
14,1,4,knn,4,bus,van,
14,1,4,knn,14,bus,bus,
14,1,4,knn,33,opel,opel,
14,1,4,knn,36,bus,bus,
14,1,4,knn,40,opel,opel,
14,1,4,knn,44,saab,saab,
14,1,4,knn,51,saab,bus,
14,1,4,knn,54,bus,bus,
14,1,4,knn,57,van,van,
14,1,4,knn,58,opel,saab,
14,1,4,knn,72,opel,saab,
14,1,4,knn,76,saab,opel,
14,1,4,knn,87,van,opel,
14,1,4,knn,105,saab,saab,
14,1,4,knn,109,bus,bus,
14,1,4,knn,132,saab,saab,
14,1,4,knn,149,van,bus,
14,1,4,knn,183,saab,opel,
14,1,4,knn,194,saab,saab,
14,1,4,knn,231,saab,van,
14,1,4,knn,239,bus,bus,
14,1,4,knn,240,opel,saab,
14,1,4,knn,241,opel,opel,
14,1,4,knn,267,saab,opel,
14,1,4,knn,269,van,opel,
14,1,4,knn,280,opel,saab,
14,1,4,knn,281,bus,bus,
14,1,4,knn,311,van,van,
14,1,4,knn,319,bus,bus,
14,1,4,knn,352,van,van,
14,1,4,knn,362,saab,opel,
14,1,4,knn,382,bus,bus,
14,1,4,knn,395,opel,saab,
14,1,4,knn,402,opel,saab,
14,1,4,knn,419,saab,opel,
14,1,4,knn,425,opel,saab,
14,1,4,knn,427,opel,saab,
14,1,4,knn,432,saab,saab,
14,1,4,knn,437,opel,bus,
14,1,4,knn,449,van,van,
14,1,4,knn,456,van,bus,
14,1,4,knn,458,opel,saab,
14,1,4,knn,466,bus,bus,
14,1,4,knn,484,van,van,
14,1,4,knn,497,van,van,
14,1,4,knn,501,opel,opel,
14,1,4,knn,509,opel,saab,
14,1,4,knn,516,opel,saab,
14,1,4,knn,517,saab,saab,
14,1,4,knn,523,van,van,
14,1,4,knn,557,saab,opel,
14,1,4,knn,559,saab,opel,
14,1,4,knn,594,van,opel,
14,1,4,knn,598,bus,bus,
14,1,4,knn,601,van,van,
14,1,4,knn,606,van,van,
14,1,4,knn,610,opel,saab,
14,1,4,knn,614,saab,opel,
14,1,4,knn,619,opel,opel,
14,1,4,knn,640,opel,opel,
14,1,4,knn,656,bus,bus,
14,1,4,knn,658,van,van,
14,1,4,knn,663,saab,opel,
14,1,4,knn,671,opel,saab,
14,1,4,knn,681,bus,bus,
14,1,4,knn,691,bus,bus,
14,1,4,knn,693,van,van,
14,1,4,knn,707,van,van,
14,1,4,knn,709,opel,saab,
14,1,4,knn,753,saab,saab,
14,1,4,knn,755,van,van,
14,1,4,knn,758,bus,bus,
14,1,4,knn,770,bus,bus,
14,1,4,knn,777,bus,bus,
14,1,4,knn,778,saab,saab,
14,1,4,knn,783,saab,saab,
14,1,4,knn,790,bus,bus,
14,1,4,knn,794,bus,bus,
14,1,4,knn,797,saab,saab,
14,1,4,knn,804,opel,saab,
14,1,4,knn,805,bus,bus,
14,1,4,knn,809,saab,saab,
14,1,4,knn,812,bus,bus,
14,1,4,knn,829,van,van,
14,1,4,knn,839,van,bus,
14,1,4,svm,4,bus,bus,1.1051701706650408
14,1,4,svm,14,bus,bus,2.0125587129519875
14,1,4,svm,33,opel,opel,0.17574114526239626
14,1,4,svm,36,bus,bus,1.0889206539688185
14,1,4,svm,40,opel,opel,1.5008638309231692
14,1,4,svm,44,saab,saab,1.6427364366459085
14,1,4,svm,51,saab,saab,0.2084167410827753
14,1,4,svm,54,bus,bus,1.86975809411393
14,1,4,svm,57,van,van,1.8106406104767565
14,1,4,svm,58,opel,saab,0.8124043005252268
14,1,4,svm,72,opel,saab,0.8783898875311031
14,1,4,svm,76,saab,saab,0.23170400427487792
14,1,4,svm,87,van,van,1.5662696655137474
14,1,4,svm,105,saab,saab,1.5643335754059486
14,1,4,svm,109,bus,bus,2.8041547526450366
14,1,4,svm,132,saab,saab,0.7622374422114895
14,1,4,svm,149,van,van,0.9610313692866963
14,1,4,svm,183,saab,van,0.10508943539526072
14,1,4,svm,194,saab,saab,1.9180069323774411
14,1,4,svm,231,saab,van,0.2307938156800763
14,1,4,svm,239,bus,bus,1.9148646994771972
14,1,4,svm,240,opel,saab,0.13367126732415002
14,1,4,svm,241,opel,saab,0.18793347939703509
14,1,4,svm,267,saab,saab,1.1550242460815565
14,1,4,svm,269,van,van,0.5669520541633126
14,1,4,svm,280,opel,opel,1.4950284898203954
14,1,4,svm,281,bus,bus,1.7863034900831702
14,1,4,svm,311,van,van,1.082905047703921
14,1,4,svm,319,bus,bus,2.416656586279464
14,1,4,svm,352,van,van,1.1600174092792872
14,1,4,svm,362,saab,saab,0.18234786719064644
14,1,4,svm,382,bus,bus,2.0549454514206404
14,1,4,svm,395,opel,saab,0.36011164480234825
14,1,4,svm,402,opel,opel,0.843931101677871
14,1,4,svm,419,saab,saab,0.3245769112954271
14,1,4,svm,425,opel,saab,0.3190709246064678
14,1,4,svm,427,opel,saab,0.44746327595305857
14,1,4,svm,432,saab,saab,0.14163902141220674
14,1,4,svm,437,opel,opel,0.03206450679449446
14,1,4,svm,449,van,van,1.2361459608190333
14,1,4,svm,456,van,van,0.7317402274922845
14,1,4,svm,458,opel,opel,0.8452679693833964
14,1,4,svm,466,bus,bus,1.5215777343059833
14,1,4,svm,484,van,van,1.4448816336948862
14,1,4,svm,497,van,van,1.7389319392616365
14,1,4,svm,501,opel,opel,0.8875533430229536
14,1,4,svm,509,opel,opel,1.0381453605758146
14,1,4,svm,516,opel,opel,0.8627555449746431
14,1,4,svm,517,saab,saab,1.9289464756885377
14,1,4,svm,523,van,van,1.1508856384284172
14,1,4,svm,557,saab,opel,0.3163155724630373
14,1,4,svm,559,saab,opel,0.6367981188568699
14,1,4,svm,594,van,van,0.8191480071510462
14,1,4,svm,598,bus,bus,1.589228803160542
14,1,4,svm,601,van,van,1.7921874657412669
14,1,4,svm,606,van,van,1.248427800409561
14,1,4,svm,610,opel,opel,1.098942476789798
14,1,4,svm,614,saab,saab,0.11873287453346071
14,1,4,svm,619,opel,opel,1.533287986172713
14,1,4,svm,640,opel,saab,0.22205479224863822
14,1,4,svm,656,bus,bus,1.2004046110991216
14,1,4,svm,658,van,van,1.2515893055002216
14,1,4,svm,663,saab,opel,0.44360324478050117
14,1,4,svm,671,opel,opel,0.2733521830663186
14,1,4,svm,681,bus,bus,2.137581316058867
14,1,4,svm,691,bus,bus,1.016890820672376
14,1,4,svm,693,van,van,1.5851484524245858
14,1,4,svm,707,van,van,1.6984650548207614
14,1,4,svm,709,opel,opel,1.0601058979067908
14,1,4,svm,753,saab,saab,1.221871247953612
14,1,4,svm,755,van,van,1.4617511321748147
14,1,4,svm,758,bus,bus,1.8450247658905117
14,1,4,svm,770,bus,bus,1.4004850961665265
14,1,4,svm,777,bus,bus,2.921448298379971
14,1,4,svm,778,saab,saab,0.9946185629222875
14,1,4,svm,783,saab,saab,0.23596454925415955
14,1,4,svm,790,bus,bus,1.2751784442308955
14,1,4,svm,794,bus,bus,0.6993879226277546
14,1,4,svm,797,saab,saab,0.9401434027044608
14,1,4,svm,804,opel,saab,0.03413108692663869
14,1,4,svm,805,bus,bus,1.578822672794176
14,1,4,svm,809,saab,opel,0.004177254132567754
14,1,4,svm,812,bus,bus,2.7244994927880177
14,1,4,svm,829,van,van,2.06250607863554
14,1,4,svm,839,van,van,0.9568591095514332
14,1,4,mlp,4,bus,bus,
14,1,4,mlp,14,bus,bus,
14,1,4,mlp,33,opel,saab,
14,1,4,mlp,36,bus,bus,
14,1,4,mlp,40,opel,opel,
14,1,4,mlp,44,saab,saab,
14,1,4,mlp,51,saab,saab,
14,1,4,mlp,54,bus,bus,
14,1,4,mlp,57,van,van,
14,1,4,mlp,58,opel,saab,
14,1,4,mlp,72,opel,saab,
14,1,4,mlp,76,saab,saab,
14,1,4,mlp,87,van,van,
14,1,4,mlp,105,saab,saab,
14,1,4,mlp,109,bus,bus,
14,1,4,mlp,132,saab,saab,
14,1,4,mlp,149,van,van,
14,1,4,mlp,183,saab,saab,
14,1,4,mlp,194,saab,saab,
14,1,4,mlp,231,saab,saab,
14,1,4,mlp,239,bus,bus,
14,1,4,mlp,240,opel,saab,
14,1,4,mlp,241,opel,saab,
14,1,4,mlp,267,saab,saab,
14,1,4,mlp,269,van,van,
14,1,4,mlp,280,opel,opel,
14,1,4,mlp,281,bus,bus,
14,1,4,mlp,311,van,van,
14,1,4,mlp,319,bus,bus,
14,1,4,mlp,352,van,van,
14,1,4,mlp,362,saab,saab,
14,1,4,mlp,382,bus,bus,
14,1,4,mlp,395,opel,saab,
14,1,4,mlp,402,opel,opel,
14,1,4,mlp,419,saab,opel,
14,1,4,mlp,425,opel,opel,
14,1,4,mlp,427,opel,saab,
14,1,4,mlp,432,saab,opel,
14,1,4,mlp,437,opel,saab,
14,1,4,mlp,449,van,van,
14,1,4,mlp,456,van,van,
14,1,4,mlp,458,opel,saab,
14,1,4,mlp,466,bus,bus,
14,1,4,mlp,484,van,van,
14,1,4,mlp,497,van,van,
14,1,4,mlp,501,opel,opel,
14,1,4,mlp,509,opel,opel,
14,1,4,mlp,516,opel,opel,
14,1,4,mlp,517,saab,saab,
14,1,4,mlp,523,van,van,
14,1,4,mlp,557,saab,saab,
14,1,4,mlp,559,saab,opel,
14,1,4,mlp,594,van,van,
14,1,4,mlp,598,bus,bus,
14,1,4,mlp,601,van,van,
14,1,4,mlp,606,van,van,
14,1,4,mlp,610,opel,opel,
14,1,4,mlp,614,saab,saab,
14,1,4,mlp,619,opel,opel,
14,1,4,mlp,640,opel,saab,
14,1,4,mlp,656,bus,bus,
14,1,4,mlp,658,van,van,
14,1,4,mlp,663,saab,opel,
14,1,4,mlp,671,opel,saab,
14,1,4,mlp,681,bus,bus,
14,1,4,mlp,691,bus,bus,
14,1,4,mlp,693,van,van,
14,1,4,mlp,707,van,van,
14,1,4,mlp,709,opel,saab,
14,1,4,mlp,753,saab,saab,
14,1,4,mlp,755,van,van,
14,1,4,mlp,758,bus,bus,
14,1,4,mlp,770,bus,bus,
14,1,4,mlp,777,bus,bus,
14,1,4,mlp,778,saab,saab,
14,1,4,mlp,783,saab,saab,
14,1,4,mlp,790,bus,bus,
14,1,4,mlp,794,bus,bus,
14,1,4,mlp,797,saab,saab,
14,1,4,mlp,804,opel,saab,
14,1,4,mlp,805,bus,bus,
14,1,4,mlp,809,saab,opel,
14,1,4,mlp,812,bus,bus,
14,1,4,mlp,829,van,van,
14,1,4,mlp,839,van,van,
14,1,4,rbf,4,bus,van,
14,1,4,rbf,14,bus,bus,
14,1,4,rbf,33,opel,saab,
14,1,4,rbf,36,bus,bus,
14,1,4,rbf,40,opel,opel,
14,1,4,rbf,44,saab,saab,
14,1,4,rbf,51,saab,bus,
14,1,4,rbf,54,bus,bus,
14,1,4,rbf,57,van,van,
14,1,4,rbf,58,opel,saab,
14,1,4,rbf,72,opel,saab,
14,1,4,rbf,76,saab,saab,
14,1,4,rbf,87,van,van,
14,1,4,rbf,105,saab,saab,
14,1,4,rbf,109,bus,bus,
14,1,4,rbf,132,saab,saab,
14,1,4,rbf,149,van,van,
14,1,4,rbf,183,saab,opel,
14,1,4,rbf,194,saab,saab,
14,1,4,rbf,231,saab,van,
14,1,4,rbf,239,bus,bus,
14,1,4,rbf,240,opel,opel,
14,1,4,rbf,241,opel,saab,
14,1,4,rbf,267,saab,saab,
14,1,4,rbf,269,van,van,
14,1,4,rbf,280,opel,opel,
14,1,4,rbf,281,bus,bus,
14,1,4,rbf,311,van,van,
14,1,4,rbf,319,bus,bus,
14,1,4,rbf,352,van,van,
14,1,4,rbf,362,saab,opel,
14,1,4,rbf,382,bus,bus,
14,1,4,rbf,395,opel,bus,
14,1,4,rbf,402,opel,opel,
14,1,4,rbf,419,saab,van,
14,1,4,rbf,425,opel,opel,
14,1,4,rbf,427,opel,saab,
14,1,4,rbf,432,saab,opel,
14,1,4,rbf,437,opel,saab,
14,1,4,rbf,449,van,van,
14,1,4,rbf,456,van,van,
14,1,4,rbf,458,opel,saab,
14,1,4,rbf,466,bus,bus,
14,1,4,rbf,484,van,van,
14,1,4,rbf,497,van,van,
14,1,4,rbf,501,opel,opel,
14,1,4,rbf,509,opel,opel,
14,1,4,rbf,516,opel,opel,
14,1,4,rbf,517,saab,saab,
14,1,4,rbf,523,van,van,
14,1,4,rbf,557,saab,bus,
14,1,4,rbf,559,saab,opel,
14,1,4,rbf,594,van,van,
14,1,4,rbf,598,bus,bus,
14,1,4,rbf,601,van,van,
14,1,4,rbf,606,van,van,
14,1,4,rbf,610,opel,opel,
14,1,4,rbf,614,saab,opel,
14,1,4,rbf,619,opel,opel,
14,1,4,rbf,640,opel,opel,
14,1,4,rbf,656,bus,bus,
14,1,4,rbf,658,van,van,
14,1,4,rbf,663,saab,opel,
14,1,4,rbf,671,opel,saab,
14,1,4,rbf,681,bus,bus,
14,1,4,rbf,691,bus,bus,
14,1,4,rbf,693,van,van,
14,1,4,rbf,707,van,van,
14,1,4,rbf,709,opel,saab,
14,1,4,rbf,753,saab,saab,
14,1,4,rbf,755,van,van,
14,1,4,rbf,758,bus,bus,
14,1,4,rbf,770,bus,bus,
14,1,4,rbf,777,bus,bus,
14,1,4,rbf,778,saab,saab,
14,1,4,rbf,783,saab,opel,
14,1,4,rbf,790,bus,bus,
14,1,4,rbf,794,bus,bus,
14,1,4,rbf,797,saab,saab,
14,1,4,rbf,804,opel,saab,
14,1,4,rbf,805,bus,bus,
14,1,4,rbf,809,saab,opel,
14,1,4,rbf,812,bus,bus,
14,1,4,rbf,829,van,van,
14,1,4,rbf,839,van,van,
14,1,4,svm_linear,4,bus,van,
14,1,4,svm_linear,14,bus,bus,
14,1,4,svm_linear,33,opel,saab,
14,1,4,svm_linear,36,bus,bus,
14,1,4,svm_linear,40,opel,opel,
14,1,4,svm_linear,44,saab,saab,
14,1,4,svm_linear,51,saab,bus,
14,1,4,svm_linear,54,bus,bus,
14,1,4,svm_linear,57,van,van,
14,1,4,svm_linear,58,opel,saab,
14,1,4,svm_linear,72,opel,saab,
14,1,4,svm_linear,76,saab,saab,
14,1,4,svm_linear,87,van,van,
14,1,4,svm_linear,105,saab,saab,
14,1,4,svm_linear,109,bus,bus,
14,1,4,svm_linear,132,saab,saab,
14,1,4,svm_linear,149,van,van,
14,1,4,svm_linear,183,saab,opel,
14,1,4,svm_linear,194,saab,saab,
14,1,4,svm_linear,231,saab,opel,
14,1,4,svm_linear,239,bus,bus,
14,1,4,svm_linear,240,opel,opel,
14,1,4,svm_linear,241,opel,saab,
14,1,4,svm_linear,267,saab,saab,
14,1,4,svm_linear,269,van,van,
14,1,4,svm_linear,280,opel,opel,
14,1,4,svm_linear,281,bus,bus,
14,1,4,svm_linear,311,van,van,
14,1,4,svm_linear,319,bus,bus,
14,1,4,svm_linear,352,van,van,
14,1,4,svm_linear,362,saab,opel,
14,1,4,svm_linear,382,bus,bus,
14,1,4,svm_linear,395,opel,saab,
14,1,4,svm_linear,402,opel,opel,
14,1,4,svm_linear,419,saab,saab,
14,1,4,svm_linear,425,opel,saab,
14,1,4,svm_linear,427,opel,opel,
14,1,4,svm_linear,432,saab,opel,
14,1,4,svm_linear,437,opel,saab,
14,1,4,svm_linear,449,van,van,
14,1,4,svm_linear,456,van,van,
14,1,4,svm_linear,458,opel,saab,
14,1,4,svm_linear,466,bus,bus,
14,1,4,svm_linear,484,van,van,
14,1,4,svm_linear,497,van,van,
14,1,4,svm_linear,501,opel,opel,
14,1,4,svm_linear,509,opel,opel,
14,1,4,svm_linear,516,opel,opel,
14,1,4,svm_linear,517,saab,saab,
14,1,4,svm_linear,523,van,van,
14,1,4,svm_linear,557,saab,bus,
14,1,4,svm_linear,559,saab,opel,
14,1,4,svm_linear,594,van,van,
14,1,4,svm_linear,598,bus,bus,
14,1,4,svm_linear,601,van,van,
14,1,4,svm_linear,606,van,van,
14,1,4,svm_linear,610,opel,opel,
14,1,4,svm_linear,614,saab,van,
14,1,4,svm_linear,619,opel,opel,
14,1,4,svm_linear,640,opel,saab,
14,1,4,svm_linear,656,bus,bus,
14,1,4,svm_linear,658,van,van,
14,1,4,svm_linear,663,saab,opel,
14,1,4,svm_linear,671,opel,saab,
14,1,4,svm_linear,681,bus,bus,
14,1,4,svm_linear,691,bus,bus,
14,1,4,svm_linear,693,van,van,
14,1,4,svm_linear,707,van,van,
14,1,4,svm_linear,709,opel,opel,
14,1,4,svm_linear,753,saab,saab,
14,1,4,svm_linear,755,van,van,
14,1,4,svm_linear,758,bus,bus,
14,1,4,svm_linear,770,bus,bus,
14,1,4,svm_linear,777,bus,bus,
14,1,4,svm_linear,778,saab,saab,
14,1,4,svm_linear,783,saab,saab,
14,1,4,svm_linear,790,bus,bus,
14,1,4,svm_linear,794,bus,bus,
14,1,4,svm_linear,797,saab,saab,
14,1,4,svm_linear,804,opel,saab,
14,1,4,svm_linear,805,bus,bus,
14,1,4,svm_linear,809,saab,bus,
14,1,4,svm_linear,812,bus,bus,
14,1,4,svm_linear,829,van,van,
14,1,4,svm_linear,839,van,van,
14,1,4,svm_unscaled,4,bus,bus,
14,1,4,svm_unscaled,14,bus,bus,
14,1,4,svm_unscaled,33,opel,saab,
14,1,4,svm_unscaled,36,bus,bus,
14,1,4,svm_unscaled,40,opel,opel,
14,1,4,svm_unscaled,44,saab,saab,
14,1,4,svm_unscaled,51,saab,bus,
14,1,4,svm_unscaled,54,bus,bus,
14,1,4,svm_unscaled,57,van,van,
14,1,4,svm_unscaled,58,opel,saab,
14,1,4,svm_unscaled,72,opel,saab,
14,1,4,svm_unscaled,76,saab,saab,
14,1,4,svm_unscaled,87,van,van,
14,1,4,svm_unscaled,105,saab,saab,
14,1,4,svm_unscaled,109,bus,bus,
14,1,4,svm_unscaled,132,saab,saab,
14,1,4,svm_unscaled,149,van,van,
14,1,4,svm_unscaled,183,saab,van,
14,1,4,svm_unscaled,194,saab,saab,
14,1,4,svm_unscaled,231,saab,van,
14,1,4,svm_unscaled,239,bus,bus,
14,1,4,svm_unscaled,240,opel,saab,
14,1,4,svm_unscaled,241,opel,saab,
14,1,4,svm_unscaled,267,saab,saab,
14,1,4,svm_unscaled,269,van,van,
14,1,4,svm_unscaled,280,opel,opel,
14,1,4,svm_unscaled,281,bus,bus,
14,1,4,svm_unscaled,311,van,van,
14,1,4,svm_unscaled,319,bus,bus,
14,1,4,svm_unscaled,352,van,van,
14,1,4,svm_unscaled,362,saab,saab,
14,1,4,svm_unscaled,382,bus,bus,
14,1,4,svm_unscaled,395,opel,saab,
14,1,4,svm_unscaled,402,opel,opel,
14,1,4,svm_unscaled,419,saab,saab,
14,1,4,svm_unscaled,425,opel,saab,
14,1,4,svm_unscaled,427,opel,saab,
14,1,4,svm_unscaled,432,saab,opel,
14,1,4,svm_unscaled,437,opel,saab,
14,1,4,svm_unscaled,449,van,van,
14,1,4,svm_unscaled,456,van,van,
14,1,4,svm_unscaled,458,opel,saab,
14,1,4,svm_unscaled,466,bus,bus,
14,1,4,svm_unscaled,484,van,van,
14,1,4,svm_unscaled,497,van,van,
14,1,4,svm_unscaled,501,opel,opel,
14,1,4,svm_unscaled,509,opel,opel,
14,1,4,svm_unscaled,516,opel,saab,
14,1,4,svm_unscaled,517,saab,saab,
14,1,4,svm_unscaled,523,van,van,
14,1,4,svm_unscaled,557,saab,opel,
14,1,4,svm_unscaled,559,saab,opel,
14,1,4,svm_unscaled,594,van,van,
14,1,4,svm_unscaled,598,bus,bus,
14,1,4,svm_unscaled,601,van,van,
14,1,4,svm_unscaled,606,van,van,
14,1,4,svm_unscaled,610,opel,saab,
14,1,4,svm_unscaled,614,saab,van,
14,1,4,svm_unscaled,619,opel,opel,
14,1,4,svm_unscaled,640,opel,opel,
14,1,4,svm_unscaled,656,bus,bus,
14,1,4,svm_unscaled,658,van,van,
14,1,4,svm_unscaled,663,saab,saab,
14,1,4,svm_unscaled,671,opel,saab,
14,1,4,svm_unscaled,681,bus,bus,
14,1,4,svm_unscaled,691,bus,bus,
14,1,4,svm_unscaled,693,van,van,
14,1,4,svm_unscaled,707,van,van,
14,1,4,svm_unscaled,709,opel,saab,
14,1,4,svm_unscaled,753,saab,saab,
14,1,4,svm_unscaled,755,van,van,
14,1,4,svm_unscaled,758,bus,bus,
14,1,4,svm_unscaled,770,bus,bus,
14,1,4,svm_unscaled,777,bus,bus,
14,1,4,svm_unscaled,778,saab,saab,
14,1,4,svm_unscaled,783,saab,saab,
14,1,4,svm_unscaled,790,bus,bus,
14,1,4,svm_unscaled,794,bus,bus,
14,1,4,svm_unscaled,797,saab,saab,
14,1,4,svm_unscaled,804,opel,saab,
14,1,4,svm_unscaled,805,bus,bus,
14,1,4,svm_unscaled,809,saab,bus,
14,1,4,svm_unscaled,812,bus,bus,
14,1,4,svm_unscaled,829,van,van,
14,1,4,svm_unscaled,839,van,van,
15,1,5,centroid,3,van,van,
15,1,5,centroid,9,saab,opel,
15,1,5,centroid,20,bus,bus,
15,1,5,centroid,22,bus,van,
15,1,5,centroid,26,saab,van,
15,1,5,centroid,37,van,bus,
15,1,5,centroid,52,opel,opel,
15,1,5,centroid,53,bus,van,
15,1,5,centroid,56,saab,saab,
15,1,5,centroid,60,opel,saab,
15,1,5,centroid,65,opel,van,
15,1,5,centroid,86,van,van,
15,1,5,centroid,112,opel,van,
15,1,5,centroid,140,saab,van,
15,1,5,centroid,173,bus,opel,
15,1,5,centroid,175,bus,bus,
15,1,5,centroid,177,bus,van,
15,1,5,centroid,207,bus,van,
15,1,5,centroid,211,van,van,
15,1,5,centroid,232,bus,bus,
15,1,5,centroid,245,van,van,
15,1,5,centroid,273,van,van,
15,1,5,centroid,279,bus,van,
15,1,5,centroid,284,van,van,
15,1,5,centroid,296,bus,opel,
15,1,5,centroid,303,van,van,
15,1,5,centroid,305,bus,van,
15,1,5,centroid,308,opel,saab,
15,1,5,centroid,313,opel,opel,
15,1,5,centroid,330,van,van,
15,1,5,centroid,354,saab,saab,
15,1,5,centroid,367,saab,van,
15,1,5,centroid,368,bus,van,
15,1,5,centroid,380,opel,van,
15,1,5,centroid,389,opel,opel,
15,1,5,centroid,392,van,van,
15,1,5,centroid,405,bus,van,
15,1,5,centroid,418,bus,bus,
15,1,5,centroid,422,saab,van,
15,1,5,centroid,428,saab,saab,
15,1,5,centroid,435,van,van,
15,1,5,centroid,446,saab,saab,
15,1,5,centroid,448,bus,opel,
15,1,5,centroid,469,van,van,
15,1,5,centroid,474,opel,van,
15,1,5,centroid,478,bus,opel,
15,1,5,centroid,485,bus,bus,
15,1,5,centroid,488,opel,van,
15,1,5,centroid,503,saab,van,
15,1,5,centroid,504,opel,opel,
15,1,5,centroid,506,saab,opel,
15,1,5,centroid,518,saab,van,
15,1,5,centroid,527,opel,saab,
15,1,5,centroid,534,van,van,
15,1,5,centroid,535,van,saab,
15,1,5,centroid,555,opel,opel,
15,1,5,centroid,567,saab,bus,
15,1,5,centroid,572,van,van,
15,1,5,centroid,595,opel,bus,
15,1,5,centroid,616,opel,van,
15,1,5,centroid,627,bus,van,
15,1,5,centroid,631,opel,opel,
15,1,5,centroid,632,bus,bus,
15,1,5,centroid,636,saab,van,
15,1,5,centroid,643,bus,saab,
15,1,5,centroid,647,saab,van,
15,1,5,centroid,651,saab,van,
15,1,5,centroid,668,van,saab,
15,1,5,centroid,680,van,bus,
15,1,5,centroid,699,opel,bus,
15,1,5,centroid,705,saab,saab,
15,1,5,centroid,723,opel,saab,
15,1,5,centroid,735,opel,van,
15,1,5,centroid,736,saab,opel,
15,1,5,centroid,740,saab,saab,
15,1,5,centroid,745,bus,bus,
15,1,5,centroid,746,van,van,
15,1,5,centroid,766,saab,saab,
15,1,5,centroid,774,van,van,
15,1,5,centroid,800,van,van,
15,1,5,centroid,801,opel,van,
15,1,5,centroid,807,saab,opel,
15,1,5,centroid,810,opel,opel,
15,1,5,centroid,811,opel,van,
15,1,5,centroid,817,saab,opel,
15,1,5,knn,3,van,van,
15,1,5,knn,9,saab,saab,
15,1,5,knn,20,bus,bus,
15,1,5,knn,22,bus,bus,
15,1,5,knn,26,saab,opel,
15,1,5,knn,37,van,van,
15,1,5,knn,52,opel,saab,
15,1,5,knn,53,bus,bus,
15,1,5,knn,56,saab,saab,
15,1,5,knn,60,opel,saab,
15,1,5,knn,65,opel,opel,
15,1,5,knn,86,van,van,
15,1,5,knn,112,opel,opel,
15,1,5,knn,140,saab,saab,
15,1,5,knn,173,bus,bus,
15,1,5,knn,175,bus,bus,
15,1,5,knn,177,bus,bus,
15,1,5,knn,207,bus,bus,
15,1,5,knn,211,van,opel,
15,1,5,knn,232,bus,bus,
15,1,5,knn,245,van,van,
15,1,5,knn,273,van,van,
15,1,5,knn,279,bus,bus,
15,1,5,knn,284,van,van,
15,1,5,knn,296,bus,bus,
15,1,5,knn,303,van,van,
15,1,5,knn,305,bus,bus,
15,1,5,knn,308,opel,saab,
15,1,5,knn,313,opel,opel,
15,1,5,knn,330,van,van,
15,1,5,knn,354,saab,opel,
15,1,5,knn,367,saab,opel,
15,1,5,knn,368,bus,bus,
15,1,5,knn,380,opel,saab,
15,1,5,knn,389,opel,opel,
15,1,5,knn,392,van,van,
15,1,5,knn,405,bus,bus,
15,1,5,knn,418,bus,bus,
15,1,5,knn,422,saab,van,
15,1,5,knn,428,saab,saab,
15,1,5,knn,435,van,van,
15,1,5,knn,446,saab,opel,
15,1,5,knn,448,bus,bus,
15,1,5,knn,469,van,van,
15,1,5,knn,474,opel,bus,
15,1,5,knn,478,bus,bus,
15,1,5,knn,485,bus,bus,
15,1,5,knn,488,opel,opel,
15,1,5,knn,503,saab,saab,
15,1,5,knn,504,opel,opel,
15,1,5,knn,506,saab,saab,
15,1,5,knn,518,saab,bus,
15,1,5,knn,527,opel,opel,
15,1,5,knn,534,van,van,
15,1,5,knn,535,van,van,
15,1,5,knn,555,opel,opel,
15,1,5,knn,567,saab,saab,
15,1,5,knn,572,van,van,
15,1,5,knn,595,opel,saab,
15,1,5,knn,616,opel,opel,
15,1,5,knn,627,bus,bus,
15,1,5,knn,631,opel,opel,
15,1,5,knn,632,bus,bus,
15,1,5,knn,636,saab,saab,
15,1,5,knn,643,bus,bus,
15,1,5,knn,647,saab,opel,
15,1,5,knn,651,saab,bus,
15,1,5,knn,668,van,van,
15,1,5,knn,680,van,van,
15,1,5,knn,699,opel,opel,
15,1,5,knn,705,saab,saab,
15,1,5,knn,723,opel,saab,
15,1,5,knn,735,opel,saab,
15,1,5,knn,736,saab,opel,
15,1,5,knn,740,saab,saab,
15,1,5,knn,745,bus,bus,
15,1,5,knn,746,van,van,
15,1,5,knn,766,saab,saab,
15,1,5,knn,774,van,van,
15,1,5,knn,800,van,bus,
15,1,5,knn,801,opel,saab,
15,1,5,knn,807,saab,opel,
15,1,5,knn,810,opel,opel,
15,1,5,knn,811,opel,saab,
15,1,5,knn,817,saab,saab,
15,1,5,svm,3,van,van,1.6179527255611594
15,1,5,svm,9,saab,saab,0.029857319095904167
15,1,5,svm,20,bus,bus,1.4884814107596087
15,1,5,svm,22,bus,bus,2.2068770083592435
15,1,5,svm,26,saab,opel,0.32617519345657
15,1,5,svm,37,van,van,0.9060262369895988
15,1,5,svm,52,opel,opel,0.253252312512962
15,1,5,svm,53,bus,bus,2.148796200094695
15,1,5,svm,56,saab,saab,0.4544888736485939
15,1,5,svm,60,opel,opel,2.3148331796681765
15,1,5,svm,65,opel,saab,0.5460144165439198
15,1,5,svm,86,van,van,1.604045558581953
15,1,5,svm,112,opel,opel,0.8978846193027783
15,1,5,svm,140,saab,opel,0.19162259247990843
15,1,5,svm,173,bus,bus,0.848548365210116
15,1,5,svm,175,bus,bus,2.624606861363724
15,1,5,svm,177,bus,van,0.1793738977489232
15,1,5,svm,207,bus,bus,1.5341317834446153
15,1,5,svm,211,van,van,0.6921577897021463
15,1,5,svm,232,bus,bus,1.7784419036158048
15,1,5,svm,245,van,van,1.1575882514974667
15,1,5,svm,273,van,van,1.4425184281244325
15,1,5,svm,279,bus,bus,1.8255707760276967
15,1,5,svm,284,van,van,1.565603687951394
15,1,5,svm,296,bus,bus,2.028146367602862
15,1,5,svm,303,van,van,1.2626039468765393
15,1,5,svm,305,bus,bus,1.024515343104853
15,1,5,svm,308,opel,opel,1.0461332056835664
15,1,5,svm,313,opel,opel,0.8128942064951437
15,1,5,svm,330,van,van,1.1921386477540148
15,1,5,svm,354,saab,opel,0.05981721052513134
15,1,5,svm,367,saab,opel,0.31475806466716616
15,1,5,svm,368,bus,bus,0.8440844197153541
15,1,5,svm,380,opel,opel,0.813212313982965
15,1,5,svm,389,opel,opel,1.6815402733786504
15,1,5,svm,392,van,van,2.553103164068747
15,1,5,svm,405,bus,bus,1.6918369036917262
15,1,5,svm,418,bus,bus,1.9424536594026764
15,1,5,svm,422,saab,opel,1.055814230886404
15,1,5,svm,428,saab,saab,1.954546536685151
15,1,5,svm,435,van,van,0.3690961888394727
15,1,5,svm,446,saab,saab,0.42283626156172804
15,1,5,svm,448,bus,bus,2.3779062633858152
15,1,5,svm,469,van,van,1.6222121088480614
15,1,5,svm,474,opel,opel,0.14647324276672347
15,1,5,svm,478,bus,bus,1.4848083428621823
15,1,5,svm,485,bus,bus,2.358086147317448
15,1,5,svm,488,opel,opel,0.2376261948071834
15,1,5,svm,503,saab,saab,1.340850992063116
15,1,5,svm,504,opel,saab,0.42408349001646517
15,1,5,svm,506,saab,saab,0.6186338427033471
15,1,5,svm,518,saab,saab,0.7610672922166026
15,1,5,svm,527,opel,saab,0.3131459861216479
15,1,5,svm,534,van,van,0.8696860266761695
15,1,5,svm,535,van,van,1.3007910267051903
15,1,5,svm,555,opel,opel,1.1129858392490126
15,1,5,svm,567,saab,saab,0.4753500822062131
15,1,5,svm,572,van,van,1.8722110342332199
15,1,5,svm,595,opel,opel,0.3115573826634077
15,1,5,svm,616,opel,opel,0.18747908559292714
15,1,5,svm,627,bus,bus,1.1869474313424933
15,1,5,svm,631,opel,opel,0.6067493909206823
15,1,5,svm,632,bus,bus,1.499917804377238
15,1,5,svm,636,saab,saab,0.2891175698770576
15,1,5,svm,643,bus,bus,1.4098184061874939
15,1,5,svm,647,saab,saab,0.7859928008795913
15,1,5,svm,651,saab,saab,0.5937561784745933
15,1,5,svm,668,van,van,1.7042657183441845
15,1,5,svm,680,van,van,0.9154052616027668
15,1,5,svm,699,opel,saab,0.4508974811879165
15,1,5,svm,705,saab,saab,1.3026448314225745
15,1,5,svm,723,opel,opel,0.13150250496526095
15,1,5,svm,735,opel,saab,1.5121125795872183
15,1,5,svm,736,saab,opel,0.4372626554925736
15,1,5,svm,740,saab,saab,0.9675645107963513
15,1,5,svm,745,bus,bus,2.0944000319173486
15,1,5,svm,746,van,van,1.549410768879804
15,1,5,svm,766,saab,saab,1.2222048744272564
15,1,5,svm,774,van,van,1.9246863482694125
15,1,5,svm,800,van,van,0.7644794812476564
15,1,5,svm,801,opel,saab,0.3267374419402609
15,1,5,svm,807,saab,saab,1.0109606724275375
15,1,5,svm,810,opel,opel,1.7946168009436496
15,1,5,svm,811,opel,saab,0.672816723575246
15,1,5,svm,817,saab,saab,1.454516458768721
15,1,5,mlp,3,van,van,
15,1,5,mlp,9,saab,opel,
15,1,5,mlp,20,bus,bus,
15,1,5,mlp,22,bus,bus,
15,1,5,mlp,26,saab,opel,
15,1,5,mlp,37,van,van,
15,1,5,mlp,52,opel,saab,
15,1,5,mlp,53,bus,bus,
15,1,5,mlp,56,saab,saab,
15,1,5,mlp,60,opel,saab,
15,1,5,mlp,65,opel,saab,
15,1,5,mlp,86,van,van,
15,1,5,mlp,112,opel,opel,
15,1,5,mlp,140,saab,opel,
15,1,5,mlp,173,bus,bus,
15,1,5,mlp,175,bus,bus,
15,1,5,mlp,177,bus,van,
15,1,5,mlp,207,bus,bus,
15,1,5,mlp,211,van,van,
15,1,5,mlp,232,bus,bus,
15,1,5,mlp,245,van,van,
15,1,5,mlp,273,van,van,
15,1,5,mlp,279,bus,bus,
15,1,5,mlp,284,van,van,
15,1,5,mlp,296,bus,bus,
15,1,5,mlp,303,van,van,
15,1,5,mlp,305,bus,bus,
15,1,5,mlp,308,opel,saab,
15,1,5,mlp,313,opel,saab,
15,1,5,mlp,330,van,van,
15,1,5,mlp,354,saab,opel,
15,1,5,mlp,367,saab,opel,
15,1,5,mlp,368,bus,bus,
15,1,5,mlp,380,opel,opel,
15,1,5,mlp,389,opel,opel,
15,1,5,mlp,392,van,van,
15,1,5,mlp,405,bus,bus,
15,1,5,mlp,418,bus,bus,
15,1,5,mlp,422,saab,opel,
15,1,5,mlp,428,saab,saab,
15,1,5,mlp,435,van,van,
15,1,5,mlp,446,saab,saab,
15,1,5,mlp,448,bus,bus,
15,1,5,mlp,469,van,van,
15,1,5,mlp,474,opel,saab,
15,1,5,mlp,478,bus,bus,
15,1,5,mlp,485,bus,bus,
15,1,5,mlp,488,opel,saab,
15,1,5,mlp,503,saab,saab,
15,1,5,mlp,504,opel,saab,
15,1,5,mlp,506,saab,saab,
15,1,5,mlp,518,saab,saab,
15,1,5,mlp,527,opel,saab,
15,1,5,mlp,534,van,van,
15,1,5,mlp,535,van,van,
15,1,5,mlp,555,opel,opel,
15,1,5,mlp,567,saab,saab,
15,1,5,mlp,572,van,van,
15,1,5,mlp,595,opel,bus,
15,1,5,mlp,616,opel,van,
15,1,5,mlp,627,bus,bus,
15,1,5,mlp,631,opel,opel,
15,1,5,mlp,632,bus,bus,
15,1,5,mlp,636,saab,opel,
15,1,5,mlp,643,bus,bus,
15,1,5,mlp,647,saab,saab,
15,1,5,mlp,651,saab,opel,
15,1,5,mlp,668,van,van,
15,1,5,mlp,680,van,van,
15,1,5,mlp,699,opel,saab,
15,1,5,mlp,705,saab,saab,
15,1,5,mlp,723,opel,saab,
15,1,5,mlp,735,opel,saab,
15,1,5,mlp,736,saab,opel,
15,1,5,mlp,740,saab,saab,
15,1,5,mlp,745,bus,bus,
15,1,5,mlp,746,van,van,
15,1,5,mlp,766,saab,saab,
15,1,5,mlp,774,van,van,
15,1,5,mlp,800,van,van,
15,1,5,mlp,801,opel,saab,
15,1,5,mlp,807,saab,saab,
15,1,5,mlp,810,opel,opel,
15,1,5,mlp,811,opel,opel,
15,1,5,mlp,817,saab,saab,
15,1,5,rbf,3,van,van,
15,1,5,rbf,9,saab,opel,
15,1,5,rbf,20,bus,bus,
15,1,5,rbf,22,bus,bus,
15,1,5,rbf,26,saab,van,
15,1,5,rbf,37,van,van,
15,1,5,rbf,52,opel,opel,
15,1,5,rbf,53,bus,bus,
15,1,5,rbf,56,saab,saab,
15,1,5,rbf,60,opel,saab,
15,1,5,rbf,65,opel,saab,
15,1,5,rbf,86,van,van,
15,1,5,rbf,112,opel,opel,
15,1,5,rbf,140,saab,opel,
15,1,5,rbf,173,bus,bus,
15,1,5,rbf,175,bus,bus,
15,1,5,rbf,177,bus,van,
15,1,5,rbf,207,bus,bus,
15,1,5,rbf,211,van,van,
15,1,5,rbf,232,bus,bus,
15,1,5,rbf,245,van,van,
15,1,5,rbf,273,van,van,
15,1,5,rbf,279,bus,bus,
15,1,5,rbf,284,van,van,
15,1,5,rbf,296,bus,bus,
15,1,5,rbf,303,van,van,
15,1,5,rbf,305,bus,bus,
15,1,5,rbf,308,opel,saab,
15,1,5,rbf,313,opel,saab,
15,1,5,rbf,330,van,van,
15,1,5,rbf,354,saab,saab,
15,1,5,rbf,367,saab,bus,
15,1,5,rbf,368,bus,bus,
15,1,5,rbf,380,opel,bus,
15,1,5,rbf,389,opel,opel,
15,1,5,rbf,392,van,van,
15,1,5,rbf,405,bus,bus,
15,1,5,rbf,418,bus,bus,
15,1,5,rbf,422,saab,van,
15,1,5,rbf,428,saab,saab,
15,1,5,rbf,435,van,van,
15,1,5,rbf,446,saab,saab,
15,1,5,rbf,448,bus,bus,
15,1,5,rbf,469,van,van,
15,1,5,rbf,474,opel,opel,
15,1,5,rbf,478,bus,bus,
15,1,5,rbf,485,bus,bus,
15,1,5,rbf,488,opel,opel,
15,1,5,rbf,503,saab,saab,
15,1,5,rbf,504,opel,saab,
15,1,5,rbf,506,saab,opel,
15,1,5,rbf,518,saab,saab,
15,1,5,rbf,527,opel,saab,
15,1,5,rbf,534,van,van,
15,1,5,rbf,535,van,van,
15,1,5,rbf,555,opel,opel,
15,1,5,rbf,567,saab,saab,
15,1,5,rbf,572,van,van,
15,1,5,rbf,595,opel,bus,
15,1,5,rbf,616,opel,van,
15,1,5,rbf,627,bus,bus,
15,1,5,rbf,631,opel,opel,
15,1,5,rbf,632,bus,bus,
15,1,5,rbf,636,saab,van,
15,1,5,rbf,643,bus,bus,
15,1,5,rbf,647,saab,opel,
15,1,5,rbf,651,saab,bus,
15,1,5,rbf,668,van,van,
15,1,5,rbf,680,van,van,
15,1,5,rbf,699,opel,saab,
15,1,5,rbf,705,saab,saab,
15,1,5,rbf,723,opel,saab,
15,1,5,rbf,735,opel,opel,
15,1,5,rbf,736,saab,saab,
15,1,5,rbf,740,saab,saab,
15,1,5,rbf,745,bus,bus,
15,1,5,rbf,746,van,van,
15,1,5,rbf,766,saab,saab,
15,1,5,rbf,774,van,van,
15,1,5,rbf,800,van,van,
15,1,5,rbf,801,opel,van,
15,1,5,rbf,807,saab,saab,
15,1,5,rbf,810,opel,opel,
15,1,5,rbf,811,opel,saab,
15,1,5,rbf,817,saab,saab,
15,1,5,svm_linear,3,van,van,
15,1,5,svm_linear,9,saab,opel,
15,1,5,svm_linear,20,bus,bus,
15,1,5,svm_linear,22,bus,bus,
15,1,5,svm_linear,26,saab,saab,
15,1,5,svm_linear,37,van,van,
15,1,5,svm_linear,52,opel,saab,
15,1,5,svm_linear,53,bus,bus,
15,1,5,svm_linear,56,saab,saab,
15,1,5,svm_linear,60,opel,opel,
15,1,5,svm_linear,65,opel,saab,
15,1,5,svm_linear,86,van,van,
15,1,5,svm_linear,112,opel,opel,
15,1,5,svm_linear,140,saab,opel,
15,1,5,svm_linear,173,bus,bus,
15,1,5,svm_linear,175,bus,bus,
15,1,5,svm_linear,177,bus,van,
15,1,5,svm_linear,207,bus,bus,
15,1,5,svm_linear,211,van,van,
15,1,5,svm_linear,232,bus,bus,
15,1,5,svm_linear,245,van,van,
15,1,5,svm_linear,273,van,van,
15,1,5,svm_linear,279,bus,bus,
15,1,5,svm_linear,284,van,van,
15,1,5,svm_linear,296,bus,bus,
15,1,5,svm_linear,303,van,van,
15,1,5,svm_linear,305,bus,bus,
15,1,5,svm_linear,308,opel,saab,
15,1,5,svm_linear,313,opel,saab,
15,1,5,svm_linear,330,van,van,
15,1,5,svm_linear,354,saab,saab,
15,1,5,svm_linear,367,saab,saab,
15,1,5,svm_linear,368,bus,bus,
15,1,5,svm_linear,380,opel,opel,
15,1,5,svm_linear,389,opel,opel,
15,1,5,svm_linear,392,van,van,
15,1,5,svm_linear,405,bus,bus,
15,1,5,svm_linear,418,bus,bus,
15,1,5,svm_linear,422,saab,opel,
15,1,5,svm_linear,428,saab,saab,
15,1,5,svm_linear,435,van,opel,
15,1,5,svm_linear,446,saab,saab,
15,1,5,svm_linear,448,bus,bus,
15,1,5,svm_linear,469,van,van,
15,1,5,svm_linear,474,opel,opel,
15,1,5,svm_linear,478,bus,bus,
15,1,5,svm_linear,485,bus,bus,
15,1,5,svm_linear,488,opel,opel,
15,1,5,svm_linear,503,saab,saab,
15,1,5,svm_linear,504,opel,saab,
15,1,5,svm_linear,506,saab,saab,
15,1,5,svm_linear,518,saab,opel,
15,1,5,svm_linear,527,opel,saab,
15,1,5,svm_linear,534,van,opel,
15,1,5,svm_linear,535,van,van,
15,1,5,svm_linear,555,opel,opel,
15,1,5,svm_linear,567,saab,saab,
15,1,5,svm_linear,572,van,van,
15,1,5,svm_linear,595,opel,opel,
15,1,5,svm_linear,616,opel,opel,
15,1,5,svm_linear,627,bus,bus,
15,1,5,svm_linear,631,opel,opel,
15,1,5,svm_linear,632,bus,bus,
15,1,5,svm_linear,636,saab,saab,
15,1,5,svm_linear,643,bus,bus,
15,1,5,svm_linear,647,saab,opel,
15,1,5,svm_linear,651,saab,bus,
15,1,5,svm_linear,668,van,van,
15,1,5,svm_linear,680,van,van,
15,1,5,svm_linear,699,opel,saab,
15,1,5,svm_linear,705,saab,saab,
15,1,5,svm_linear,723,opel,saab,
15,1,5,svm_linear,735,opel,opel,
15,1,5,svm_linear,736,saab,opel,
15,1,5,svm_linear,740,saab,saab,
15,1,5,svm_linear,745,bus,bus,
15,1,5,svm_linear,746,van,van,
15,1,5,svm_linear,766,saab,saab,
15,1,5,svm_linear,774,van,van,
15,1,5,svm_linear,800,van,van,
15,1,5,svm_linear,801,opel,opel,
15,1,5,svm_linear,807,saab,saab,
15,1,5,svm_linear,810,opel,opel,
15,1,5,svm_linear,811,opel,opel,
15,1,5,svm_linear,817,saab,saab,
15,1,5,svm_unscaled,3,van,van,
15,1,5,svm_unscaled,9,saab,opel,
15,1,5,svm_unscaled,20,bus,bus,
15,1,5,svm_unscaled,22,bus,bus,
15,1,5,svm_unscaled,26,saab,opel,
15,1,5,svm_unscaled,37,van,van,
15,1,5,svm_unscaled,52,opel,opel,
15,1,5,svm_unscaled,53,bus,bus,
15,1,5,svm_unscaled,56,saab,saab,
15,1,5,svm_unscaled,60,opel,opel,
15,1,5,svm_unscaled,65,opel,saab,
15,1,5,svm_unscaled,86,van,van,
15,1,5,svm_unscaled,112,opel,opel,
15,1,5,svm_unscaled,140,saab,opel,
15,1,5,svm_unscaled,173,bus,bus,
15,1,5,svm_unscaled,175,bus,bus,
15,1,5,svm_unscaled,177,bus,van,
15,1,5,svm_unscaled,207,bus,bus,
15,1,5,svm_unscaled,211,van,van,
15,1,5,svm_unscaled,232,bus,bus,
15,1,5,svm_unscaled,245,van,van,
15,1,5,svm_unscaled,273,van,van,
15,1,5,svm_unscaled,279,bus,bus,
15,1,5,svm_unscaled,284,van,van,
15,1,5,svm_unscaled,296,bus,bus,
15,1,5,svm_unscaled,303,van,van,
15,1,5,svm_unscaled,305,bus,bus,
15,1,5,svm_unscaled,308,opel,saab,
15,1,5,svm_unscaled,313,opel,saab,
15,1,5,svm_unscaled,330,van,van,
15,1,5,svm_unscaled,354,saab,saab,
15,1,5,svm_unscaled,367,saab,saab,
15,1,5,svm_unscaled,368,bus,bus,
15,1,5,svm_unscaled,380,opel,bus,
15,1,5,svm_unscaled,389,opel,opel,
15,1,5,svm_unscaled,392,van,van,
15,1,5,svm_unscaled,405,bus,bus,
15,1,5,svm_unscaled,418,bus,bus,
15,1,5,svm_unscaled,422,saab,opel,
15,1,5,svm_unscaled,428,saab,saab,
15,1,5,svm_unscaled,435,van,van,
15,1,5,svm_unscaled,446,saab,saab,
15,1,5,svm_unscaled,448,bus,bus,
15,1,5,svm_unscaled,469,van,van,
15,1,5,svm_unscaled,474,opel,opel,
15,1,5,svm_unscaled,478,bus,bus,
15,1,5,svm_unscaled,485,bus,bus,
15,1,5,svm_unscaled,488,opel,opel,
15,1,5,svm_unscaled,503,saab,saab,
15,1,5,svm_unscaled,504,opel,opel,
15,1,5,svm_unscaled,506,saab,opel,
15,1,5,svm_unscaled,518,saab,saab,
15,1,5,svm_unscaled,527,opel,saab,
15,1,5,svm_unscaled,534,van,van,
15,1,5,svm_unscaled,535,van,van,
15,1,5,svm_unscaled,555,opel,saab,
15,1,5,svm_unscaled,567,saab,saab,
15,1,5,svm_unscaled,572,van,van,
15,1,5,svm_unscaled,595,opel,opel,
15,1,5,svm_unscaled,616,opel,saab,
15,1,5,svm_unscaled,627,bus,bus,
15,1,5,svm_unscaled,631,opel,opel,
15,1,5,svm_unscaled,632,bus,bus,
15,1,5,svm_unscaled,636,saab,van,
15,1,5,svm_unscaled,643,bus,bus,
15,1,5,svm_unscaled,647,saab,saab,
15,1,5,svm_unscaled,651,saab,bus,
15,1,5,svm_unscaled,668,van,van,
15,1,5,svm_unscaled,680,van,van,
15,1,5,svm_unscaled,699,opel,saab,
15,1,5,svm_unscaled,705,saab,saab,
15,1,5,svm_unscaled,723,opel,saab,
15,1,5,svm_unscaled,735,opel,saab,
15,1,5,svm_unscaled,736,saab,opel,
15,1,5,svm_unscaled,740,saab,saab,
15,1,5,svm_unscaled,745,bus,bus,
15,1,5,svm_unscaled,746,van,van,
15,1,5,svm_unscaled,766,saab,saab,
15,1,5,svm_unscaled,774,van,van,
15,1,5,svm_unscaled,800,van,van,
15,1,5,svm_unscaled,801,opel,opel,
15,1,5,svm_unscaled,807,saab,saab,
15,1,5,svm_unscaled,810,opel,opel,
15,1,5,svm_unscaled,811,opel,saab,
15,1,5,svm_unscaled,817,saab,opel,
16,1,6,centroid,16,van,van,
16,1,6,centroid,27,saab,opel,
16,1,6,centroid,29,saab,van,
16,1,6,centroid,32,opel,van,
16,1,6,centroid,35,van,saab,
16,1,6,centroid,49,saab,saab,
16,1,6,centroid,55,van,van,
16,1,6,centroid,67,opel,opel,
16,1,6,centroid,69,bus,opel,
16,1,6,centroid,77,saab,bus,
16,1,6,centroid,80,bus,bus,
16,1,6,centroid,95,opel,opel,
16,1,6,centroid,100,bus,bus,
16,1,6,centroid,122,van,van,
16,1,6,centroid,136,van,bus,
16,1,6,centroid,145,opel,opel,
16,1,6,centroid,148,saab,van,
16,1,6,centroid,158,saab,van,
16,1,6,centroid,159,opel,van,
16,1,6,centroid,169,van,van,
16,1,6,centroid,178,bus,van,
16,1,6,centroid,190,opel,saab,
16,1,6,centroid,200,van,bus,
16,1,6,centroid,203,opel,opel,
16,1,6,centroid,210,opel,saab,
16,1,6,centroid,213,bus,opel,
16,1,6,centroid,218,bus,van,
16,1,6,centroid,228,saab,opel,
16,1,6,centroid,230,van,van,
16,1,6,centroid,234,van,van,
16,1,6,centroid,242,bus,van,
16,1,6,centroid,253,bus,van,
16,1,6,centroid,287,van,van,
16,1,6,centroid,288,opel,opel,
16,1,6,centroid,300,saab,opel,
16,1,6,centroid,331,opel,opel,
16,1,6,centroid,357,saab,saab,
16,1,6,centroid,372,van,saab,
16,1,6,centroid,388,van,bus,
16,1,6,centroid,396,bus,opel,
16,1,6,centroid,397,bus,van,
16,1,6,centroid,404,opel,opel,
16,1,6,centroid,410,saab,saab,
16,1,6,centroid,412,bus,bus,
16,1,6,centroid,476,opel,opel,
16,1,6,centroid,479,bus,bus,
16,1,6,centroid,490,saab,opel,
16,1,6,centroid,494,bus,opel,
16,1,6,centroid,511,opel,van,
16,1,6,centroid,530,saab,opel,
16,1,6,centroid,532,saab,opel,
16,1,6,centroid,541,van,van,
16,1,6,centroid,545,van,van,
16,1,6,centroid,551,opel,van,
16,1,6,centroid,553,bus,bus,
16,1,6,centroid,573,van,bus,
16,1,6,centroid,576,saab,opel,
16,1,6,centroid,580,bus,van,
16,1,6,centroid,582,saab,opel,
16,1,6,centroid,588,opel,van,
16,1,6,centroid,590,bus,bus,
16,1,6,centroid,593,saab,van,
16,1,6,centroid,600,bus,saab,
16,1,6,centroid,612,opel,van,
16,1,6,centroid,615,opel,van,
16,1,6,centroid,623,saab,saab,
16,1,6,centroid,635,van,van,
16,1,6,centroid,641,bus,bus,
16,1,6,centroid,650,saab,opel,
16,1,6,centroid,652,opel,saab,
16,1,6,centroid,665,van,bus,
16,1,6,centroid,675,opel,opel,
16,1,6,centroid,685,bus,van,
16,1,6,centroid,687,bus,opel,
16,1,6,centroid,689,saab,saab,
16,1,6,centroid,722,van,saab,
16,1,6,centroid,732,van,van,
16,1,6,centroid,748,van,van,
16,1,6,centroid,757,saab,van,
16,1,6,centroid,796,opel,van,
16,1,6,centroid,798,opel,opel,
16,1,6,centroid,814,bus,bus,
16,1,6,centroid,820,saab,van,
16,1,6,centroid,831,bus,saab,
16,1,6,knn,16,van,saab,
16,1,6,knn,27,saab,saab,
16,1,6,knn,29,saab,bus,
16,1,6,knn,32,opel,saab,
16,1,6,knn,35,van,van,
16,1,6,knn,49,saab,saab,
16,1,6,knn,55,van,van,
16,1,6,knn,67,opel,opel,
16,1,6,knn,69,bus,bus,
16,1,6,knn,77,saab,bus,
16,1,6,knn,80,bus,bus,
16,1,6,knn,95,opel,opel,
16,1,6,knn,100,bus,van,
16,1,6,knn,122,van,van,
16,1,6,knn,136,van,van,
16,1,6,knn,145,opel,saab,
16,1,6,knn,148,saab,opel,
16,1,6,knn,158,saab,saab,
16,1,6,knn,159,opel,saab,
16,1,6,knn,169,van,van,
16,1,6,knn,178,bus,bus,
16,1,6,knn,190,opel,saab,
16,1,6,knn,200,van,van,
16,1,6,knn,203,opel,opel,
16,1,6,knn,210,opel,saab,
16,1,6,knn,213,bus,bus,
16,1,6,knn,218,bus,bus,
16,1,6,knn,228,saab,saab,
16,1,6,knn,230,van,van,
16,1,6,knn,234,van,bus,
16,1,6,knn,242,bus,bus,
16,1,6,knn,253,bus,bus,
16,1,6,knn,287,van,van,
16,1,6,knn,288,opel,opel,
16,1,6,knn,300,saab,opel,
16,1,6,knn,331,opel,saab,
16,1,6,knn,357,saab,saab,
16,1,6,knn,372,van,van,
16,1,6,knn,388,van,van,
16,1,6,knn,396,bus,bus,
16,1,6,knn,397,bus,bus,
16,1,6,knn,404,opel,opel,
16,1,6,knn,410,saab,opel,
16,1,6,knn,412,bus,bus,
16,1,6,knn,476,opel,opel,
16,1,6,knn,479,bus,bus,
16,1,6,knn,490,saab,saab,
16,1,6,knn,494,bus,bus,
16,1,6,knn,511,opel,saab,
16,1,6,knn,530,saab,saab,
16,1,6,knn,532,saab,opel,
16,1,6,knn,541,van,van,
16,1,6,knn,545,van,van,
16,1,6,knn,551,opel,saab,
16,1,6,knn,553,bus,bus,
16,1,6,knn,573,van,van,
16,1,6,knn,576,saab,saab,
16,1,6,knn,580,bus,bus,
16,1,6,knn,582,saab,saab,
16,1,6,knn,588,opel,saab,
16,1,6,knn,590,bus,bus,
16,1,6,knn,593,saab,saab,
16,1,6,knn,600,bus,bus,
16,1,6,knn,612,opel,van,
16,1,6,knn,615,opel,opel,
16,1,6,knn,623,saab,saab,
16,1,6,knn,635,van,van,
16,1,6,knn,641,bus,bus,
16,1,6,knn,650,saab,opel,
16,1,6,knn,652,opel,opel,
16,1,6,knn,665,van,van,
16,1,6,knn,675,opel,saab,
16,1,6,knn,685,bus,bus,
16,1,6,knn,687,bus,bus,
16,1,6,knn,689,saab,saab,
16,1,6,knn,722,van,van,
16,1,6,knn,732,van,van,
16,1,6,knn,748,van,van,
16,1,6,knn,757,saab,opel,
16,1,6,knn,796,opel,van,
16,1,6,knn,798,opel,opel,
16,1,6,knn,814,bus,bus,
16,1,6,knn,820,saab,opel,
16,1,6,knn,831,bus,bus,
16,1,6,svm,16,van,van,1.2574183286445262
16,1,6,svm,27,saab,saab,0.48832486214612114
16,1,6,svm,29,saab,saab,0.06306005738799225
16,1,6,svm,32,opel,saab,1.5582749517397394
16,1,6,svm,35,van,van,0.3113638612021602
16,1,6,svm,49,saab,saab,0.8046413162974408
16,1,6,svm,55,van,van,1.414031886041431
16,1,6,svm,67,opel,opel,1.6897114040024883
16,1,6,svm,69,bus,bus,2.4538244849508315
16,1,6,svm,77,saab,bus,0.6049061557239019
16,1,6,svm,80,bus,bus,1.531830125171914
16,1,6,svm,95,opel,opel,1.9099513077588748
16,1,6,svm,100,bus,van,0.40188242612144354
16,1,6,svm,122,van,van,0.8034196472121762
16,1,6,svm,136,van,van,1.1406479562992708
16,1,6,svm,145,opel,opel,1.006997012016563
16,1,6,svm,148,saab,opel,1.711717834426687
16,1,6,svm,158,saab,saab,0.3885015195152368
16,1,6,svm,159,opel,opel,0.5718342903120908
16,1,6,svm,169,van,van,1.647705777377304
16,1,6,svm,178,bus,bus,0.7338011263419935
16,1,6,svm,190,opel,opel,2.104590847307805
16,1,6,svm,200,van,van,2.653484120372805
16,1,6,svm,203,opel,opel,1.2126313296379942
16,1,6,svm,210,opel,opel,0.30890082351124537
16,1,6,svm,213,bus,bus,2.4075371880445156
16,1,6,svm,218,bus,bus,1.3473083355549682
16,1,6,svm,228,saab,saab,0.8866910470288678
16,1,6,svm,230,van,van,1.0720256449926708
16,1,6,svm,234,van,van,1.2299802562548785
16,1,6,svm,242,bus,bus,1.0347209401772792
16,1,6,svm,253,bus,bus,1.3913836281185374
16,1,6,svm,287,van,van,1.9643038063777736
16,1,6,svm,288,opel,opel,0.29308039564796307
16,1,6,svm,300,saab,opel,0.49944184773915
16,1,6,svm,331,opel,opel,0.25992996151271175
16,1,6,svm,357,saab,saab,2.035487867311388
16,1,6,svm,372,van,van,0.35858833572458604
16,1,6,svm,388,van,opel,0.7134190803513762
16,1,6,svm,396,bus,bus,2.00974317677743
16,1,6,svm,397,bus,bus,1.1033414403716728
16,1,6,svm,404,opel,opel,0.22569695462285555
16,1,6,svm,410,saab,saab,0.044501144775268564
16,1,6,svm,412,bus,bus,1.7283382762761255
16,1,6,svm,476,opel,opel,0.8446756575725738
16,1,6,svm,479,bus,bus,1.3554176422804138
16,1,6,svm,490,saab,saab,0.7609776576461718
16,1,6,svm,494,bus,bus,1.8886023563120231
16,1,6,svm,511,opel,saab,0.7600206154417952
16,1,6,svm,530,saab,opel,1.4598265240632395
16,1,6,svm,532,saab,saab,0.9850659028504785
16,1,6,svm,541,van,van,0.978424755752762
16,1,6,svm,545,van,van,2.8881413070405157
16,1,6,svm,551,opel,opel,1.2821543274929867
16,1,6,svm,553,bus,bus,1.6043092118139675
16,1,6,svm,573,van,van,2.5768089381631207
16,1,6,svm,576,saab,saab,1.4641568233327495
16,1,6,svm,580,bus,bus,1.104724384993104
16,1,6,svm,582,saab,saab,0.731632200843527
16,1,6,svm,588,opel,saab,0.6010920900733003
16,1,6,svm,590,bus,bus,1.3239656533160136
16,1,6,svm,593,saab,opel,0.07478476840872705
16,1,6,svm,600,bus,bus,1.9467153447218406
16,1,6,svm,612,opel,van,0.010444170073941272
16,1,6,svm,615,opel,opel,0.12144080844417093
16,1,6,svm,623,saab,saab,1.6595920378797402
16,1,6,svm,635,van,van,2.1587388006653256
16,1,6,svm,641,bus,bus,2.5089030789112643
16,1,6,svm,650,saab,opel,1.088372408203079
16,1,6,svm,652,opel,opel,0.3958617390246042
16,1,6,svm,665,van,van,1.6598856413088279
16,1,6,svm,675,opel,opel,0.8622195811615905
16,1,6,svm,685,bus,bus,0.533265908680888
16,1,6,svm,687,bus,bus,1.4384019253231202
16,1,6,svm,689,saab,saab,1.1153065848415613
16,1,6,svm,722,van,van,1.9845583642996467
16,1,6,svm,732,van,van,0.3950184161313736
16,1,6,svm,748,van,van,0.8921727232454044
16,1,6,svm,757,saab,saab,0.02217101575036562
16,1,6,svm,796,opel,opel,0.38820925915881066
16,1,6,svm,798,opel,opel,0.8035968246655054
16,1,6,svm,814,bus,bus,1.7269453649665514
16,1,6,svm,820,saab,opel,0.8918411844337095
16,1,6,svm,831,bus,bus,2.480045080278804
16,1,6,mlp,16,van,van,
16,1,6,mlp,27,saab,saab,
16,1,6,mlp,29,saab,opel,
16,1,6,mlp,32,opel,saab,
16,1,6,mlp,35,van,van,
16,1,6,mlp,49,saab,opel,
16,1,6,mlp,55,van,van,
16,1,6,mlp,67,opel,opel,
16,1,6,mlp,69,bus,bus,
16,1,6,mlp,77,saab,bus,
16,1,6,mlp,80,bus,bus,
16,1,6,mlp,95,opel,opel,
16,1,6,mlp,100,bus,bus,
16,1,6,mlp,122,van,van,
16,1,6,mlp,136,van,van,
16,1,6,mlp,145,opel,opel,
16,1,6,mlp,148,saab,opel,
16,1,6,mlp,158,saab,saab,
16,1,6,mlp,159,opel,opel,
16,1,6,mlp,169,van,van,
16,1,6,mlp,178,bus,bus,
16,1,6,mlp,190,opel,opel,
16,1,6,mlp,200,van,van,
16,1,6,mlp,203,opel,opel,
16,1,6,mlp,210,opel,saab,
16,1,6,mlp,213,bus,bus,
16,1,6,mlp,218,bus,bus,
16,1,6,mlp,228,saab,saab,
16,1,6,mlp,230,van,van,
16,1,6,mlp,234,van,van,
16,1,6,mlp,242,bus,bus,
16,1,6,mlp,253,bus,bus,
16,1,6,mlp,287,van,van,
16,1,6,mlp,288,opel,saab,
16,1,6,mlp,300,saab,opel,
16,1,6,mlp,331,opel,saab,
16,1,6,mlp,357,saab,saab,
16,1,6,mlp,372,van,van,
16,1,6,mlp,388,van,bus,
16,1,6,mlp,396,bus,bus,
16,1,6,mlp,397,bus,bus,
16,1,6,mlp,404,opel,saab,
16,1,6,mlp,410,saab,opel,
16,1,6,mlp,412,bus,bus,
16,1,6,mlp,476,opel,opel,
16,1,6,mlp,479,bus,bus,
16,1,6,mlp,490,saab,saab,
16,1,6,mlp,494,bus,bus,
16,1,6,mlp,511,opel,saab,
16,1,6,mlp,530,saab,opel,
16,1,6,mlp,532,saab,saab,
16,1,6,mlp,541,van,van,
16,1,6,mlp,545,van,van,
16,1,6,mlp,551,opel,opel,
16,1,6,mlp,553,bus,bus,
16,1,6,mlp,573,van,van,
16,1,6,mlp,576,saab,saab,
16,1,6,mlp,580,bus,bus,
16,1,6,mlp,582,saab,saab,
16,1,6,mlp,588,opel,saab,
16,1,6,mlp,590,bus,bus,
16,1,6,mlp,593,saab,opel,
16,1,6,mlp,600,bus,bus,
16,1,6,mlp,612,opel,van,
16,1,6,mlp,615,opel,saab,
16,1,6,mlp,623,saab,saab,
16,1,6,mlp,635,van,van,
16,1,6,mlp,641,bus,bus,
16,1,6,mlp,650,saab,opel,
16,1,6,mlp,652,opel,saab,
16,1,6,mlp,665,van,van,
16,1,6,mlp,675,opel,opel,
16,1,6,mlp,685,bus,bus,
16,1,6,mlp,687,bus,bus,
16,1,6,mlp,689,saab,saab,
16,1,6,mlp,722,van,van,
16,1,6,mlp,732,van,bus,
16,1,6,mlp,748,van,van,
16,1,6,mlp,757,saab,saab,
16,1,6,mlp,796,opel,van,
16,1,6,mlp,798,opel,opel,
16,1,6,mlp,814,bus,bus,
16,1,6,mlp,820,saab,opel,
16,1,6,mlp,831,bus,bus,
16,1,6,rbf,16,van,van,
16,1,6,rbf,27,saab,opel,
16,1,6,rbf,29,saab,bus,
16,1,6,rbf,32,opel,van,
16,1,6,rbf,35,van,van,
16,1,6,rbf,49,saab,opel,
16,1,6,rbf,55,van,van,
16,1,6,rbf,67,opel,opel,
16,1,6,rbf,69,bus,bus,
16,1,6,rbf,77,saab,bus,
16,1,6,rbf,80,bus,bus,
16,1,6,rbf,95,opel,saab,
16,1,6,rbf,100,bus,van,
16,1,6,rbf,122,van,van,
16,1,6,rbf,136,van,van,
16,1,6,rbf,145,opel,opel,
16,1,6,rbf,148,saab,opel,
16,1,6,rbf,158,saab,opel,
16,1,6,rbf,159,opel,opel,
16,1,6,rbf,169,van,van,
16,1,6,rbf,178,bus,bus,
16,1,6,rbf,190,opel,opel,
16,1,6,rbf,200,van,van,
16,1,6,rbf,203,opel,opel,
16,1,6,rbf,210,opel,opel,
16,1,6,rbf,213,bus,bus,
16,1,6,rbf,218,bus,bus,
16,1,6,rbf,228,saab,saab,
16,1,6,rbf,230,van,van,
16,1,6,rbf,234,van,van,
16,1,6,rbf,242,bus,bus,
16,1,6,rbf,253,bus,bus,
16,1,6,rbf,287,van,van,
16,1,6,rbf,288,opel,saab,
16,1,6,rbf,300,saab,opel,
16,1,6,rbf,331,opel,saab,
16,1,6,rbf,357,saab,saab,
16,1,6,rbf,372,van,van,
16,1,6,rbf,388,van,opel,
16,1,6,rbf,396,bus,bus,
16,1,6,rbf,397,bus,bus,
16,1,6,rbf,404,opel,saab,
16,1,6,rbf,410,saab,opel,
16,1,6,rbf,412,bus,bus,
16,1,6,rbf,476,opel,opel,
16,1,6,rbf,479,bus,bus,
16,1,6,rbf,490,saab,saab,
16,1,6,rbf,494,bus,bus,
16,1,6,rbf,511,opel,opel,
16,1,6,rbf,530,saab,opel,
16,1,6,rbf,532,saab,saab,
16,1,6,rbf,541,van,van,
16,1,6,rbf,545,van,van,
16,1,6,rbf,551,opel,opel,
16,1,6,rbf,553,bus,bus,
16,1,6,rbf,573,van,van,
16,1,6,rbf,576,saab,saab,
16,1,6,rbf,580,bus,bus,
16,1,6,rbf,582,saab,saab,
16,1,6,rbf,588,opel,saab,
16,1,6,rbf,590,bus,bus,
16,1,6,rbf,593,saab,van,
16,1,6,rbf,600,bus,bus,
16,1,6,rbf,612,opel,van,
16,1,6,rbf,615,opel,saab,
16,1,6,rbf,623,saab,saab,
16,1,6,rbf,635,van,van,
16,1,6,rbf,641,bus,bus,
16,1,6,rbf,650,saab,opel,
16,1,6,rbf,652,opel,saab,
16,1,6,rbf,665,van,van,
16,1,6,rbf,675,opel,opel,
16,1,6,rbf,685,bus,bus,
16,1,6,rbf,687,bus,bus,
16,1,6,rbf,689,saab,saab,
16,1,6,rbf,722,van,van,
16,1,6,rbf,732,van,bus,
16,1,6,rbf,748,van,van,
16,1,6,rbf,757,saab,saab,
16,1,6,rbf,796,opel,van,
16,1,6,rbf,798,opel,opel,
16,1,6,rbf,814,bus,bus,
16,1,6,rbf,820,saab,opel,
16,1,6,rbf,831,bus,bus,
16,1,6,svm_linear,16,van,van,
16,1,6,svm_linear,27,saab,saab,
16,1,6,svm_linear,29,saab,opel,
16,1,6,svm_linear,32,opel,saab,
16,1,6,svm_linear,35,van,van,
16,1,6,svm_linear,49,saab,opel,
16,1,6,svm_linear,55,van,van,
16,1,6,svm_linear,67,opel,opel,
16,1,6,svm_linear,69,bus,bus,
16,1,6,svm_linear,77,saab,bus,
16,1,6,svm_linear,80,bus,bus,
16,1,6,svm_linear,95,opel,opel,
16,1,6,svm_linear,100,bus,bus,
16,1,6,svm_linear,122,van,van,
16,1,6,svm_linear,136,van,van,
16,1,6,svm_linear,145,opel,opel,
16,1,6,svm_linear,148,saab,opel,
16,1,6,svm_linear,158,saab,saab,
16,1,6,svm_linear,159,opel,opel,
16,1,6,svm_linear,169,van,van,
16,1,6,svm_linear,178,bus,bus,
16,1,6,svm_linear,190,opel,opel,
16,1,6,svm_linear,200,van,van,
16,1,6,svm_linear,203,opel,opel,
16,1,6,svm_linear,210,opel,opel,
16,1,6,svm_linear,213,bus,bus,
16,1,6,svm_linear,218,bus,bus,
16,1,6,svm_linear,228,saab,saab,
16,1,6,svm_linear,230,van,van,
16,1,6,svm_linear,234,van,van,
16,1,6,svm_linear,242,bus,bus,
16,1,6,svm_linear,253,bus,bus,
16,1,6,svm_linear,287,van,van,
16,1,6,svm_linear,288,opel,saab,
16,1,6,svm_linear,300,saab,saab,
16,1,6,svm_linear,331,opel,opel,
16,1,6,svm_linear,357,saab,saab,
16,1,6,svm_linear,372,van,van,
16,1,6,svm_linear,388,van,van,
16,1,6,svm_linear,396,bus,bus,
16,1,6,svm_linear,397,bus,bus,
16,1,6,svm_linear,404,opel,opel,
16,1,6,svm_linear,410,saab,opel,
16,1,6,svm_linear,412,bus,bus,
16,1,6,svm_linear,476,opel,opel,
16,1,6,svm_linear,479,bus,bus,
16,1,6,svm_linear,490,saab,saab,
16,1,6,svm_linear,494,bus,bus,
16,1,6,svm_linear,511,opel,opel,
16,1,6,svm_linear,530,saab,opel,
16,1,6,svm_linear,532,saab,saab,
16,1,6,svm_linear,541,van,van,
16,1,6,svm_linear,545,van,van,
16,1,6,svm_linear,551,opel,opel,
16,1,6,svm_linear,553,bus,bus,
16,1,6,svm_linear,573,van,van,
16,1,6,svm_linear,576,saab,saab,
16,1,6,svm_linear,580,bus,bus,
16,1,6,svm_linear,582,saab,saab,
16,1,6,svm_linear,588,opel,saab,
16,1,6,svm_linear,590,bus,bus,
16,1,6,svm_linear,593,saab,saab,
16,1,6,svm_linear,600,bus,bus,
16,1,6,svm_linear,612,opel,van,
16,1,6,svm_linear,615,opel,opel,
16,1,6,svm_linear,623,saab,saab,
16,1,6,svm_linear,635,van,van,
16,1,6,svm_linear,641,bus,bus,
16,1,6,svm_linear,650,saab,opel,
16,1,6,svm_linear,652,opel,saab,
16,1,6,svm_linear,665,van,van,
16,1,6,svm_linear,675,opel,opel,
16,1,6,svm_linear,685,bus,bus,
16,1,6,svm_linear,687,bus,bus,
16,1,6,svm_linear,689,saab,saab,
16,1,6,svm_linear,722,van,van,
16,1,6,svm_linear,732,van,van,
16,1,6,svm_linear,748,van,van,
16,1,6,svm_linear,757,saab,opel,
16,1,6,svm_linear,796,opel,opel,
16,1,6,svm_linear,798,opel,opel,
16,1,6,svm_linear,814,bus,bus,
16,1,6,svm_linear,820,saab,opel,
16,1,6,svm_linear,831,bus,bus,
16,1,6,svm_unscaled,16,van,van,
16,1,6,svm_unscaled,27,saab,saab,
16,1,6,svm_unscaled,29,saab,bus,
16,1,6,svm_unscaled,32,opel,saab,
16,1,6,svm_unscaled,35,van,van,
16,1,6,svm_unscaled,49,saab,saab,
16,1,6,svm_unscaled,55,van,van,
16,1,6,svm_unscaled,67,opel,opel,
16,1,6,svm_unscaled,69,bus,bus,
16,1,6,svm_unscaled,77,saab,bus,
16,1,6,svm_unscaled,80,bus,bus,
16,1,6,svm_unscaled,95,opel,opel,
16,1,6,svm_unscaled,100,bus,bus,
16,1,6,svm_unscaled,122,van,van,
16,1,6,svm_unscaled,136,van,van,
16,1,6,svm_unscaled,145,opel,opel,
16,1,6,svm_unscaled,148,saab,opel,
16,1,6,svm_unscaled,158,saab,saab,
16,1,6,svm_unscaled,159,opel,saab,
16,1,6,svm_unscaled,169,van,van,
16,1,6,svm_unscaled,178,bus,bus,
16,1,6,svm_unscaled,190,opel,saab,
16,1,6,svm_unscaled,200,van,van,
16,1,6,svm_unscaled,203,opel,opel,
16,1,6,svm_unscaled,210,opel,saab,
16,1,6,svm_unscaled,213,bus,bus,
16,1,6,svm_unscaled,218,bus,bus,
16,1,6,svm_unscaled,228,saab,saab,
16,1,6,svm_unscaled,230,van,van,
16,1,6,svm_unscaled,234,van,van,
16,1,6,svm_unscaled,242,bus,bus,
16,1,6,svm_unscaled,253,bus,bus,
16,1,6,svm_unscaled,287,van,van,
16,1,6,svm_unscaled,288,opel,opel,
16,1,6,svm_unscaled,300,saab,opel,
16,1,6,svm_unscaled,331,opel,saab,
16,1,6,svm_unscaled,357,saab,saab,
16,1,6,svm_unscaled,372,van,van,
16,1,6,svm_unscaled,388,van,van,
16,1,6,svm_unscaled,396,bus,bus,
16,1,6,svm_unscaled,397,bus,bus,
16,1,6,svm_unscaled,404,opel,opel,
16,1,6,svm_unscaled,410,saab,opel,
16,1,6,svm_unscaled,412,bus,bus,
16,1,6,svm_unscaled,476,opel,opel,
16,1,6,svm_unscaled,479,bus,bus,
16,1,6,svm_unscaled,490,saab,saab,
16,1,6,svm_unscaled,494,bus,bus,
16,1,6,svm_unscaled,511,opel,saab,
16,1,6,svm_unscaled,530,saab,opel,
16,1,6,svm_unscaled,532,saab,opel,
16,1,6,svm_unscaled,541,van,van,
16,1,6,svm_unscaled,545,van,van,
16,1,6,svm_unscaled,551,opel,opel,
16,1,6,svm_unscaled,553,bus,bus,
16,1,6,svm_unscaled,573,van,van,
16,1,6,svm_unscaled,576,saab,saab,
16,1,6,svm_unscaled,580,bus,bus,
16,1,6,svm_unscaled,582,saab,saab,
16,1,6,svm_unscaled,588,opel,saab,
16,1,6,svm_unscaled,590,bus,bus,
16,1,6,svm_unscaled,593,saab,van,
16,1,6,svm_unscaled,600,bus,bus,
16,1,6,svm_unscaled,612,opel,van,
16,1,6,svm_unscaled,615,opel,saab,
16,1,6,svm_unscaled,623,saab,saab,
16,1,6,svm_unscaled,635,van,van,
16,1,6,svm_unscaled,641,bus,bus,
16,1,6,svm_unscaled,650,saab,opel,
16,1,6,svm_unscaled,652,opel,saab,
16,1,6,svm_unscaled,665,van,van,
16,1,6,svm_unscaled,675,opel,opel,
16,1,6,svm_unscaled,685,bus,bus,
16,1,6,svm_unscaled,687,bus,bus,
16,1,6,svm_unscaled,689,saab,saab,
16,1,6,svm_unscaled,722,van,van,
16,1,6,svm_unscaled,732,van,van,
16,1,6,svm_unscaled,748,van,van,
16,1,6,svm_unscaled,757,saab,saab,
16,1,6,svm_unscaled,796,opel,van,
16,1,6,svm_unscaled,798,opel,opel,
16,1,6,svm_unscaled,814,bus,bus,
16,1,6,svm_unscaled,820,saab,saab,
16,1,6,svm_unscaled,831,bus,bus,
17,1,7,centroid,10,van,van,
17,1,7,centroid,12,bus,bus,
17,1,7,centroid,28,bus,opel,
17,1,7,centroid,39,bus,bus,
17,1,7,centroid,48,van,bus,
17,1,7,centroid,59,van,van,
17,1,7,centroid,64,bus,opel,
17,1,7,centroid,68,van,van,
17,1,7,centroid,83,opel,van,
17,1,7,centroid,88,bus,opel,
17,1,7,centroid,106,opel,saab,
17,1,7,centroid,107,opel,van,
17,1,7,centroid,108,bus,van,
17,1,7,centroid,110,van,van,
17,1,7,centroid,121,van,bus,
17,1,7,centroid,123,saab,van,
17,1,7,centroid,124,van,van,
17,1,7,centroid,126,bus,van,
17,1,7,centroid,139,van,van,
17,1,7,centroid,143,bus,bus,
17,1,7,centroid,150,saab,saab,
17,1,7,centroid,156,opel,van,
17,1,7,centroid,162,saab,saab,
17,1,7,centroid,165,opel,opel,
17,1,7,centroid,187,opel,saab,
17,1,7,centroid,193,bus,opel,
17,1,7,centroid,195,bus,bus,
17,1,7,centroid,197,bus,bus,
17,1,7,centroid,202,opel,saab,
17,1,7,centroid,205,van,van,
17,1,7,centroid,216,saab,bus,
17,1,7,centroid,219,van,van,
17,1,7,centroid,229,saab,bus,
17,1,7,centroid,235,van,bus,
17,1,7,centroid,237,bus,bus,
17,1,7,centroid,252,van,van,
17,1,7,centroid,259,opel,opel,
17,1,7,centroid,260,saab,van,
17,1,7,centroid,275,bus,van,
17,1,7,centroid,289,saab,van,
17,1,7,centroid,295,bus,van,
17,1,7,centroid,304,bus,bus,
17,1,7,centroid,333,bus,bus,
17,1,7,centroid,339,bus,van,
17,1,7,centroid,351,saab,van,
17,1,7,centroid,374,van,van,
17,1,7,centroid,386,saab,saab,
17,1,7,centroid,398,bus,saab,
17,1,7,centroid,399,van,van,
17,1,7,centroid,430,saab,opel,
17,1,7,centroid,436,van,van,
17,1,7,centroid,445,van,van,
17,1,7,centroid,475,saab,opel,
17,1,7,centroid,480,saab,opel,
17,1,7,centroid,486,opel,opel,
17,1,7,centroid,500,opel,opel,
17,1,7,centroid,520,saab,opel,
17,1,7,centroid,522,saab,van,
17,1,7,centroid,536,saab,opel,
17,1,7,centroid,537,van,van,
17,1,7,centroid,546,van,van,
17,1,7,centroid,552,saab,saab,
17,1,7,centroid,563,opel,van,
17,1,7,centroid,566,saab,saab,
17,1,7,centroid,586,opel,opel,
17,1,7,centroid,596,opel,bus,
17,1,7,centroid,605,saab,opel,
17,1,7,centroid,609,bus,bus,
17,1,7,centroid,622,saab,saab,
17,1,7,centroid,645,opel,van,
17,1,7,centroid,674,saab,van,
17,1,7,centroid,678,bus,bus,
17,1,7,centroid,679,bus,van,
17,1,7,centroid,682,van,bus,
17,1,7,centroid,702,opel,saab,
17,1,7,centroid,754,van,van,
17,1,7,centroid,775,bus,bus,
17,1,7,centroid,782,opel,opel,
17,1,7,centroid,821,opel,opel,
17,1,7,centroid,824,opel,opel,
17,1,7,centroid,825,opel,bus,
17,1,7,centroid,826,opel,opel,
17,1,7,centroid,827,opel,opel,
17,1,7,centroid,843,saab,opel,
17,1,7,knn,10,van,van,
17,1,7,knn,12,bus,bus,
17,1,7,knn,28,bus,bus,
17,1,7,knn,39,bus,bus,
17,1,7,knn,48,van,van,
17,1,7,knn,59,van,opel,
17,1,7,knn,64,bus,bus,
17,1,7,knn,68,van,van,
17,1,7,knn,83,opel,opel,
17,1,7,knn,88,bus,bus,
17,1,7,knn,106,opel,saab,
17,1,7,knn,107,opel,bus,
17,1,7,knn,108,bus,bus,
17,1,7,knn,110,van,van,
17,1,7,knn,121,van,van,
17,1,7,knn,123,saab,opel,
17,1,7,knn,124,van,bus,
17,1,7,knn,126,bus,bus,
17,1,7,knn,139,van,van,
17,1,7,knn,143,bus,bus,
17,1,7,knn,150,saab,opel,
17,1,7,knn,156,opel,opel,
17,1,7,knn,162,saab,opel,
17,1,7,knn,165,opel,opel,
17,1,7,knn,187,opel,saab,
17,1,7,knn,193,bus,bus,
17,1,7,knn,195,bus,bus,
17,1,7,knn,197,bus,bus,
17,1,7,knn,202,opel,saab,
17,1,7,knn,205,van,van,
17,1,7,knn,216,saab,bus,
17,1,7,knn,219,van,van,
17,1,7,knn,229,saab,bus,
17,1,7,knn,235,van,van,
17,1,7,knn,237,bus,bus,
17,1,7,knn,252,van,van,
17,1,7,knn,259,opel,opel,
17,1,7,knn,260,saab,saab,
17,1,7,knn,275,bus,bus,
17,1,7,knn,289,saab,saab,
17,1,7,knn,295,bus,bus,
17,1,7,knn,304,bus,bus,
17,1,7,knn,333,bus,bus,
17,1,7,knn,339,bus,bus,
17,1,7,knn,351,saab,opel,
17,1,7,knn,374,van,van,
17,1,7,knn,386,saab,opel,
17,1,7,knn,398,bus,bus,
17,1,7,knn,399,van,van,
17,1,7,knn,430,saab,opel,
17,1,7,knn,436,van,van,
17,1,7,knn,445,van,van,
17,1,7,knn,475,saab,saab,
17,1,7,knn,480,saab,opel,
17,1,7,knn,486,opel,opel,
17,1,7,knn,500,opel,opel,
17,1,7,knn,520,saab,saab,
17,1,7,knn,522,saab,opel,
17,1,7,knn,536,saab,opel,
17,1,7,knn,537,van,van,
17,1,7,knn,546,van,van,
17,1,7,knn,552,saab,saab,
17,1,7,knn,563,opel,opel,
17,1,7,knn,566,saab,saab,
17,1,7,knn,586,opel,opel,
17,1,7,knn,596,opel,saab,
17,1,7,knn,605,saab,opel,
17,1,7,knn,609,bus,bus,
17,1,7,knn,622,saab,saab,
17,1,7,knn,645,opel,bus,
17,1,7,knn,674,saab,bus,
17,1,7,knn,678,bus,bus,
17,1,7,knn,679,bus,bus,
17,1,7,knn,682,van,van,
17,1,7,knn,702,opel,saab,
17,1,7,knn,754,van,van,
17,1,7,knn,775,bus,bus,
17,1,7,knn,782,opel,opel,
17,1,7,knn,821,opel,opel,
17,1,7,knn,824,opel,saab,
17,1,7,knn,825,opel,opel,
17,1,7,knn,826,opel,saab,
17,1,7,knn,827,opel,opel,
17,1,7,knn,843,saab,saab,
17,1,7,svm,10,van,van,1.417456409768962
17,1,7,svm,12,bus,bus,1.099454891394221
17,1,7,svm,28,bus,bus,1.9001866261816187
17,1,7,svm,39,bus,bus,1.4938802910067095
17,1,7,svm,48,van,van,2.2852676660934748
17,1,7,svm,59,van,van,0.33482916652962796
17,1,7,svm,64,bus,bus,0.7470569585947138
17,1,7,svm,68,van,van,2.13706398678298
17,1,7,svm,83,opel,opel,1.5806592120523941
17,1,7,svm,88,bus,bus,1.7526328984416406
17,1,7,svm,106,opel,opel,0.26038221622582425
17,1,7,svm,107,opel,opel,0.5090799853962666
17,1,7,svm,108,bus,bus,1.3481909443545805
17,1,7,svm,110,van,van,0.775340432433089
17,1,7,svm,121,van,van,1.5982794962950404
17,1,7,svm,123,saab,opel,0.6596766616993919
17,1,7,svm,124,van,van,0.08138510992728243
17,1,7,svm,126,bus,bus,1.1548030617534277
17,1,7,svm,139,van,van,0.5120983608610021
17,1,7,svm,143,bus,bus,1.61828216798008
17,1,7,svm,150,saab,saab,0.9189970318356186
17,1,7,svm,156,opel,saab,0.27011945757086897
17,1,7,svm,162,saab,saab,0.9354379108762738
17,1,7,svm,165,opel,opel,1.0680551936388432
17,1,7,svm,187,opel,saab,1.3076081769946515
17,1,7,svm,193,bus,bus,0.9748268420953672
17,1,7,svm,195,bus,bus,1.2374348909566266
17,1,7,svm,197,bus,bus,1.419512762762788
17,1,7,svm,202,opel,opel,1.278267312782196
17,1,7,svm,205,van,van,1.3395980506628504
17,1,7,svm,216,saab,bus,0.06100072379087673
17,1,7,svm,219,van,van,0.5119824693269686
17,1,7,svm,229,saab,saab,0.14474415684863645
17,1,7,svm,235,van,van,1.6638340404955105
17,1,7,svm,237,bus,bus,1.3934404080983154
17,1,7,svm,252,van,van,0.958401267381757
17,1,7,svm,259,opel,opel,1.2126908130138516
17,1,7,svm,260,saab,saab,2.0017586115797052
17,1,7,svm,275,bus,bus,1.3616302040038317
17,1,7,svm,289,saab,saab,1.5811679160456031
17,1,7,svm,295,bus,bus,0.41719297275613476
17,1,7,svm,304,bus,bus,0.9272102658509003
17,1,7,svm,333,bus,bus,0.8953519745463903
17,1,7,svm,339,bus,bus,1.3279640164702027
17,1,7,svm,351,saab,saab,1.1754656363859803
17,1,7,svm,374,van,van,0.31962718930112605
17,1,7,svm,386,saab,saab,0.33088303584901224
17,1,7,svm,398,bus,bus,1.7688543862538437
17,1,7,svm,399,van,van,1.8163391046037265
17,1,7,svm,430,saab,saab,0.49068582757007695
17,1,7,svm,436,van,van,1.250738984646643
17,1,7,svm,445,van,van,0.8558623856263263
17,1,7,svm,475,saab,opel,1.030945324178076
17,1,7,svm,480,saab,opel,0.4513263510244241
17,1,7,svm,486,opel,opel,0.599957124737857
17,1,7,svm,500,opel,opel,1.1368296850948285
17,1,7,svm,520,saab,opel,0.5377680570372996
17,1,7,svm,522,saab,opel,0.21911939416928883
17,1,7,svm,536,saab,opel,0.7169754528752881
17,1,7,svm,537,van,van,1.5808142821994315
17,1,7,svm,546,van,van,0.9472962084822458
17,1,7,svm,552,saab,saab,0.08250452782333495
17,1,7,svm,563,opel,opel,0.8766703028142513
17,1,7,svm,566,saab,saab,1.0484404824985367
17,1,7,svm,586,opel,opel,1.0102623033092917
17,1,7,svm,596,opel,opel,0.6382641540997
17,1,7,svm,605,saab,saab,0.19911301905033296
17,1,7,svm,609,bus,bus,0.9847428418870992
17,1,7,svm,622,saab,saab,1.6042382531431971
17,1,7,svm,645,opel,opel,0.3032666131471504
17,1,7,svm,674,saab,saab,0.8768391008061625
17,1,7,svm,678,bus,bus,1.1741851958664935
17,1,7,svm,679,bus,bus,1.8376109882626648
17,1,7,svm,682,van,van,1.0834998445796766
17,1,7,svm,702,opel,opel,0.34538133588639175
17,1,7,svm,754,van,van,1.5038023689724667
17,1,7,svm,775,bus,bus,1.5481420321024606
17,1,7,svm,782,opel,opel,1.5182269116044598
17,1,7,svm,821,opel,opel,0.9548958487617252
17,1,7,svm,824,opel,opel,0.08574438955380215
17,1,7,svm,825,opel,saab,0.7213423516786377
17,1,7,svm,826,opel,opel,0.6311917047501123
17,1,7,svm,827,opel,opel,0.962054640736475
17,1,7,svm,843,saab,saab,1.0773670941800246
17,1,7,mlp,10,van,van,
17,1,7,mlp,12,bus,bus,
17,1,7,mlp,28,bus,bus,
17,1,7,mlp,39,bus,bus,
17,1,7,mlp,48,van,van,
17,1,7,mlp,59,van,van,
17,1,7,mlp,64,bus,bus,
17,1,7,mlp,68,van,van,
17,1,7,mlp,83,opel,saab,
17,1,7,mlp,88,bus,bus,
17,1,7,mlp,106,opel,opel,
17,1,7,mlp,107,opel,saab,
17,1,7,mlp,108,bus,bus,
17,1,7,mlp,110,van,van,
17,1,7,mlp,121,van,van,
17,1,7,mlp,123,saab,opel,
17,1,7,mlp,124,van,van,
17,1,7,mlp,126,bus,bus,
17,1,7,mlp,139,van,van,
17,1,7,mlp,143,bus,bus,
17,1,7,mlp,150,saab,saab,
17,1,7,mlp,156,opel,opel,
17,1,7,mlp,162,saab,saab,
17,1,7,mlp,165,opel,opel,
17,1,7,mlp,187,opel,saab,
17,1,7,mlp,193,bus,bus,
17,1,7,mlp,195,bus,bus,
17,1,7,mlp,197,bus,bus,
17,1,7,mlp,202,opel,saab,
17,1,7,mlp,205,van,van,
17,1,7,mlp,216,saab,bus,
17,1,7,mlp,219,van,van,
17,1,7,mlp,229,saab,bus,
17,1,7,mlp,235,van,van,
17,1,7,mlp,237,bus,bus,
17,1,7,mlp,252,van,van,
17,1,7,mlp,259,opel,opel,
17,1,7,mlp,260,saab,saab,
17,1,7,mlp,275,bus,bus,
17,1,7,mlp,289,saab,saab,
17,1,7,mlp,295,bus,saab,
17,1,7,mlp,304,bus,bus,
17,1,7,mlp,333,bus,bus,
17,1,7,mlp,339,bus,bus,
17,1,7,mlp,351,saab,bus,
17,1,7,mlp,374,van,van,
17,1,7,mlp,386,saab,saab,
17,1,7,mlp,398,bus,bus,
17,1,7,mlp,399,van,van,
17,1,7,mlp,430,saab,opel,
17,1,7,mlp,436,van,van,
17,1,7,mlp,445,van,van,
17,1,7,mlp,475,saab,opel,
17,1,7,mlp,480,saab,opel,
17,1,7,mlp,486,opel,opel,
17,1,7,mlp,500,opel,opel,
17,1,7,mlp,520,saab,opel,
17,1,7,mlp,522,saab,saab,
17,1,7,mlp,536,saab,opel,
17,1,7,mlp,537,van,van,
17,1,7,mlp,546,van,van,
17,1,7,mlp,552,saab,opel,
17,1,7,mlp,563,opel,opel,
17,1,7,mlp,566,saab,opel,
17,1,7,mlp,586,opel,opel,
17,1,7,mlp,596,opel,saab,
17,1,7,mlp,605,saab,opel,
17,1,7,mlp,609,bus,bus,
17,1,7,mlp,622,saab,opel,
17,1,7,mlp,645,opel,bus,
17,1,7,mlp,674,saab,saab,
17,1,7,mlp,678,bus,bus,
17,1,7,mlp,679,bus,bus,
17,1,7,mlp,682,van,van,
17,1,7,mlp,702,opel,saab,
17,1,7,mlp,754,van,van,
17,1,7,mlp,775,bus,bus,
17,1,7,mlp,782,opel,opel,
17,1,7,mlp,821,opel,opel,
17,1,7,mlp,824,opel,opel,
17,1,7,mlp,825,opel,saab,
17,1,7,mlp,826,opel,saab,
17,1,7,mlp,827,opel,opel,
17,1,7,mlp,843,saab,opel,
17,1,7,rbf,10,van,van,
17,1,7,rbf,12,bus,bus,
17,1,7,rbf,28,bus,bus,
17,1,7,rbf,39,bus,bus,
17,1,7,rbf,48,van,van,
17,1,7,rbf,59,van,van,
17,1,7,rbf,64,bus,bus,
17,1,7,rbf,68,van,van,
17,1,7,rbf,83,opel,opel,
17,1,7,rbf,88,bus,bus,
17,1,7,rbf,106,opel,saab,
17,1,7,rbf,107,opel,opel,
17,1,7,rbf,108,bus,bus,
17,1,7,rbf,110,van,van,
17,1,7,rbf,121,van,van,
17,1,7,rbf,123,saab,opel,
17,1,7,rbf,124,van,van,
17,1,7,rbf,126,bus,bus,
17,1,7,rbf,139,van,van,
17,1,7,rbf,143,bus,bus,
17,1,7,rbf,150,saab,saab,
17,1,7,rbf,156,opel,opel,
17,1,7,rbf,162,saab,saab,
17,1,7,rbf,165,opel,opel,
17,1,7,rbf,187,opel,van,
17,1,7,rbf,193,bus,bus,
17,1,7,rbf,195,bus,bus,
17,1,7,rbf,197,bus,bus,
17,1,7,rbf,202,opel,saab,
17,1,7,rbf,205,van,van,
17,1,7,rbf,216,saab,bus,
17,1,7,rbf,219,van,van,
17,1,7,rbf,229,saab,bus,
17,1,7,rbf,235,van,van,
17,1,7,rbf,237,bus,bus,
17,1,7,rbf,252,van,van,
17,1,7,rbf,259,opel,opel,
17,1,7,rbf,260,saab,opel,
17,1,7,rbf,275,bus,bus,
17,1,7,rbf,289,saab,bus,
17,1,7,rbf,295,bus,bus,
17,1,7,rbf,304,bus,bus,
17,1,7,rbf,333,bus,bus,
17,1,7,rbf,339,bus,bus,
17,1,7,rbf,351,saab,bus,
17,1,7,rbf,374,van,van,
17,1,7,rbf,386,saab,saab,
17,1,7,rbf,398,bus,bus,
17,1,7,rbf,399,van,van,
17,1,7,rbf,430,saab,opel,
17,1,7,rbf,436,van,van,
17,1,7,rbf,445,van,van,
17,1,7,rbf,475,saab,opel,
17,1,7,rbf,480,saab,opel,
17,1,7,rbf,486,opel,opel,
17,1,7,rbf,500,opel,opel,
17,1,7,rbf,520,saab,opel,
17,1,7,rbf,522,saab,saab,
17,1,7,rbf,536,saab,opel,
17,1,7,rbf,537,van,van,
17,1,7,rbf,546,van,van,
17,1,7,rbf,552,saab,opel,
17,1,7,rbf,563,opel,opel,
17,1,7,rbf,566,saab,saab,
17,1,7,rbf,586,opel,opel,
17,1,7,rbf,596,opel,opel,
17,1,7,rbf,605,saab,opel,
17,1,7,rbf,609,bus,bus,
17,1,7,rbf,622,saab,saab,
17,1,7,rbf,645,opel,opel,
17,1,7,rbf,674,saab,saab,
17,1,7,rbf,678,bus,bus,
17,1,7,rbf,679,bus,bus,
17,1,7,rbf,682,van,van,
17,1,7,rbf,702,opel,opel,
17,1,7,rbf,754,van,van,
17,1,7,rbf,775,bus,bus,
17,1,7,rbf,782,opel,opel,
17,1,7,rbf,821,opel,opel,
17,1,7,rbf,824,opel,opel,
17,1,7,rbf,825,opel,saab,
17,1,7,rbf,826,opel,opel,
17,1,7,rbf,827,opel,opel,
17,1,7,rbf,843,saab,opel,
17,1,7,svm_linear,10,van,van,
17,1,7,svm_linear,12,bus,bus,
17,1,7,svm_linear,28,bus,bus,
17,1,7,svm_linear,39,bus,bus,
17,1,7,svm_linear,48,van,van,
17,1,7,svm_linear,59,van,opel,
17,1,7,svm_linear,64,bus,bus,
17,1,7,svm_linear,68,van,van,
17,1,7,svm_linear,83,opel,saab,
17,1,7,svm_linear,88,bus,bus,
17,1,7,svm_linear,106,opel,opel,
17,1,7,svm_linear,107,opel,saab,
17,1,7,svm_linear,108,bus,bus,
17,1,7,svm_linear,110,van,van,
17,1,7,svm_linear,121,van,van,
17,1,7,svm_linear,123,saab,opel,
17,1,7,svm_linear,124,van,van,
17,1,7,svm_linear,126,bus,bus,
17,1,7,svm_linear,139,van,van,
17,1,7,svm_linear,143,bus,bus,
17,1,7,svm_linear,150,saab,saab,
17,1,7,svm_linear,156,opel,opel,
17,1,7,svm_linear,162,saab,saab,
17,1,7,svm_linear,165,opel,opel,
17,1,7,svm_linear,187,opel,saab,
17,1,7,svm_linear,193,bus,bus,
17,1,7,svm_linear,195,bus,bus,
17,1,7,svm_linear,197,bus,bus,
17,1,7,svm_linear,202,opel,opel,
17,1,7,svm_linear,205,van,van,
17,1,7,svm_linear,216,saab,opel,
17,1,7,svm_linear,219,van,van,
17,1,7,svm_linear,229,saab,saab,
17,1,7,svm_linear,235,van,van,
17,1,7,svm_linear,237,bus,bus,
17,1,7,svm_linear,252,van,van,
17,1,7,svm_linear,259,opel,opel,
17,1,7,svm_linear,260,saab,opel,
17,1,7,svm_linear,275,bus,bus,
17,1,7,svm_linear,289,saab,saab,
17,1,7,svm_linear,295,bus,saab,
17,1,7,svm_linear,304,bus,bus,
17,1,7,svm_linear,333,bus,bus,
17,1,7,svm_linear,339,bus,bus,
17,1,7,svm_linear,351,saab,saab,
17,1,7,svm_linear,374,van,van,
17,1,7,svm_linear,386,saab,saab,
17,1,7,svm_linear,398,bus,bus,
17,1,7,svm_linear,399,van,van,
17,1,7,svm_linear,430,saab,saab,
17,1,7,svm_linear,436,van,van,
17,1,7,svm_linear,445,van,van,
17,1,7,svm_linear,475,saab,opel,
17,1,7,svm_linear,480,saab,bus,
17,1,7,svm_linear,486,opel,opel,
17,1,7,svm_linear,500,opel,opel,
17,1,7,svm_linear,520,saab,opel,
17,1,7,svm_linear,522,saab,saab,
17,1,7,svm_linear,536,saab,opel,
17,1,7,svm_linear,537,van,van,
17,1,7,svm_linear,546,van,van,
17,1,7,svm_linear,552,saab,opel,
17,1,7,svm_linear,563,opel,saab,
17,1,7,svm_linear,566,saab,saab,
17,1,7,svm_linear,586,opel,opel,
17,1,7,svm_linear,596,opel,opel,
17,1,7,svm_linear,605,saab,opel,
17,1,7,svm_linear,609,bus,saab,
17,1,7,svm_linear,622,saab,saab,
17,1,7,svm_linear,645,opel,opel,
17,1,7,svm_linear,674,saab,saab,
17,1,7,svm_linear,678,bus,bus,
17,1,7,svm_linear,679,bus,bus,
17,1,7,svm_linear,682,van,van,
17,1,7,svm_linear,702,opel,saab,
17,1,7,svm_linear,754,van,van,
17,1,7,svm_linear,775,bus,bus,
17,1,7,svm_linear,782,opel,opel,
17,1,7,svm_linear,821,opel,opel,
17,1,7,svm_linear,824,opel,opel,
17,1,7,svm_linear,825,opel,saab,
17,1,7,svm_linear,826,opel,opel,
17,1,7,svm_linear,827,opel,opel,
17,1,7,svm_linear,843,saab,saab,
17,1,7,svm_unscaled,10,van,van,
17,1,7,svm_unscaled,12,bus,bus,
17,1,7,svm_unscaled,28,bus,bus,
17,1,7,svm_unscaled,39,bus,bus,
17,1,7,svm_unscaled,48,van,van,
17,1,7,svm_unscaled,59,van,van,
17,1,7,svm_unscaled,64,bus,bus,
17,1,7,svm_unscaled,68,van,van,
17,1,7,svm_unscaled,83,opel,opel,
17,1,7,svm_unscaled,88,bus,bus,
17,1,7,svm_unscaled,106,opel,opel,
17,1,7,svm_unscaled,107,opel,opel,
17,1,7,svm_unscaled,108,bus,bus,
17,1,7,svm_unscaled,110,van,van,
17,1,7,svm_unscaled,121,van,van,
17,1,7,svm_unscaled,123,saab,opel,
17,1,7,svm_unscaled,124,van,van,
17,1,7,svm_unscaled,126,bus,bus,
17,1,7,svm_unscaled,139,van,van,
17,1,7,svm_unscaled,143,bus,bus,
17,1,7,svm_unscaled,150,saab,saab,
17,1,7,svm_unscaled,156,opel,saab,
17,1,7,svm_unscaled,162,saab,saab,
17,1,7,svm_unscaled,165,opel,opel,
17,1,7,svm_unscaled,187,opel,saab,
17,1,7,svm_unscaled,193,bus,bus,
17,1,7,svm_unscaled,195,bus,bus,
17,1,7,svm_unscaled,197,bus,bus,
17,1,7,svm_unscaled,202,opel,saab,
17,1,7,svm_unscaled,205,van,van,
17,1,7,svm_unscaled,216,saab,bus,
17,1,7,svm_unscaled,219,van,van,
17,1,7,svm_unscaled,229,saab,bus,
17,1,7,svm_unscaled,235,van,van,
17,1,7,svm_unscaled,237,bus,bus,
17,1,7,svm_unscaled,252,van,van,
17,1,7,svm_unscaled,259,opel,opel,
17,1,7,svm_unscaled,260,saab,saab,
17,1,7,svm_unscaled,275,bus,bus,
17,1,7,svm_unscaled,289,saab,saab,
17,1,7,svm_unscaled,295,bus,bus,
17,1,7,svm_unscaled,304,bus,bus,
17,1,7,svm_unscaled,333,bus,bus,
17,1,7,svm_unscaled,339,bus,bus,
17,1,7,svm_unscaled,351,saab,bus,
17,1,7,svm_unscaled,374,van,van,
17,1,7,svm_unscaled,386,saab,opel,
17,1,7,svm_unscaled,398,bus,bus,
17,1,7,svm_unscaled,399,van,van,
17,1,7,svm_unscaled,430,saab,opel,
17,1,7,svm_unscaled,436,van,van,
17,1,7,svm_unscaled,445,van,van,
17,1,7,svm_unscaled,475,saab,opel,
17,1,7,svm_unscaled,480,saab,opel,
17,1,7,svm_unscaled,486,opel,opel,
17,1,7,svm_unscaled,500,opel,opel,
17,1,7,svm_unscaled,520,saab,opel,
17,1,7,svm_unscaled,522,saab,saab,
17,1,7,svm_unscaled,536,saab,opel,
17,1,7,svm_unscaled,537,van,van,
17,1,7,svm_unscaled,546,van,van,
17,1,7,svm_unscaled,552,saab,opel,
17,1,7,svm_unscaled,563,opel,saab,
17,1,7,svm_unscaled,566,saab,saab,
17,1,7,svm_unscaled,586,opel,opel,
17,1,7,svm_unscaled,596,opel,opel,
17,1,7,svm_unscaled,605,saab,opel,
17,1,7,svm_unscaled,609,bus,bus,
17,1,7,svm_unscaled,622,saab,saab,
17,1,7,svm_unscaled,645,opel,opel,
17,1,7,svm_unscaled,674,saab,saab,
17,1,7,svm_unscaled,678,bus,bus,
17,1,7,svm_unscaled,679,bus,bus,
17,1,7,svm_unscaled,682,van,van,
17,1,7,svm_unscaled,702,opel,saab,
17,1,7,svm_unscaled,754,van,van,
17,1,7,svm_unscaled,775,bus,bus,
17,1,7,svm_unscaled,782,opel,opel,
17,1,7,svm_unscaled,821,opel,opel,
17,1,7,svm_unscaled,824,opel,opel,
17,1,7,svm_unscaled,825,opel,saab,
17,1,7,svm_unscaled,826,opel,opel,
17,1,7,svm_unscaled,827,opel,opel,
17,1,7,svm_unscaled,843,saab,opel,
18,1,8,centroid,25,van,van,
18,1,8,centroid,50,saab,van,
18,1,8,centroid,82,van,van,
18,1,8,centroid,91,opel,saab,
18,1,8,centroid,92,saab,opel,
18,1,8,centroid,115,van,saab,
18,1,8,centroid,118,bus,van,
18,1,8,centroid,127,bus,van,
18,1,8,centroid,131,saab,van,
18,1,8,centroid,135,van,bus,
18,1,8,centroid,141,bus,van,
18,1,8,centroid,152,opel,van,
18,1,8,centroid,176,opel,saab,
18,1,8,centroid,180,saab,opel,
18,1,8,centroid,189,opel,van,
18,1,8,centroid,204,van,van,
18,1,8,centroid,206,opel,bus,
18,1,8,centroid,214,opel,van,
18,1,8,centroid,217,opel,opel,
18,1,8,centroid,222,bus,opel,
18,1,8,centroid,238,opel,opel,
18,1,8,centroid,256,saab,van,
18,1,8,centroid,261,saab,saab,
18,1,8,centroid,265,bus,bus,
18,1,8,centroid,292,bus,bus,
18,1,8,centroid,297,saab,van,
18,1,8,centroid,312,bus,van,
18,1,8,centroid,316,van,van,
18,1,8,centroid,318,van,van,
18,1,8,centroid,320,saab,opel,
18,1,8,centroid,336,van,van,
18,1,8,centroid,337,bus,opel,
18,1,8,centroid,355,opel,opel,
18,1,8,centroid,371,bus,saab,
18,1,8,centroid,376,saab,opel,
18,1,8,centroid,411,opel,van,
18,1,8,centroid,414,van,van,
18,1,8,centroid,423,bus,bus,
18,1,8,centroid,429,van,van,
18,1,8,centroid,441,van,bus,
18,1,8,centroid,443,opel,saab,
18,1,8,centroid,454,saab,opel,
18,1,8,centroid,460,van,van,
18,1,8,centroid,472,bus,opel,
18,1,8,centroid,495,bus,bus,
18,1,8,centroid,499,opel,opel,
18,1,8,centroid,502,opel,van,
18,1,8,centroid,521,van,van,
18,1,8,centroid,540,bus,bus,
18,1,8,centroid,543,saab,van,
18,1,8,centroid,544,bus,van,
18,1,8,centroid,556,bus,opel,
18,1,8,centroid,560,opel,opel,
18,1,8,centroid,562,saab,opel,
18,1,8,centroid,569,van,van,
18,1,8,centroid,570,saab,opel,
18,1,8,centroid,584,bus,opel,
18,1,8,centroid,625,saab,opel,
18,1,8,centroid,633,opel,opel,
18,1,8,centroid,638,bus,opel,
18,1,8,centroid,639,opel,opel,
18,1,8,centroid,666,opel,saab,
18,1,8,centroid,677,bus,opel,
18,1,8,centroid,684,bus,saab,
18,1,8,centroid,688,saab,van,
18,1,8,centroid,692,saab,saab,
18,1,8,centroid,700,opel,opel,
18,1,8,centroid,711,saab,opel,
18,1,8,centroid,742,opel,van,
18,1,8,centroid,744,van,saab,
18,1,8,centroid,751,van,van,
18,1,8,centroid,764,saab,opel,
18,1,8,centroid,772,opel,opel,
18,1,8,centroid,780,saab,opel,
18,1,8,centroid,787,van,van,
18,1,8,centroid,795,van,van,
18,1,8,centroid,815,bus,bus,
18,1,8,centroid,818,opel,saab,
18,1,8,centroid,828,van,van,
18,1,8,centroid,830,bus,van,
18,1,8,centroid,832,saab,opel,
18,1,8,centroid,835,bus,opel,
18,1,8,centroid,837,saab,saab,
18,1,8,centroid,842,van,bus,
18,1,8,knn,25,van,van,
18,1,8,knn,50,saab,saab,
18,1,8,knn,82,van,van,
18,1,8,knn,91,opel,saab,
18,1,8,knn,92,saab,saab,
18,1,8,knn,115,van,van,
18,1,8,knn,118,bus,bus,
18,1,8,knn,127,bus,van,
18,1,8,knn,131,saab,saab,
18,1,8,knn,135,van,van,
18,1,8,knn,141,bus,bus,
18,1,8,knn,152,opel,opel,
18,1,8,knn,176,opel,opel,
18,1,8,knn,180,saab,saab,
18,1,8,knn,189,opel,saab,
18,1,8,knn,204,van,van,
18,1,8,knn,206,opel,van,
18,1,8,knn,214,opel,saab,
18,1,8,knn,217,opel,saab,
18,1,8,knn,222,bus,bus,
18,1,8,knn,238,opel,opel,
18,1,8,knn,256,saab,opel,
18,1,8,knn,261,saab,opel,
18,1,8,knn,265,bus,bus,
18,1,8,knn,292,bus,bus,
18,1,8,knn,297,saab,opel,
18,1,8,knn,312,bus,bus,
18,1,8,knn,316,van,van,
18,1,8,knn,318,van,van,
18,1,8,knn,320,saab,saab,
18,1,8,knn,336,van,van,
18,1,8,knn,337,bus,bus,
18,1,8,knn,355,opel,saab,
18,1,8,knn,371,bus,bus,
18,1,8,knn,376,saab,saab,
18,1,8,knn,411,opel,opel,
18,1,8,knn,414,van,van,
18,1,8,knn,423,bus,bus,
18,1,8,knn,429,van,van,
18,1,8,knn,441,van,van,
18,1,8,knn,443,opel,saab,
18,1,8,knn,454,saab,opel,
18,1,8,knn,460,van,saab,
18,1,8,knn,472,bus,bus,
18,1,8,knn,495,bus,bus,
18,1,8,knn,499,opel,opel,
18,1,8,knn,502,opel,opel,
18,1,8,knn,521,van,van,
18,1,8,knn,540,bus,bus,
18,1,8,knn,543,saab,saab,
18,1,8,knn,544,bus,van,
18,1,8,knn,556,bus,bus,
18,1,8,knn,560,opel,opel,
18,1,8,knn,562,saab,saab,
18,1,8,knn,569,van,van,
18,1,8,knn,570,saab,saab,
18,1,8,knn,584,bus,bus,
18,1,8,knn,625,saab,saab,
18,1,8,knn,633,opel,saab,
18,1,8,knn,638,bus,bus,
18,1,8,knn,639,opel,saab,
18,1,8,knn,666,opel,saab,
18,1,8,knn,677,bus,bus,
18,1,8,knn,684,bus,bus,
18,1,8,knn,688,saab,van,
18,1,8,knn,692,saab,opel,
18,1,8,knn,700,opel,saab,
18,1,8,knn,711,saab,opel,
18,1,8,knn,742,opel,van,
18,1,8,knn,744,van,van,
18,1,8,knn,751,van,van,
18,1,8,knn,764,saab,opel,
18,1,8,knn,772,opel,opel,
18,1,8,knn,780,saab,saab,
18,1,8,knn,787,van,van,
18,1,8,knn,795,van,opel,
18,1,8,knn,815,bus,bus,
18,1,8,knn,818,opel,saab,
18,1,8,knn,828,van,saab,
18,1,8,knn,830,bus,bus,
18,1,8,knn,832,saab,saab,
18,1,8,knn,835,bus,bus,
18,1,8,knn,837,saab,opel,
18,1,8,knn,842,van,van,
18,1,8,svm,25,van,van,1.6284448014379822
18,1,8,svm,50,saab,opel,0.44814110169252697
18,1,8,svm,82,van,van,1.2329038312471832
18,1,8,svm,91,opel,saab,1.2742831533942942
18,1,8,svm,92,saab,opel,0.38532873924528754
18,1,8,svm,115,van,van,2.25605089381399
18,1,8,svm,118,bus,bus,1.2026122427215977
18,1,8,svm,127,bus,van,0.856554322338567
18,1,8,svm,131,saab,opel,0.4548254524276265
18,1,8,svm,135,van,van,1.2881150360711415
18,1,8,svm,141,bus,bus,1.5343960699992873
18,1,8,svm,152,opel,opel,0.5474082018583593
18,1,8,svm,176,opel,opel,1.8845591205556778
18,1,8,svm,180,saab,saab,0.70445626035501
18,1,8,svm,189,opel,saab,0.5969218848184008
18,1,8,svm,204,van,van,2.034037576401344
18,1,8,svm,206,opel,saab,0.017799376742555273
18,1,8,svm,214,opel,saab,0.44956666135480905
18,1,8,svm,217,opel,saab,0.3457782588074787
18,1,8,svm,222,bus,bus,2.1489656287316183
18,1,8,svm,238,opel,opel,2.5478711825381026
18,1,8,svm,256,saab,saab,0.35872891833933895
18,1,8,svm,261,saab,opel,0.13951721211641566
18,1,8,svm,265,bus,bus,1.3982633360235308
18,1,8,svm,292,bus,bus,1.4909981774420678
18,1,8,svm,297,saab,opel,1.582673303015084
18,1,8,svm,312,bus,bus,0.48854590118297225
18,1,8,svm,316,van,van,2.878955376989138
18,1,8,svm,318,van,van,1.2533282491139326
18,1,8,svm,320,saab,saab,0.6871769309512823
18,1,8,svm,336,van,van,1.3681728408961948
18,1,8,svm,337,bus,bus,1.8896428105498588
18,1,8,svm,355,opel,saab,0.5425257184279824
18,1,8,svm,371,bus,bus,2.635965987900052
18,1,8,svm,376,saab,saab,0.6078397727379334
18,1,8,svm,411,opel,opel,0.9476911743392518
18,1,8,svm,414,van,van,1.3535141549732468
18,1,8,svm,423,bus,bus,1.206789609131219
18,1,8,svm,429,van,van,0.9174214701007624
18,1,8,svm,441,van,van,0.3916562562275647
18,1,8,svm,443,opel,opel,1.0271068960280436
18,1,8,svm,454,saab,saab,1.2093851346118933
18,1,8,svm,460,van,van,0.26317024109283293
18,1,8,svm,472,bus,bus,3.0672393009610754
18,1,8,svm,495,bus,bus,1.6067400341752338
18,1,8,svm,499,opel,opel,1.3287962873943462
18,1,8,svm,502,opel,saab,1.130243215981482
18,1,8,svm,521,van,van,0.89478784894119
18,1,8,svm,540,bus,bus,2.787302507446581
18,1,8,svm,543,saab,saab,0.3655216913042041
18,1,8,svm,544,bus,van,1.6040397457788056
18,1,8,svm,556,bus,bus,1.5987056165954137
18,1,8,svm,560,opel,opel,1.1534218425002774
18,1,8,svm,562,saab,opel,0.04394723612183693
18,1,8,svm,569,van,van,2.086862782608559
18,1,8,svm,570,saab,saab,0.7374971587754269
18,1,8,svm,584,bus,bus,1.3845920779541903
18,1,8,svm,625,saab,saab,0.36631195784134096
18,1,8,svm,633,opel,opel,1.6921416115515546
18,1,8,svm,638,bus,bus,3.131701059302527
18,1,8,svm,639,opel,opel,1.2380146346741148
18,1,8,svm,666,opel,saab,0.4564773044367323
18,1,8,svm,677,bus,bus,2.8314516015898175
18,1,8,svm,684,bus,bus,1.4633791905866984
18,1,8,svm,688,saab,van,0.3222628747811578
18,1,8,svm,692,saab,saab,1.122716512404204
18,1,8,svm,700,opel,opel,1.5350580548402553
18,1,8,svm,711,saab,saab,1.0168255241485378
18,1,8,svm,742,opel,saab,0.16675392615644768
18,1,8,svm,744,van,van,1.2220981395445865
18,1,8,svm,751,van,van,0.6572570741609165
18,1,8,svm,764,saab,saab,0.15852860555316628
18,1,8,svm,772,opel,opel,0.02687480481411253
18,1,8,svm,780,saab,saab,0.9424661766670122
18,1,8,svm,787,van,van,2.0482092149231317
18,1,8,svm,795,van,van,1.1013158873514204
18,1,8,svm,815,bus,van,2.2815481738096413
18,1,8,svm,818,opel,opel,0.9578969834811479
18,1,8,svm,828,van,van,1.086472661797982
18,1,8,svm,830,bus,bus,1.5593007970119412
18,1,8,svm,832,saab,saab,2.304724399891093
18,1,8,svm,835,bus,bus,2.0488203720529867
18,1,8,svm,837,saab,saab,0.1160115266433488
18,1,8,svm,842,van,van,1.8061930234600285
18,1,8,mlp,25,van,van,
18,1,8,mlp,50,saab,opel,
18,1,8,mlp,82,van,van,
18,1,8,mlp,91,opel,saab,
18,1,8,mlp,92,saab,saab,
18,1,8,mlp,115,van,van,
18,1,8,mlp,118,bus,bus,
18,1,8,mlp,127,bus,van,
18,1,8,mlp,131,saab,saab,
18,1,8,mlp,135,van,van,
18,1,8,mlp,141,bus,bus,
18,1,8,mlp,152,opel,opel,
18,1,8,mlp,176,opel,opel,
18,1,8,mlp,180,saab,saab,
18,1,8,mlp,189,opel,saab,
18,1,8,mlp,204,van,van,
18,1,8,mlp,206,opel,saab,
18,1,8,mlp,214,opel,saab,
18,1,8,mlp,217,opel,saab,
18,1,8,mlp,222,bus,bus,
18,1,8,mlp,238,opel,opel,
18,1,8,mlp,256,saab,saab,
18,1,8,mlp,261,saab,opel,
18,1,8,mlp,265,bus,bus,
18,1,8,mlp,292,bus,bus,
18,1,8,mlp,297,saab,opel,
18,1,8,mlp,312,bus,opel,
18,1,8,mlp,316,van,van,
18,1,8,mlp,318,van,van,
18,1,8,mlp,320,saab,saab,
18,1,8,mlp,336,van,van,
18,1,8,mlp,337,bus,bus,
18,1,8,mlp,355,opel,saab,
18,1,8,mlp,371,bus,bus,
18,1,8,mlp,376,saab,saab,
18,1,8,mlp,411,opel,opel,
18,1,8,mlp,414,van,van,
18,1,8,mlp,423,bus,bus,
18,1,8,mlp,429,van,van,
18,1,8,mlp,441,van,van,
18,1,8,mlp,443,opel,opel,
18,1,8,mlp,454,saab,saab,
18,1,8,mlp,460,van,van,
18,1,8,mlp,472,bus,bus,
18,1,8,mlp,495,bus,bus,
18,1,8,mlp,499,opel,opel,
18,1,8,mlp,502,opel,saab,
18,1,8,mlp,521,van,van,
18,1,8,mlp,540,bus,bus,
18,1,8,mlp,543,saab,saab,
18,1,8,mlp,544,bus,van,
18,1,8,mlp,556,bus,bus,
18,1,8,mlp,560,opel,opel,
18,1,8,mlp,562,saab,saab,
18,1,8,mlp,569,van,van,
18,1,8,mlp,570,saab,saab,
18,1,8,mlp,584,bus,bus,
18,1,8,mlp,625,saab,saab,
18,1,8,mlp,633,opel,opel,
18,1,8,mlp,638,bus,bus,
18,1,8,mlp,639,opel,opel,
18,1,8,mlp,666,opel,saab,
18,1,8,mlp,677,bus,bus,
18,1,8,mlp,684,bus,bus,
18,1,8,mlp,688,saab,van,
18,1,8,mlp,692,saab,saab,
18,1,8,mlp,700,opel,opel,
18,1,8,mlp,711,saab,saab,
18,1,8,mlp,742,opel,saab,
18,1,8,mlp,744,van,van,
18,1,8,mlp,751,van,van,
18,1,8,mlp,764,saab,opel,
18,1,8,mlp,772,opel,saab,
18,1,8,mlp,780,saab,saab,
18,1,8,mlp,787,van,van,
18,1,8,mlp,795,van,van,
18,1,8,mlp,815,bus,bus,
18,1,8,mlp,818,opel,opel,
18,1,8,mlp,828,van,van,
18,1,8,mlp,830,bus,bus,
18,1,8,mlp,832,saab,saab,
18,1,8,mlp,835,bus,bus,
18,1,8,mlp,837,saab,saab,
18,1,8,mlp,842,van,van,
18,1,8,rbf,25,van,van,
18,1,8,rbf,50,saab,opel,
18,1,8,rbf,82,van,van,
18,1,8,rbf,91,opel,saab,
18,1,8,rbf,92,saab,saab,
18,1,8,rbf,115,van,van,
18,1,8,rbf,118,bus,bus,
18,1,8,rbf,127,bus,van,
18,1,8,rbf,131,saab,saab,
18,1,8,rbf,135,van,van,
18,1,8,rbf,141,bus,bus,
18,1,8,rbf,152,opel,saab,
18,1,8,rbf,176,opel,opel,
18,1,8,rbf,180,saab,opel,
18,1,8,rbf,189,opel,saab,
18,1,8,rbf,204,van,van,
18,1,8,rbf,206,opel,bus,
18,1,8,rbf,214,opel,van,
18,1,8,rbf,217,opel,opel,
18,1,8,rbf,222,bus,bus,
18,1,8,rbf,238,opel,opel,
18,1,8,rbf,256,saab,opel,
18,1,8,rbf,261,saab,saab,
18,1,8,rbf,265,bus,bus,
18,1,8,rbf,292,bus,bus,
18,1,8,rbf,297,saab,opel,
18,1,8,rbf,312,bus,bus,
18,1,8,rbf,316,van,van,
18,1,8,rbf,318,van,van,
18,1,8,rbf,320,saab,opel,
18,1,8,rbf,336,van,van,
18,1,8,rbf,337,bus,bus,
18,1,8,rbf,355,opel,saab,
18,1,8,rbf,371,bus,bus,
18,1,8,rbf,376,saab,saab,
18,1,8,rbf,411,opel,opel,
18,1,8,rbf,414,van,van,
18,1,8,rbf,423,bus,bus,
18,1,8,rbf,429,van,van,
18,1,8,rbf,441,van,van,
18,1,8,rbf,443,opel,saab,
18,1,8,rbf,454,saab,saab,
18,1,8,rbf,460,van,van,
18,1,8,rbf,472,bus,bus,
18,1,8,rbf,495,bus,bus,
18,1,8,rbf,499,opel,opel,
18,1,8,rbf,502,opel,saab,
18,1,8,rbf,521,van,van,
18,1,8,rbf,540,bus,bus,
18,1,8,rbf,543,saab,bus,
18,1,8,rbf,544,bus,van,
18,1,8,rbf,556,bus,bus,
18,1,8,rbf,560,opel,opel,
18,1,8,rbf,562,saab,saab,
18,1,8,rbf,569,van,van,
18,1,8,rbf,570,saab,saab,
18,1,8,rbf,584,bus,bus,
18,1,8,rbf,625,saab,saab,
18,1,8,rbf,633,opel,opel,
18,1,8,rbf,638,bus,bus,
18,1,8,rbf,639,opel,saab,
18,1,8,rbf,666,opel,saab,
18,1,8,rbf,677,bus,bus,
18,1,8,rbf,684,bus,bus,
18,1,8,rbf,688,saab,van,
18,1,8,rbf,692,saab,saab,
18,1,8,rbf,700,opel,saab,
18,1,8,rbf,711,saab,opel,
18,1,8,rbf,742,opel,van,
18,1,8,rbf,744,van,van,
18,1,8,rbf,751,van,van,
18,1,8,rbf,764,saab,opel,
18,1,8,rbf,772,opel,opel,
18,1,8,rbf,780,saab,saab,
18,1,8,rbf,787,van,van,
18,1,8,rbf,795,van,van,
18,1,8,rbf,815,bus,van,
18,1,8,rbf,818,opel,saab,
18,1,8,rbf,828,van,van,
18,1,8,rbf,830,bus,bus,
18,1,8,rbf,832,saab,saab,
18,1,8,rbf,835,bus,bus,
18,1,8,rbf,837,saab,saab,
18,1,8,rbf,842,van,van,
18,1,8,svm_linear,25,van,van,
18,1,8,svm_linear,50,saab,opel,
18,1,8,svm_linear,82,van,van,
18,1,8,svm_linear,91,opel,saab,
18,1,8,svm_linear,92,saab,saab,
18,1,8,svm_linear,115,van,van,
18,1,8,svm_linear,118,bus,bus,
18,1,8,svm_linear,127,bus,van,
18,1,8,svm_linear,131,saab,opel,
18,1,8,svm_linear,135,van,van,
18,1,8,svm_linear,141,bus,bus,
18,1,8,svm_linear,152,opel,saab,
18,1,8,svm_linear,176,opel,opel,
18,1,8,svm_linear,180,saab,saab,
18,1,8,svm_linear,189,opel,saab,
18,1,8,svm_linear,204,van,van,
18,1,8,svm_linear,206,opel,saab,
18,1,8,svm_linear,214,opel,saab,
18,1,8,svm_linear,217,opel,opel,
18,1,8,svm_linear,222,bus,bus,
18,1,8,svm_linear,238,opel,opel,
18,1,8,svm_linear,256,saab,opel,
18,1,8,svm_linear,261,saab,opel,
18,1,8,svm_linear,265,bus,bus,
18,1,8,svm_linear,292,bus,bus,
18,1,8,svm_linear,297,saab,opel,
18,1,8,svm_linear,312,bus,bus,
18,1,8,svm_linear,316,van,van,
18,1,8,svm_linear,318,van,van,
18,1,8,svm_linear,320,saab,saab,
18,1,8,svm_linear,336,van,van,
18,1,8,svm_linear,337,bus,bus,
18,1,8,svm_linear,355,opel,saab,
18,1,8,svm_linear,371,bus,bus,
18,1,8,svm_linear,376,saab,opel,
18,1,8,svm_linear,411,opel,opel,
18,1,8,svm_linear,414,van,van,
18,1,8,svm_linear,423,bus,bus,
18,1,8,svm_linear,429,van,van,
18,1,8,svm_linear,441,van,bus,
18,1,8,svm_linear,443,opel,opel,
18,1,8,svm_linear,454,saab,saab,
18,1,8,svm_linear,460,van,van,
18,1,8,svm_linear,472,bus,bus,
18,1,8,svm_linear,495,bus,bus,
18,1,8,svm_linear,499,opel,opel,
18,1,8,svm_linear,502,opel,opel,
18,1,8,svm_linear,521,van,van,
18,1,8,svm_linear,540,bus,bus,
18,1,8,svm_linear,543,saab,saab,
18,1,8,svm_linear,544,bus,bus,
18,1,8,svm_linear,556,bus,bus,
18,1,8,svm_linear,560,opel,opel,
18,1,8,svm_linear,562,saab,saab,
18,1,8,svm_linear,569,van,van,
18,1,8,svm_linear,570,saab,opel,
18,1,8,svm_linear,584,bus,bus,
18,1,8,svm_linear,625,saab,opel,
18,1,8,svm_linear,633,opel,opel,
18,1,8,svm_linear,638,bus,bus,
18,1,8,svm_linear,639,opel,opel,
18,1,8,svm_linear,666,opel,saab,
18,1,8,svm_linear,677,bus,bus,
18,1,8,svm_linear,684,bus,bus,
18,1,8,svm_linear,688,saab,van,
18,1,8,svm_linear,692,saab,saab,
18,1,8,svm_linear,700,opel,opel,
18,1,8,svm_linear,711,saab,saab,
18,1,8,svm_linear,742,opel,van,
18,1,8,svm_linear,744,van,van,
18,1,8,svm_linear,751,van,van,
18,1,8,svm_linear,764,saab,saab,
18,1,8,svm_linear,772,opel,opel,
18,1,8,svm_linear,780,saab,saab,
18,1,8,svm_linear,787,van,van,
18,1,8,svm_linear,795,van,van,
18,1,8,svm_linear,815,bus,bus,
18,1,8,svm_linear,818,opel,opel,
18,1,8,svm_linear,828,van,van,
18,1,8,svm_linear,830,bus,bus,
18,1,8,svm_linear,832,saab,saab,
18,1,8,svm_linear,835,bus,bus,
18,1,8,svm_linear,837,saab,saab,
18,1,8,svm_linear,842,van,van,
18,1,8,svm_unscaled,25,van,van,
18,1,8,svm_unscaled,50,saab,opel,
18,1,8,svm_unscaled,82,van,van,
18,1,8,svm_unscaled,91,opel,saab,
18,1,8,svm_unscaled,92,saab,saab,
18,1,8,svm_unscaled,115,van,van,
18,1,8,svm_unscaled,118,bus,bus,
18,1,8,svm_unscaled,127,bus,bus,
18,1,8,svm_unscaled,131,saab,saab,
18,1,8,svm_unscaled,135,van,van,
18,1,8,svm_unscaled,141,bus,bus,
18,1,8,svm_unscaled,152,opel,saab,
18,1,8,svm_unscaled,176,opel,opel,
18,1,8,svm_unscaled,180,saab,saab,
18,1,8,svm_unscaled,189,opel,saab,
18,1,8,svm_unscaled,204,van,van,
18,1,8,svm_unscaled,206,opel,bus,
18,1,8,svm_unscaled,214,opel,saab,
18,1,8,svm_unscaled,217,opel,opel,
18,1,8,svm_unscaled,222,bus,bus,
18,1,8,svm_unscaled,238,opel,opel,
18,1,8,svm_unscaled,256,saab,saab,
18,1,8,svm_unscaled,261,saab,saab,
18,1,8,svm_unscaled,265,bus,bus,
18,1,8,svm_unscaled,292,bus,bus,
18,1,8,svm_unscaled,297,saab,opel,
18,1,8,svm_unscaled,312,bus,bus,
18,1,8,svm_unscaled,316,van,van,
18,1,8,svm_unscaled,318,van,van,
18,1,8,svm_unscaled,320,saab,opel,
18,1,8,svm_unscaled,336,van,van,
18,1,8,svm_unscaled,337,bus,bus,
18,1,8,svm_unscaled,355,opel,opel,
18,1,8,svm_unscaled,371,bus,bus,
18,1,8,svm_unscaled,376,saab,opel,
18,1,8,svm_unscaled,411,opel,opel,
18,1,8,svm_unscaled,414,van,van,
18,1,8,svm_unscaled,423,bus,bus,
18,1,8,svm_unscaled,429,van,van,
18,1,8,svm_unscaled,441,van,bus,
18,1,8,svm_unscaled,443,opel,saab,
18,1,8,svm_unscaled,454,saab,saab,
18,1,8,svm_unscaled,460,van,van,
18,1,8,svm_unscaled,472,bus,bus,
18,1,8,svm_unscaled,495,bus,bus,
18,1,8,svm_unscaled,499,opel,opel,
18,1,8,svm_unscaled,502,opel,saab,
18,1,8,svm_unscaled,521,van,van,
18,1,8,svm_unscaled,540,bus,bus,
18,1,8,svm_unscaled,543,saab,bus,
18,1,8,svm_unscaled,544,bus,bus,
18,1,8,svm_unscaled,556,bus,bus,
18,1,8,svm_unscaled,560,opel,opel,
18,1,8,svm_unscaled,562,saab,saab,
18,1,8,svm_unscaled,569,van,van,
18,1,8,svm_unscaled,570,saab,saab,
18,1,8,svm_unscaled,584,bus,bus,
18,1,8,svm_unscaled,625,saab,opel,
18,1,8,svm_unscaled,633,opel,opel,
18,1,8,svm_unscaled,638,bus,bus,
18,1,8,svm_unscaled,639,opel,opel,
18,1,8,svm_unscaled,666,opel,saab,
18,1,8,svm_unscaled,677,bus,bus,
18,1,8,svm_unscaled,684,bus,bus,
18,1,8,svm_unscaled,688,saab,van,
18,1,8,svm_unscaled,692,saab,saab,
18,1,8,svm_unscaled,700,opel,opel,
18,1,8,svm_unscaled,711,saab,saab,
18,1,8,svm_unscaled,742,opel,van,
18,1,8,svm_unscaled,744,van,van,
18,1,8,svm_unscaled,751,van,van,
18,1,8,svm_unscaled,764,saab,saab,
18,1,8,svm_unscaled,772,opel,opel,
18,1,8,svm_unscaled,780,saab,saab,
18,1,8,svm_unscaled,787,van,van,
18,1,8,svm_unscaled,795,van,van,
18,1,8,svm_unscaled,815,bus,bus,
18,1,8,svm_unscaled,818,opel,opel,
18,1,8,svm_unscaled,828,van,van,
18,1,8,svm_unscaled,830,bus,bus,
18,1,8,svm_unscaled,832,saab,saab,
18,1,8,svm_unscaled,835,bus,bus,
18,1,8,svm_unscaled,837,saab,saab,
18,1,8,svm_unscaled,842,van,van,
19,1,9,centroid,0,van,saab,
19,1,9,centroid,2,saab,opel,
19,1,9,centroid,6,bus,van,
19,1,9,centroid,7,van,van,
19,1,9,centroid,8,van,van,
19,1,9,centroid,15,opel,opel,
19,1,9,centroid,21,van,van,
19,1,9,centroid,23,bus,van,
19,1,9,centroid,43,saab,van,
19,1,9,centroid,63,bus,van,
19,1,9,centroid,66,bus,van,
19,1,9,centroid,70,opel,opel,
19,1,9,centroid,75,opel,opel,
19,1,9,centroid,79,bus,bus,
19,1,9,centroid,98,opel,opel,
19,1,9,centroid,101,van,van,
19,1,9,centroid,114,van,van,
19,1,9,centroid,120,saab,van,
19,1,9,centroid,129,bus,opel,
19,1,9,centroid,130,saab,opel,
19,1,9,centroid,138,saab,van,
19,1,9,centroid,157,van,van,
19,1,9,centroid,164,opel,opel,
19,1,9,centroid,167,saab,opel,
19,1,9,centroid,181,opel,van,
19,1,9,centroid,182,bus,van,
19,1,9,centroid,184,saab,opel,
19,1,9,centroid,192,saab,van,
19,1,9,centroid,198,bus,bus,
19,1,9,centroid,212,bus,van,
19,1,9,centroid,246,bus,van,
19,1,9,centroid,254,van,bus,
19,1,9,centroid,263,van,van,
19,1,9,centroid,294,bus,opel,
19,1,9,centroid,298,saab,saab,
19,1,9,centroid,315,van,van,
19,1,9,centroid,329,saab,van,
19,1,9,centroid,341,opel,van,
19,1,9,centroid,344,opel,opel,
19,1,9,centroid,369,opel,bus,
19,1,9,centroid,373,bus,saab,
19,1,9,centroid,383,opel,opel,
19,1,9,centroid,394,saab,bus,
19,1,9,centroid,401,opel,van,
19,1,9,centroid,416,bus,van,
19,1,9,centroid,421,opel,opel,
19,1,9,centroid,438,opel,opel,
19,1,9,centroid,455,bus,bus,
19,1,9,centroid,463,opel,van,
19,1,9,centroid,477,van,van,
19,1,9,centroid,487,saab,saab,
19,1,9,centroid,489,opel,opel,
19,1,9,centroid,515,opel,van,
19,1,9,centroid,526,saab,saab,
19,1,9,centroid,533,van,van,
19,1,9,centroid,558,bus,bus,
19,1,9,centroid,571,saab,van,
19,1,9,centroid,574,opel,opel,
19,1,9,centroid,585,van,van,
19,1,9,centroid,587,opel,van,
19,1,9,centroid,591,opel,van,
19,1,9,centroid,607,van,van,
19,1,9,centroid,608,opel,van,
19,1,9,centroid,621,van,bus,
19,1,9,centroid,628,bus,opel,
19,1,9,centroid,642,saab,opel,
19,1,9,centroid,676,bus,bus,
19,1,9,centroid,703,van,van,
19,1,9,centroid,704,opel,opel,
19,1,9,centroid,712,saab,opel,
19,1,9,centroid,713,saab,opel,
19,1,9,centroid,714,bus,van,
19,1,9,centroid,719,saab,opel,
19,1,9,centroid,731,bus,opel,
19,1,9,centroid,734,van,van,
19,1,9,centroid,743,saab,opel,
19,1,9,centroid,747,bus,van,
19,1,9,centroid,749,saab,opel,
19,1,9,centroid,761,saab,saab,
19,1,9,centroid,779,van,van,
19,1,9,centroid,791,van,van,
19,1,9,centroid,799,bus,van,
19,1,9,centroid,808,bus,van,
19,1,9,centroid,841,saab,saab,
19,1,9,knn,0,van,van,
19,1,9,knn,2,saab,saab,
19,1,9,knn,6,bus,bus,
19,1,9,knn,7,van,van,
19,1,9,knn,8,van,van,
19,1,9,knn,15,opel,opel,
19,1,9,knn,21,van,opel,
19,1,9,knn,23,bus,opel,
19,1,9,knn,43,saab,saab,
19,1,9,knn,63,bus,bus,
19,1,9,knn,66,bus,bus,
19,1,9,knn,70,opel,opel,
19,1,9,knn,75,opel,saab,
19,1,9,knn,79,bus,bus,
19,1,9,knn,98,opel,opel,
19,1,9,knn,101,van,van,
19,1,9,knn,114,van,van,
19,1,9,knn,120,saab,saab,
19,1,9,knn,129,bus,opel,
19,1,9,knn,130,saab,saab,
19,1,9,knn,138,saab,saab,
19,1,9,knn,157,van,van,
19,1,9,knn,164,opel,opel,
19,1,9,knn,167,saab,saab,
19,1,9,knn,181,opel,opel,
19,1,9,knn,182,bus,van,
19,1,9,knn,184,saab,saab,
19,1,9,knn,192,saab,opel,
19,1,9,knn,198,bus,bus,
19,1,9,knn,212,bus,bus,
19,1,9,knn,246,bus,bus,
19,1,9,knn,254,van,van,
19,1,9,knn,263,van,van,
19,1,9,knn,294,bus,bus,
19,1,9,knn,298,saab,saab,
19,1,9,knn,315,van,van,
19,1,9,knn,329,saab,saab,
19,1,9,knn,341,opel,saab,
19,1,9,knn,344,opel,opel,
19,1,9,knn,369,opel,saab,
19,1,9,knn,373,bus,bus,
19,1,9,knn,383,opel,opel,
19,1,9,knn,394,saab,opel,
19,1,9,knn,401,opel,saab,
19,1,9,knn,416,bus,bus,
19,1,9,knn,421,opel,opel,
19,1,9,knn,438,opel,saab,
19,1,9,knn,455,bus,bus,
19,1,9,knn,463,opel,bus,
19,1,9,knn,477,van,van,
19,1,9,knn,487,saab,opel,
19,1,9,knn,489,opel,opel,
19,1,9,knn,515,opel,opel,
19,1,9,knn,526,saab,saab,
19,1,9,knn,533,van,van,
19,1,9,knn,558,bus,bus,
19,1,9,knn,571,saab,opel,
19,1,9,knn,574,opel,opel,
19,1,9,knn,585,van,van,
19,1,9,knn,587,opel,opel,
19,1,9,knn,591,opel,opel,
19,1,9,knn,607,van,van,
19,1,9,knn,608,opel,saab,
19,1,9,knn,621,van,van,
19,1,9,knn,628,bus,bus,
19,1,9,knn,642,saab,opel,
19,1,9,knn,676,bus,bus,
19,1,9,knn,703,van,opel,
19,1,9,knn,704,opel,opel,
19,1,9,knn,712,saab,saab,
19,1,9,knn,713,saab,saab,
19,1,9,knn,714,bus,bus,
19,1,9,knn,719,saab,saab,
19,1,9,knn,731,bus,bus,
19,1,9,knn,734,van,bus,
19,1,9,knn,743,saab,opel,
19,1,9,knn,747,bus,bus,
19,1,9,knn,749,saab,saab,
19,1,9,knn,761,saab,opel,
19,1,9,knn,779,van,van,
19,1,9,knn,791,van,van,
19,1,9,knn,799,bus,bus,
19,1,9,knn,808,bus,bus,
19,1,9,knn,841,saab,saab,
19,1,9,svm,0,van,van,0.9915672230540405
19,1,9,svm,2,saab,saab,1.7058393460629038
19,1,9,svm,6,bus,bus,0.42173892526172363
19,1,9,svm,7,van,van,1.683179221834798
19,1,9,svm,8,van,van,2.2913228775551975
19,1,9,svm,15,opel,opel,0.923368148953271
19,1,9,svm,21,van,opel,0.15542449478832587
19,1,9,svm,23,bus,van,0.4359152241483383
19,1,9,svm,43,saab,saab,0.11553342389240306
19,1,9,svm,63,bus,bus,1.8467462612625765
19,1,9,svm,66,bus,bus,1.4690665012939097
19,1,9,svm,70,opel,opel,0.8508241774447898
19,1,9,svm,75,opel,opel,0.5512899736261101
19,1,9,svm,79,bus,bus,0.4713828918892492
19,1,9,svm,98,opel,opel,0.7049624862097499
19,1,9,svm,101,van,van,0.9864418047352711
19,1,9,svm,114,van,van,2.8211763504516316
19,1,9,svm,120,saab,saab,1.8120838208412906
19,1,9,svm,129,bus,bus,0.42586405469527744
19,1,9,svm,130,saab,saab,1.6227064211244886
19,1,9,svm,138,saab,saab,0.9255261436840485
19,1,9,svm,157,van,van,3.3297504498181065
19,1,9,svm,164,opel,opel,1.218741147982028
19,1,9,svm,167,saab,opel,0.08061059107442325
19,1,9,svm,181,opel,opel,1.1323824255385855
19,1,9,svm,182,bus,bus,1.8808536105522653
19,1,9,svm,184,saab,saab,1.8370090739402958
19,1,9,svm,192,saab,saab,0.1840914916913352
19,1,9,svm,198,bus,bus,1.6957824460086433
19,1,9,svm,212,bus,bus,1.5151978051403803
19,1,9,svm,246,bus,bus,2.24352999625282
19,1,9,svm,254,van,van,3.341650348062934
19,1,9,svm,263,van,van,1.9551823157593962
19,1,9,svm,294,bus,bus,2.067385459907826
19,1,9,svm,298,saab,saab,0.6587781592859745
19,1,9,svm,315,van,van,2.0392473786784864
19,1,9,svm,329,saab,opel,0.12837843196413523
19,1,9,svm,341,opel,saab,1.3167880293804348
19,1,9,svm,344,opel,opel,2.1053471026794073
19,1,9,svm,369,opel,saab,0.11531693139416355
19,1,9,svm,373,bus,bus,1.7053118001418026
19,1,9,svm,383,opel,opel,0.6190875873077015
19,1,9,svm,394,saab,opel,0.32942443058854387
19,1,9,svm,401,opel,opel,0.4799949159565937
19,1,9,svm,416,bus,bus,0.3419381663057046
19,1,9,svm,421,opel,opel,1.8091383725813852
19,1,9,svm,438,opel,opel,1.2006427938996023
19,1,9,svm,455,bus,bus,2.170712377340664
19,1,9,svm,463,opel,saab,0.7404816360588966
19,1,9,svm,477,van,van,1.3270463134332213
19,1,9,svm,487,saab,saab,0.23020621555320409
19,1,9,svm,489,opel,opel,1.29216992345229
19,1,9,svm,515,opel,opel,0.360078470385103
19,1,9,svm,526,saab,saab,0.6057304195041144
19,1,9,svm,533,van,van,2.639607237391056
19,1,9,svm,558,bus,bus,1.191527203025473
19,1,9,svm,571,saab,saab,0.9945016217851208
19,1,9,svm,574,opel,opel,0.7578872111280699
19,1,9,svm,585,van,van,1.2914060843117496
19,1,9,svm,587,opel,opel,1.0039262036615764
19,1,9,svm,591,opel,opel,0.5687146128592513
19,1,9,svm,607,van,van,2.5248378625183907
19,1,9,svm,608,opel,opel,0.5182694105521346
19,1,9,svm,621,van,van,2.282469750990974
19,1,9,svm,628,bus,bus,0.9079694114224877
19,1,9,svm,642,saab,opel,0.20783149559809821
19,1,9,svm,676,bus,bus,2.4283878986175034
19,1,9,svm,703,van,van,1.2555809714961295
19,1,9,svm,704,opel,opel,1.4882629302322936
19,1,9,svm,712,saab,saab,1.0573616648573267
19,1,9,svm,713,saab,saab,1.4947762989101552
19,1,9,svm,714,bus,bus,2.0226782996865045
19,1,9,svm,719,saab,saab,1.8932633851360976
19,1,9,svm,731,bus,bus,2.1846944091666516
19,1,9,svm,734,van,van,1.5770915054510009
19,1,9,svm,743,saab,opel,0.8734516854337198
19,1,9,svm,747,bus,bus,0.7604087875678998
19,1,9,svm,749,saab,opel,0.5184359728695807
19,1,9,svm,761,saab,saab,1.065690011286587
19,1,9,svm,779,van,van,2.3779974916621045
19,1,9,svm,791,van,van,1.3232311169797764
19,1,9,svm,799,bus,bus,1.9985172143081216
19,1,9,svm,808,bus,bus,1.2301861523657633
19,1,9,svm,841,saab,saab,0.5091902628893781
19,1,9,mlp,0,van,van,
19,1,9,mlp,2,saab,saab,
19,1,9,mlp,6,bus,bus,
19,1,9,mlp,7,van,van,
19,1,9,mlp,8,van,van,
19,1,9,mlp,15,opel,opel,
19,1,9,mlp,21,van,van,
19,1,9,mlp,23,bus,van,
19,1,9,mlp,43,saab,saab,
19,1,9,mlp,63,bus,bus,
19,1,9,mlp,66,bus,bus,
19,1,9,mlp,70,opel,opel,
19,1,9,mlp,75,opel,saab,
19,1,9,mlp,79,bus,bus,
19,1,9,mlp,98,opel,opel,
19,1,9,mlp,101,van,van,
19,1,9,mlp,114,van,van,
19,1,9,mlp,120,saab,saab,
19,1,9,mlp,129,bus,bus,
19,1,9,mlp,130,saab,saab,
19,1,9,mlp,138,saab,saab,
19,1,9,mlp,157,van,van,
19,1,9,mlp,164,opel,opel,
19,1,9,mlp,167,saab,opel,
19,1,9,mlp,181,opel,opel,
19,1,9,mlp,182,bus,bus,
19,1,9,mlp,184,saab,saab,
19,1,9,mlp,192,saab,opel,
19,1,9,mlp,198,bus,bus,
19,1,9,mlp,212,bus,bus,
19,1,9,mlp,246,bus,bus,
19,1,9,mlp,254,van,van,
19,1,9,mlp,263,van,van,
19,1,9,mlp,294,bus,bus,
19,1,9,mlp,298,saab,saab,
19,1,9,mlp,315,van,van,
19,1,9,mlp,329,saab,saab,
19,1,9,mlp,341,opel,saab,
19,1,9,mlp,344,opel,opel,
19,1,9,mlp,369,opel,saab,
19,1,9,mlp,373,bus,bus,
19,1,9,mlp,383,opel,opel,
19,1,9,mlp,394,saab,saab,
19,1,9,mlp,401,opel,saab,
19,1,9,mlp,416,bus,van,
19,1,9,mlp,421,opel,opel,
19,1,9,mlp,438,opel,opel,
19,1,9,mlp,455,bus,bus,
19,1,9,mlp,463,opel,saab,
19,1,9,mlp,477,van,van,
19,1,9,mlp,487,saab,saab,
19,1,9,mlp,489,opel,opel,
19,1,9,mlp,515,opel,bus,
19,1,9,mlp,526,saab,saab,
19,1,9,mlp,533,van,van,
19,1,9,mlp,558,bus,bus,
19,1,9,mlp,571,saab,opel,
19,1,9,mlp,574,opel,saab,
19,1,9,mlp,585,van,van,
19,1,9,mlp,587,opel,opel,
19,1,9,mlp,591,opel,opel,
19,1,9,mlp,607,van,van,
19,1,9,mlp,608,opel,van,
19,1,9,mlp,621,van,van,
19,1,9,mlp,628,bus,bus,
19,1,9,mlp,642,saab,opel,
19,1,9,mlp,676,bus,bus,
19,1,9,mlp,703,van,van,
19,1,9,mlp,704,opel,opel,
19,1,9,mlp,712,saab,saab,
19,1,9,mlp,713,saab,saab,
19,1,9,mlp,714,bus,bus,
19,1,9,mlp,719,saab,saab,
19,1,9,mlp,731,bus,bus,
19,1,9,mlp,734,van,van,
19,1,9,mlp,743,saab,opel,
19,1,9,mlp,747,bus,bus,
19,1,9,mlp,749,saab,saab,
19,1,9,mlp,761,saab,saab,
19,1,9,mlp,779,van,van,
19,1,9,mlp,791,van,van,
19,1,9,mlp,799,bus,bus,
19,1,9,mlp,808,bus,bus,
19,1,9,mlp,841,saab,saab,
19,1,9,rbf,0,van,van,
19,1,9,rbf,2,saab,saab,
19,1,9,rbf,6,bus,bus,
19,1,9,rbf,7,van,van,
19,1,9,rbf,8,van,van,
19,1,9,rbf,15,opel,saab,
19,1,9,rbf,21,van,van,
19,1,9,rbf,23,bus,van,
19,1,9,rbf,43,saab,opel,
19,1,9,rbf,63,bus,bus,
19,1,9,rbf,66,bus,bus,
19,1,9,rbf,70,opel,opel,
19,1,9,rbf,75,opel,saab,
19,1,9,rbf,79,bus,bus,
19,1,9,rbf,98,opel,saab,
19,1,9,rbf,101,van,van,
19,1,9,rbf,114,van,van,
19,1,9,rbf,120,saab,saab,
19,1,9,rbf,129,bus,bus,
19,1,9,rbf,130,saab,saab,
19,1,9,rbf,138,saab,saab,
19,1,9,rbf,157,van,van,
19,1,9,rbf,164,opel,opel,
19,1,9,rbf,167,saab,saab,
19,1,9,rbf,181,opel,saab,
19,1,9,rbf,182,bus,bus,
19,1,9,rbf,184,saab,saab,
19,1,9,rbf,192,saab,van,
19,1,9,rbf,198,bus,bus,
19,1,9,rbf,212,bus,bus,
19,1,9,rbf,246,bus,bus,
19,1,9,rbf,254,van,van,
19,1,9,rbf,263,van,van,
19,1,9,rbf,294,bus,bus,
19,1,9,rbf,298,saab,saab,
19,1,9,rbf,315,van,van,
19,1,9,rbf,329,saab,opel,
19,1,9,rbf,341,opel,saab,
19,1,9,rbf,344,opel,opel,
19,1,9,rbf,369,opel,opel,
19,1,9,rbf,373,bus,bus,
19,1,9,rbf,383,opel,saab,
19,1,9,rbf,394,saab,bus,
19,1,9,rbf,401,opel,opel,
19,1,9,rbf,416,bus,bus,
19,1,9,rbf,421,opel,opel,
19,1,9,rbf,438,opel,opel,
19,1,9,rbf,455,bus,bus,
19,1,9,rbf,463,opel,bus,
19,1,9,rbf,477,van,van,
19,1,9,rbf,487,saab,bus,
19,1,9,rbf,489,opel,saab,
19,1,9,rbf,515,opel,bus,
19,1,9,rbf,526,saab,opel,
19,1,9,rbf,533,van,van,
19,1,9,rbf,558,bus,bus,
19,1,9,rbf,571,saab,saab,
19,1,9,rbf,574,opel,saab,
19,1,9,rbf,585,van,van,
19,1,9,rbf,587,opel,saab,
19,1,9,rbf,591,opel,saab,
19,1,9,rbf,607,van,van,
19,1,9,rbf,608,opel,van,
19,1,9,rbf,621,van,van,
19,1,9,rbf,628,bus,bus,
19,1,9,rbf,642,saab,saab,
19,1,9,rbf,676,bus,bus,
19,1,9,rbf,703,van,van,
19,1,9,rbf,704,opel,opel,
19,1,9,rbf,712,saab,saab,
19,1,9,rbf,713,saab,saab,
19,1,9,rbf,714,bus,bus,
19,1,9,rbf,719,saab,saab,
19,1,9,rbf,731,bus,bus,
19,1,9,rbf,734,van,van,
19,1,9,rbf,743,saab,opel,
19,1,9,rbf,747,bus,bus,
19,1,9,rbf,749,saab,saab,
19,1,9,rbf,761,saab,saab,
19,1,9,rbf,779,van,van,
19,1,9,rbf,791,van,van,
19,1,9,rbf,799,bus,bus,
19,1,9,rbf,808,bus,bus,
19,1,9,rbf,841,saab,opel,
19,1,9,svm_linear,0,van,van,
19,1,9,svm_linear,2,saab,saab,
19,1,9,svm_linear,6,bus,bus,
19,1,9,svm_linear,7,van,van,
19,1,9,svm_linear,8,van,van,
19,1,9,svm_linear,15,opel,saab,
19,1,9,svm_linear,21,van,van,
19,1,9,svm_linear,23,bus,van,
19,1,9,svm_linear,43,saab,opel,
19,1,9,svm_linear,63,bus,bus,
19,1,9,svm_linear,66,bus,bus,
19,1,9,svm_linear,70,opel,bus,
19,1,9,svm_linear,75,opel,opel,
19,1,9,svm_linear,79,bus,bus,
19,1,9,svm_linear,98,opel,saab,
19,1,9,svm_linear,101,van,van,
19,1,9,svm_linear,114,van,van,
19,1,9,svm_linear,120,saab,opel,
19,1,9,svm_linear,129,bus,bus,
19,1,9,svm_linear,130,saab,saab,
19,1,9,svm_linear,138,saab,saab,
19,1,9,svm_linear,157,van,van,
19,1,9,svm_linear,164,opel,opel,
19,1,9,svm_linear,167,saab,opel,
19,1,9,svm_linear,181,opel,opel,
19,1,9,svm_linear,182,bus,bus,
19,1,9,svm_linear,184,saab,saab,
19,1,9,svm_linear,192,saab,saab,
19,1,9,svm_linear,198,bus,bus,
19,1,9,svm_linear,212,bus,bus,
19,1,9,svm_linear,246,bus,bus,
19,1,9,svm_linear,254,van,van,
19,1,9,svm_linear,263,van,van,
19,1,9,svm_linear,294,bus,bus,
19,1,9,svm_linear,298,saab,saab,
19,1,9,svm_linear,315,van,van,
19,1,9,svm_linear,329,saab,opel,
19,1,9,svm_linear,341,opel,saab,
19,1,9,svm_linear,344,opel,opel,
19,1,9,svm_linear,369,opel,opel,
19,1,9,svm_linear,373,bus,bus,
19,1,9,svm_linear,383,opel,opel,
19,1,9,svm_linear,394,saab,opel,
19,1,9,svm_linear,401,opel,opel,
19,1,9,svm_linear,416,bus,bus,
19,1,9,svm_linear,421,opel,opel,
19,1,9,svm_linear,438,opel,opel,
19,1,9,svm_linear,455,bus,bus,
19,1,9,svm_linear,463,opel,saab,
19,1,9,svm_linear,477,van,van,
19,1,9,svm_linear,487,saab,saab,
19,1,9,svm_linear,489,opel,opel,
19,1,9,svm_linear,515,opel,saab,
19,1,9,svm_linear,526,saab,saab,
19,1,9,svm_linear,533,van,van,
19,1,9,svm_linear,558,bus,bus,
19,1,9,svm_linear,571,saab,saab,
19,1,9,svm_linear,574,opel,opel,
19,1,9,svm_linear,585,van,van,
19,1,9,svm_linear,587,opel,opel,
19,1,9,svm_linear,591,opel,saab,
19,1,9,svm_linear,607,van,van,
19,1,9,svm_linear,608,opel,opel,
19,1,9,svm_linear,621,van,van,
19,1,9,svm_linear,628,bus,bus,
19,1,9,svm_linear,642,saab,opel,
19,1,9,svm_linear,676,bus,bus,
19,1,9,svm_linear,703,van,van,
19,1,9,svm_linear,704,opel,opel,
19,1,9,svm_linear,712,saab,saab,
19,1,9,svm_linear,713,saab,saab,
19,1,9,svm_linear,714,bus,bus,
19,1,9,svm_linear,719,saab,saab,
19,1,9,svm_linear,731,bus,bus,
19,1,9,svm_linear,734,van,van,
19,1,9,svm_linear,743,saab,opel,
19,1,9,svm_linear,747,bus,opel,
19,1,9,svm_linear,749,saab,saab,
19,1,9,svm_linear,761,saab,saab,
19,1,9,svm_linear,779,van,van,
19,1,9,svm_linear,791,van,van,
19,1,9,svm_linear,799,bus,bus,
19,1,9,svm_linear,808,bus,bus,
19,1,9,svm_linear,841,saab,saab,
19,1,9,svm_unscaled,0,van,van,
19,1,9,svm_unscaled,2,saab,saab,
19,1,9,svm_unscaled,6,bus,bus,
19,1,9,svm_unscaled,7,van,van,
19,1,9,svm_unscaled,8,van,van,
19,1,9,svm_unscaled,15,opel,opel,
19,1,9,svm_unscaled,21,van,van,
19,1,9,svm_unscaled,23,bus,van,
19,1,9,svm_unscaled,43,saab,opel,
19,1,9,svm_unscaled,63,bus,bus,
19,1,9,svm_unscaled,66,bus,bus,
19,1,9,svm_unscaled,70,opel,opel,
19,1,9,svm_unscaled,75,opel,saab,
19,1,9,svm_unscaled,79,bus,bus,
19,1,9,svm_unscaled,98,opel,saab,
19,1,9,svm_unscaled,101,van,van,
19,1,9,svm_unscaled,114,van,van,
19,1,9,svm_unscaled,120,saab,saab,
19,1,9,svm_unscaled,129,bus,bus,
19,1,9,svm_unscaled,130,saab,saab,
19,1,9,svm_unscaled,138,saab,van,
19,1,9,svm_unscaled,157,van,van,
19,1,9,svm_unscaled,164,opel,opel,
19,1,9,svm_unscaled,167,saab,opel,
19,1,9,svm_unscaled,181,opel,van,
19,1,9,svm_unscaled,182,bus,bus,
19,1,9,svm_unscaled,184,saab,saab,
19,1,9,svm_unscaled,192,saab,saab,
19,1,9,svm_unscaled,198,bus,bus,
19,1,9,svm_unscaled,212,bus,bus,
19,1,9,svm_unscaled,246,bus,bus,
19,1,9,svm_unscaled,254,van,van,
19,1,9,svm_unscaled,263,van,van,
19,1,9,svm_unscaled,294,bus,bus,
19,1,9,svm_unscaled,298,saab,saab,
19,1,9,svm_unscaled,315,van,van,
19,1,9,svm_unscaled,329,saab,opel,
19,1,9,svm_unscaled,341,opel,saab,
19,1,9,svm_unscaled,344,opel,opel,
19,1,9,svm_unscaled,369,opel,saab,
19,1,9,svm_unscaled,373,bus,bus,
19,1,9,svm_unscaled,383,opel,opel,
19,1,9,svm_unscaled,394,saab,opel,
19,1,9,svm_unscaled,401,opel,saab,
19,1,9,svm_unscaled,416,bus,van,
19,1,9,svm_unscaled,421,opel,opel,
19,1,9,svm_unscaled,438,opel,opel,
19,1,9,svm_unscaled,455,bus,bus,
19,1,9,svm_unscaled,463,opel,bus,
19,1,9,svm_unscaled,477,van,van,
19,1,9,svm_unscaled,487,saab,bus,
19,1,9,svm_unscaled,489,opel,opel,
19,1,9,svm_unscaled,515,opel,saab,
19,1,9,svm_unscaled,526,saab,opel,
19,1,9,svm_unscaled,533,van,van,
19,1,9,svm_unscaled,558,bus,bus,
19,1,9,svm_unscaled,571,saab,saab,
19,1,9,svm_unscaled,574,opel,saab,
19,1,9,svm_unscaled,585,van,van,
19,1,9,svm_unscaled,587,opel,saab,
19,1,9,svm_unscaled,591,opel,saab,
19,1,9,svm_unscaled,607,van,van,
19,1,9,svm_unscaled,608,opel,van,
19,1,9,svm_unscaled,621,van,van,
19,1,9,svm_unscaled,628,bus,bus,
19,1,9,svm_unscaled,642,saab,opel,
19,1,9,svm_unscaled,676,bus,bus,
19,1,9,svm_unscaled,703,van,van,
19,1,9,svm_unscaled,704,opel,opel,
19,1,9,svm_unscaled,712,saab,saab,
19,1,9,svm_unscaled,713,saab,saab,
19,1,9,svm_unscaled,714,bus,bus,
19,1,9,svm_unscaled,719,saab,saab,
19,1,9,svm_unscaled,731,bus,bus,
19,1,9,svm_unscaled,734,van,van,
19,1,9,svm_unscaled,743,saab,opel,
19,1,9,svm_unscaled,747,bus,bus,
19,1,9,svm_unscaled,749,saab,opel,
19,1,9,svm_unscaled,761,saab,saab,
19,1,9,svm_unscaled,779,van,van,
19,1,9,svm_unscaled,791,van,van,
19,1,9,svm_unscaled,799,bus,bus,
19,1,9,svm_unscaled,808,bus,bus,
19,1,9,svm_unscaled,841,saab,saab,
20,2,0,centroid,0,van,opel,
20,2,0,centroid,3,van,van,
20,2,0,centroid,4,bus,bus,
20,2,0,centroid,5,bus,opel,
20,2,0,centroid,26,saab,van,
20,2,0,centroid,28,bus,opel,
20,2,0,centroid,58,opel,opel,
20,2,0,centroid,59,van,van,
20,2,0,centroid,67,opel,opel,
20,2,0,centroid,73,opel,van,
20,2,0,centroid,90,saab,opel,
20,2,0,centroid,92,saab,opel,
20,2,0,centroid,95,opel,opel,
20,2,0,centroid,114,van,van,
20,2,0,centroid,120,saab,van,
20,2,0,centroid,143,bus,bus,
20,2,0,centroid,144,opel,saab,
20,2,0,centroid,195,bus,bus,
20,2,0,centroid,200,van,bus,
20,2,0,centroid,203,opel,opel,
20,2,0,centroid,209,opel,opel,
20,2,0,centroid,215,opel,bus,
20,2,0,centroid,218,bus,van,
20,2,0,centroid,226,saab,opel,
20,2,0,centroid,227,van,van,
20,2,0,centroid,243,saab,opel,
20,2,0,centroid,249,saab,van,
20,2,0,centroid,258,saab,opel,
20,2,0,centroid,259,opel,opel,
20,2,0,centroid,260,saab,van,
20,2,0,centroid,263,van,van,
20,2,0,centroid,273,van,van,
20,2,0,centroid,276,bus,van,
20,2,0,centroid,280,opel,opel,
20,2,0,centroid,294,bus,opel,
20,2,0,centroid,297,saab,van,
20,2,0,centroid,302,bus,van,
20,2,0,centroid,305,bus,van,
20,2,0,centroid,315,van,van,
20,2,0,centroid,326,opel,saab,
20,2,0,centroid,376,saab,saab,
20,2,0,centroid,384,opel,van,
20,2,0,centroid,392,van,van,
20,2,0,centroid,401,opel,van,
20,2,0,centroid,413,opel,van,
20,2,0,centroid,416,bus,van,
20,2,0,centroid,420,van,van,
20,2,0,centroid,429,van,van,
20,2,0,centroid,450,bus,bus,
20,2,0,centroid,452,opel,saab,
20,2,0,centroid,457,van,van,
20,2,0,centroid,483,van,van,
20,2,0,centroid,484,van,bus,
20,2,0,centroid,525,saab,bus,
20,2,0,centroid,537,van,van,
20,2,0,centroid,548,bus,van,
20,2,0,centroid,577,opel,opel,
20,2,0,centroid,590,bus,bus,
20,2,0,centroid,615,opel,van,
20,2,0,centroid,618,van,van,
20,2,0,centroid,620,saab,opel,
20,2,0,centroid,628,bus,saab,
20,2,0,centroid,629,van,van,
20,2,0,centroid,640,opel,opel,
20,2,0,centroid,669,bus,bus,
20,2,0,centroid,672,bus,opel,
20,2,0,centroid,688,saab,van,
20,2,0,centroid,719,saab,opel,
20,2,0,centroid,724,van,van,
20,2,0,centroid,736,saab,opel,
20,2,0,centroid,760,opel,saab,
20,2,0,centroid,767,bus,van,
20,2,0,centroid,769,saab,van,
20,2,0,centroid,771,opel,opel,
20,2,0,centroid,773,bus,van,
20,2,0,centroid,778,saab,saab,
20,2,0,centroid,793,bus,opel,
20,2,0,centroid,805,bus,bus,
20,2,0,centroid,809,saab,van,
20,2,0,centroid,827,opel,opel,
20,2,0,centroid,831,bus,saab,
20,2,0,centroid,832,saab,saab,
20,2,0,centroid,833,saab,bus,
20,2,0,centroid,843,saab,opel,
20,2,0,centroid,845,van,van,
20,2,0,knn,0,van,van,
20,2,0,knn,3,van,van,
20,2,0,knn,4,bus,van,
20,2,0,knn,5,bus,bus,
20,2,0,knn,26,saab,opel,
20,2,0,knn,28,bus,bus,
20,2,0,knn,58,opel,saab,
20,2,0,knn,59,van,opel,
20,2,0,knn,67,opel,opel,
20,2,0,knn,73,opel,opel,
20,2,0,knn,90,saab,opel,
20,2,0,knn,92,saab,saab,
20,2,0,knn,95,opel,opel,
20,2,0,knn,114,van,van,
20,2,0,knn,120,saab,saab,
20,2,0,knn,143,bus,bus,
20,2,0,knn,144,opel,opel,
20,2,0,knn,195,bus,bus,
20,2,0,knn,200,van,van,
20,2,0,knn,203,opel,opel,
20,2,0,knn,209,opel,opel,
20,2,0,knn,215,opel,opel,
20,2,0,knn,218,bus,bus,
20,2,0,knn,226,saab,saab,
20,2,0,knn,227,van,van,
20,2,0,knn,243,saab,saab,
20,2,0,knn,249,saab,saab,
20,2,0,knn,258,saab,opel,
20,2,0,knn,259,opel,opel,
20,2,0,knn,260,saab,opel,
20,2,0,knn,263,van,van,
20,2,0,knn,273,van,van,
20,2,0,knn,276,bus,bus,
20,2,0,knn,280,opel,saab,
20,2,0,knn,294,bus,bus,
20,2,0,knn,297,saab,opel,
20,2,0,knn,302,bus,bus,
20,2,0,knn,305,bus,bus,
20,2,0,knn,315,van,van,
20,2,0,knn,326,opel,saab,
20,2,0,knn,376,saab,saab,
20,2,0,knn,384,opel,van,
20,2,0,knn,392,van,van,
20,2,0,knn,401,opel,saab,
20,2,0,knn,413,opel,saab,
20,2,0,knn,416,bus,bus,
20,2,0,knn,420,van,van,
20,2,0,knn,429,van,van,
20,2,0,knn,450,bus,bus,
20,2,0,knn,452,opel,saab,
20,2,0,knn,457,van,bus,
20,2,0,knn,483,van,van,
20,2,0,knn,484,van,van,
20,2,0,knn,525,saab,saab,
20,2,0,knn,537,van,van,
20,2,0,knn,548,bus,bus,
20,2,0,knn,577,opel,saab,
20,2,0,knn,590,bus,bus,
20,2,0,knn,615,opel,opel,
20,2,0,knn,618,van,van,
20,2,0,knn,620,saab,opel,
20,2,0,knn,628,bus,bus,
20,2,0,knn,629,van,saab,
20,2,0,knn,640,opel,opel,
20,2,0,knn,669,bus,bus,
20,2,0,knn,672,bus,bus,
20,2,0,knn,688,saab,van,
20,2,0,knn,719,saab,saab,
20,2,0,knn,724,van,van,
20,2,0,knn,736,saab,opel,
20,2,0,knn,760,opel,opel,
20,2,0,knn,767,bus,bus,
20,2,0,knn,769,saab,saab,
20,2,0,knn,771,opel,opel,
20,2,0,knn,773,bus,bus,
20,2,0,knn,778,saab,saab,
20,2,0,knn,793,bus,opel,
20,2,0,knn,805,bus,bus,
20,2,0,knn,809,saab,opel,
20,2,0,knn,827,opel,opel,
20,2,0,knn,831,bus,bus,
20,2,0,knn,832,saab,saab,
20,2,0,knn,833,saab,opel,
20,2,0,knn,843,saab,saab,
20,2,0,knn,845,van,opel,
20,2,0,svm,0,van,van,1.2750768244344035
20,2,0,svm,3,van,van,1.8210423385637176
20,2,0,svm,4,bus,bus,1.1317608262406713
20,2,0,svm,5,bus,bus,1.8745662723547805
20,2,0,svm,26,saab,opel,0.7349073590989628
20,2,0,svm,28,bus,bus,2.043402315278004
20,2,0,svm,58,opel,saab,0.7073007790153261
20,2,0,svm,59,van,van,0.12301386219233557
20,2,0,svm,67,opel,opel,1.2885020341652291
20,2,0,svm,73,opel,opel,1.9429067904527324
20,2,0,svm,90,saab,saab,0.8733130924523271
20,2,0,svm,92,saab,saab,0.03189754766397268
20,2,0,svm,95,opel,opel,1.931571177607169
20,2,0,svm,114,van,van,2.6628966798673464
20,2,0,svm,120,saab,saab,1.8576780092677216
20,2,0,svm,143,bus,bus,1.8426328847570934
20,2,0,svm,144,opel,opel,1.32300360199718
20,2,0,svm,195,bus,bus,1.2087438844090124
20,2,0,svm,200,van,van,2.844941767850859
20,2,0,svm,203,opel,opel,1.1396504901579059
20,2,0,svm,209,opel,opel,1.6377249255816446
20,2,0,svm,215,opel,saab,0.534183227759903
20,2,0,svm,218,bus,bus,1.1268860225424862
20,2,0,svm,226,saab,saab,0.36623764245979284
20,2,0,svm,227,van,van,1.5487696053071607
20,2,0,svm,243,saab,opel,0.22967249608207485
20,2,0,svm,249,saab,saab,0.5700736525997376
20,2,0,svm,258,saab,saab,0.7864922711133167
20,2,0,svm,259,opel,opel,1.8525072561889795
20,2,0,svm,260,saab,saab,0.9321889302648065
20,2,0,svm,263,van,van,1.7370823966655546
20,2,0,svm,273,van,van,1.7469259716141072
20,2,0,svm,276,bus,bus,0.5465142942951149
20,2,0,svm,280,opel,opel,1.5193709062574579
20,2,0,svm,294,bus,bus,2.2801369488858416
20,2,0,svm,297,saab,opel,1.7245203208205533
20,2,0,svm,302,bus,bus,2.875352668062933
20,2,0,svm,305,bus,bus,0.8943482497632014
20,2,0,svm,315,van,van,1.971503543673439
20,2,0,svm,326,opel,opel,0.596696942832204
20,2,0,svm,376,saab,saab,0.6593998620133581
20,2,0,svm,384,opel,saab,0.7388585120090942
20,2,0,svm,392,van,van,2.9141785765383155
20,2,0,svm,401,opel,saab,0.06932976217996778
20,2,0,svm,413,opel,saab,0.1611387224403904
20,2,0,svm,416,bus,bus,0.364623611602398
20,2,0,svm,420,van,van,1.751499194431499
20,2,0,svm,429,van,van,0.6061045463694545
20,2,0,svm,450,bus,bus,2.0774248157876443
20,2,0,svm,452,opel,saab,0.668501030955432
20,2,0,svm,457,van,bus,0.29520274496043464
20,2,0,svm,483,van,opel,0.14873401735506242
20,2,0,svm,484,van,van,1.8445928499089523
20,2,0,svm,525,saab,saab,0.1074387298046906
20,2,0,svm,537,van,van,2.278876887215361
20,2,0,svm,548,bus,bus,1.8449515237594487
20,2,0,svm,577,opel,saab,0.7284054104723117
20,2,0,svm,590,bus,bus,1.363964357943342
20,2,0,svm,615,opel,opel,0.3095043425734554
20,2,0,svm,618,van,van,2.4307431664979973
20,2,0,svm,620,saab,saab,0.3929710832228954
20,2,0,svm,628,bus,bus,1.226136705469993
20,2,0,svm,629,van,van,0.8470299433396082
20,2,0,svm,640,opel,saab,0.3151089311774191
20,2,0,svm,669,bus,bus,1.7274927717017479
20,2,0,svm,672,bus,bus,0.2992185921357966
20,2,0,svm,688,saab,van,0.22146581601896997
20,2,0,svm,719,saab,saab,1.4306606375804165
20,2,0,svm,724,van,van,2.1223345721148856
20,2,0,svm,736,saab,opel,0.4206985358302697
20,2,0,svm,760,opel,saab,0.4090528836847005
20,2,0,svm,767,bus,bus,1.0652007783888124
20,2,0,svm,769,saab,saab,1.0959497991575295
20,2,0,svm,771,opel,opel,1.1083776583815714
20,2,0,svm,773,bus,bus,1.1619429106761876
20,2,0,svm,778,saab,saab,0.8813771603199276
20,2,0,svm,793,bus,bus,0.3434547036637836
20,2,0,svm,805,bus,bus,1.7687194086696505
20,2,0,svm,809,saab,opel,0.5916187131774047
20,2,0,svm,827,opel,opel,1.1716159240974457
20,2,0,svm,831,bus,bus,2.369829829819107
20,2,0,svm,832,saab,saab,2.243348121046906
20,2,0,svm,833,saab,opel,0.12560848424285442
20,2,0,svm,843,saab,saab,0.9753869036489107
20,2,0,svm,845,van,van,0.2504017886596266
20,2,0,mlp,0,van,van,
20,2,0,mlp,3,van,van,
20,2,0,mlp,4,bus,bus,
20,2,0,mlp,5,bus,bus,
20,2,0,mlp,26,saab,opel,
20,2,0,mlp,28,bus,bus,
20,2,0,mlp,58,opel,saab,
20,2,0,mlp,59,van,van,
20,2,0,mlp,67,opel,opel,
20,2,0,mlp,73,opel,opel,
20,2,0,mlp,90,saab,saab,
20,2,0,mlp,92,saab,saab,
20,2,0,mlp,95,opel,opel,
20,2,0,mlp,114,van,van,
20,2,0,mlp,120,saab,saab,
20,2,0,mlp,143,bus,bus,
20,2,0,mlp,144,opel,opel,
20,2,0,mlp,195,bus,bus,
20,2,0,mlp,200,van,van,
20,2,0,mlp,203,opel,opel,
20,2,0,mlp,209,opel,opel,
20,2,0,mlp,215,opel,saab,
20,2,0,mlp,218,bus,bus,
20,2,0,mlp,226,saab,saab,
20,2,0,mlp,227,van,van,
20,2,0,mlp,243,saab,saab,
20,2,0,mlp,249,saab,opel,
20,2,0,mlp,258,saab,saab,
20,2,0,mlp,259,opel,opel,
20,2,0,mlp,260,saab,saab,
20,2,0,mlp,263,van,van,
20,2,0,mlp,273,van,van,
20,2,0,mlp,276,bus,bus,
20,2,0,mlp,280,opel,opel,
20,2,0,mlp,294,bus,bus,
20,2,0,mlp,297,saab,opel,
20,2,0,mlp,302,bus,bus,
20,2,0,mlp,305,bus,bus,
20,2,0,mlp,315,van,van,
20,2,0,mlp,326,opel,saab,
20,2,0,mlp,376,saab,saab,
20,2,0,mlp,384,opel,saab,
20,2,0,mlp,392,van,van,
20,2,0,mlp,401,opel,saab,
20,2,0,mlp,413,opel,saab,
20,2,0,mlp,416,bus,bus,
20,2,0,mlp,420,van,van,
20,2,0,mlp,429,van,van,
20,2,0,mlp,450,bus,bus,
20,2,0,mlp,452,opel,opel,
20,2,0,mlp,457,van,bus,
20,2,0,mlp,483,van,opel,
20,2,0,mlp,484,van,van,
20,2,0,mlp,525,saab,saab,
20,2,0,mlp,537,van,van,
20,2,0,mlp,548,bus,bus,
20,2,0,mlp,577,opel,saab,
20,2,0,mlp,590,bus,bus,
20,2,0,mlp,615,opel,opel,
20,2,0,mlp,618,van,van,
20,2,0,mlp,620,saab,saab,
20,2,0,mlp,628,bus,bus,
20,2,0,mlp,629,van,van,
20,2,0,mlp,640,opel,saab,
20,2,0,mlp,669,bus,bus,
20,2,0,mlp,672,bus,bus,
20,2,0,mlp,688,saab,saab,
20,2,0,mlp,719,saab,saab,
20,2,0,mlp,724,van,van,
20,2,0,mlp,736,saab,saab,
20,2,0,mlp,760,opel,saab,
20,2,0,mlp,767,bus,bus,
20,2,0,mlp,769,saab,saab,
20,2,0,mlp,771,opel,opel,
20,2,0,mlp,773,bus,bus,
20,2,0,mlp,778,saab,saab,
20,2,0,mlp,793,bus,bus,
20,2,0,mlp,805,bus,bus,
20,2,0,mlp,809,saab,saab,
20,2,0,mlp,827,opel,opel,
20,2,0,mlp,831,bus,bus,
20,2,0,mlp,832,saab,saab,
20,2,0,mlp,833,saab,opel,
20,2,0,mlp,843,saab,saab,
20,2,0,mlp,845,van,opel,
20,2,0,rbf,0,van,van,
20,2,0,rbf,3,van,van,
20,2,0,rbf,4,bus,van,
20,2,0,rbf,5,bus,bus,
20,2,0,rbf,26,saab,van,
20,2,0,rbf,28,bus,bus,
20,2,0,rbf,58,opel,saab,
20,2,0,rbf,59,van,van,
20,2,0,rbf,67,opel,opel,
20,2,0,rbf,73,opel,opel,
20,2,0,rbf,90,saab,opel,
20,2,0,rbf,92,saab,saab,
20,2,0,rbf,95,opel,opel,
20,2,0,rbf,114,van,van,
20,2,0,rbf,120,saab,saab,
20,2,0,rbf,143,bus,bus,
20,2,0,rbf,144,opel,saab,
20,2,0,rbf,195,bus,bus,
20,2,0,rbf,200,van,van,
20,2,0,rbf,203,opel,opel,
20,2,0,rbf,209,opel,opel,
20,2,0,rbf,215,opel,saab,
20,2,0,rbf,218,bus,bus,
20,2,0,rbf,226,saab,opel,
20,2,0,rbf,227,van,van,
20,2,0,rbf,243,saab,opel,
20,2,0,rbf,249,saab,opel,
20,2,0,rbf,258,saab,saab,
20,2,0,rbf,259,opel,opel,
20,2,0,rbf,260,saab,opel,
20,2,0,rbf,263,van,van,
20,2,0,rbf,273,van,van,
20,2,0,rbf,276,bus,bus,
20,2,0,rbf,280,opel,saab,
20,2,0,rbf,294,bus,bus,
20,2,0,rbf,297,saab,opel,
20,2,0,rbf,302,bus,bus,
20,2,0,rbf,305,bus,bus,
20,2,0,rbf,315,van,van,
20,2,0,rbf,326,opel,saab,
20,2,0,rbf,376,saab,saab,
20,2,0,rbf,384,opel,van,
20,2,0,rbf,392,van,van,
20,2,0,rbf,401,opel,saab,
20,2,0,rbf,413,opel,saab,
20,2,0,rbf,416,bus,bus,
20,2,0,rbf,420,van,van,
20,2,0,rbf,429,van,van,
20,2,0,rbf,450,bus,bus,
20,2,0,rbf,452,opel,saab,
20,2,0,rbf,457,van,bus,
20,2,0,rbf,483,van,van,
20,2,0,rbf,484,van,van,
20,2,0,rbf,525,saab,saab,
20,2,0,rbf,537,van,van,
20,2,0,rbf,548,bus,bus,
20,2,0,rbf,577,opel,opel,
20,2,0,rbf,590,bus,bus,
20,2,0,rbf,615,opel,saab,
20,2,0,rbf,618,van,van,
20,2,0,rbf,620,saab,opel,
20,2,0,rbf,628,bus,bus,
20,2,0,rbf,629,van,van,
20,2,0,rbf,640,opel,opel,
20,2,0,rbf,669,bus,bus,
20,2,0,rbf,672,bus,bus,
20,2,0,rbf,688,saab,van,
20,2,0,rbf,719,saab,saab,
20,2,0,rbf,724,van,van,
20,2,0,rbf,736,saab,saab,
20,2,0,rbf,760,opel,saab,
20,2,0,rbf,767,bus,bus,
20,2,0,rbf,769,saab,saab,
20,2,0,rbf,771,opel,opel,
20,2,0,rbf,773,bus,bus,
20,2,0,rbf,778,saab,saab,
20,2,0,rbf,793,bus,bus,
20,2,0,rbf,805,bus,bus,
20,2,0,rbf,809,saab,bus,
20,2,0,rbf,827,opel,opel,
20,2,0,rbf,831,bus,bus,
20,2,0,rbf,832,saab,saab,
20,2,0,rbf,833,saab,opel,
20,2,0,rbf,843,saab,opel,
20,2,0,rbf,845,van,van,
20,2,0,svm_linear,0,van,van,
20,2,0,svm_linear,3,van,van,
20,2,0,svm_linear,4,bus,van,
20,2,0,svm_linear,5,bus,bus,
20,2,0,svm_linear,26,saab,saab,
20,2,0,svm_linear,28,bus,bus,
20,2,0,svm_linear,58,opel,saab,
20,2,0,svm_linear,59,van,opel,
20,2,0,svm_linear,67,opel,opel,
20,2,0,svm_linear,73,opel,opel,
20,2,0,svm_linear,90,saab,saab,
20,2,0,svm_linear,92,saab,saab,
20,2,0,svm_linear,95,opel,opel,
20,2,0,svm_linear,114,van,van,
20,2,0,svm_linear,120,saab,opel,
20,2,0,svm_linear,143,bus,bus,
20,2,0,svm_linear,144,opel,opel,
20,2,0,svm_linear,195,bus,bus,
20,2,0,svm_linear,200,van,van,
20,2,0,svm_linear,203,opel,opel,
20,2,0,svm_linear,209,opel,opel,
20,2,0,svm_linear,215,opel,saab,
20,2,0,svm_linear,218,bus,bus,
20,2,0,svm_linear,226,saab,opel,
20,2,0,svm_linear,227,van,van,
20,2,0,svm_linear,243,saab,opel,
20,2,0,svm_linear,249,saab,opel,
20,2,0,svm_linear,258,saab,saab,
20,2,0,svm_linear,259,opel,opel,
20,2,0,svm_linear,260,saab,opel,
20,2,0,svm_linear,263,van,van,
20,2,0,svm_linear,273,van,van,
20,2,0,svm_linear,276,bus,bus,
20,2,0,svm_linear,280,opel,opel,
20,2,0,svm_linear,294,bus,bus,
20,2,0,svm_linear,297,saab,opel,
20,2,0,svm_linear,302,bus,bus,
20,2,0,svm_linear,305,bus,bus,
20,2,0,svm_linear,315,van,van,
20,2,0,svm_linear,326,opel,opel,
20,2,0,svm_linear,376,saab,opel,
20,2,0,svm_linear,384,opel,saab,
20,2,0,svm_linear,392,van,van,
20,2,0,svm_linear,401,opel,opel,
20,2,0,svm_linear,413,opel,saab,
20,2,0,svm_linear,416,bus,saab,
20,2,0,svm_linear,420,van,van,
20,2,0,svm_linear,429,van,van,
20,2,0,svm_linear,450,bus,bus,
20,2,0,svm_linear,452,opel,saab,
20,2,0,svm_linear,457,van,bus,
20,2,0,svm_linear,483,van,saab,
20,2,0,svm_linear,484,van,van,
20,2,0,svm_linear,525,saab,opel,
20,2,0,svm_linear,537,van,van,
20,2,0,svm_linear,548,bus,bus,
20,2,0,svm_linear,577,opel,saab,
20,2,0,svm_linear,590,bus,bus,
20,2,0,svm_linear,615,opel,opel,
20,2,0,svm_linear,618,van,van,
20,2,0,svm_linear,620,saab,saab,
20,2,0,svm_linear,628,bus,bus,
20,2,0,svm_linear,629,van,van,
20,2,0,svm_linear,640,opel,saab,
20,2,0,svm_linear,669,bus,bus,
20,2,0,svm_linear,672,bus,bus,
20,2,0,svm_linear,688,saab,van,
20,2,0,svm_linear,719,saab,saab,
20,2,0,svm_linear,724,van,van,
20,2,0,svm_linear,736,saab,opel,
20,2,0,svm_linear,760,opel,saab,
20,2,0,svm_linear,767,bus,bus,
20,2,0,svm_linear,769,saab,saab,
20,2,0,svm_linear,771,opel,opel,
20,2,0,svm_linear,773,bus,bus,
20,2,0,svm_linear,778,saab,saab,
20,2,0,svm_linear,793,bus,bus,
20,2,0,svm_linear,805,bus,bus,
20,2,0,svm_linear,809,saab,bus,
20,2,0,svm_linear,827,opel,opel,
20,2,0,svm_linear,831,bus,bus,
20,2,0,svm_linear,832,saab,saab,
20,2,0,svm_linear,833,saab,saab,
20,2,0,svm_linear,843,saab,saab,
20,2,0,svm_linear,845,van,van,
20,2,0,svm_unscaled,0,van,van,
20,2,0,svm_unscaled,3,van,van,
20,2,0,svm_unscaled,4,bus,bus,
20,2,0,svm_unscaled,5,bus,bus,
20,2,0,svm_unscaled,26,saab,opel,
20,2,0,svm_unscaled,28,bus,bus,
20,2,0,svm_unscaled,58,opel,saab,
20,2,0,svm_unscaled,59,van,van,
20,2,0,svm_unscaled,67,opel,opel,
20,2,0,svm_unscaled,73,opel,opel,
20,2,0,svm_unscaled,90,saab,opel,
20,2,0,svm_unscaled,92,saab,saab,
20,2,0,svm_unscaled,95,opel,opel,
20,2,0,svm_unscaled,114,van,van,
20,2,0,svm_unscaled,120,saab,saab,
20,2,0,svm_unscaled,143,bus,bus,
20,2,0,svm_unscaled,144,opel,saab,
20,2,0,svm_unscaled,195,bus,bus,
20,2,0,svm_unscaled,200,van,van,
20,2,0,svm_unscaled,203,opel,opel,
20,2,0,svm_unscaled,209,opel,opel,
20,2,0,svm_unscaled,215,opel,saab,
20,2,0,svm_unscaled,218,bus,bus,
20,2,0,svm_unscaled,226,saab,opel,
20,2,0,svm_unscaled,227,van,van,
20,2,0,svm_unscaled,243,saab,opel,
20,2,0,svm_unscaled,249,saab,opel,
20,2,0,svm_unscaled,258,saab,opel,
20,2,0,svm_unscaled,259,opel,opel,
20,2,0,svm_unscaled,260,saab,opel,
20,2,0,svm_unscaled,263,van,van,
20,2,0,svm_unscaled,273,van,van,
20,2,0,svm_unscaled,276,bus,bus,
20,2,0,svm_unscaled,280,opel,opel,
20,2,0,svm_unscaled,294,bus,bus,
20,2,0,svm_unscaled,297,saab,opel,
20,2,0,svm_unscaled,302,bus,bus,
20,2,0,svm_unscaled,305,bus,bus,
20,2,0,svm_unscaled,315,van,van,
20,2,0,svm_unscaled,326,opel,saab,
20,2,0,svm_unscaled,376,saab,opel,
20,2,0,svm_unscaled,384,opel,opel,
20,2,0,svm_unscaled,392,van,van,
20,2,0,svm_unscaled,401,opel,saab,
20,2,0,svm_unscaled,413,opel,saab,
20,2,0,svm_unscaled,416,bus,van,
20,2,0,svm_unscaled,420,van,van,
20,2,0,svm_unscaled,429,van,van,
20,2,0,svm_unscaled,450,bus,bus,
20,2,0,svm_unscaled,452,opel,saab,
20,2,0,svm_unscaled,457,van,van,
20,2,0,svm_unscaled,483,van,opel,
20,2,0,svm_unscaled,484,van,van,
20,2,0,svm_unscaled,525,saab,saab,
20,2,0,svm_unscaled,537,van,van,
20,2,0,svm_unscaled,548,bus,bus,
20,2,0,svm_unscaled,577,opel,saab,
20,2,0,svm_unscaled,590,bus,bus,
20,2,0,svm_unscaled,615,opel,saab,
20,2,0,svm_unscaled,618,van,van,
20,2,0,svm_unscaled,620,saab,opel,
20,2,0,svm_unscaled,628,bus,bus,
20,2,0,svm_unscaled,629,van,van,
20,2,0,svm_unscaled,640,opel,opel,
20,2,0,svm_unscaled,669,bus,bus,
20,2,0,svm_unscaled,672,bus,bus,
20,2,0,svm_unscaled,688,saab,van,
20,2,0,svm_unscaled,719,saab,saab,
20,2,0,svm_unscaled,724,van,van,
20,2,0,svm_unscaled,736,saab,opel,
20,2,0,svm_unscaled,760,opel,saab,
20,2,0,svm_unscaled,767,bus,bus,
20,2,0,svm_unscaled,769,saab,saab,
20,2,0,svm_unscaled,771,opel,opel,
20,2,0,svm_unscaled,773,bus,bus,
20,2,0,svm_unscaled,778,saab,saab,
20,2,0,svm_unscaled,793,bus,bus,
20,2,0,svm_unscaled,805,bus,bus,
20,2,0,svm_unscaled,809,saab,bus,
20,2,0,svm_unscaled,827,opel,opel,
20,2,0,svm_unscaled,831,bus,bus,
20,2,0,svm_unscaled,832,saab,saab,
20,2,0,svm_unscaled,833,saab,saab,
20,2,0,svm_unscaled,843,saab,opel,
20,2,0,svm_unscaled,845,van,van,
21,2,1,centroid,1,van,van,
21,2,1,centroid,21,van,van,
21,2,1,centroid,31,saab,van,
21,2,1,centroid,33,opel,saab,
21,2,1,centroid,35,van,saab,
21,2,1,centroid,37,van,bus,
21,2,1,centroid,48,van,bus,
21,2,1,centroid,74,van,van,
21,2,1,centroid,75,opel,opel,
21,2,1,centroid,121,van,bus,
21,2,1,centroid,142,opel,saab,
21,2,1,centroid,145,opel,opel,
21,2,1,centroid,168,bus,bus,
21,2,1,centroid,171,bus,opel,
21,2,1,centroid,175,bus,bus,
21,2,1,centroid,177,bus,van,
21,2,1,centroid,182,bus,van,
21,2,1,centroid,184,saab,saab,
21,2,1,centroid,192,saab,van,
21,2,1,centroid,208,bus,bus,
21,2,1,centroid,213,bus,opel,
21,2,1,centroid,219,van,van,
21,2,1,centroid,224,saab,van,
21,2,1,centroid,233,saab,opel,
21,2,1,centroid,269,van,van,
21,2,1,centroid,272,van,van,
21,2,1,centroid,299,bus,saab,
21,2,1,centroid,307,opel,opel,
21,2,1,centroid,320,saab,opel,
21,2,1,centroid,327,opel,van,
21,2,1,centroid,341,opel,van,
21,2,1,centroid,358,opel,van,
21,2,1,centroid,360,saab,saab,
21,2,1,centroid,371,bus,saab,
21,2,1,centroid,377,saab,van,
21,2,1,centroid,378,saab,van,
21,2,1,centroid,383,opel,opel,
21,2,1,centroid,386,saab,saab,
21,2,1,centroid,387,van,van,
21,2,1,centroid,388,van,bus,
21,2,1,centroid,405,bus,van,
21,2,1,centroid,407,saab,van,
21,2,1,centroid,409,saab,opel,
21,2,1,centroid,410,saab,opel,
21,2,1,centroid,412,bus,bus,
21,2,1,centroid,415,opel,opel,
21,2,1,centroid,419,saab,van,
21,2,1,centroid,445,van,bus,
21,2,1,centroid,460,van,van,
21,2,1,centroid,464,bus,opel,
21,2,1,centroid,467,opel,opel,
21,2,1,centroid,481,opel,opel,
21,2,1,centroid,488,opel,van,
21,2,1,centroid,531,bus,opel,
21,2,1,centroid,544,bus,bus,
21,2,1,centroid,557,saab,van,
21,2,1,centroid,566,saab,opel,
21,2,1,centroid,574,opel,opel,
21,2,1,centroid,581,van,van,
21,2,1,centroid,600,bus,saab,
21,2,1,centroid,610,opel,opel,
21,2,1,centroid,616,opel,van,
21,2,1,centroid,623,saab,saab,
21,2,1,centroid,635,van,van,
21,2,1,centroid,655,van,van,
21,2,1,centroid,659,saab,opel,
21,2,1,centroid,667,saab,saab,
21,2,1,centroid,687,bus,opel,
21,2,1,centroid,689,saab,saab,
21,2,1,centroid,699,opel,bus,
21,2,1,centroid,700,opel,saab,
21,2,1,centroid,721,saab,opel,
21,2,1,centroid,723,opel,saab,
21,2,1,centroid,725,van,van,
21,2,1,centroid,732,van,van,
21,2,1,centroid,741,bus,van,
21,2,1,centroid,751,van,van,
21,2,1,centroid,770,bus,bus,
21,2,1,centroid,777,bus,opel,
21,2,1,centroid,783,saab,opel,
21,2,1,centroid,785,bus,bus,
21,2,1,centroid,794,bus,van,
21,2,1,centroid,796,opel,van,
21,2,1,centroid,799,bus,van,
21,2,1,centroid,810,opel,opel,
21,2,1,knn,1,van,van,
21,2,1,knn,21,van,opel,
21,2,1,knn,31,saab,van,
21,2,1,knn,33,opel,opel,
21,2,1,knn,35,van,van,
21,2,1,knn,37,van,van,
21,2,1,knn,48,van,van,
21,2,1,knn,74,van,van,
21,2,1,knn,75,opel,saab,
21,2,1,knn,121,van,van,
21,2,1,knn,142,opel,saab,
21,2,1,knn,145,opel,saab,
21,2,1,knn,168,bus,bus,
21,2,1,knn,171,bus,bus,
21,2,1,knn,175,bus,bus,
21,2,1,knn,177,bus,bus,
21,2,1,knn,182,bus,bus,
21,2,1,knn,184,saab,saab,
21,2,1,knn,192,saab,opel,
21,2,1,knn,208,bus,bus,
21,2,1,knn,213,bus,bus,
21,2,1,knn,219,van,van,
21,2,1,knn,224,saab,saab,
21,2,1,knn,233,saab,opel,
21,2,1,knn,269,van,opel,
21,2,1,knn,272,van,van,
21,2,1,knn,299,bus,bus,
21,2,1,knn,307,opel,saab,
21,2,1,knn,320,saab,saab,
21,2,1,knn,327,opel,saab,
21,2,1,knn,341,opel,bus,
21,2,1,knn,358,opel,van,
21,2,1,knn,360,saab,saab,
21,2,1,knn,371,bus,bus,
21,2,1,knn,377,saab,opel,
21,2,1,knn,378,saab,opel,
21,2,1,knn,383,opel,opel,
21,2,1,knn,386,saab,saab,
21,2,1,knn,387,van,van,
21,2,1,knn,388,van,van,
21,2,1,knn,405,bus,bus,
21,2,1,knn,407,saab,opel,
21,2,1,knn,409,saab,opel,
21,2,1,knn,410,saab,van,
21,2,1,knn,412,bus,bus,
21,2,1,knn,415,opel,opel,
21,2,1,knn,419,saab,opel,
21,2,1,knn,445,van,van,
21,2,1,knn,460,van,van,
21,2,1,knn,464,bus,bus,
21,2,1,knn,467,opel,opel,
21,2,1,knn,481,opel,opel,
21,2,1,knn,488,opel,opel,
21,2,1,knn,531,bus,bus,
21,2,1,knn,544,bus,bus,
21,2,1,knn,557,saab,opel,
21,2,1,knn,566,saab,saab,
21,2,1,knn,574,opel,saab,
21,2,1,knn,581,van,van,
21,2,1,knn,600,bus,bus,
21,2,1,knn,610,opel,saab,
21,2,1,knn,616,opel,opel,
21,2,1,knn,623,saab,saab,
21,2,1,knn,635,van,van,
21,2,1,knn,655,van,van,
21,2,1,knn,659,saab,saab,
21,2,1,knn,667,saab,saab,
21,2,1,knn,687,bus,bus,
21,2,1,knn,689,saab,saab,
21,2,1,knn,699,opel,opel,
21,2,1,knn,700,opel,saab,
21,2,1,knn,721,saab,saab,
21,2,1,knn,723,opel,saab,
21,2,1,knn,725,van,van,
21,2,1,knn,732,van,van,
21,2,1,knn,741,bus,bus,
21,2,1,knn,751,van,van,
21,2,1,knn,770,bus,bus,
21,2,1,knn,777,bus,bus,
21,2,1,knn,783,saab,saab,
21,2,1,knn,785,bus,bus,
21,2,1,knn,794,bus,bus,
21,2,1,knn,796,opel,van,
21,2,1,knn,799,bus,bus,
21,2,1,knn,810,opel,opel,
21,2,1,svm,1,van,van,1.6255988786768953
21,2,1,svm,21,van,opel,0.5549228443683294
21,2,1,svm,31,saab,van,0.4555258479270119
21,2,1,svm,33,opel,opel,0.1762285389591316
21,2,1,svm,35,van,van,0.31333372042661134
21,2,1,svm,37,van,van,0.3459856828783652
21,2,1,svm,48,van,van,2.095141009839542
21,2,1,svm,74,van,van,1.520240467606632
21,2,1,svm,75,opel,opel,0.4991516270226075
21,2,1,svm,121,van,van,1.7258950573299905
21,2,1,svm,142,opel,opel,0.8779118859075741
21,2,1,svm,145,opel,opel,1.2487585482019075
21,2,1,svm,168,bus,bus,1.6887319364819549
21,2,1,svm,171,bus,bus,2.566142486337188
21,2,1,svm,175,bus,bus,2.635883797887751
21,2,1,svm,177,bus,van,0.1952535998414482
21,2,1,svm,182,bus,bus,1.944173391216959
21,2,1,svm,184,saab,saab,1.754170503130771
21,2,1,svm,192,saab,saab,0.2988406829579855
21,2,1,svm,208,bus,bus,1.2157881866043518
21,2,1,svm,213,bus,bus,2.3551999145671796
21,2,1,svm,219,van,van,1.3553599800741036
21,2,1,svm,224,saab,saab,0.43532737649844355
21,2,1,svm,233,saab,opel,0.014513449410495483
21,2,1,svm,269,van,van,0.7650170039185351
21,2,1,svm,272,van,van,2.455294819921105
21,2,1,svm,299,bus,bus,1.477018460403385
21,2,1,svm,307,opel,opel,0.9120379938702445
21,2,1,svm,320,saab,saab,0.6407251854264873
21,2,1,svm,327,opel,saab,0.1318640516320766
21,2,1,svm,341,opel,saab,1.1086381166754165
21,2,1,svm,358,opel,opel,0.4634993473812603
21,2,1,svm,360,saab,saab,1.3260098781413898
21,2,1,svm,371,bus,bus,2.616187237004289
21,2,1,svm,377,saab,saab,0.09911881459092164
21,2,1,svm,378,saab,opel,1.0740280681831837
21,2,1,svm,383,opel,opel,0.9457790301465199
21,2,1,svm,386,saab,saab,0.584927508971786
21,2,1,svm,387,van,van,1.9131409602908165
21,2,1,svm,388,van,opel,1.044560524726021
21,2,1,svm,405,bus,bus,1.7108517506318526
21,2,1,svm,407,saab,saab,1.3377039419525527
21,2,1,svm,409,saab,opel,0.7755665062417325
21,2,1,svm,410,saab,saab,0.09644556336241283
21,2,1,svm,412,bus,bus,1.4230626860193025
21,2,1,svm,415,opel,opel,2.097933627136337
21,2,1,svm,419,saab,saab,0.5717227372620908
21,2,1,svm,445,van,van,1.1844746648567699
21,2,1,svm,460,van,van,0.35056023448971096
21,2,1,svm,464,bus,bus,2.4741323134855615
21,2,1,svm,467,opel,opel,1.4018323005101547
21,2,1,svm,481,opel,opel,0.7848433476625023
21,2,1,svm,488,opel,opel,0.5603824201462988
21,2,1,svm,531,bus,bus,1.4315710831144073
21,2,1,svm,544,bus,bus,1.3809403752050167
21,2,1,svm,557,saab,saab,0.3681640128201433
21,2,1,svm,566,saab,saab,0.5035024753112349
21,2,1,svm,574,opel,opel,0.7007385914718771
21,2,1,svm,581,van,van,0.9080722632313596
21,2,1,svm,600,bus,bus,1.8779677613103951
21,2,1,svm,610,opel,opel,0.983939947872253
21,2,1,svm,616,opel,van,0.16263311178851358
21,2,1,svm,623,saab,saab,1.74236365048314
21,2,1,svm,635,van,van,2.2526327353079183
21,2,1,svm,655,van,van,0.3891653384100717
21,2,1,svm,659,saab,opel,0.2727005674824827
21,2,1,svm,667,saab,saab,2.008432036328051
21,2,1,svm,687,bus,bus,1.6339869309125254
21,2,1,svm,689,saab,saab,1.125781238994092
21,2,1,svm,699,opel,saab,0.1834542299969808
21,2,1,svm,700,opel,opel,1.3718593188235122
21,2,1,svm,721,saab,saab,0.7875622480406701
21,2,1,svm,723,opel,opel,0.012559864735921522
21,2,1,svm,725,van,van,1.0040351726114007
21,2,1,svm,732,van,van,0.5730849482073999
21,2,1,svm,741,bus,bus,1.1102596106887228
21,2,1,svm,751,van,van,0.3433081086582117
21,2,1,svm,770,bus,bus,1.5013176467184133
21,2,1,svm,777,bus,bus,2.7144630772688934
21,2,1,svm,783,saab,saab,0.18804848793389617
21,2,1,svm,785,bus,bus,1.5241238853629335
21,2,1,svm,794,bus,bus,0.6193348461941826
21,2,1,svm,796,opel,opel,0.2088333858019329
21,2,1,svm,799,bus,bus,1.9241950416627693
21,2,1,svm,810,opel,opel,1.7543177121465678
21,2,1,mlp,1,van,van,
21,2,1,mlp,21,van,opel,
21,2,1,mlp,31,saab,saab,
21,2,1,mlp,33,opel,opel,
21,2,1,mlp,35,van,van,
21,2,1,mlp,37,van,van,
21,2,1,mlp,48,van,van,
21,2,1,mlp,74,van,van,
21,2,1,mlp,75,opel,saab,
21,2,1,mlp,121,van,van,
21,2,1,mlp,142,opel,saab,
21,2,1,mlp,145,opel,saab,
21,2,1,mlp,168,bus,bus,
21,2,1,mlp,171,bus,bus,
21,2,1,mlp,175,bus,bus,
21,2,1,mlp,177,bus,van,
21,2,1,mlp,182,bus,bus,
21,2,1,mlp,184,saab,saab,
21,2,1,mlp,192,saab,opel,
21,2,1,mlp,208,bus,bus,
21,2,1,mlp,213,bus,bus,
21,2,1,mlp,219,van,van,
21,2,1,mlp,224,saab,van,
21,2,1,mlp,233,saab,opel,
21,2,1,mlp,269,van,van,
21,2,1,mlp,272,van,van,
21,2,1,mlp,299,bus,bus,
21,2,1,mlp,307,opel,saab,
21,2,1,mlp,320,saab,opel,
21,2,1,mlp,327,opel,saab,
21,2,1,mlp,341,opel,opel,
21,2,1,mlp,358,opel,opel,
21,2,1,mlp,360,saab,saab,
21,2,1,mlp,371,bus,bus,
21,2,1,mlp,377,saab,opel,
21,2,1,mlp,378,saab,opel,
21,2,1,mlp,383,opel,opel,
21,2,1,mlp,386,saab,opel,
21,2,1,mlp,387,van,van,
21,2,1,mlp,388,van,van,
21,2,1,mlp,405,bus,bus,
21,2,1,mlp,407,saab,saab,
21,2,1,mlp,409,saab,opel,
21,2,1,mlp,410,saab,saab,
21,2,1,mlp,412,bus,bus,
21,2,1,mlp,415,opel,opel,
21,2,1,mlp,419,saab,opel,
21,2,1,mlp,445,van,van,
21,2,1,mlp,460,van,van,
21,2,1,mlp,464,bus,bus,
21,2,1,mlp,467,opel,opel,
21,2,1,mlp,481,opel,opel,
21,2,1,mlp,488,opel,opel,
21,2,1,mlp,531,bus,bus,
21,2,1,mlp,544,bus,bus,
21,2,1,mlp,557,saab,saab,
21,2,1,mlp,566,saab,saab,
21,2,1,mlp,574,opel,opel,
21,2,1,mlp,581,van,van,
21,2,1,mlp,600,bus,bus,
21,2,1,mlp,610,opel,opel,
21,2,1,mlp,616,opel,van,
21,2,1,mlp,623,saab,saab,
21,2,1,mlp,635,van,van,
21,2,1,mlp,655,van,saab,
21,2,1,mlp,659,saab,opel,
21,2,1,mlp,667,saab,saab,
21,2,1,mlp,687,bus,bus,
21,2,1,mlp,689,saab,saab,
21,2,1,mlp,699,opel,saab,
21,2,1,mlp,700,opel,opel,
21,2,1,mlp,721,saab,saab,
21,2,1,mlp,723,opel,saab,
21,2,1,mlp,725,van,van,
21,2,1,mlp,732,van,van,
21,2,1,mlp,741,bus,bus,
21,2,1,mlp,751,van,van,
21,2,1,mlp,770,bus,bus,
21,2,1,mlp,777,bus,bus,
21,2,1,mlp,783,saab,saab,
21,2,1,mlp,785,bus,bus,
21,2,1,mlp,794,bus,bus,
21,2,1,mlp,796,opel,opel,
21,2,1,mlp,799,bus,bus,
21,2,1,mlp,810,opel,opel,
21,2,1,rbf,1,van,van,
21,2,1,rbf,21,van,van,
21,2,1,rbf,31,saab,van,
21,2,1,rbf,33,opel,saab,
21,2,1,rbf,35,van,van,
21,2,1,rbf,37,van,bus,
21,2,1,rbf,48,van,van,
21,2,1,rbf,74,van,van,
21,2,1,rbf,75,opel,saab,
21,2,1,rbf,121,van,van,
21,2,1,rbf,142,opel,opel,
21,2,1,rbf,145,opel,opel,
21,2,1,rbf,168,bus,bus,
21,2,1,rbf,171,bus,bus,
21,2,1,rbf,175,bus,bus,
21,2,1,rbf,177,bus,van,
21,2,1,rbf,182,bus,bus,
21,2,1,rbf,184,saab,saab,
21,2,1,rbf,192,saab,van,
21,2,1,rbf,208,bus,bus,
21,2,1,rbf,213,bus,bus,
21,2,1,rbf,219,van,van,
21,2,1,rbf,224,saab,bus,
21,2,1,rbf,233,saab,opel,
21,2,1,rbf,269,van,van,
21,2,1,rbf,272,van,van,
21,2,1,rbf,299,bus,bus,
21,2,1,rbf,307,opel,saab,
21,2,1,rbf,320,saab,opel,
21,2,1,rbf,327,opel,opel,
21,2,1,rbf,341,opel,bus,
21,2,1,rbf,358,opel,opel,
21,2,1,rbf,360,saab,saab,
21,2,1,rbf,371,bus,bus,
21,2,1,rbf,377,saab,van,
21,2,1,rbf,378,saab,opel,
21,2,1,rbf,383,opel,saab,
21,2,1,rbf,386,saab,saab,
21,2,1,rbf,387,van,van,
21,2,1,rbf,388,van,bus,
21,2,1,rbf,405,bus,bus,
21,2,1,rbf,407,saab,saab,
21,2,1,rbf,409,saab,opel,
21,2,1,rbf,410,saab,opel,
21,2,1,rbf,412,bus,bus,
21,2,1,rbf,415,opel,opel,
21,2,1,rbf,419,saab,saab,
21,2,1,rbf,445,van,van,
21,2,1,rbf,460,van,van,
21,2,1,rbf,464,bus,bus,
21,2,1,rbf,467,opel,opel,
21,2,1,rbf,481,opel,opel,
21,2,1,rbf,488,opel,opel,
21,2,1,rbf,531,bus,bus,
21,2,1,rbf,544,bus,van,
21,2,1,rbf,557,saab,bus,
21,2,1,rbf,566,saab,saab,
21,2,1,rbf,574,opel,saab,
21,2,1,rbf,581,van,van,
21,2,1,rbf,600,bus,bus,
21,2,1,rbf,610,opel,opel,
21,2,1,rbf,616,opel,van,
21,2,1,rbf,623,saab,saab,
21,2,1,rbf,635,van,van,
21,2,1,rbf,655,van,van,
21,2,1,rbf,659,saab,saab,
21,2,1,rbf,667,saab,saab,
21,2,1,rbf,687,bus,bus,
21,2,1,rbf,689,saab,saab,
21,2,1,rbf,699,opel,saab,
21,2,1,rbf,700,opel,saab,
21,2,1,rbf,721,saab,saab,
21,2,1,rbf,723,opel,saab,
21,2,1,rbf,725,van,van,
21,2,1,rbf,732,van,bus,
21,2,1,rbf,741,bus,bus,
21,2,1,rbf,751,van,van,
21,2,1,rbf,770,bus,bus,
21,2,1,rbf,777,bus,bus,
21,2,1,rbf,783,saab,opel,
21,2,1,rbf,785,bus,bus,
21,2,1,rbf,794,bus,bus,
21,2,1,rbf,796,opel,van,
21,2,1,rbf,799,bus,bus,
21,2,1,rbf,810,opel,opel,
21,2,1,svm_linear,1,van,van,
21,2,1,svm_linear,21,van,van,
21,2,1,svm_linear,31,saab,van,
21,2,1,svm_linear,33,opel,saab,
21,2,1,svm_linear,35,van,saab,
21,2,1,svm_linear,37,van,van,
21,2,1,svm_linear,48,van,van,
21,2,1,svm_linear,74,van,van,
21,2,1,svm_linear,75,opel,opel,
21,2,1,svm_linear,121,van,van,
21,2,1,svm_linear,142,opel,saab,
21,2,1,svm_linear,145,opel,opel,
21,2,1,svm_linear,168,bus,bus,
21,2,1,svm_linear,171,bus,bus,
21,2,1,svm_linear,175,bus,bus,
21,2,1,svm_linear,177,bus,bus,
21,2,1,svm_linear,182,bus,bus,
21,2,1,svm_linear,184,saab,saab,
21,2,1,svm_linear,192,saab,saab,
21,2,1,svm_linear,208,bus,bus,
21,2,1,svm_linear,213,bus,bus,
21,2,1,svm_linear,219,van,van,
21,2,1,svm_linear,224,saab,saab,
21,2,1,svm_linear,233,saab,opel,
21,2,1,svm_linear,269,van,van,
21,2,1,svm_linear,272,van,van,
21,2,1,svm_linear,299,bus,bus,
21,2,1,svm_linear,307,opel,opel,
21,2,1,svm_linear,320,saab,saab,
21,2,1,svm_linear,327,opel,opel,
21,2,1,svm_linear,341,opel,saab,
21,2,1,svm_linear,358,opel,opel,
21,2,1,svm_linear,360,saab,saab,
21,2,1,svm_linear,371,bus,bus,
21,2,1,svm_linear,377,saab,opel,
21,2,1,svm_linear,378,saab,opel,
21,2,1,svm_linear,383,opel,opel,
21,2,1,svm_linear,386,saab,saab,
21,2,1,svm_linear,387,van,van,
21,2,1,svm_linear,388,van,van,
21,2,1,svm_linear,405,bus,bus,
21,2,1,svm_linear,407,saab,saab,
21,2,1,svm_linear,409,saab,opel,
21,2,1,svm_linear,410,saab,opel,
21,2,1,svm_linear,412,bus,bus,
21,2,1,svm_linear,415,opel,opel,
21,2,1,svm_linear,419,saab,saab,
21,2,1,svm_linear,445,van,van,
21,2,1,svm_linear,460,van,van,
21,2,1,svm_linear,464,bus,bus,
21,2,1,svm_linear,467,opel,opel,
21,2,1,svm_linear,481,opel,opel,
21,2,1,svm_linear,488,opel,opel,
21,2,1,svm_linear,531,bus,opel,
21,2,1,svm_linear,544,bus,bus,
21,2,1,svm_linear,557,saab,bus,
21,2,1,svm_linear,566,saab,saab,
21,2,1,svm_linear,574,opel,opel,
21,2,1,svm_linear,581,van,van,
21,2,1,svm_linear,600,bus,bus,
21,2,1,svm_linear,610,opel,opel,
21,2,1,svm_linear,616,opel,van,
21,2,1,svm_linear,623,saab,saab,
21,2,1,svm_linear,635,van,van,
21,2,1,svm_linear,655,van,saab,
21,2,1,svm_linear,659,saab,saab,
21,2,1,svm_linear,667,saab,saab,
21,2,1,svm_linear,687,bus,opel,
21,2,1,svm_linear,689,saab,saab,
21,2,1,svm_linear,699,opel,saab,
21,2,1,svm_linear,700,opel,opel,
21,2,1,svm_linear,721,saab,saab,
21,2,1,svm_linear,723,opel,saab,
21,2,1,svm_linear,725,van,van,
21,2,1,svm_linear,732,van,van,
21,2,1,svm_linear,741,bus,bus,
21,2,1,svm_linear,751,van,van,
21,2,1,svm_linear,770,bus,bus,
21,2,1,svm_linear,777,bus,bus,
21,2,1,svm_linear,783,saab,saab,
21,2,1,svm_linear,785,bus,bus,
21,2,1,svm_linear,794,bus,bus,
21,2,1,svm_linear,796,opel,opel,
21,2,1,svm_linear,799,bus,bus,
21,2,1,svm_linear,810,opel,opel,
21,2,1,svm_unscaled,1,van,van,
21,2,1,svm_unscaled,21,van,van,
21,2,1,svm_unscaled,31,saab,van,
21,2,1,svm_unscaled,33,opel,saab,
21,2,1,svm_unscaled,35,van,van,
21,2,1,svm_unscaled,37,van,van,
21,2,1,svm_unscaled,48,van,van,
21,2,1,svm_unscaled,74,van,van,
21,2,1,svm_unscaled,75,opel,saab,
21,2,1,svm_unscaled,121,van,van,
21,2,1,svm_unscaled,142,opel,saab,
21,2,1,svm_unscaled,145,opel,opel,
21,2,1,svm_unscaled,168,bus,bus,
21,2,1,svm_unscaled,171,bus,bus,
21,2,1,svm_unscaled,175,bus,bus,
21,2,1,svm_unscaled,177,bus,van,
21,2,1,svm_unscaled,182,bus,bus,
21,2,1,svm_unscaled,184,saab,saab,
21,2,1,svm_unscaled,192,saab,saab,
21,2,1,svm_unscaled,208,bus,bus,
21,2,1,svm_unscaled,213,bus,bus,
21,2,1,svm_unscaled,219,van,van,
21,2,1,svm_unscaled,224,saab,opel,
21,2,1,svm_unscaled,233,saab,opel,
21,2,1,svm_unscaled,269,van,van,
21,2,1,svm_unscaled,272,van,van,
21,2,1,svm_unscaled,299,bus,bus,
21,2,1,svm_unscaled,307,opel,saab,
21,2,1,svm_unscaled,320,saab,opel,
21,2,1,svm_unscaled,327,opel,opel,
21,2,1,svm_unscaled,341,opel,saab,
21,2,1,svm_unscaled,358,opel,opel,
21,2,1,svm_unscaled,360,saab,saab,
21,2,1,svm_unscaled,371,bus,bus,
21,2,1,svm_unscaled,377,saab,van,
21,2,1,svm_unscaled,378,saab,opel,
21,2,1,svm_unscaled,383,opel,opel,
21,2,1,svm_unscaled,386,saab,saab,
21,2,1,svm_unscaled,387,van,van,
21,2,1,svm_unscaled,388,van,van,
21,2,1,svm_unscaled,405,bus,bus,
21,2,1,svm_unscaled,407,saab,saab,
21,2,1,svm_unscaled,409,saab,opel,
21,2,1,svm_unscaled,410,saab,opel,
21,2,1,svm_unscaled,412,bus,bus,
21,2,1,svm_unscaled,415,opel,opel,
21,2,1,svm_unscaled,419,saab,opel,
21,2,1,svm_unscaled,445,van,van,
21,2,1,svm_unscaled,460,van,van,
21,2,1,svm_unscaled,464,bus,bus,
21,2,1,svm_unscaled,467,opel,opel,
21,2,1,svm_unscaled,481,opel,opel,
21,2,1,svm_unscaled,488,opel,opel,
21,2,1,svm_unscaled,531,bus,bus,
21,2,1,svm_unscaled,544,bus,bus,
21,2,1,svm_unscaled,557,saab,saab,
21,2,1,svm_unscaled,566,saab,saab,
21,2,1,svm_unscaled,574,opel,saab,
21,2,1,svm_unscaled,581,van,van,
21,2,1,svm_unscaled,600,bus,bus,
21,2,1,svm_unscaled,610,opel,opel,
21,2,1,svm_unscaled,616,opel,van,
21,2,1,svm_unscaled,623,saab,saab,
21,2,1,svm_unscaled,635,van,van,
21,2,1,svm_unscaled,655,van,van,
21,2,1,svm_unscaled,659,saab,opel,
21,2,1,svm_unscaled,667,saab,saab,
21,2,1,svm_unscaled,687,bus,bus,
21,2,1,svm_unscaled,689,saab,saab,
21,2,1,svm_unscaled,699,opel,saab,
21,2,1,svm_unscaled,700,opel,opel,
21,2,1,svm_unscaled,721,saab,saab,
21,2,1,svm_unscaled,723,opel,saab,
21,2,1,svm_unscaled,725,van,van,
21,2,1,svm_unscaled,732,van,van,
21,2,1,svm_unscaled,741,bus,bus,
21,2,1,svm_unscaled,751,van,van,
21,2,1,svm_unscaled,770,bus,bus,
21,2,1,svm_unscaled,777,bus,bus,
21,2,1,svm_unscaled,783,saab,saab,
21,2,1,svm_unscaled,785,bus,bus,
21,2,1,svm_unscaled,794,bus,bus,
21,2,1,svm_unscaled,796,opel,van,
21,2,1,svm_unscaled,799,bus,bus,
21,2,1,svm_unscaled,810,opel,opel,
22,2,2,centroid,6,bus,van,
22,2,2,centroid,18,saab,opel,
22,2,2,centroid,55,van,van,
22,2,2,centroid,76,saab,bus,
22,2,2,centroid,77,saab,bus,
22,2,2,centroid,82,van,van,
22,2,2,centroid,104,bus,opel,
22,2,2,centroid,112,opel,van,
22,2,2,centroid,117,saab,opel,
22,2,2,centroid,129,bus,opel,
22,2,2,centroid,130,saab,opel,
22,2,2,centroid,149,van,van,
22,2,2,centroid,160,opel,van,
22,2,2,centroid,191,van,van,
22,2,2,centroid,194,saab,saab,
22,2,2,centroid,196,saab,opel,
22,2,2,centroid,199,bus,bus,
22,2,2,centroid,204,van,van,
22,2,2,centroid,210,opel,saab,
22,2,2,centroid,211,van,van,
22,2,2,centroid,242,bus,van,
22,2,2,centroid,250,van,van,
22,2,2,centroid,267,saab,saab,
22,2,2,centroid,279,bus,van,
22,2,2,centroid,282,bus,bus,
22,2,2,centroid,284,van,van,
22,2,2,centroid,290,van,van,
22,2,2,centroid,293,van,van,
22,2,2,centroid,301,opel,van,
22,2,2,centroid,310,saab,opel,
22,2,2,centroid,312,bus,van,
22,2,2,centroid,348,van,van,
22,2,2,centroid,366,van,bus,
22,2,2,centroid,375,bus,opel,
22,2,2,centroid,406,opel,van,
22,2,2,centroid,411,opel,van,
22,2,2,centroid,414,van,van,
22,2,2,centroid,428,saab,opel,
22,2,2,centroid,431,bus,opel,
22,2,2,centroid,438,opel,opel,
22,2,2,centroid,440,saab,opel,
22,2,2,centroid,444,bus,opel,
22,2,2,centroid,446,saab,opel,
22,2,2,centroid,451,opel,van,
22,2,2,centroid,455,bus,bus,
22,2,2,centroid,473,opel,opel,
22,2,2,centroid,490,saab,opel,
22,2,2,centroid,507,opel,van,
22,2,2,centroid,515,opel,van,
22,2,2,centroid,517,saab,opel,
22,2,2,centroid,540,bus,bus,
22,2,2,centroid,580,bus,van,
22,2,2,centroid,593,saab,van,
22,2,2,centroid,604,opel,saab,
22,2,2,centroid,613,bus,van,
22,2,2,centroid,617,van,van,
22,2,2,centroid,631,opel,opel,
22,2,2,centroid,647,saab,van,
22,2,2,centroid,652,opel,saab,
22,2,2,centroid,656,bus,van,
22,2,2,centroid,660,van,van,
22,2,2,centroid,662,saab,van,
22,2,2,centroid,686,opel,van,
22,2,2,centroid,697,bus,van,
22,2,2,centroid,703,van,van,
22,2,2,centroid,708,van,bus,
22,2,2,centroid,710,bus,opel,
22,2,2,centroid,712,saab,opel,
22,2,2,centroid,717,bus,saab,
22,2,2,centroid,720,opel,saab,
22,2,2,centroid,733,bus,opel,
22,2,2,centroid,747,bus,van,
22,2,2,centroid,756,saab,opel,
22,2,2,centroid,758,bus,bus,
22,2,2,centroid,764,saab,opel,
22,2,2,centroid,776,saab,opel,
22,2,2,centroid,789,saab,bus,
22,2,2,centroid,800,van,van,
22,2,2,centroid,802,opel,saab,
22,2,2,centroid,816,van,bus,
22,2,2,centroid,821,opel,opel,
22,2,2,centroid,822,van,van,
22,2,2,centroid,823,opel,opel,
22,2,2,centroid,824,opel,opel,
22,2,2,centroid,826,opel,opel,
22,2,2,knn,6,bus,bus,
22,2,2,knn,18,saab,opel,
22,2,2,knn,55,van,van,
22,2,2,knn,76,saab,opel,
22,2,2,knn,77,saab,bus,
22,2,2,knn,82,van,van,
22,2,2,knn,104,bus,bus,
22,2,2,knn,112,opel,opel,
22,2,2,knn,117,saab,saab,
22,2,2,knn,129,bus,opel,
22,2,2,knn,130,saab,saab,
22,2,2,knn,149,van,bus,
22,2,2,knn,160,opel,saab,
22,2,2,knn,191,van,van,
22,2,2,knn,194,saab,saab,
22,2,2,knn,196,saab,opel,
22,2,2,knn,199,bus,bus,
22,2,2,knn,204,van,van,
22,2,2,knn,210,opel,saab,
22,2,2,knn,211,van,opel,
22,2,2,knn,242,bus,bus,
22,2,2,knn,250,van,van,
22,2,2,knn,267,saab,opel,
22,2,2,knn,279,bus,bus,
22,2,2,knn,282,bus,bus,
22,2,2,knn,284,van,van,
22,2,2,knn,290,van,van,
22,2,2,knn,293,van,opel,
22,2,2,knn,301,opel,saab,
22,2,2,knn,310,saab,bus,
22,2,2,knn,312,bus,bus,
22,2,2,knn,348,van,van,
22,2,2,knn,366,van,van,
22,2,2,knn,375,bus,bus,
22,2,2,knn,406,opel,opel,
22,2,2,knn,411,opel,opel,
22,2,2,knn,414,van,van,
22,2,2,knn,428,saab,saab,
22,2,2,knn,431,bus,opel,
22,2,2,knn,438,opel,saab,
22,2,2,knn,440,saab,opel,
22,2,2,knn,444,bus,bus,
22,2,2,knn,446,saab,opel,
22,2,2,knn,451,opel,saab,
22,2,2,knn,455,bus,bus,
22,2,2,knn,473,opel,saab,
22,2,2,knn,490,saab,saab,
22,2,2,knn,507,opel,saab,
22,2,2,knn,515,opel,opel,
22,2,2,knn,517,saab,saab,
22,2,2,knn,540,bus,bus,
22,2,2,knn,580,bus,bus,
22,2,2,knn,593,saab,saab,
22,2,2,knn,604,opel,saab,
22,2,2,knn,613,bus,bus,
22,2,2,knn,617,van,van,
22,2,2,knn,631,opel,opel,
22,2,2,knn,647,saab,saab,
22,2,2,knn,652,opel,opel,
22,2,2,knn,656,bus,bus,
22,2,2,knn,660,van,van,
22,2,2,knn,662,saab,opel,
22,2,2,knn,686,opel,van,
22,2,2,knn,697,bus,bus,
22,2,2,knn,703,van,opel,
22,2,2,knn,708,van,van,
22,2,2,knn,710,bus,bus,
22,2,2,knn,712,saab,saab,
22,2,2,knn,717,bus,bus,
22,2,2,knn,720,opel,saab,
22,2,2,knn,733,bus,bus,
22,2,2,knn,747,bus,bus,
22,2,2,knn,756,saab,opel,
22,2,2,knn,758,bus,bus,
22,2,2,knn,764,saab,opel,
22,2,2,knn,776,saab,opel,
22,2,2,knn,789,saab,saab,
22,2,2,knn,800,van,van,
22,2,2,knn,802,opel,opel,
22,2,2,knn,816,van,van,
22,2,2,knn,821,opel,opel,
22,2,2,knn,822,van,van,
22,2,2,knn,823,opel,opel,
22,2,2,knn,824,opel,opel,
22,2,2,knn,826,opel,saab,
22,2,2,svm,6,bus,bus,0.2792301865693281
22,2,2,svm,18,saab,saab,0.7471186160771373
22,2,2,svm,55,van,van,1.8518753646403332
22,2,2,svm,76,saab,saab,0.14908088895616967
22,2,2,svm,77,saab,bus,0.6008365433422576
22,2,2,svm,82,van,van,1.4099615629270246
22,2,2,svm,104,bus,bus,2.40423748333588
22,2,2,svm,112,opel,opel,1.3190312789087608
22,2,2,svm,117,saab,saab,0.9824240196698696
22,2,2,svm,129,bus,bus,0.48851376710245287
22,2,2,svm,130,saab,saab,1.6486049079161056
22,2,2,svm,149,van,van,0.44852862654033887
22,2,2,svm,160,opel,opel,0.1409554725983293
22,2,2,svm,191,van,van,0.5547428956902798
22,2,2,svm,194,saab,saab,1.827518341249962
22,2,2,svm,196,saab,opel,0.40831523167627015
22,2,2,svm,199,bus,bus,1.3822641830102818
22,2,2,svm,204,van,van,2.300190398240788
22,2,2,svm,210,opel,opel,0.21641639168657267
22,2,2,svm,211,van,van,0.6092071864711861
22,2,2,svm,242,bus,bus,0.8673937092123118
22,2,2,svm,250,van,van,1.6899395597060347
22,2,2,svm,267,saab,saab,1.226383379050552
22,2,2,svm,279,bus,bus,1.8803125787965378
22,2,2,svm,282,bus,bus,1.0840334396018592
22,2,2,svm,284,van,van,1.6062909286023568
22,2,2,svm,290,van,van,1.4179333957569908
22,2,2,svm,293,van,van,0.13436578950694555
22,2,2,svm,301,opel,saab,0.4332896502017496
22,2,2,svm,310,saab,opel,1.5228286175343806
22,2,2,svm,312,bus,bus,0.5544278986854358
22,2,2,svm,348,van,van,1.8459960974691554
22,2,2,svm,366,van,van,2.3189913000849796
22,2,2,svm,375,bus,bus,2.954794550015456
22,2,2,svm,406,opel,opel,1.4186810824173302
22,2,2,svm,411,opel,opel,0.4782190055926998
22,2,2,svm,414,van,van,1.1022656537119153
22,2,2,svm,428,saab,saab,1.9164272615830305
22,2,2,svm,431,bus,bus,2.514628238867818
22,2,2,svm,438,opel,opel,0.9007094572209917
22,2,2,svm,440,saab,opel,0.0007599740743140515
22,2,2,svm,444,bus,bus,1.817318396612709
22,2,2,svm,446,saab,saab,0.287485917789815
22,2,2,svm,451,opel,saab,1.285802467612732
22,2,2,svm,455,bus,bus,1.9411849918685142
22,2,2,svm,473,opel,opel,1.5047358316577624
22,2,2,svm,490,saab,saab,0.877458266340482
22,2,2,svm,507,opel,saab,1.349758815954167
22,2,2,svm,515,opel,opel,0.13690511860206644
22,2,2,svm,517,saab,saab,1.7619106073035966
22,2,2,svm,540,bus,bus,2.612654675510806
22,2,2,svm,580,bus,bus,1.455476928596048
22,2,2,svm,593,saab,saab,0.1300829537787882
22,2,2,svm,604,opel,saab,0.520478550732455
22,2,2,svm,613,bus,bus,1.2554379277101795
22,2,2,svm,617,van,van,0.266833062772848
22,2,2,svm,631,opel,opel,0.8756726724952708
22,2,2,svm,647,saab,saab,0.8098200319617979
22,2,2,svm,652,opel,opel,0.4750629594297857
22,2,2,svm,656,bus,bus,1.2360492378768733
22,2,2,svm,660,van,van,1.271051700085836
22,2,2,svm,662,saab,opel,0.35220413025346264
22,2,2,svm,686,opel,van,0.3415691446916238
22,2,2,svm,697,bus,bus,2.5520597051420886
22,2,2,svm,703,van,van,1.4143548975635567
22,2,2,svm,708,van,van,2.4198334662996484
22,2,2,svm,710,bus,bus,1.473786811511463
22,2,2,svm,712,saab,saab,1.2417580878939622
22,2,2,svm,717,bus,bus,2.2809275244810188
22,2,2,svm,720,opel,saab,0.933488560529617
22,2,2,svm,733,bus,bus,1.5947208852358368
22,2,2,svm,747,bus,bus,0.543554441090385
22,2,2,svm,756,saab,opel,0.7539090128624375
22,2,2,svm,758,bus,bus,1.7964227221789266
22,2,2,svm,764,saab,saab,0.2027040648488443
22,2,2,svm,776,saab,saab,0.00917179006439195
22,2,2,svm,789,saab,saab,0.9425980628126274
22,2,2,svm,800,van,van,0.6476297090151788
22,2,2,svm,802,opel,saab,0.14280021122504305
22,2,2,svm,816,van,van,2.4435629260500185
22,2,2,svm,821,opel,opel,0.5654610021908875
22,2,2,svm,822,van,van,1.5273278115759985
22,2,2,svm,823,opel,opel,0.08108480955942188
22,2,2,svm,824,opel,opel,0.22769223339993605
22,2,2,svm,826,opel,opel,0.598874933449971
22,2,2,mlp,6,bus,bus,
22,2,2,mlp,18,saab,opel,
22,2,2,mlp,55,van,van,
22,2,2,mlp,76,saab,opel,
22,2,2,mlp,77,saab,bus,
22,2,2,mlp,82,van,van,
22,2,2,mlp,104,bus,bus,
22,2,2,mlp,112,opel,opel,
22,2,2,mlp,117,saab,saab,
22,2,2,mlp,129,bus,bus,
22,2,2,mlp,130,saab,saab,
22,2,2,mlp,149,van,van,
22,2,2,mlp,160,opel,bus,
22,2,2,mlp,191,van,van,
22,2,2,mlp,194,saab,saab,
22,2,2,mlp,196,saab,saab,
22,2,2,mlp,199,bus,bus,
22,2,2,mlp,204,van,van,
22,2,2,mlp,210,opel,saab,
22,2,2,mlp,211,van,van,
22,2,2,mlp,242,bus,bus,
22,2,2,mlp,250,van,van,
22,2,2,mlp,267,saab,saab,
22,2,2,mlp,279,bus,bus,
22,2,2,mlp,282,bus,bus,
22,2,2,mlp,284,van,van,
22,2,2,mlp,290,van,van,
22,2,2,mlp,293,van,van,
22,2,2,mlp,301,opel,saab,
22,2,2,mlp,310,saab,opel,
22,2,2,mlp,312,bus,opel,
22,2,2,mlp,348,van,van,
22,2,2,mlp,366,van,van,
22,2,2,mlp,375,bus,bus,
22,2,2,mlp,406,opel,opel,
22,2,2,mlp,411,opel,saab,
22,2,2,mlp,414,van,van,
22,2,2,mlp,428,saab,saab,
22,2,2,mlp,431,bus,bus,
22,2,2,mlp,438,opel,opel,
22,2,2,mlp,440,saab,opel,
22,2,2,mlp,444,bus,bus,
22,2,2,mlp,446,saab,saab,
22,2,2,mlp,451,opel,saab,
22,2,2,mlp,455,bus,bus,
22,2,2,mlp,473,opel,opel,
22,2,2,mlp,490,saab,saab,
22,2,2,mlp,507,opel,saab,
22,2,2,mlp,515,opel,bus,
22,2,2,mlp,517,saab,saab,
22,2,2,mlp,540,bus,bus,
22,2,2,mlp,580,bus,bus,
22,2,2,mlp,593,saab,saab,
22,2,2,mlp,604,opel,saab,
22,2,2,mlp,613,bus,bus,
22,2,2,mlp,617,van,van,
22,2,2,mlp,631,opel,saab,
22,2,2,mlp,647,saab,saab,
22,2,2,mlp,652,opel,saab,
22,2,2,mlp,656,bus,bus,
22,2,2,mlp,660,van,van,
22,2,2,mlp,662,saab,saab,
22,2,2,mlp,686,opel,van,
22,2,2,mlp,697,bus,bus,
22,2,2,mlp,703,van,van,
22,2,2,mlp,708,van,van,
22,2,2,mlp,710,bus,bus,
22,2,2,mlp,712,saab,saab,
22,2,2,mlp,717,bus,bus,
22,2,2,mlp,720,opel,saab,
22,2,2,mlp,733,bus,bus,
22,2,2,mlp,747,bus,bus,
22,2,2,mlp,756,saab,opel,
22,2,2,mlp,758,bus,bus,
22,2,2,mlp,764,saab,opel,
22,2,2,mlp,776,saab,saab,
22,2,2,mlp,789,saab,saab,
22,2,2,mlp,800,van,van,
22,2,2,mlp,802,opel,opel,
22,2,2,mlp,816,van,van,
22,2,2,mlp,821,opel,opel,
22,2,2,mlp,822,van,van,
22,2,2,mlp,823,opel,saab,
22,2,2,mlp,824,opel,opel,
22,2,2,mlp,826,opel,opel,
22,2,2,rbf,6,bus,bus,
22,2,2,rbf,18,saab,opel,
22,2,2,rbf,55,van,van,
22,2,2,rbf,76,saab,saab,
22,2,2,rbf,77,saab,bus,
22,2,2,rbf,82,van,van,
22,2,2,rbf,104,bus,bus,
22,2,2,rbf,112,opel,opel,
22,2,2,rbf,117,saab,saab,
22,2,2,rbf,129,bus,bus,
22,2,2,rbf,130,saab,saab,
22,2,2,rbf,149,van,van,
22,2,2,rbf,160,opel,bus,
22,2,2,rbf,191,van,van,
22,2,2,rbf,194,saab,saab,
22,2,2,rbf,196,saab,saab,
22,2,2,rbf,199,bus,bus,
22,2,2,rbf,204,van,van,
22,2,2,rbf,210,opel,saab,
22,2,2,rbf,211,van,van,
22,2,2,rbf,242,bus,bus,
22,2,2,rbf,250,van,van,
22,2,2,rbf,267,saab,saab,
22,2,2,rbf,279,bus,bus,
22,2,2,rbf,282,bus,bus,
22,2,2,rbf,284,van,van,
22,2,2,rbf,290,van,van,
22,2,2,rbf,293,van,van,
22,2,2,rbf,301,opel,opel,
22,2,2,rbf,310,saab,opel,
22,2,2,rbf,312,bus,bus,
22,2,2,rbf,348,van,van,
22,2,2,rbf,366,van,van,
22,2,2,rbf,375,bus,bus,
22,2,2,rbf,406,opel,opel,
22,2,2,rbf,411,opel,opel,
22,2,2,rbf,414,van,van,
22,2,2,rbf,428,saab,saab,
22,2,2,rbf,431,bus,bus,
22,2,2,rbf,438,opel,opel,
22,2,2,rbf,440,saab,opel,
22,2,2,rbf,444,bus,bus,
22,2,2,rbf,446,saab,saab,
22,2,2,rbf,451,opel,opel,
22,2,2,rbf,455,bus,bus,
22,2,2,rbf,473,opel,saab,
22,2,2,rbf,490,saab,saab,
22,2,2,rbf,507,opel,saab,
22,2,2,rbf,515,opel,bus,
22,2,2,rbf,517,saab,saab,
22,2,2,rbf,540,bus,bus,
22,2,2,rbf,580,bus,bus,
22,2,2,rbf,593,saab,van,
22,2,2,rbf,604,opel,opel,
22,2,2,rbf,613,bus,bus,
22,2,2,rbf,617,van,van,
22,2,2,rbf,631,opel,opel,
22,2,2,rbf,647,saab,opel,
22,2,2,rbf,652,opel,bus,
22,2,2,rbf,656,bus,bus,
22,2,2,rbf,660,van,van,
22,2,2,rbf,662,saab,bus,
22,2,2,rbf,686,opel,van,
22,2,2,rbf,697,bus,bus,
22,2,2,rbf,703,van,van,
22,2,2,rbf,708,van,van,
22,2,2,rbf,710,bus,bus,
22,2,2,rbf,712,saab,saab,
22,2,2,rbf,717,bus,bus,
22,2,2,rbf,720,opel,saab,
22,2,2,rbf,733,bus,bus,
22,2,2,rbf,747,bus,bus,
22,2,2,rbf,756,saab,opel,
22,2,2,rbf,758,bus,bus,
22,2,2,rbf,764,saab,opel,
22,2,2,rbf,776,saab,saab,
22,2,2,rbf,789,saab,opel,
22,2,2,rbf,800,van,van,
22,2,2,rbf,802,opel,opel,
22,2,2,rbf,816,van,van,
22,2,2,rbf,821,opel,opel,
22,2,2,rbf,822,van,van,
22,2,2,rbf,823,opel,saab,
22,2,2,rbf,824,opel,opel,
22,2,2,rbf,826,opel,opel,
22,2,2,svm_linear,6,bus,bus,
22,2,2,svm_linear,18,saab,saab,
22,2,2,svm_linear,55,van,van,
22,2,2,svm_linear,76,saab,saab,
22,2,2,svm_linear,77,saab,bus,
22,2,2,svm_linear,82,van,van,
22,2,2,svm_linear,104,bus,bus,
22,2,2,svm_linear,112,opel,opel,
22,2,2,svm_linear,117,saab,saab,
22,2,2,svm_linear,129,bus,bus,
22,2,2,svm_linear,130,saab,saab,
22,2,2,svm_linear,149,van,van,
22,2,2,svm_linear,160,opel,saab,
22,2,2,svm_linear,191,van,van,
22,2,2,svm_linear,194,saab,saab,
22,2,2,svm_linear,196,saab,opel,
22,2,2,svm_linear,199,bus,bus,
22,2,2,svm_linear,204,van,van,
22,2,2,svm_linear,210,opel,opel,
22,2,2,svm_linear,211,van,van,
22,2,2,svm_linear,242,bus,bus,
22,2,2,svm_linear,250,van,van,
22,2,2,svm_linear,267,saab,saab,
22,2,2,svm_linear,279,bus,bus,
22,2,2,svm_linear,282,bus,bus,
22,2,2,svm_linear,284,van,van,
22,2,2,svm_linear,290,van,van,
22,2,2,svm_linear,293,van,van,
22,2,2,svm_linear,301,opel,opel,
22,2,2,svm_linear,310,saab,opel,
22,2,2,svm_linear,312,bus,bus,
22,2,2,svm_linear,348,van,van,
22,2,2,svm_linear,366,van,van,
22,2,2,svm_linear,375,bus,bus,
22,2,2,svm_linear,406,opel,saab,
22,2,2,svm_linear,411,opel,opel,
22,2,2,svm_linear,414,van,van,
22,2,2,svm_linear,428,saab,saab,
22,2,2,svm_linear,431,bus,bus,
22,2,2,svm_linear,438,opel,opel,
22,2,2,svm_linear,440,saab,opel,
22,2,2,svm_linear,444,bus,bus,
22,2,2,svm_linear,446,saab,saab,
22,2,2,svm_linear,451,opel,saab,
22,2,2,svm_linear,455,bus,bus,
22,2,2,svm_linear,473,opel,opel,
22,2,2,svm_linear,490,saab,saab,
22,2,2,svm_linear,507,opel,saab,
22,2,2,svm_linear,515,opel,saab,
22,2,2,svm_linear,517,saab,saab,
22,2,2,svm_linear,540,bus,bus,
22,2,2,svm_linear,580,bus,bus,
22,2,2,svm_linear,593,saab,saab,
22,2,2,svm_linear,604,opel,saab,
22,2,2,svm_linear,613,bus,bus,
22,2,2,svm_linear,617,van,van,
22,2,2,svm_linear,631,opel,opel,
22,2,2,svm_linear,647,saab,opel,
22,2,2,svm_linear,652,opel,saab,
22,2,2,svm_linear,656,bus,bus,
22,2,2,svm_linear,660,van,van,
22,2,2,svm_linear,662,saab,saab,
22,2,2,svm_linear,686,opel,opel,
22,2,2,svm_linear,697,bus,bus,
22,2,2,svm_linear,703,van,van,
22,2,2,svm_linear,708,van,van,
22,2,2,svm_linear,710,bus,bus,
22,2,2,svm_linear,712,saab,saab,
22,2,2,svm_linear,717,bus,bus,
22,2,2,svm_linear,720,opel,saab,
22,2,2,svm_linear,733,bus,bus,
22,2,2,svm_linear,747,bus,opel,
22,2,2,svm_linear,756,saab,opel,
22,2,2,svm_linear,758,bus,bus,
22,2,2,svm_linear,764,saab,saab,
22,2,2,svm_linear,776,saab,saab,
22,2,2,svm_linear,789,saab,saab,
22,2,2,svm_linear,800,van,van,
22,2,2,svm_linear,802,opel,opel,
22,2,2,svm_linear,816,van,van,
22,2,2,svm_linear,821,opel,opel,
22,2,2,svm_linear,822,van,van,
22,2,2,svm_linear,823,opel,opel,
22,2,2,svm_linear,824,opel,opel,
22,2,2,svm_linear,826,opel,opel,
22,2,2,svm_unscaled,6,bus,bus,
22,2,2,svm_unscaled,18,saab,opel,
22,2,2,svm_unscaled,55,van,van,
22,2,2,svm_unscaled,76,saab,saab,
22,2,2,svm_unscaled,77,saab,bus,
22,2,2,svm_unscaled,82,van,van,
22,2,2,svm_unscaled,104,bus,bus,
22,2,2,svm_unscaled,112,opel,opel,
22,2,2,svm_unscaled,117,saab,saab,
22,2,2,svm_unscaled,129,bus,bus,
22,2,2,svm_unscaled,130,saab,saab,
22,2,2,svm_unscaled,149,van,van,
22,2,2,svm_unscaled,160,opel,bus,
22,2,2,svm_unscaled,191,van,van,
22,2,2,svm_unscaled,194,saab,saab,
22,2,2,svm_unscaled,196,saab,opel,
22,2,2,svm_unscaled,199,bus,bus,
22,2,2,svm_unscaled,204,van,van,
22,2,2,svm_unscaled,210,opel,saab,
22,2,2,svm_unscaled,211,van,van,
22,2,2,svm_unscaled,242,bus,bus,
22,2,2,svm_unscaled,250,van,van,
22,2,2,svm_unscaled,267,saab,saab,
22,2,2,svm_unscaled,279,bus,bus,
22,2,2,svm_unscaled,282,bus,bus,
22,2,2,svm_unscaled,284,van,van,
22,2,2,svm_unscaled,290,van,van,
22,2,2,svm_unscaled,293,van,van,
22,2,2,svm_unscaled,301,opel,saab,
22,2,2,svm_unscaled,310,saab,opel,
22,2,2,svm_unscaled,312,bus,bus,
22,2,2,svm_unscaled,348,van,van,
22,2,2,svm_unscaled,366,van,van,
22,2,2,svm_unscaled,375,bus,bus,
22,2,2,svm_unscaled,406,opel,saab,
22,2,2,svm_unscaled,411,opel,saab,
22,2,2,svm_unscaled,414,van,van,
22,2,2,svm_unscaled,428,saab,saab,
22,2,2,svm_unscaled,431,bus,bus,
22,2,2,svm_unscaled,438,opel,opel,
22,2,2,svm_unscaled,440,saab,saab,
22,2,2,svm_unscaled,444,bus,bus,
22,2,2,svm_unscaled,446,saab,saab,
22,2,2,svm_unscaled,451,opel,saab,
22,2,2,svm_unscaled,455,bus,bus,
22,2,2,svm_unscaled,473,opel,opel,
22,2,2,svm_unscaled,490,saab,saab,
22,2,2,svm_unscaled,507,opel,saab,
22,2,2,svm_unscaled,515,opel,saab,
22,2,2,svm_unscaled,517,saab,saab,
22,2,2,svm_unscaled,540,bus,bus,
22,2,2,svm_unscaled,580,bus,bus,
22,2,2,svm_unscaled,593,saab,van,
22,2,2,svm_unscaled,604,opel,opel,
22,2,2,svm_unscaled,613,bus,bus,
22,2,2,svm_unscaled,617,van,saab,
22,2,2,svm_unscaled,631,opel,opel,
22,2,2,svm_unscaled,647,saab,saab,
22,2,2,svm_unscaled,652,opel,saab,
22,2,2,svm_unscaled,656,bus,bus,
22,2,2,svm_unscaled,660,van,van,
22,2,2,svm_unscaled,662,saab,saab,
22,2,2,svm_unscaled,686,opel,van,
22,2,2,svm_unscaled,697,bus,bus,
22,2,2,svm_unscaled,703,van,van,
22,2,2,svm_unscaled,708,van,van,
22,2,2,svm_unscaled,710,bus,bus,
22,2,2,svm_unscaled,712,saab,saab,
22,2,2,svm_unscaled,717,bus,bus,
22,2,2,svm_unscaled,720,opel,saab,
22,2,2,svm_unscaled,733,bus,bus,
22,2,2,svm_unscaled,747,bus,bus,
22,2,2,svm_unscaled,756,saab,opel,
22,2,2,svm_unscaled,758,bus,bus,
22,2,2,svm_unscaled,764,saab,opel,
22,2,2,svm_unscaled,776,saab,saab,
22,2,2,svm_unscaled,789,saab,saab,
22,2,2,svm_unscaled,800,van,van,
22,2,2,svm_unscaled,802,opel,saab,
22,2,2,svm_unscaled,816,van,van,
22,2,2,svm_unscaled,821,opel,opel,
22,2,2,svm_unscaled,822,van,van,
22,2,2,svm_unscaled,823,opel,saab,
22,2,2,svm_unscaled,824,opel,opel,
22,2,2,svm_unscaled,826,opel,opel,
23,2,3,centroid,10,van,van,
23,2,3,centroid,41,van,van,
23,2,3,centroid,51,saab,van,
23,2,3,centroid,52,opel,opel,
23,2,3,centroid,53,bus,van,
23,2,3,centroid,64,bus,opel,
23,2,3,centroid,79,bus,bus,
23,2,3,centroid,80,bus,bus,
23,2,3,centroid,83,opel,van,
23,2,3,centroid,85,bus,opel,
23,2,3,centroid,89,opel,van,
23,2,3,centroid,96,saab,van,
23,2,3,centroid,105,saab,saab,
23,2,3,centroid,110,van,van,
23,2,3,centroid,113,opel,van,
23,2,3,centroid,116,opel,saab,
23,2,3,centroid,122,van,van,
23,2,3,centroid,127,bus,van,
23,2,3,centroid,139,van,van,
23,2,3,centroid,147,bus,van,
23,2,3,centroid,158,saab,van,
23,2,3,centroid,161,opel,saab,
23,2,3,centroid,164,opel,opel,
23,2,3,centroid,166,saab,van,
23,2,3,centroid,185,bus,saab,
23,2,3,centroid,189,opel,van,
23,2,3,centroid,197,bus,bus,
23,2,3,centroid,222,bus,saab,
23,2,3,centroid,255,saab,saab,
23,2,3,centroid,270,bus,bus,
23,2,3,centroid,277,opel,van,
23,2,3,centroid,281,bus,van,
23,2,3,centroid,287,van,van,
23,2,3,centroid,308,opel,saab,
23,2,3,centroid,311,van,bus,
23,2,3,centroid,318,van,van,
23,2,3,centroid,329,saab,van,
23,2,3,centroid,336,van,van,
23,2,3,centroid,338,van,saab,
23,2,3,centroid,352,van,van,
23,2,3,centroid,359,opel,saab,
23,2,3,centroid,362,saab,opel,
23,2,3,centroid,369,opel,bus,
23,2,3,centroid,370,bus,bus,
23,2,3,centroid,390,bus,van,
23,2,3,centroid,402,opel,opel,
23,2,3,centroid,403,van,van,
23,2,3,centroid,422,saab,van,
23,2,3,centroid,434,saab,saab,
23,2,3,centroid,436,van,van,
23,2,3,centroid,489,opel,opel,
23,2,3,centroid,497,van,van,
23,2,3,centroid,504,opel,opel,
23,2,3,centroid,506,saab,opel,
23,2,3,centroid,511,opel,van,
23,2,3,centroid,521,van,van,
23,2,3,centroid,522,saab,van,
23,2,3,centroid,526,saab,saab,
23,2,3,centroid,528,bus,saab,
23,2,3,centroid,529,bus,van,
23,2,3,centroid,543,saab,van,
23,2,3,centroid,552,saab,saab,
23,2,3,centroid,576,saab,saab,
23,2,3,centroid,586,opel,opel,
23,2,3,centroid,609,bus,bus,
23,2,3,centroid,624,saab,van,
23,2,3,centroid,630,saab,van,
23,2,3,centroid,636,saab,van,
23,2,3,centroid,638,bus,opel,
23,2,3,centroid,642,saab,opel,
23,2,3,centroid,649,saab,van,
23,2,3,centroid,653,opel,saab,
23,2,3,centroid,675,opel,opel,
23,2,3,centroid,681,bus,saab,
23,2,3,centroid,684,bus,saab,
23,2,3,centroid,707,van,van,
23,2,3,centroid,713,saab,saab,
23,2,3,centroid,730,opel,opel,
23,2,3,centroid,763,opel,opel,
23,2,3,centroid,775,bus,bus,
23,2,3,centroid,813,van,bus,
23,2,3,centroid,815,bus,bus,
23,2,3,centroid,828,van,van,
23,2,3,centroid,829,van,bus,
23,2,3,centroid,839,van,van,
23,2,3,knn,10,van,opel,
23,2,3,knn,41,van,van,
23,2,3,knn,51,saab,bus,
23,2,3,knn,52,opel,saab,
23,2,3,knn,53,bus,bus,
23,2,3,knn,64,bus,bus,
23,2,3,knn,79,bus,bus,
23,2,3,knn,80,bus,bus,
23,2,3,knn,83,opel,opel,
23,2,3,knn,85,bus,bus,
23,2,3,knn,89,opel,saab,
23,2,3,knn,96,saab,opel,
23,2,3,knn,105,saab,saab,
23,2,3,knn,110,van,bus,
23,2,3,knn,113,opel,saab,
23,2,3,knn,116,opel,opel,
23,2,3,knn,122,van,van,
23,2,3,knn,127,bus,van,
23,2,3,knn,139,van,van,
23,2,3,knn,147,bus,bus,
23,2,3,knn,158,saab,opel,
23,2,3,knn,161,opel,saab,
23,2,3,knn,164,opel,opel,
23,2,3,knn,166,saab,opel,
23,2,3,knn,185,bus,bus,
23,2,3,knn,189,opel,bus,
23,2,3,knn,197,bus,bus,
23,2,3,knn,222,bus,bus,
23,2,3,knn,255,saab,saab,
23,2,3,knn,270,bus,bus,
23,2,3,knn,277,opel,saab,
23,2,3,knn,281,bus,bus,
23,2,3,knn,287,van,van,
23,2,3,knn,308,opel,saab,
23,2,3,knn,311,van,van,
23,2,3,knn,318,van,van,
23,2,3,knn,329,saab,saab,
23,2,3,knn,336,van,van,
23,2,3,knn,338,van,van,
23,2,3,knn,352,van,van,
23,2,3,knn,359,opel,opel,
23,2,3,knn,362,saab,opel,
23,2,3,knn,369,opel,saab,
23,2,3,knn,370,bus,bus,
23,2,3,knn,390,bus,bus,
23,2,3,knn,402,opel,saab,
23,2,3,knn,403,van,van,
23,2,3,knn,422,saab,van,
23,2,3,knn,434,saab,opel,
23,2,3,knn,436,van,van,
23,2,3,knn,489,opel,opel,
23,2,3,knn,497,van,van,
23,2,3,knn,504,opel,opel,
23,2,3,knn,506,saab,saab,
23,2,3,knn,511,opel,saab,
23,2,3,knn,521,van,van,
23,2,3,knn,522,saab,opel,
23,2,3,knn,526,saab,saab,
23,2,3,knn,528,bus,bus,
23,2,3,knn,529,bus,bus,
23,2,3,knn,543,saab,bus,
23,2,3,knn,552,saab,saab,
23,2,3,knn,576,saab,saab,
23,2,3,knn,586,opel,opel,
23,2,3,knn,609,bus,bus,
23,2,3,knn,624,saab,opel,
23,2,3,knn,630,saab,opel,
23,2,3,knn,636,saab,saab,
23,2,3,knn,638,bus,bus,
23,2,3,knn,642,saab,opel,
23,2,3,knn,649,saab,bus,
23,2,3,knn,653,opel,saab,
23,2,3,knn,675,opel,saab,
23,2,3,knn,681,bus,bus,
23,2,3,knn,684,bus,bus,
23,2,3,knn,707,van,van,
23,2,3,knn,713,saab,saab,
23,2,3,knn,730,opel,saab,
23,2,3,knn,763,opel,saab,
23,2,3,knn,775,bus,bus,
23,2,3,knn,813,van,van,
23,2,3,knn,815,bus,bus,
23,2,3,knn,828,van,saab,
23,2,3,knn,829,van,van,
23,2,3,knn,839,van,bus,
23,2,3,svm,10,van,van,0.9958563295351182
23,2,3,svm,41,van,van,2.122940654089083
23,2,3,svm,51,saab,opel,0.3475115887059532
23,2,3,svm,52,opel,opel,0.3198942021221658
23,2,3,svm,53,bus,bus,2.236194187290912
23,2,3,svm,64,bus,bus,1.5890866488436506
23,2,3,svm,79,bus,bus,0.49584383195678106
23,2,3,svm,80,bus,bus,1.5003861040147004
23,2,3,svm,83,opel,opel,1.6949287048451698
23,2,3,svm,85,bus,bus,1.6137920118725524
23,2,3,svm,89,opel,opel,0.415756445869933
23,2,3,svm,96,saab,saab,0.32367287983035276
23,2,3,svm,105,saab,saab,1.5338583760556557
23,2,3,svm,110,van,van,1.6219198819231857
23,2,3,svm,113,opel,saab,0.0033095083563045025
23,2,3,svm,116,opel,opel,0.31052657657353855
23,2,3,svm,122,van,van,0.8998736138745214
23,2,3,svm,127,bus,van,0.20442222852990977
23,2,3,svm,139,van,van,1.3151512781280155
23,2,3,svm,147,bus,bus,0.44788358950128404
23,2,3,svm,158,saab,opel,0.6889270352781711
23,2,3,svm,161,opel,saab,0.5513225543993325
23,2,3,svm,164,opel,opel,1.3922126230050598
23,2,3,svm,166,saab,saab,0.3703723040612612
23,2,3,svm,185,bus,bus,2.710802392782547
23,2,3,svm,189,opel,saab,0.6795465514319243
23,2,3,svm,197,bus,bus,2.0271722849392075
23,2,3,svm,222,bus,bus,2.0798897633998505
23,2,3,svm,255,saab,saab,2.2228651821153225
23,2,3,svm,270,bus,bus,2.044856625351687
23,2,3,svm,277,opel,saab,0.579964031917621
23,2,3,svm,281,bus,bus,1.720808571883716
23,2,3,svm,287,van,van,1.8354376025562145
23,2,3,svm,308,opel,opel,0.8070755644564418
23,2,3,svm,311,van,van,1.3167770406508081
23,2,3,svm,318,van,van,1.0366407395222037
23,2,3,svm,329,saab,opel,0.2747046519702412
23,2,3,svm,336,van,van,1.256516129847003
23,2,3,svm,338,van,van,0.2619500197790954
23,2,3,svm,352,van,van,1.2343885873286862
23,2,3,svm,359,opel,opel,0.6680858302807327
23,2,3,svm,362,saab,saab,0.4273107412924997
23,2,3,svm,369,opel,saab,0.05974482638676015
23,2,3,svm,370,bus,bus,2.699090871851946
23,2,3,svm,390,bus,bus,0.9562203677332866
23,2,3,svm,402,opel,opel,1.0572169565094516
23,2,3,svm,403,van,van,2.5823776429612932
23,2,3,svm,422,saab,opel,0.7205354990613717
23,2,3,svm,434,saab,saab,1.292362761328965
23,2,3,svm,436,van,van,1.6982740143791002
23,2,3,svm,489,opel,opel,1.7915906126589096
23,2,3,svm,497,van,van,2.0219275199581856
23,2,3,svm,504,opel,saab,1.187411943477029
23,2,3,svm,506,saab,saab,0.4335226738216331
23,2,3,svm,511,opel,opel,0.13249901821834165
23,2,3,svm,521,van,van,0.827092173871767
23,2,3,svm,522,saab,opel,1.1849073408221473
23,2,3,svm,526,saab,saab,0.5803564045129246
23,2,3,svm,528,bus,bus,1.870234909524174
23,2,3,svm,529,bus,bus,1.1970565317819584
23,2,3,svm,543,saab,saab,0.1867738949337625
23,2,3,svm,552,saab,saab,0.10767388120880916
23,2,3,svm,576,saab,saab,1.5084021577107958
23,2,3,svm,586,opel,opel,2.352263398546323
23,2,3,svm,609,bus,bus,0.7472759297635561
23,2,3,svm,624,saab,opel,1.05261714120026
23,2,3,svm,630,saab,saab,0.7659242151818813
23,2,3,svm,636,saab,saab,0.3778859498001008
23,2,3,svm,638,bus,bus,2.5915816891963326
23,2,3,svm,642,saab,opel,0.27612770164927447
23,2,3,svm,649,saab,saab,0.7947597177828651
23,2,3,svm,653,opel,opel,0.03126218812848158
23,2,3,svm,675,opel,opel,1.2042952153838602
23,2,3,svm,681,bus,bus,1.9881061793096224
23,2,3,svm,684,bus,bus,1.6699831769196296
23,2,3,svm,707,van,van,1.589264382825382
23,2,3,svm,713,saab,saab,1.1932960036833773
23,2,3,svm,730,opel,opel,0.9534578761209733
23,2,3,svm,763,opel,opel,0.4964791773953312
23,2,3,svm,775,bus,bus,2.8195623446149547
23,2,3,svm,813,van,van,2.5906341946352165
23,2,3,svm,815,bus,bus,0.3733062654990156
23,2,3,svm,828,van,van,1.1095575717757722
23,2,3,svm,829,van,van,2.333277975542191
23,2,3,svm,839,van,van,1.1112063791583418
23,2,3,mlp,10,van,van,
23,2,3,mlp,41,van,van,
23,2,3,mlp,51,saab,saab,
23,2,3,mlp,52,opel,saab,
23,2,3,mlp,53,bus,bus,
23,2,3,mlp,64,bus,bus,
23,2,3,mlp,79,bus,bus,
23,2,3,mlp,80,bus,bus,
23,2,3,mlp,83,opel,opel,
23,2,3,mlp,85,bus,bus,
23,2,3,mlp,89,opel,opel,
23,2,3,mlp,96,saab,saab,
23,2,3,mlp,105,saab,saab,
23,2,3,mlp,110,van,van,
23,2,3,mlp,113,opel,saab,
23,2,3,mlp,116,opel,opel,
23,2,3,mlp,122,van,van,
23,2,3,mlp,127,bus,bus,
23,2,3,mlp,139,van,van,
23,2,3,mlp,147,bus,bus,
23,2,3,mlp,158,saab,saab,
23,2,3,mlp,161,opel,saab,
23,2,3,mlp,164,opel,opel,
23,2,3,mlp,166,saab,saab,
23,2,3,mlp,185,bus,bus,
23,2,3,mlp,189,opel,saab,
23,2,3,mlp,197,bus,bus,
23,2,3,mlp,222,bus,bus,
23,2,3,mlp,255,saab,saab,
23,2,3,mlp,270,bus,bus,
23,2,3,mlp,277,opel,van,
23,2,3,mlp,281,bus,bus,
23,2,3,mlp,287,van,van,
23,2,3,mlp,308,opel,saab,
23,2,3,mlp,311,van,van,
23,2,3,mlp,318,van,van,
23,2,3,mlp,329,saab,saab,
23,2,3,mlp,336,van,van,
23,2,3,mlp,338,van,van,
23,2,3,mlp,352,van,van,
23,2,3,mlp,359,opel,opel,
23,2,3,mlp,362,saab,saab,
23,2,3,mlp,369,opel,opel,
23,2,3,mlp,370,bus,bus,
23,2,3,mlp,390,bus,bus,
23,2,3,mlp,402,opel,opel,
23,2,3,mlp,403,van,van,
23,2,3,mlp,422,saab,saab,
23,2,3,mlp,434,saab,saab,
23,2,3,mlp,436,van,van,
23,2,3,mlp,489,opel,opel,
23,2,3,mlp,497,van,van,
23,2,3,mlp,504,opel,saab,
23,2,3,mlp,506,saab,saab,
23,2,3,mlp,511,opel,saab,
23,2,3,mlp,521,van,van,
23,2,3,mlp,522,saab,opel,
23,2,3,mlp,526,saab,saab,
23,2,3,mlp,528,bus,bus,
23,2,3,mlp,529,bus,bus,
23,2,3,mlp,543,saab,saab,
23,2,3,mlp,552,saab,saab,
23,2,3,mlp,576,saab,saab,
23,2,3,mlp,586,opel,opel,
23,2,3,mlp,609,bus,bus,
23,2,3,mlp,624,saab,saab,
23,2,3,mlp,630,saab,saab,
23,2,3,mlp,636,saab,saab,
23,2,3,mlp,638,bus,bus,
23,2,3,mlp,642,saab,opel,
23,2,3,mlp,649,saab,saab,
23,2,3,mlp,653,opel,saab,
23,2,3,mlp,675,opel,opel,
23,2,3,mlp,681,bus,bus,
23,2,3,mlp,684,bus,bus,
23,2,3,mlp,707,van,van,
23,2,3,mlp,713,saab,saab,
23,2,3,mlp,730,opel,opel,
23,2,3,mlp,763,opel,opel,
23,2,3,mlp,775,bus,bus,
23,2,3,mlp,813,van,van,
23,2,3,mlp,815,bus,bus,
23,2,3,mlp,828,van,van,
23,2,3,mlp,829,van,van,
23,2,3,mlp,839,van,van,
23,2,3,rbf,10,van,van,
23,2,3,rbf,41,van,van,
23,2,3,rbf,51,saab,bus,
23,2,3,rbf,52,opel,opel,
23,2,3,rbf,53,bus,bus,
23,2,3,rbf,64,bus,bus,
23,2,3,rbf,79,bus,bus,
23,2,3,rbf,80,bus,bus,
23,2,3,rbf,83,opel,opel,
23,2,3,rbf,85,bus,bus,
23,2,3,rbf,89,opel,saab,
23,2,3,rbf,96,saab,opel,
23,2,3,rbf,105,saab,saab,
23,2,3,rbf,110,van,van,
23,2,3,rbf,113,opel,van,
23,2,3,rbf,116,opel,saab,
23,2,3,rbf,122,van,van,
23,2,3,rbf,127,bus,van,
23,2,3,rbf,139,van,van,
23,2,3,rbf,147,bus,bus,
23,2,3,rbf,158,saab,opel,
23,2,3,rbf,161,opel,saab,
23,2,3,rbf,164,opel,opel,
23,2,3,rbf,166,saab,opel,
23,2,3,rbf,185,bus,bus,
23,2,3,rbf,189,opel,saab,
23,2,3,rbf,197,bus,bus,
23,2,3,rbf,222,bus,bus,
23,2,3,rbf,255,saab,saab,
23,2,3,rbf,270,bus,bus,
23,2,3,rbf,277,opel,van,
23,2,3,rbf,281,bus,bus,
23,2,3,rbf,287,van,van,
23,2,3,rbf,308,opel,saab,
23,2,3,rbf,311,van,van,
23,2,3,rbf,318,van,van,
23,2,3,rbf,329,saab,opel,
23,2,3,rbf,336,van,van,
23,2,3,rbf,338,van,van,
23,2,3,rbf,352,van,van,
23,2,3,rbf,359,opel,saab,
23,2,3,rbf,362,saab,saab,
23,2,3,rbf,369,opel,opel,
23,2,3,rbf,370,bus,bus,
23,2,3,rbf,390,bus,bus,
23,2,3,rbf,402,opel,opel,
23,2,3,rbf,403,van,van,
23,2,3,rbf,422,saab,van,
23,2,3,rbf,434,saab,saab,
23,2,3,rbf,436,van,van,
23,2,3,rbf,489,opel,opel,
23,2,3,rbf,497,van,van,
23,2,3,rbf,504,opel,saab,
23,2,3,rbf,506,saab,opel,
23,2,3,rbf,511,opel,opel,
23,2,3,rbf,521,van,van,
23,2,3,rbf,522,saab,opel,
23,2,3,rbf,526,saab,saab,
23,2,3,rbf,528,bus,bus,
23,2,3,rbf,529,bus,bus,
23,2,3,rbf,543,saab,bus,
23,2,3,rbf,552,saab,opel,
23,2,3,rbf,576,saab,saab,
23,2,3,rbf,586,opel,opel,
23,2,3,rbf,609,bus,bus,
23,2,3,rbf,624,saab,opel,
23,2,3,rbf,630,saab,saab,
23,2,3,rbf,636,saab,van,
23,2,3,rbf,638,bus,bus,
23,2,3,rbf,642,saab,opel,
23,2,3,rbf,649,saab,saab,
23,2,3,rbf,653,opel,saab,
23,2,3,rbf,675,opel,opel,
23,2,3,rbf,681,bus,bus,
23,2,3,rbf,684,bus,bus,
23,2,3,rbf,707,van,van,
23,2,3,rbf,713,saab,saab,
23,2,3,rbf,730,opel,opel,
23,2,3,rbf,763,opel,opel,
23,2,3,rbf,775,bus,bus,
23,2,3,rbf,813,van,van,
23,2,3,rbf,815,bus,van,
23,2,3,rbf,828,van,van,
23,2,3,rbf,829,van,van,
23,2,3,rbf,839,van,van,
23,2,3,svm_linear,10,van,van,
23,2,3,svm_linear,41,van,van,
23,2,3,svm_linear,51,saab,bus,
23,2,3,svm_linear,52,opel,saab,
23,2,3,svm_linear,53,bus,bus,
23,2,3,svm_linear,64,bus,bus,
23,2,3,svm_linear,79,bus,bus,
23,2,3,svm_linear,80,bus,bus,
23,2,3,svm_linear,83,opel,saab,
23,2,3,svm_linear,85,bus,bus,
23,2,3,svm_linear,89,opel,opel,
23,2,3,svm_linear,96,saab,saab,
23,2,3,svm_linear,105,saab,saab,
23,2,3,svm_linear,110,van,van,
23,2,3,svm_linear,113,opel,saab,
23,2,3,svm_linear,116,opel,saab,
23,2,3,svm_linear,122,van,van,
23,2,3,svm_linear,127,bus,van,
23,2,3,svm_linear,139,van,van,
23,2,3,svm_linear,147,bus,saab,
23,2,3,svm_linear,158,saab,saab,
23,2,3,svm_linear,161,opel,saab,
23,2,3,svm_linear,164,opel,opel,
23,2,3,svm_linear,166,saab,opel,
23,2,3,svm_linear,185,bus,bus,
23,2,3,svm_linear,189,opel,saab,
23,2,3,svm_linear,197,bus,bus,
23,2,3,svm_linear,222,bus,bus,
23,2,3,svm_linear,255,saab,saab,
23,2,3,svm_linear,270,bus,bus,
23,2,3,svm_linear,277,opel,saab,
23,2,3,svm_linear,281,bus,bus,
23,2,3,svm_linear,287,van,van,
23,2,3,svm_linear,308,opel,saab,
23,2,3,svm_linear,311,van,van,
23,2,3,svm_linear,318,van,van,
23,2,3,svm_linear,329,saab,opel,
23,2,3,svm_linear,336,van,van,
23,2,3,svm_linear,338,van,van,
23,2,3,svm_linear,352,van,van,
23,2,3,svm_linear,359,opel,opel,
23,2,3,svm_linear,362,saab,saab,
23,2,3,svm_linear,369,opel,opel,
23,2,3,svm_linear,370,bus,bus,
23,2,3,svm_linear,390,bus,bus,
23,2,3,svm_linear,402,opel,opel,
23,2,3,svm_linear,403,van,van,
23,2,3,svm_linear,422,saab,saab,
23,2,3,svm_linear,434,saab,saab,
23,2,3,svm_linear,436,van,van,
23,2,3,svm_linear,489,opel,opel,
23,2,3,svm_linear,497,van,van,
23,2,3,svm_linear,504,opel,saab,
23,2,3,svm_linear,506,saab,opel,
23,2,3,svm_linear,511,opel,opel,
23,2,3,svm_linear,521,van,van,
23,2,3,svm_linear,522,saab,saab,
23,2,3,svm_linear,526,saab,saab,
23,2,3,svm_linear,528,bus,bus,
23,2,3,svm_linear,529,bus,bus,
23,2,3,svm_linear,543,saab,saab,
23,2,3,svm_linear,552,saab,opel,
23,2,3,svm_linear,576,saab,saab,
23,2,3,svm_linear,586,opel,opel,
23,2,3,svm_linear,609,bus,saab,
23,2,3,svm_linear,624,saab,opel,
23,2,3,svm_linear,630,saab,saab,
23,2,3,svm_linear,636,saab,saab,
23,2,3,svm_linear,638,bus,bus,
23,2,3,svm_linear,642,saab,opel,
23,2,3,svm_linear,649,saab,saab,
23,2,3,svm_linear,653,opel,opel,
23,2,3,svm_linear,675,opel,opel,
23,2,3,svm_linear,681,bus,bus,
23,2,3,svm_linear,684,bus,bus,
23,2,3,svm_linear,707,van,van,
23,2,3,svm_linear,713,saab,saab,
23,2,3,svm_linear,730,opel,opel,
23,2,3,svm_linear,763,opel,opel,
23,2,3,svm_linear,775,bus,bus,
23,2,3,svm_linear,813,van,van,
23,2,3,svm_linear,815,bus,bus,
23,2,3,svm_linear,828,van,van,
23,2,3,svm_linear,829,van,van,
23,2,3,svm_linear,839,van,van,
23,2,3,svm_unscaled,10,van,van,
23,2,3,svm_unscaled,41,van,van,
23,2,3,svm_unscaled,51,saab,opel,
23,2,3,svm_unscaled,52,opel,opel,
23,2,3,svm_unscaled,53,bus,bus,
23,2,3,svm_unscaled,64,bus,bus,
23,2,3,svm_unscaled,79,bus,bus,
23,2,3,svm_unscaled,80,bus,bus,
23,2,3,svm_unscaled,83,opel,opel,
23,2,3,svm_unscaled,85,bus,bus,
23,2,3,svm_unscaled,89,opel,van,
23,2,3,svm_unscaled,96,saab,saab,
23,2,3,svm_unscaled,105,saab,saab,
23,2,3,svm_unscaled,110,van,van,
23,2,3,svm_unscaled,113,opel,van,
23,2,3,svm_unscaled,116,opel,opel,
23,2,3,svm_unscaled,122,van,van,
23,2,3,svm_unscaled,127,bus,bus,
23,2,3,svm_unscaled,139,van,van,
23,2,3,svm_unscaled,147,bus,bus,
23,2,3,svm_unscaled,158,saab,opel,
23,2,3,svm_unscaled,161,opel,saab,
23,2,3,svm_unscaled,164,opel,opel,
23,2,3,svm_unscaled,166,saab,opel,
23,2,3,svm_unscaled,185,bus,bus,
23,2,3,svm_unscaled,189,opel,opel,
23,2,3,svm_unscaled,197,bus,bus,
23,2,3,svm_unscaled,222,bus,bus,
23,2,3,svm_unscaled,255,saab,saab,
23,2,3,svm_unscaled,270,bus,bus,
23,2,3,svm_unscaled,277,opel,van,
23,2,3,svm_unscaled,281,bus,bus,
23,2,3,svm_unscaled,287,van,van,
23,2,3,svm_unscaled,308,opel,saab,
23,2,3,svm_unscaled,311,van,van,
23,2,3,svm_unscaled,318,van,van,
23,2,3,svm_unscaled,329,saab,opel,
23,2,3,svm_unscaled,336,van,van,
23,2,3,svm_unscaled,338,van,van,
23,2,3,svm_unscaled,352,van,van,
23,2,3,svm_unscaled,359,opel,opel,
23,2,3,svm_unscaled,362,saab,saab,
23,2,3,svm_unscaled,369,opel,saab,
23,2,3,svm_unscaled,370,bus,bus,
23,2,3,svm_unscaled,390,bus,bus,
23,2,3,svm_unscaled,402,opel,opel,
23,2,3,svm_unscaled,403,van,van,
23,2,3,svm_unscaled,422,saab,opel,
23,2,3,svm_unscaled,434,saab,saab,
23,2,3,svm_unscaled,436,van,van,
23,2,3,svm_unscaled,489,opel,opel,
23,2,3,svm_unscaled,497,van,van,
23,2,3,svm_unscaled,504,opel,saab,
23,2,3,svm_unscaled,506,saab,saab,
23,2,3,svm_unscaled,511,opel,opel,
23,2,3,svm_unscaled,521,van,van,
23,2,3,svm_unscaled,522,saab,opel,
23,2,3,svm_unscaled,526,saab,saab,
23,2,3,svm_unscaled,528,bus,bus,
23,2,3,svm_unscaled,529,bus,bus,
23,2,3,svm_unscaled,543,saab,bus,
23,2,3,svm_unscaled,552,saab,opel,
23,2,3,svm_unscaled,576,saab,saab,
23,2,3,svm_unscaled,586,opel,opel,
23,2,3,svm_unscaled,609,bus,bus,
23,2,3,svm_unscaled,624,saab,opel,
23,2,3,svm_unscaled,630,saab,opel,
23,2,3,svm_unscaled,636,saab,van,
23,2,3,svm_unscaled,638,bus,bus,
23,2,3,svm_unscaled,642,saab,opel,
23,2,3,svm_unscaled,649,saab,saab,
23,2,3,svm_unscaled,653,opel,opel,
23,2,3,svm_unscaled,675,opel,opel,
23,2,3,svm_unscaled,681,bus,bus,
23,2,3,svm_unscaled,684,bus,bus,
23,2,3,svm_unscaled,707,van,van,
23,2,3,svm_unscaled,713,saab,saab,
23,2,3,svm_unscaled,730,opel,opel,
23,2,3,svm_unscaled,763,opel,opel,
23,2,3,svm_unscaled,775,bus,bus,
23,2,3,svm_unscaled,813,van,van,
23,2,3,svm_unscaled,815,bus,bus,
23,2,3,svm_unscaled,828,van,van,
23,2,3,svm_unscaled,829,van,van,
23,2,3,svm_unscaled,839,van,van,
24,2,4,centroid,16,van,van,
24,2,4,centroid,19,opel,opel,
24,2,4,centroid,20,bus,bus,
24,2,4,centroid,22,bus,van,
24,2,4,centroid,43,saab,van,
24,2,4,centroid,49,saab,opel,
24,2,4,centroid,62,van,van,
24,2,4,centroid,63,bus,van,
24,2,4,centroid,69,bus,opel,
24,2,4,centroid,86,van,van,
24,2,4,centroid,88,bus,saab,
24,2,4,centroid,115,van,saab,
24,2,4,centroid,140,saab,van,
24,2,4,centroid,146,van,saab,
24,2,4,centroid,156,opel,van,
24,2,4,centroid,157,van,van,
24,2,4,centroid,159,opel,van,
24,2,4,centroid,163,saab,van,
24,2,4,centroid,165,opel,opel,
24,2,4,centroid,167,saab,saab,
24,2,4,centroid,170,opel,saab,
24,2,4,centroid,186,bus,saab,
24,2,4,centroid,216,saab,bus,
24,2,4,centroid,235,van,bus,
24,2,4,centroid,246,bus,van,
24,2,4,centroid,253,bus,van,
24,2,4,centroid,261,saab,opel,
24,2,4,centroid,265,bus,van,
24,2,4,centroid,288,opel,opel,
24,2,4,centroid,289,saab,van,
24,2,4,centroid,296,bus,opel,
24,2,4,centroid,300,saab,opel,
24,2,4,centroid,316,van,van,
24,2,4,centroid,331,opel,saab,
24,2,4,centroid,334,bus,opel,
24,2,4,centroid,340,bus,van,
24,2,4,centroid,363,van,van,
24,2,4,centroid,368,bus,van,
24,2,4,centroid,372,van,opel,
24,2,4,centroid,379,opel,opel,
24,2,4,centroid,380,opel,van,
24,2,4,centroid,393,bus,bus,
24,2,4,centroid,399,van,van,
24,2,4,centroid,437,opel,van,
24,2,4,centroid,442,van,van,
24,2,4,centroid,449,van,van,
24,2,4,centroid,470,van,van,
24,2,4,centroid,480,saab,opel,
24,2,4,centroid,487,saab,saab,
24,2,4,centroid,491,saab,saab,
24,2,4,centroid,512,opel,opel,
24,2,4,centroid,516,opel,van,
24,2,4,centroid,518,saab,van,
24,2,4,centroid,532,saab,opel,
24,2,4,centroid,535,van,saab,
24,2,4,centroid,541,van,van,
24,2,4,centroid,554,saab,saab,
24,2,4,centroid,558,bus,bus,
24,2,4,centroid,561,opel,bus,
24,2,4,centroid,562,saab,saab,
24,2,4,centroid,578,opel,saab,
24,2,4,centroid,582,saab,saab,
24,2,4,centroid,592,bus,bus,
24,2,4,centroid,599,saab,van,
24,2,4,centroid,606,van,van,
24,2,4,centroid,619,opel,opel,
24,2,4,centroid,622,saab,saab,
24,2,4,centroid,632,bus,bus,
24,2,4,centroid,658,van,van,
24,2,4,centroid,666,opel,saab,
24,2,4,centroid,676,bus,bus,
24,2,4,centroid,685,bus,van,
24,2,4,centroid,696,saab,van,
24,2,4,centroid,709,opel,saab,
24,2,4,centroid,714,bus,van,
24,2,4,centroid,738,bus,opel,
24,2,4,centroid,749,saab,opel,
24,2,4,centroid,755,van,van,
24,2,4,centroid,782,opel,opel,
24,2,4,centroid,784,van,van,
24,2,4,centroid,792,opel,opel,
24,2,4,centroid,798,opel,opel,
24,2,4,centroid,801,opel,van,
24,2,4,centroid,818,opel,saab,
24,2,4,centroid,841,saab,saab,
24,2,4,knn,16,van,saab,
24,2,4,knn,19,opel,opel,
24,2,4,knn,20,bus,bus,
24,2,4,knn,22,bus,bus,
24,2,4,knn,43,saab,saab,
24,2,4,knn,49,saab,saab,
24,2,4,knn,62,van,van,
24,2,4,knn,63,bus,bus,
24,2,4,knn,69,bus,bus,
24,2,4,knn,86,van,van,
24,2,4,knn,88,bus,bus,
24,2,4,knn,115,van,van,
24,2,4,knn,140,saab,saab,
24,2,4,knn,146,van,van,
24,2,4,knn,156,opel,opel,
24,2,4,knn,157,van,van,
24,2,4,knn,159,opel,saab,
24,2,4,knn,163,saab,van,
24,2,4,knn,165,opel,saab,
24,2,4,knn,167,saab,saab,
24,2,4,knn,170,opel,saab,
24,2,4,knn,186,bus,bus,
24,2,4,knn,216,saab,bus,
24,2,4,knn,235,van,van,
24,2,4,knn,246,bus,bus,
24,2,4,knn,253,bus,bus,
24,2,4,knn,261,saab,opel,
24,2,4,knn,265,bus,bus,
24,2,4,knn,288,opel,opel,
24,2,4,knn,289,saab,saab,
24,2,4,knn,296,bus,bus,
24,2,4,knn,300,saab,opel,
24,2,4,knn,316,van,van,
24,2,4,knn,331,opel,saab,
24,2,4,knn,334,bus,bus,
24,2,4,knn,340,bus,bus,
24,2,4,knn,363,van,van,
24,2,4,knn,368,bus,bus,
24,2,4,knn,372,van,van,
24,2,4,knn,379,opel,saab,
24,2,4,knn,380,opel,saab,
24,2,4,knn,393,bus,bus,
24,2,4,knn,399,van,van,
24,2,4,knn,437,opel,bus,
24,2,4,knn,442,van,van,
24,2,4,knn,449,van,van,
24,2,4,knn,470,van,van,
24,2,4,knn,480,saab,saab,
24,2,4,knn,487,saab,opel,
24,2,4,knn,491,saab,opel,
24,2,4,knn,512,opel,opel,
24,2,4,knn,516,opel,van,
24,2,4,knn,518,saab,bus,
24,2,4,knn,532,saab,opel,
24,2,4,knn,535,van,van,
24,2,4,knn,541,van,van,
24,2,4,knn,554,saab,saab,
24,2,4,knn,558,bus,bus,
24,2,4,knn,561,opel,opel,
24,2,4,knn,562,saab,opel,
24,2,4,knn,578,opel,opel,
24,2,4,knn,582,saab,saab,
24,2,4,knn,592,bus,bus,
24,2,4,knn,599,saab,van,
24,2,4,knn,606,van,van,
24,2,4,knn,619,opel,opel,
24,2,4,knn,622,saab,saab,
24,2,4,knn,632,bus,bus,
24,2,4,knn,658,van,van,
24,2,4,knn,666,opel,saab,
24,2,4,knn,676,bus,bus,
24,2,4,knn,685,bus,bus,
24,2,4,knn,696,saab,opel,
24,2,4,knn,709,opel,opel,
24,2,4,knn,714,bus,bus,
24,2,4,knn,738,bus,bus,
24,2,4,knn,749,saab,saab,
24,2,4,knn,755,van,van,
24,2,4,knn,782,opel,opel,
24,2,4,knn,784,van,saab,
24,2,4,knn,792,opel,opel,
24,2,4,knn,798,opel,opel,
24,2,4,knn,801,opel,saab,
24,2,4,knn,818,opel,saab,
24,2,4,knn,841,saab,saab,
24,2,4,svm,16,van,van,1.2107447757474452
24,2,4,svm,19,opel,opel,1.0383973853884712
24,2,4,svm,20,bus,bus,1.4957906319431682
24,2,4,svm,22,bus,bus,2.2861534625012405
24,2,4,svm,43,saab,saab,0.35597962750030376
24,2,4,svm,49,saab,saab,1.1715258320008957
24,2,4,svm,62,van,van,2.132170316416195
24,2,4,svm,63,bus,bus,1.6235148184104826
24,2,4,svm,69,bus,bus,2.414622611203958
24,2,4,svm,86,van,van,1.7698100509679735
24,2,4,svm,88,bus,bus,2.324735872297678
24,2,4,svm,115,van,van,2.0771101078708814
24,2,4,svm,140,saab,saab,0.04993441716329983
24,2,4,svm,146,van,van,2.8340453866620807
24,2,4,svm,156,opel,saab,0.2895556345670087
24,2,4,svm,157,van,van,3.3593771222872713
24,2,4,svm,159,opel,opel,0.438671109137573
24,2,4,svm,163,saab,van,0.19480123653178993
24,2,4,svm,165,opel,opel,1.441467473387661
24,2,4,svm,167,saab,saab,0.15739244477793335
24,2,4,svm,170,opel,saab,0.23199921647597677
24,2,4,svm,186,bus,bus,1.7215433011520807
24,2,4,svm,216,saab,opel,0.3222158930823946
24,2,4,svm,235,van,van,2.27768306157724
24,2,4,svm,246,bus,bus,2.169291166623532
24,2,4,svm,253,bus,bus,1.3104087743659232
24,2,4,svm,261,saab,opel,0.4900707164471356
24,2,4,svm,265,bus,bus,1.4049656655619678
24,2,4,svm,288,opel,opel,0.41858814342631234
24,2,4,svm,289,saab,saab,1.216475878833547
24,2,4,svm,296,bus,bus,1.4961372020227364
24,2,4,svm,300,saab,opel,0.3094282854596173
24,2,4,svm,316,van,van,3.2020093836098846
24,2,4,svm,331,opel,opel,0.18304738917290564
24,2,4,svm,334,bus,bus,0.4375382057384192
24,2,4,svm,340,bus,bus,0.9204457817383673
24,2,4,svm,363,van,van,1.6693258180999537
24,2,4,svm,368,bus,bus,0.905146061271255
24,2,4,svm,372,van,van,0.5470243309828264
24,2,4,svm,379,opel,opel,0.03751906421115336
24,2,4,svm,380,opel,opel,0.7842371619749864
24,2,4,svm,393,bus,bus,1.8609892175245377
24,2,4,svm,399,van,van,1.6324194747542429
24,2,4,svm,437,opel,opel,0.20971270103521533
24,2,4,svm,442,van,van,2.0542871243910827
24,2,4,svm,449,van,van,1.263683479860302
24,2,4,svm,470,van,van,0.9269029767590251
24,2,4,svm,480,saab,saab,0.7038821959818264
24,2,4,svm,487,saab,saab,0.04298253999880863
24,2,4,svm,491,saab,saab,0.5913963215339493
24,2,4,svm,512,opel,opel,0.05359588140477456
24,2,4,svm,516,opel,opel,1.3963215270574096
24,2,4,svm,518,saab,saab,0.49469568451922896
24,2,4,svm,532,saab,saab,0.9342460748746788
24,2,4,svm,535,van,van,1.2923581209387678
24,2,4,svm,541,van,van,1.036176706079589
24,2,4,svm,554,saab,saab,0.6786895701380189
24,2,4,svm,558,bus,bus,1.4396790729827245
24,2,4,svm,561,opel,opel,0.49921827931446305
24,2,4,svm,562,saab,saab,0.321817458713511
24,2,4,svm,578,opel,opel,0.29393976060052296
24,2,4,svm,582,saab,saab,0.7438374153804403
24,2,4,svm,592,bus,bus,1.7997238536796605
24,2,4,svm,599,saab,opel,0.18078502191031287
24,2,4,svm,606,van,van,1.3666636583333203
24,2,4,svm,619,opel,opel,1.7244698879278246
24,2,4,svm,622,saab,saab,1.0627330575075717
24,2,4,svm,632,bus,bus,1.6047560659449491
24,2,4,svm,658,van,van,1.0829026415208647
24,2,4,svm,666,opel,saab,0.42660787065177885
24,2,4,svm,676,bus,bus,2.128535802320842
24,2,4,svm,685,bus,bus,0.5287067318994891
24,2,4,svm,696,saab,opel,1.440775602338931
24,2,4,svm,709,opel,opel,1.0687029492536055
24,2,4,svm,714,bus,bus,2.0519592866225738
24,2,4,svm,738,bus,bus,1.2698264070119825
24,2,4,svm,749,saab,opel,0.17832906357242706
24,2,4,svm,755,van,van,1.6362107422549146
24,2,4,svm,782,opel,opel,1.129169204272615
24,2,4,svm,784,van,saab,0.2960168042410467
24,2,4,svm,792,opel,opel,1.7840141448338471
24,2,4,svm,798,opel,opel,0.9020126520541822
24,2,4,svm,801,opel,saab,0.07537101538103741
24,2,4,svm,818,opel,opel,1.3057118478567844
24,2,4,svm,841,saab,saab,0.5661124156683854
24,2,4,mlp,16,van,van,
24,2,4,mlp,19,opel,opel,
24,2,4,mlp,20,bus,bus,
24,2,4,mlp,22,bus,bus,
24,2,4,mlp,43,saab,bus,
24,2,4,mlp,49,saab,opel,
24,2,4,mlp,62,van,van,
24,2,4,mlp,63,bus,bus,
24,2,4,mlp,69,bus,bus,
24,2,4,mlp,86,van,van,
24,2,4,mlp,88,bus,bus,
24,2,4,mlp,115,van,van,
24,2,4,mlp,140,saab,saab,
24,2,4,mlp,146,van,van,
24,2,4,mlp,156,opel,saab,
24,2,4,mlp,157,van,van,
24,2,4,mlp,159,opel,van,
24,2,4,mlp,163,saab,van,
24,2,4,mlp,165,opel,opel,
24,2,4,mlp,167,saab,saab,
24,2,4,mlp,170,opel,saab,
24,2,4,mlp,186,bus,bus,
24,2,4,mlp,216,saab,bus,
24,2,4,mlp,235,van,van,
24,2,4,mlp,246,bus,bus,
24,2,4,mlp,253,bus,van,
24,2,4,mlp,261,saab,saab,
24,2,4,mlp,265,bus,bus,
24,2,4,mlp,288,opel,saab,
24,2,4,mlp,289,saab,saab,
24,2,4,mlp,296,bus,bus,
24,2,4,mlp,300,saab,saab,
24,2,4,mlp,316,van,van,
24,2,4,mlp,331,opel,saab,
24,2,4,mlp,334,bus,bus,
24,2,4,mlp,340,bus,bus,
24,2,4,mlp,363,van,van,
24,2,4,mlp,368,bus,bus,
24,2,4,mlp,372,van,van,
24,2,4,mlp,379,opel,saab,
24,2,4,mlp,380,opel,bus,
24,2,4,mlp,393,bus,bus,
24,2,4,mlp,399,van,van,
24,2,4,mlp,437,opel,saab,
24,2,4,mlp,442,van,van,
24,2,4,mlp,449,van,van,
24,2,4,mlp,470,van,van,
24,2,4,mlp,480,saab,opel,
24,2,4,mlp,487,saab,opel,
24,2,4,mlp,491,saab,saab,
24,2,4,mlp,512,opel,opel,
24,2,4,mlp,516,opel,opel,
24,2,4,mlp,518,saab,saab,
24,2,4,mlp,532,saab,saab,
24,2,4,mlp,535,van,van,
24,2,4,mlp,541,van,van,
24,2,4,mlp,554,saab,saab,
24,2,4,mlp,558,bus,bus,
24,2,4,mlp,561,opel,bus,
24,2,4,mlp,562,saab,saab,
24,2,4,mlp,578,opel,opel,
24,2,4,mlp,582,saab,saab,
24,2,4,mlp,592,bus,bus,
24,2,4,mlp,599,saab,van,
24,2,4,mlp,606,van,van,
24,2,4,mlp,619,opel,opel,
24,2,4,mlp,622,saab,saab,
24,2,4,mlp,632,bus,bus,
24,2,4,mlp,658,van,van,
24,2,4,mlp,666,opel,saab,
24,2,4,mlp,676,bus,bus,
24,2,4,mlp,685,bus,bus,
24,2,4,mlp,696,saab,bus,
24,2,4,mlp,709,opel,saab,
24,2,4,mlp,714,bus,bus,
24,2,4,mlp,738,bus,bus,
24,2,4,mlp,749,saab,bus,
24,2,4,mlp,755,van,van,
24,2,4,mlp,782,opel,bus,
24,2,4,mlp,784,van,opel,
24,2,4,mlp,792,opel,opel,
24,2,4,mlp,798,opel,saab,
24,2,4,mlp,801,opel,opel,
24,2,4,mlp,818,opel,saab,
24,2,4,mlp,841,saab,saab,
24,2,4,rbf,16,van,van,
24,2,4,rbf,19,opel,opel,
24,2,4,rbf,20,bus,bus,
24,2,4,rbf,22,bus,bus,
24,2,4,rbf,43,saab,saab,
24,2,4,rbf,49,saab,opel,
24,2,4,rbf,62,van,van,
24,2,4,rbf,63,bus,bus,
24,2,4,rbf,69,bus,bus,
24,2,4,rbf,86,van,van,
24,2,4,rbf,88,bus,bus,
24,2,4,rbf,115,van,van,
24,2,4,rbf,140,saab,opel,
24,2,4,rbf,146,van,van,
24,2,4,rbf,156,opel,opel,
24,2,4,rbf,157,van,van,
24,2,4,rbf,159,opel,opel,
24,2,4,rbf,163,saab,van,
24,2,4,rbf,165,opel,opel,
24,2,4,rbf,167,saab,saab,
24,2,4,rbf,170,opel,saab,
24,2,4,rbf,186,bus,bus,
24,2,4,rbf,216,saab,bus,
24,2,4,rbf,235,van,van,
24,2,4,rbf,246,bus,bus,
24,2,4,rbf,253,bus,bus,
24,2,4,rbf,261,saab,saab,
24,2,4,rbf,265,bus,bus,
24,2,4,rbf,288,opel,saab,
24,2,4,rbf,289,saab,saab,
24,2,4,rbf,296,bus,bus,
24,2,4,rbf,300,saab,saab,
24,2,4,rbf,316,van,van,
24,2,4,rbf,331,opel,saab,
24,2,4,rbf,334,bus,bus,
24,2,4,rbf,340,bus,bus,
24,2,4,rbf,363,van,van,
24,2,4,rbf,368,bus,bus,
24,2,4,rbf,372,van,van,
24,2,4,rbf,379,opel,opel,
24,2,4,rbf,380,opel,bus,
24,2,4,rbf,393,bus,bus,
24,2,4,rbf,399,van,van,
24,2,4,rbf,437,opel,saab,
24,2,4,rbf,442,van,van,
24,2,4,rbf,449,van,van,
24,2,4,rbf,470,van,van,
24,2,4,rbf,480,saab,opel,
24,2,4,rbf,487,saab,bus,
24,2,4,rbf,491,saab,opel,
24,2,4,rbf,512,opel,opel,
24,2,4,rbf,516,opel,opel,
24,2,4,rbf,518,saab,bus,
24,2,4,rbf,532,saab,saab,
24,2,4,rbf,535,van,van,
24,2,4,rbf,541,van,van,
24,2,4,rbf,554,saab,saab,
24,2,4,rbf,558,bus,bus,
24,2,4,rbf,561,opel,bus,
24,2,4,rbf,562,saab,saab,
24,2,4,rbf,578,opel,opel,
24,2,4,rbf,582,saab,saab,
24,2,4,rbf,592,bus,bus,
24,2,4,rbf,599,saab,van,
24,2,4,rbf,606,van,van,
24,2,4,rbf,619,opel,opel,
24,2,4,rbf,622,saab,opel,
24,2,4,rbf,632,bus,bus,
24,2,4,rbf,658,van,van,
24,2,4,rbf,666,opel,saab,
24,2,4,rbf,676,bus,bus,
24,2,4,rbf,685,bus,bus,
24,2,4,rbf,696,saab,opel,
24,2,4,rbf,709,opel,opel,
24,2,4,rbf,714,bus,bus,
24,2,4,rbf,738,bus,bus,
24,2,4,rbf,749,saab,opel,
24,2,4,rbf,755,van,van,
24,2,4,rbf,782,opel,opel,
24,2,4,rbf,784,van,van,
24,2,4,rbf,792,opel,opel,
24,2,4,rbf,798,opel,opel,
24,2,4,rbf,801,opel,van,
24,2,4,rbf,818,opel,saab,
24,2,4,rbf,841,saab,saab,
24,2,4,svm_linear,16,van,van,
24,2,4,svm_linear,19,opel,opel,
24,2,4,svm_linear,20,bus,bus,
24,2,4,svm_linear,22,bus,bus,
24,2,4,svm_linear,43,saab,saab,
24,2,4,svm_linear,49,saab,opel,
24,2,4,svm_linear,62,van,van,
24,2,4,svm_linear,63,bus,bus,
24,2,4,svm_linear,69,bus,bus,
24,2,4,svm_linear,86,van,van,
24,2,4,svm_linear,88,bus,bus,
24,2,4,svm_linear,115,van,van,
24,2,4,svm_linear,140,saab,opel,
24,2,4,svm_linear,146,van,van,
24,2,4,svm_linear,156,opel,opel,
24,2,4,svm_linear,157,van,van,
24,2,4,svm_linear,159,opel,opel,
24,2,4,svm_linear,163,saab,bus,
24,2,4,svm_linear,165,opel,opel,
24,2,4,svm_linear,167,saab,opel,
24,2,4,svm_linear,170,opel,saab,
24,2,4,svm_linear,186,bus,bus,
24,2,4,svm_linear,216,saab,opel,
24,2,4,svm_linear,235,van,van,
24,2,4,svm_linear,246,bus,bus,
24,2,4,svm_linear,253,bus,bus,
24,2,4,svm_linear,261,saab,opel,
24,2,4,svm_linear,265,bus,bus,
24,2,4,svm_linear,288,opel,opel,
24,2,4,svm_linear,289,saab,saab,
24,2,4,svm_linear,296,bus,bus,
24,2,4,svm_linear,300,saab,saab,
24,2,4,svm_linear,316,van,van,
24,2,4,svm_linear,331,opel,saab,
24,2,4,svm_linear,334,bus,bus,
24,2,4,svm_linear,340,bus,bus,
24,2,4,svm_linear,363,van,van,
24,2,4,svm_linear,368,bus,bus,
24,2,4,svm_linear,372,van,van,
24,2,4,svm_linear,379,opel,opel,
24,2,4,svm_linear,380,opel,opel,
24,2,4,svm_linear,393,bus,bus,
24,2,4,svm_linear,399,van,van,
24,2,4,svm_linear,437,opel,saab,
24,2,4,svm_linear,442,van,van,
24,2,4,svm_linear,449,van,van,
24,2,4,svm_linear,470,van,van,
24,2,4,svm_linear,480,saab,saab,
24,2,4,svm_linear,487,saab,saab,
24,2,4,svm_linear,491,saab,saab,
24,2,4,svm_linear,512,opel,opel,
24,2,4,svm_linear,516,opel,opel,
24,2,4,svm_linear,518,saab,opel,
24,2,4,svm_linear,532,saab,saab,
24,2,4,svm_linear,535,van,van,
24,2,4,svm_linear,541,van,van,
24,2,4,svm_linear,554,saab,saab,
24,2,4,svm_linear,558,bus,bus,
24,2,4,svm_linear,561,opel,opel,
24,2,4,svm_linear,562,saab,saab,
24,2,4,svm_linear,578,opel,opel,
24,2,4,svm_linear,582,saab,saab,
24,2,4,svm_linear,592,bus,bus,
24,2,4,svm_linear,599,saab,saab,
24,2,4,svm_linear,606,van,van,
24,2,4,svm_linear,619,opel,opel,
24,2,4,svm_linear,622,saab,saab,
24,2,4,svm_linear,632,bus,bus,
24,2,4,svm_linear,658,van,van,
24,2,4,svm_linear,666,opel,saab,
24,2,4,svm_linear,676,bus,bus,
24,2,4,svm_linear,685,bus,bus,
24,2,4,svm_linear,696,saab,opel,
24,2,4,svm_linear,709,opel,opel,
24,2,4,svm_linear,714,bus,bus,
24,2,4,svm_linear,738,bus,bus,
24,2,4,svm_linear,749,saab,saab,
24,2,4,svm_linear,755,van,van,
24,2,4,svm_linear,782,opel,opel,
24,2,4,svm_linear,784,van,opel,
24,2,4,svm_linear,792,opel,opel,
24,2,4,svm_linear,798,opel,opel,
24,2,4,svm_linear,801,opel,opel,
24,2,4,svm_linear,818,opel,opel,
24,2,4,svm_linear,841,saab,saab,
24,2,4,svm_unscaled,16,van,van,
24,2,4,svm_unscaled,19,opel,opel,
24,2,4,svm_unscaled,20,bus,bus,
24,2,4,svm_unscaled,22,bus,bus,
24,2,4,svm_unscaled,43,saab,saab,
24,2,4,svm_unscaled,49,saab,saab,
24,2,4,svm_unscaled,62,van,van,
24,2,4,svm_unscaled,63,bus,bus,
24,2,4,svm_unscaled,69,bus,opel,
24,2,4,svm_unscaled,86,van,van,
24,2,4,svm_unscaled,88,bus,bus,
24,2,4,svm_unscaled,115,van,van,
24,2,4,svm_unscaled,140,saab,saab,
24,2,4,svm_unscaled,146,van,van,
24,2,4,svm_unscaled,156,opel,opel,
24,2,4,svm_unscaled,157,van,van,
24,2,4,svm_unscaled,159,opel,saab,
24,2,4,svm_unscaled,163,saab,opel,
24,2,4,svm_unscaled,165,opel,opel,
24,2,4,svm_unscaled,167,saab,saab,
24,2,4,svm_unscaled,170,opel,saab,
24,2,4,svm_unscaled,186,bus,saab,
24,2,4,svm_unscaled,216,saab,saab,
24,2,4,svm_unscaled,235,van,van,
24,2,4,svm_unscaled,246,bus,bus,
24,2,4,svm_unscaled,253,bus,bus,
24,2,4,svm_unscaled,261,saab,opel,
24,2,4,svm_unscaled,265,bus,bus,
24,2,4,svm_unscaled,288,opel,opel,
24,2,4,svm_unscaled,289,saab,saab,
24,2,4,svm_unscaled,296,bus,saab,
24,2,4,svm_unscaled,300,saab,saab,
24,2,4,svm_unscaled,316,van,van,
24,2,4,svm_unscaled,331,opel,saab,
24,2,4,svm_unscaled,334,bus,bus,
24,2,4,svm_unscaled,340,bus,bus,
24,2,4,svm_unscaled,363,van,van,
24,2,4,svm_unscaled,368,bus,bus,
24,2,4,svm_unscaled,372,van,van,
24,2,4,svm_unscaled,379,opel,saab,
24,2,4,svm_unscaled,380,opel,saab,
24,2,4,svm_unscaled,393,bus,bus,
24,2,4,svm_unscaled,399,van,van,
24,2,4,svm_unscaled,437,opel,opel,
24,2,4,svm_unscaled,442,van,van,
24,2,4,svm_unscaled,449,van,van,
24,2,4,svm_unscaled,470,van,van,
24,2,4,svm_unscaled,480,saab,saab,
24,2,4,svm_unscaled,487,saab,opel,
24,2,4,svm_unscaled,491,saab,saab,
24,2,4,svm_unscaled,512,opel,opel,
24,2,4,svm_unscaled,516,opel,opel,
24,2,4,svm_unscaled,518,saab,saab,
24,2,4,svm_unscaled,532,saab,opel,
24,2,4,svm_unscaled,535,van,van,
24,2,4,svm_unscaled,541,van,van,
24,2,4,svm_unscaled,554,saab,opel,
24,2,4,svm_unscaled,558,bus,bus,
24,2,4,svm_unscaled,561,opel,opel,
24,2,4,svm_unscaled,562,saab,opel,
24,2,4,svm_unscaled,578,opel,saab,
24,2,4,svm_unscaled,582,saab,opel,
24,2,4,svm_unscaled,592,bus,bus,
24,2,4,svm_unscaled,599,saab,van,
24,2,4,svm_unscaled,606,van,van,
24,2,4,svm_unscaled,619,opel,opel,
24,2,4,svm_unscaled,622,saab,saab,
24,2,4,svm_unscaled,632,bus,bus,
24,2,4,svm_unscaled,658,van,van,
24,2,4,svm_unscaled,666,opel,opel,
24,2,4,svm_unscaled,676,bus,bus,
24,2,4,svm_unscaled,685,bus,bus,
24,2,4,svm_unscaled,696,saab,opel,
24,2,4,svm_unscaled,709,opel,opel,
24,2,4,svm_unscaled,714,bus,bus,
24,2,4,svm_unscaled,738,bus,opel,
24,2,4,svm_unscaled,749,saab,saab,
24,2,4,svm_unscaled,755,van,van,
24,2,4,svm_unscaled,782,opel,saab,
24,2,4,svm_unscaled,784,van,van,
24,2,4,svm_unscaled,792,opel,opel,
24,2,4,svm_unscaled,798,opel,saab,
24,2,4,svm_unscaled,801,opel,saab,
24,2,4,svm_unscaled,818,opel,saab,
24,2,4,svm_unscaled,841,saab,opel,
25,2,5,centroid,8,van,van,
25,2,5,centroid,15,opel,opel,
25,2,5,centroid,24,saab,opel,
25,2,5,centroid,36,bus,bus,
25,2,5,centroid,42,van,bus,
25,2,5,centroid,54,bus,opel,
25,2,5,centroid,61,opel,van,
25,2,5,centroid,70,opel,opel,
25,2,5,centroid,71,opel,opel,
25,2,5,centroid,78,bus,opel,
25,2,5,centroid,84,bus,van,
25,2,5,centroid,91,opel,saab,
25,2,5,centroid,93,van,bus,
25,2,5,centroid,97,bus,van,
25,2,5,centroid,101,van,van,
25,2,5,centroid,109,bus,opel,
25,2,5,centroid,136,van,bus,
25,2,5,centroid,138,saab,van,
25,2,5,centroid,141,bus,van,
25,2,5,centroid,151,bus,opel,
25,2,5,centroid,153,saab,opel,
25,2,5,centroid,198,bus,bus,
25,2,5,centroid,205,van,van,
25,2,5,centroid,207,bus,bus,
25,2,5,centroid,217,opel,opel,
25,2,5,centroid,223,bus,bus,
25,2,5,centroid,236,bus,bus,
25,2,5,centroid,240,opel,van,
25,2,5,centroid,251,opel,opel,
25,2,5,centroid,266,bus,bus,
25,2,5,centroid,291,van,bus,
25,2,5,centroid,330,van,van,
25,2,5,centroid,339,bus,van,
25,2,5,centroid,345,bus,opel,
25,2,5,centroid,351,saab,van,
25,2,5,centroid,389,opel,opel,
25,2,5,centroid,424,opel,saab,
25,2,5,centroid,425,opel,van,
25,2,5,centroid,433,bus,van,
25,2,5,centroid,439,saab,opel,
25,2,5,centroid,458,opel,opel,
25,2,5,centroid,459,saab,saab,
25,2,5,centroid,462,opel,saab,
25,2,5,centroid,463,opel,van,
25,2,5,centroid,465,bus,bus,
25,2,5,centroid,474,opel,van,
25,2,5,centroid,475,saab,opel,
25,2,5,centroid,486,opel,opel,
25,2,5,centroid,498,van,van,
25,2,5,centroid,501,opel,opel,
25,2,5,centroid,513,saab,saab,
25,2,5,centroid,520,saab,saab,
25,2,5,centroid,523,van,van,
25,2,5,centroid,549,saab,opel,
25,2,5,centroid,550,van,van,
25,2,5,centroid,559,saab,opel,
25,2,5,centroid,565,saab,saab,
25,2,5,centroid,567,saab,bus,
25,2,5,centroid,569,van,van,
25,2,5,centroid,572,van,van,
25,2,5,centroid,589,opel,opel,
25,2,5,centroid,594,van,van,
25,2,5,centroid,611,van,bus,
25,2,5,centroid,625,saab,saab,
25,2,5,centroid,634,opel,van,
25,2,5,centroid,637,bus,bus,
25,2,5,centroid,677,bus,opel,
25,2,5,centroid,679,bus,bus,
25,2,5,centroid,680,van,bus,
25,2,5,centroid,691,bus,bus,
25,2,5,centroid,701,saab,opel,
25,2,5,centroid,702,opel,saab,
25,2,5,centroid,716,saab,opel,
25,2,5,centroid,744,van,saab,
25,2,5,centroid,750,saab,saab,
25,2,5,centroid,753,saab,van,
25,2,5,centroid,768,opel,opel,
25,2,5,centroid,780,saab,saab,
25,2,5,centroid,795,van,van,
25,2,5,centroid,797,saab,saab,
25,2,5,centroid,811,opel,van,
25,2,5,centroid,820,saab,van,
25,2,5,centroid,837,saab,saab,
25,2,5,centroid,838,van,van,
25,2,5,centroid,842,van,bus,
25,2,5,knn,8,van,van,
25,2,5,knn,15,opel,opel,
25,2,5,knn,24,saab,saab,
25,2,5,knn,36,bus,bus,
25,2,5,knn,42,van,van,
25,2,5,knn,54,bus,bus,
25,2,5,knn,61,opel,saab,
25,2,5,knn,70,opel,opel,
25,2,5,knn,71,opel,opel,
25,2,5,knn,78,bus,bus,
25,2,5,knn,84,bus,bus,
25,2,5,knn,91,opel,saab,
25,2,5,knn,93,van,van,
25,2,5,knn,97,bus,bus,
25,2,5,knn,101,van,van,
25,2,5,knn,109,bus,bus,
25,2,5,knn,136,van,van,
25,2,5,knn,138,saab,saab,
25,2,5,knn,141,bus,bus,
25,2,5,knn,151,bus,bus,
25,2,5,knn,153,saab,saab,
25,2,5,knn,198,bus,bus,
25,2,5,knn,205,van,van,
25,2,5,knn,207,bus,bus,
25,2,5,knn,217,opel,saab,
25,2,5,knn,223,bus,bus,
25,2,5,knn,236,bus,bus,
25,2,5,knn,240,opel,saab,
25,2,5,knn,251,opel,saab,
25,2,5,knn,266,bus,bus,
25,2,5,knn,291,van,van,
25,2,5,knn,330,van,van,
25,2,5,knn,339,bus,bus,
25,2,5,knn,345,bus,bus,
25,2,5,knn,351,saab,bus,
25,2,5,knn,389,opel,opel,
25,2,5,knn,424,opel,saab,
25,2,5,knn,425,opel,saab,
25,2,5,knn,433,bus,bus,
25,2,5,knn,439,saab,saab,
25,2,5,knn,458,opel,saab,
25,2,5,knn,459,saab,saab,
25,2,5,knn,462,opel,opel,
25,2,5,knn,463,opel,bus,
25,2,5,knn,465,bus,bus,
25,2,5,knn,474,opel,opel,
25,2,5,knn,475,saab,saab,
25,2,5,knn,486,opel,opel,
25,2,5,knn,498,van,van,
25,2,5,knn,501,opel,opel,
25,2,5,knn,513,saab,opel,
25,2,5,knn,520,saab,saab,
25,2,5,knn,523,van,van,
25,2,5,knn,549,saab,saab,
25,2,5,knn,550,van,van,
25,2,5,knn,559,saab,opel,
25,2,5,knn,565,saab,saab,
25,2,5,knn,567,saab,saab,
25,2,5,knn,569,van,van,
25,2,5,knn,572,van,van,
25,2,5,knn,589,opel,saab,
25,2,5,knn,594,van,bus,
25,2,5,knn,611,van,van,
25,2,5,knn,625,saab,opel,
25,2,5,knn,634,opel,saab,
25,2,5,knn,637,bus,bus,
25,2,5,knn,677,bus,bus,
25,2,5,knn,679,bus,bus,
25,2,5,knn,680,van,van,
25,2,5,knn,691,bus,bus,
25,2,5,knn,701,saab,saab,
25,2,5,knn,702,opel,saab,
25,2,5,knn,716,saab,saab,
25,2,5,knn,744,van,van,
25,2,5,knn,750,saab,opel,
25,2,5,knn,753,saab,saab,
25,2,5,knn,768,opel,opel,
25,2,5,knn,780,saab,opel,
25,2,5,knn,795,van,van,
25,2,5,knn,797,saab,saab,
25,2,5,knn,811,opel,opel,
25,2,5,knn,820,saab,opel,
25,2,5,knn,837,saab,opel,
25,2,5,knn,838,van,van,
25,2,5,knn,842,van,van,
25,2,5,svm,8,van,van,2.3931673371774895
25,2,5,svm,15,opel,opel,0.7192463901237858
25,2,5,svm,24,saab,saab,0.26463935958036444
25,2,5,svm,36,bus,bus,0.9632753279258122
25,2,5,svm,42,van,van,2.691198682332777
25,2,5,svm,54,bus,bus,1.780169662827623
25,2,5,svm,61,opel,opel,0.5563756432484226
25,2,5,svm,70,opel,opel,0.9978231236492139
25,2,5,svm,71,opel,opel,1.3444407404003318
25,2,5,svm,78,bus,bus,1.8942601227803681
25,2,5,svm,84,bus,bus,2.2213200797452037
25,2,5,svm,91,opel,saab,0.9117739344795339
25,2,5,svm,93,van,van,2.790755426006011
25,2,5,svm,97,bus,bus,1.632799818243733
25,2,5,svm,101,van,van,0.7851558626072979
25,2,5,svm,109,bus,bus,2.785422806694841
25,2,5,svm,136,van,van,1.1543144558501426
25,2,5,svm,138,saab,saab,0.8981093015928476
25,2,5,svm,141,bus,bus,1.6475021292034033
25,2,5,svm,151,bus,bus,2.68429722821656
25,2,5,svm,153,saab,saab,1.0055081785816071
25,2,5,svm,198,bus,bus,1.6365050058799506
25,2,5,svm,205,van,van,2.1215906268564186
25,2,5,svm,207,bus,bus,1.6101477521581142
25,2,5,svm,217,opel,saab,0.537747634233547
25,2,5,svm,223,bus,bus,1.8986690992156792
25,2,5,svm,236,bus,bus,2.7621047130180014
25,2,5,svm,240,opel,saab,0.15584485175299534
25,2,5,svm,251,opel,opel,0.8759215717732474
25,2,5,svm,266,bus,bus,1.1754106816636996
25,2,5,svm,291,van,van,0.47406462838627816
25,2,5,svm,330,van,van,1.4011602856008398
25,2,5,svm,339,bus,bus,1.3230987645809695
25,2,5,svm,345,bus,bus,1.5684417985583727
25,2,5,svm,351,saab,saab,0.8404845792936011
25,2,5,svm,389,opel,opel,1.5277297936720586
25,2,5,svm,424,opel,opel,0.6107291677258715
25,2,5,svm,425,opel,saab,0.25546819430271483
25,2,5,svm,433,bus,bus,0.7164804260359934
25,2,5,svm,439,saab,saab,0.4487324012267706
25,2,5,svm,458,opel,opel,0.5673402281018411
25,2,5,svm,459,saab,saab,0.08927921319519072
25,2,5,svm,462,opel,saab,0.11455056383131845
25,2,5,svm,463,opel,saab,0.7183833082121356
25,2,5,svm,465,bus,bus,1.374879886949906
25,2,5,svm,474,opel,opel,0.41138352024513125
25,2,5,svm,475,saab,opel,0.38867684849993367
25,2,5,svm,486,opel,saab,0.09819834978400621
25,2,5,svm,498,van,van,2.132537341350477
25,2,5,svm,501,opel,opel,0.7985706228576088
25,2,5,svm,513,saab,opel,0.42651240550633673
25,2,5,svm,520,saab,opel,0.11870590148648574
25,2,5,svm,523,van,van,0.8794058916498153
25,2,5,svm,549,saab,saab,1.1526736262974637
25,2,5,svm,550,van,van,1.462189275578952
25,2,5,svm,559,saab,opel,0.6051105931375531
25,2,5,svm,565,saab,saab,1.3195605939170107
25,2,5,svm,567,saab,saab,0.17706695898413471
25,2,5,svm,569,van,van,2.0741396644658057
25,2,5,svm,572,van,van,1.8119908743303774
25,2,5,svm,589,opel,opel,0.2539998462735227
25,2,5,svm,594,van,van,0.8422328440479863
25,2,5,svm,611,van,van,2.405873473515216
25,2,5,svm,625,saab,saab,0.381216664988258
25,2,5,svm,634,opel,saab,0.33089940918119254
25,2,5,svm,637,bus,bus,1.5462075924803307
25,2,5,svm,677,bus,bus,2.871891136760011
25,2,5,svm,679,bus,bus,2.3022966926709576
25,2,5,svm,680,van,van,0.6886519220475769
25,2,5,svm,691,bus,bus,0.9822610672751986
25,2,5,svm,701,saab,saab,1.76781673994545
25,2,5,svm,702,opel,opel,0.3411605350130671
25,2,5,svm,716,saab,saab,0.7235569988610919
25,2,5,svm,744,van,van,0.978782541702717
25,2,5,svm,750,saab,saab,1.1439983007553636
25,2,5,svm,753,saab,saab,0.9709546891324348
25,2,5,svm,768,opel,opel,0.27096796036672544
25,2,5,svm,780,saab,saab,0.9578425459235476
25,2,5,svm,795,van,van,0.7965182064555403
25,2,5,svm,797,saab,saab,1.299773857398506
25,2,5,svm,811,opel,saab,0.10147555893706084
25,2,5,svm,820,saab,opel,0.9368525426952985
25,2,5,svm,837,saab,saab,0.37164418161925283
25,2,5,svm,838,van,van,1.5401411204878617
25,2,5,svm,842,van,van,1.7168884534332063
25,2,5,mlp,8,van,van,
25,2,5,mlp,15,opel,opel,
25,2,5,mlp,24,saab,opel,
25,2,5,mlp,36,bus,bus,
25,2,5,mlp,42,van,van,
25,2,5,mlp,54,bus,bus,
25,2,5,mlp,61,opel,opel,
25,2,5,mlp,70,opel,opel,
25,2,5,mlp,71,opel,opel,
25,2,5,mlp,78,bus,bus,
25,2,5,mlp,84,bus,bus,
25,2,5,mlp,91,opel,saab,
25,2,5,mlp,93,van,van,
25,2,5,mlp,97,bus,bus,
25,2,5,mlp,101,van,van,
25,2,5,mlp,109,bus,bus,
25,2,5,mlp,136,van,van,
25,2,5,mlp,138,saab,saab,
25,2,5,mlp,141,bus,bus,
25,2,5,mlp,151,bus,bus,
25,2,5,mlp,153,saab,saab,
25,2,5,mlp,198,bus,bus,
25,2,5,mlp,205,van,van,
25,2,5,mlp,207,bus,bus,
25,2,5,mlp,217,opel,saab,
25,2,5,mlp,223,bus,bus,
25,2,5,mlp,236,bus,bus,
25,2,5,mlp,240,opel,opel,
25,2,5,mlp,251,opel,saab,
25,2,5,mlp,266,bus,bus,
25,2,5,mlp,291,van,van,
25,2,5,mlp,330,van,van,
25,2,5,mlp,339,bus,bus,
25,2,5,mlp,345,bus,bus,
25,2,5,mlp,351,saab,bus,
25,2,5,mlp,389,opel,opel,
25,2,5,mlp,424,opel,saab,
25,2,5,mlp,425,opel,opel,
25,2,5,mlp,433,bus,bus,
25,2,5,mlp,439,saab,opel,
25,2,5,mlp,458,opel,saab,
25,2,5,mlp,459,saab,opel,
25,2,5,mlp,462,opel,saab,
25,2,5,mlp,463,opel,saab,
25,2,5,mlp,465,bus,bus,
25,2,5,mlp,474,opel,saab,
25,2,5,mlp,475,saab,opel,
25,2,5,mlp,486,opel,saab,
25,2,5,mlp,498,van,van,
25,2,5,mlp,501,opel,opel,
25,2,5,mlp,513,saab,opel,
25,2,5,mlp,520,saab,saab,
25,2,5,mlp,523,van,van,
25,2,5,mlp,549,saab,saab,
25,2,5,mlp,550,van,van,
25,2,5,mlp,559,saab,opel,
25,2,5,mlp,565,saab,opel,
25,2,5,mlp,567,saab,saab,
25,2,5,mlp,569,van,van,
25,2,5,mlp,572,van,van,
25,2,5,mlp,589,opel,saab,
25,2,5,mlp,594,van,van,
25,2,5,mlp,611,van,van,
25,2,5,mlp,625,saab,saab,
25,2,5,mlp,634,opel,saab,
25,2,5,mlp,637,bus,bus,
25,2,5,mlp,677,bus,bus,
25,2,5,mlp,679,bus,bus,
25,2,5,mlp,680,van,van,
25,2,5,mlp,691,bus,bus,
25,2,5,mlp,701,saab,saab,
25,2,5,mlp,702,opel,saab,
25,2,5,mlp,716,saab,opel,
25,2,5,mlp,744,van,van,
25,2,5,mlp,750,saab,saab,
25,2,5,mlp,753,saab,opel,
25,2,5,mlp,768,opel,opel,
25,2,5,mlp,780,saab,saab,
25,2,5,mlp,795,van,van,
25,2,5,mlp,797,saab,saab,
25,2,5,mlp,811,opel,saab,
25,2,5,mlp,820,saab,opel,
25,2,5,mlp,837,saab,opel,
25,2,5,mlp,838,van,van,
25,2,5,mlp,842,van,van,
25,2,5,rbf,8,van,van,
25,2,5,rbf,15,opel,opel,
25,2,5,rbf,24,saab,opel,
25,2,5,rbf,36,bus,bus,
25,2,5,rbf,42,van,van,
25,2,5,rbf,54,bus,bus,
25,2,5,rbf,61,opel,saab,
25,2,5,rbf,70,opel,opel,
25,2,5,rbf,71,opel,opel,
25,2,5,rbf,78,bus,bus,
25,2,5,rbf,84,bus,bus,
25,2,5,rbf,91,opel,saab,
25,2,5,rbf,93,van,van,
25,2,5,rbf,97,bus,bus,
25,2,5,rbf,101,van,van,
25,2,5,rbf,109,bus,bus,
25,2,5,rbf,136,van,van,
25,2,5,rbf,138,saab,saab,
25,2,5,rbf,141,bus,bus,
25,2,5,rbf,151,bus,bus,
25,2,5,rbf,153,saab,saab,
25,2,5,rbf,198,bus,bus,
25,2,5,rbf,205,van,van,
25,2,5,rbf,207,bus,bus,
25,2,5,rbf,217,opel,opel,
25,2,5,rbf,223,bus,bus,
25,2,5,rbf,236,bus,bus,
25,2,5,rbf,240,opel,saab,
25,2,5,rbf,251,opel,opel,
25,2,5,rbf,266,bus,bus,
25,2,5,rbf,291,van,van,
25,2,5,rbf,330,van,van,
25,2,5,rbf,339,bus,bus,
25,2,5,rbf,345,bus,bus,
25,2,5,rbf,351,saab,bus,
25,2,5,rbf,389,opel,opel,
25,2,5,rbf,424,opel,opel,
25,2,5,rbf,425,opel,saab,
25,2,5,rbf,433,bus,bus,
25,2,5,rbf,439,saab,opel,
25,2,5,rbf,458,opel,saab,
25,2,5,rbf,459,saab,opel,
25,2,5,rbf,462,opel,bus,
25,2,5,rbf,463,opel,bus,
25,2,5,rbf,465,bus,bus,
25,2,5,rbf,474,opel,saab,
25,2,5,rbf,475,saab,opel,
25,2,5,rbf,486,opel,opel,
25,2,5,rbf,498,van,van,
25,2,5,rbf,501,opel,opel,
25,2,5,rbf,513,saab,saab,
25,2,5,rbf,520,saab,opel,
25,2,5,rbf,523,van,van,
25,2,5,rbf,549,saab,saab,
25,2,5,rbf,550,van,van,
25,2,5,rbf,559,saab,opel,
25,2,5,rbf,565,saab,saab,
25,2,5,rbf,567,saab,saab,
25,2,5,rbf,569,van,van,
25,2,5,rbf,572,van,van,
25,2,5,rbf,589,opel,saab,
25,2,5,rbf,594,van,van,
25,2,5,rbf,611,van,van,
25,2,5,rbf,625,saab,saab,
25,2,5,rbf,634,opel,saab,
25,2,5,rbf,637,bus,bus,
25,2,5,rbf,677,bus,bus,
25,2,5,rbf,679,bus,bus,
25,2,5,rbf,680,van,van,
25,2,5,rbf,691,bus,bus,
25,2,5,rbf,701,saab,saab,
25,2,5,rbf,702,opel,opel,
25,2,5,rbf,716,saab,opel,
25,2,5,rbf,744,van,van,
25,2,5,rbf,750,saab,saab,
25,2,5,rbf,753,saab,van,
25,2,5,rbf,768,opel,saab,
25,2,5,rbf,780,saab,saab,
25,2,5,rbf,795,van,van,
25,2,5,rbf,797,saab,saab,
25,2,5,rbf,811,opel,opel,
25,2,5,rbf,820,saab,opel,
25,2,5,rbf,837,saab,van,
25,2,5,rbf,838,van,van,
25,2,5,rbf,842,van,van,
25,2,5,svm_linear,8,van,van,
25,2,5,svm_linear,15,opel,saab,
25,2,5,svm_linear,24,saab,opel,
25,2,5,svm_linear,36,bus,bus,
25,2,5,svm_linear,42,van,van,
25,2,5,svm_linear,54,bus,bus,
25,2,5,svm_linear,61,opel,opel,
25,2,5,svm_linear,70,opel,bus,
25,2,5,svm_linear,71,opel,opel,
25,2,5,svm_linear,78,bus,bus,
25,2,5,svm_linear,84,bus,bus,
25,2,5,svm_linear,91,opel,saab,
25,2,5,svm_linear,93,van,van,
25,2,5,svm_linear,97,bus,bus,
25,2,5,svm_linear,101,van,van,
25,2,5,svm_linear,109,bus,bus,
25,2,5,svm_linear,136,van,van,
25,2,5,svm_linear,138,saab,saab,
25,2,5,svm_linear,141,bus,bus,
25,2,5,svm_linear,151,bus,bus,
25,2,5,svm_linear,153,saab,saab,
25,2,5,svm_linear,198,bus,bus,
25,2,5,svm_linear,205,van,van,
25,2,5,svm_linear,207,bus,bus,
25,2,5,svm_linear,217,opel,saab,
25,2,5,svm_linear,223,bus,bus,
25,2,5,svm_linear,236,bus,bus,
25,2,5,svm_linear,240,opel,opel,
25,2,5,svm_linear,251,opel,opel,
25,2,5,svm_linear,266,bus,bus,
25,2,5,svm_linear,291,van,van,
25,2,5,svm_linear,330,van,van,
25,2,5,svm_linear,339,bus,bus,
25,2,5,svm_linear,345,bus,bus,
25,2,5,svm_linear,351,saab,bus,
25,2,5,svm_linear,389,opel,opel,
25,2,5,svm_linear,424,opel,opel,
25,2,5,svm_linear,425,opel,saab,
25,2,5,svm_linear,433,bus,bus,
25,2,5,svm_linear,439,saab,opel,
25,2,5,svm_linear,458,opel,saab,
25,2,5,svm_linear,459,saab,opel,
25,2,5,svm_linear,462,opel,saab,
25,2,5,svm_linear,463,opel,saab,
25,2,5,svm_linear,465,bus,bus,
25,2,5,svm_linear,474,opel,opel,
25,2,5,svm_linear,475,saab,opel,
25,2,5,svm_linear,486,opel,opel,
25,2,5,svm_linear,498,van,van,
25,2,5,svm_linear,501,opel,opel,
25,2,5,svm_linear,513,saab,saab,
25,2,5,svm_linear,520,saab,opel,
25,2,5,svm_linear,523,van,van,
25,2,5,svm_linear,549,saab,saab,
25,2,5,svm_linear,550,van,van,
25,2,5,svm_linear,559,saab,opel,
25,2,5,svm_linear,565,saab,saab,
25,2,5,svm_linear,567,saab,saab,
25,2,5,svm_linear,569,van,van,
25,2,5,svm_linear,572,van,van,
25,2,5,svm_linear,589,opel,opel,
25,2,5,svm_linear,594,van,van,
25,2,5,svm_linear,611,van,van,
25,2,5,svm_linear,625,saab,saab,
25,2,5,svm_linear,634,opel,saab,
25,2,5,svm_linear,637,bus,bus,
25,2,5,svm_linear,677,bus,bus,
25,2,5,svm_linear,679,bus,bus,
25,2,5,svm_linear,680,van,van,
25,2,5,svm_linear,691,bus,bus,
25,2,5,svm_linear,701,saab,saab,
25,2,5,svm_linear,702,opel,saab,
25,2,5,svm_linear,716,saab,saab,
25,2,5,svm_linear,744,van,van,
25,2,5,svm_linear,750,saab,saab,
25,2,5,svm_linear,753,saab,saab,
25,2,5,svm_linear,768,opel,saab,
25,2,5,svm_linear,780,saab,saab,
25,2,5,svm_linear,795,van,van,
25,2,5,svm_linear,797,saab,saab,
25,2,5,svm_linear,811,opel,opel,
25,2,5,svm_linear,820,saab,opel,
25,2,5,svm_linear,837,saab,saab,
25,2,5,svm_linear,838,van,van,
25,2,5,svm_linear,842,van,van,
25,2,5,svm_unscaled,8,van,van,
25,2,5,svm_unscaled,15,opel,saab,
25,2,5,svm_unscaled,24,saab,saab,
25,2,5,svm_unscaled,36,bus,bus,
25,2,5,svm_unscaled,42,van,van,
25,2,5,svm_unscaled,54,bus,bus,
25,2,5,svm_unscaled,61,opel,opel,
25,2,5,svm_unscaled,70,opel,opel,
25,2,5,svm_unscaled,71,opel,opel,
25,2,5,svm_unscaled,78,bus,bus,
25,2,5,svm_unscaled,84,bus,bus,
25,2,5,svm_unscaled,91,opel,saab,
25,2,5,svm_unscaled,93,van,van,
25,2,5,svm_unscaled,97,bus,bus,
25,2,5,svm_unscaled,101,van,van,
25,2,5,svm_unscaled,109,bus,bus,
25,2,5,svm_unscaled,136,van,van,
25,2,5,svm_unscaled,138,saab,saab,
25,2,5,svm_unscaled,141,bus,bus,
25,2,5,svm_unscaled,151,bus,bus,
25,2,5,svm_unscaled,153,saab,opel,
25,2,5,svm_unscaled,198,bus,bus,
25,2,5,svm_unscaled,205,van,van,
25,2,5,svm_unscaled,207,bus,bus,
25,2,5,svm_unscaled,217,opel,opel,
25,2,5,svm_unscaled,223,bus,bus,
25,2,5,svm_unscaled,236,bus,bus,
25,2,5,svm_unscaled,240,opel,saab,
25,2,5,svm_unscaled,251,opel,saab,
25,2,5,svm_unscaled,266,bus,bus,
25,2,5,svm_unscaled,291,van,van,
25,2,5,svm_unscaled,330,van,van,
25,2,5,svm_unscaled,339,bus,bus,
25,2,5,svm_unscaled,345,bus,bus,
25,2,5,svm_unscaled,351,saab,bus,
25,2,5,svm_unscaled,389,opel,opel,
25,2,5,svm_unscaled,424,opel,opel,
25,2,5,svm_unscaled,425,opel,saab,
25,2,5,svm_unscaled,433,bus,bus,
25,2,5,svm_unscaled,439,saab,opel,
25,2,5,svm_unscaled,458,opel,saab,
25,2,5,svm_unscaled,459,saab,opel,
25,2,5,svm_unscaled,462,opel,saab,
25,2,5,svm_unscaled,463,opel,bus,
25,2,5,svm_unscaled,465,bus,bus,
25,2,5,svm_unscaled,474,opel,opel,
25,2,5,svm_unscaled,475,saab,opel,
25,2,5,svm_unscaled,486,opel,opel,
25,2,5,svm_unscaled,498,van,van,
25,2,5,svm_unscaled,501,opel,opel,
25,2,5,svm_unscaled,513,saab,saab,
25,2,5,svm_unscaled,520,saab,opel,
25,2,5,svm_unscaled,523,van,van,
25,2,5,svm_unscaled,549,saab,saab,
25,2,5,svm_unscaled,550,van,van,
25,2,5,svm_unscaled,559,saab,opel,
25,2,5,svm_unscaled,565,saab,saab,
25,2,5,svm_unscaled,567,saab,saab,
25,2,5,svm_unscaled,569,van,van,
25,2,5,svm_unscaled,572,van,van,
25,2,5,svm_unscaled,589,opel,saab,
25,2,5,svm_unscaled,594,van,van,
25,2,5,svm_unscaled,611,van,van,
25,2,5,svm_unscaled,625,saab,opel,
25,2,5,svm_unscaled,634,opel,saab,
25,2,5,svm_unscaled,637,bus,bus,
25,2,5,svm_unscaled,677,bus,bus,
25,2,5,svm_unscaled,679,bus,bus,
25,2,5,svm_unscaled,680,van,van,
25,2,5,svm_unscaled,691,bus,bus,
25,2,5,svm_unscaled,701,saab,saab,
25,2,5,svm_unscaled,702,opel,saab,
25,2,5,svm_unscaled,716,saab,opel,
25,2,5,svm_unscaled,744,van,van,
25,2,5,svm_unscaled,750,saab,saab,
25,2,5,svm_unscaled,753,saab,opel,
25,2,5,svm_unscaled,768,opel,opel,
25,2,5,svm_unscaled,780,saab,saab,
25,2,5,svm_unscaled,795,van,van,
25,2,5,svm_unscaled,797,saab,saab,
25,2,5,svm_unscaled,811,opel,opel,
25,2,5,svm_unscaled,820,saab,saab,
25,2,5,svm_unscaled,837,saab,saab,
25,2,5,svm_unscaled,838,van,van,
25,2,5,svm_unscaled,842,van,van,
26,2,6,centroid,11,saab,van,
26,2,6,centroid,17,bus,saab,
26,2,6,centroid,50,saab,van,
26,2,6,centroid,57,van,van,
26,2,6,centroid,60,opel,saab,
26,2,6,centroid,68,van,van,
26,2,6,centroid,100,bus,bus,
26,2,6,centroid,108,bus,bus,
26,2,6,centroid,119,bus,opel,
26,2,6,centroid,137,van,van,
26,2,6,centroid,193,bus,opel,
26,2,6,centroid,220,opel,opel,
26,2,6,centroid,228,saab,saab,
26,2,6,centroid,231,saab,van,
26,2,6,centroid,234,van,van,
26,2,6,centroid,238,opel,opel,
26,2,6,centroid,241,opel,saab,
26,2,6,centroid,245,van,van,
26,2,6,centroid,252,van,van,
26,2,6,centroid,254,van,bus,
26,2,6,centroid,256,saab,van,
26,2,6,centroid,271,saab,opel,
26,2,6,centroid,278,saab,saab,
26,2,6,centroid,309,opel,saab,
26,2,6,centroid,313,opel,saab,
26,2,6,centroid,317,saab,saab,
26,2,6,centroid,319,bus,opel,
26,2,6,centroid,324,saab,saab,
26,2,6,centroid,332,opel,opel,
26,2,6,centroid,337,bus,opel,
26,2,6,centroid,343,opel,opel,
26,2,6,centroid,346,saab,saab,
26,2,6,centroid,347,opel,van,
26,2,6,centroid,367,saab,van,
26,2,6,centroid,374,van,van,
26,2,6,centroid,381,bus,opel,
26,2,6,centroid,382,bus,bus,
26,2,6,centroid,391,van,van,
26,2,6,centroid,396,bus,opel,
26,2,6,centroid,398,bus,saab,
26,2,6,centroid,418,bus,bus,
26,2,6,centroid,423,bus,bus,
26,2,6,centroid,430,saab,opel,
26,2,6,centroid,441,van,bus,
26,2,6,centroid,443,opel,saab,
26,2,6,centroid,453,bus,van,
26,2,6,centroid,454,saab,opel,
26,2,6,centroid,472,bus,opel,
26,2,6,centroid,479,bus,bus,
26,2,6,centroid,482,opel,saab,
26,2,6,centroid,502,opel,van,
26,2,6,centroid,519,van,van,
26,2,6,centroid,533,van,van,
26,2,6,centroid,538,opel,opel,
26,2,6,centroid,546,van,van,
26,2,6,centroid,553,bus,bus,
26,2,6,centroid,555,opel,opel,
26,2,6,centroid,563,opel,van,
26,2,6,centroid,564,bus,van,
26,2,6,centroid,568,bus,bus,
26,2,6,centroid,573,van,bus,
26,2,6,centroid,587,opel,van,
26,2,6,centroid,601,van,van,
26,2,6,centroid,639,opel,saab,
26,2,6,centroid,646,bus,van,
26,2,6,centroid,650,saab,opel,
26,2,6,centroid,671,opel,saab,
26,2,6,centroid,673,opel,van,
26,2,6,centroid,682,van,bus,
26,2,6,centroid,693,van,bus,
26,2,6,centroid,704,opel,opel,
26,2,6,centroid,705,saab,saab,
26,2,6,centroid,711,saab,opel,
26,2,6,centroid,729,opel,opel,
26,2,6,centroid,734,van,van,
26,2,6,centroid,740,saab,saab,
26,2,6,centroid,743,saab,opel,
26,2,6,centroid,757,saab,van,
26,2,6,centroid,787,van,van,
26,2,6,centroid,803,bus,saab,
26,2,6,centroid,806,saab,van,
26,2,6,centroid,807,saab,opel,
26,2,6,centroid,835,bus,opel,
26,2,6,centroid,836,van,van,
26,2,6,knn,11,saab,van,
26,2,6,knn,17,bus,bus,
26,2,6,knn,50,saab,saab,
26,2,6,knn,57,van,van,
26,2,6,knn,60,opel,opel,
26,2,6,knn,68,van,van,
26,2,6,knn,100,bus,van,
26,2,6,knn,108,bus,bus,
26,2,6,knn,119,bus,bus,
26,2,6,knn,137,van,van,
26,2,6,knn,193,bus,bus,
26,2,6,knn,220,opel,opel,
26,2,6,knn,228,saab,saab,
26,2,6,knn,231,saab,van,
26,2,6,knn,234,van,van,
26,2,6,knn,238,opel,opel,
26,2,6,knn,241,opel,opel,
26,2,6,knn,245,van,van,
26,2,6,knn,252,van,van,
26,2,6,knn,254,van,van,
26,2,6,knn,256,saab,opel,
26,2,6,knn,271,saab,bus,
26,2,6,knn,278,saab,saab,
26,2,6,knn,309,opel,saab,
26,2,6,knn,313,opel,opel,
26,2,6,knn,317,saab,saab,
26,2,6,knn,319,bus,bus,
26,2,6,knn,324,saab,saab,
26,2,6,knn,332,opel,opel,
26,2,6,knn,337,bus,bus,
26,2,6,knn,343,opel,opel,
26,2,6,knn,346,saab,saab,
26,2,6,knn,347,opel,saab,
26,2,6,knn,367,saab,saab,
26,2,6,knn,374,van,van,
26,2,6,knn,381,bus,bus,
26,2,6,knn,382,bus,bus,
26,2,6,knn,391,van,van,
26,2,6,knn,396,bus,bus,
26,2,6,knn,398,bus,bus,
26,2,6,knn,418,bus,bus,
26,2,6,knn,423,bus,bus,
26,2,6,knn,430,saab,opel,
26,2,6,knn,441,van,van,
26,2,6,knn,443,opel,saab,
26,2,6,knn,453,bus,bus,
26,2,6,knn,454,saab,opel,
26,2,6,knn,472,bus,bus,
26,2,6,knn,479,bus,bus,
26,2,6,knn,482,opel,saab,
26,2,6,knn,502,opel,opel,
26,2,6,knn,519,van,van,
26,2,6,knn,533,van,van,
26,2,6,knn,538,opel,opel,
26,2,6,knn,546,van,van,
26,2,6,knn,553,bus,bus,
26,2,6,knn,555,opel,saab,
26,2,6,knn,563,opel,opel,
26,2,6,knn,564,bus,bus,
26,2,6,knn,568,bus,bus,
26,2,6,knn,573,van,van,
26,2,6,knn,587,opel,saab,
26,2,6,knn,601,van,van,
26,2,6,knn,639,opel,saab,
26,2,6,knn,646,bus,bus,
26,2,6,knn,650,saab,opel,
26,2,6,knn,671,opel,opel,
26,2,6,knn,673,opel,bus,
26,2,6,knn,682,van,van,
26,2,6,knn,693,van,van,
26,2,6,knn,704,opel,opel,
26,2,6,knn,705,saab,saab,
26,2,6,knn,711,saab,opel,
26,2,6,knn,729,opel,opel,
26,2,6,knn,734,van,bus,
26,2,6,knn,740,saab,saab,
26,2,6,knn,743,saab,opel,
26,2,6,knn,757,saab,opel,
26,2,6,knn,787,van,van,
26,2,6,knn,803,bus,bus,
26,2,6,knn,806,saab,van,
26,2,6,knn,807,saab,saab,
26,2,6,knn,835,bus,bus,
26,2,6,knn,836,van,van,
26,2,6,svm,11,saab,opel,0.07484463631682192
26,2,6,svm,17,bus,bus,1.766255069064501
26,2,6,svm,50,saab,saab,1.045532362060884
26,2,6,svm,57,van,van,1.3933937706861532
26,2,6,svm,60,opel,opel,1.6742562075463128
26,2,6,svm,68,van,van,2.505596645004857
26,2,6,svm,100,bus,van,0.338508121808528
26,2,6,svm,108,bus,bus,1.5717126052175225
26,2,6,svm,119,bus,bus,0.5082115992733307
26,2,6,svm,137,van,van,1.9705340569807868
26,2,6,svm,193,bus,bus,0.9554552545375221
26,2,6,svm,220,opel,opel,1.1772566309637007
26,2,6,svm,228,saab,saab,0.7460290801788223
26,2,6,svm,231,saab,saab,0.47233457455981875
26,2,6,svm,234,van,van,1.3280265864765626
26,2,6,svm,238,opel,opel,1.341929170726432
26,2,6,svm,241,opel,opel,0.33562566612262756
26,2,6,svm,245,van,van,1.4666849942202558
26,2,6,svm,252,van,van,0.9915822948617802
26,2,6,svm,254,van,van,2.8848829562648266
26,2,6,svm,256,saab,opel,1.5078580134072563
26,2,6,svm,271,saab,saab,0.9516212166444915
26,2,6,svm,278,saab,opel,0.37660488428500116
26,2,6,svm,309,opel,opel,1.1393093597260373
26,2,6,svm,313,opel,saab,0.2619786269780269
26,2,6,svm,317,saab,saab,0.35883430358429225
26,2,6,svm,319,bus,bus,1.2826418608683594
26,2,6,svm,324,saab,saab,1.2489158944352163
26,2,6,svm,332,opel,opel,1.0906116888794852
26,2,6,svm,337,bus,bus,1.4384157492482172
26,2,6,svm,343,opel,opel,1.3627648043009468
26,2,6,svm,346,saab,saab,1.0555703044610891
26,2,6,svm,347,opel,opel,0.011364905632266442
26,2,6,svm,367,saab,saab,0.5445097895250655
26,2,6,svm,374,van,van,0.421998526161771
26,2,6,svm,381,bus,bus,1.1251007351409623
26,2,6,svm,382,bus,bus,1.7495275434854725
26,2,6,svm,391,van,van,1.8147979973792656
26,2,6,svm,396,bus,bus,0.9241817846374213
26,2,6,svm,398,bus,bus,1.6645678112047486
26,2,6,svm,418,bus,bus,1.4323051375672238
26,2,6,svm,423,bus,bus,1.1649422032650423
26,2,6,svm,430,saab,saab,0.12323891686725297
26,2,6,svm,441,van,van,0.45645712805274186
26,2,6,svm,443,opel,opel,1.1920809135321493
26,2,6,svm,453,bus,bus,1.1229366612982046
26,2,6,svm,454,saab,saab,1.0823586202104556
26,2,6,svm,472,bus,bus,1.3150902693866031
26,2,6,svm,479,bus,bus,1.0908925882478657
26,2,6,svm,482,opel,saab,0.2714675998827243
26,2,6,svm,502,opel,saab,0.9238508661575219
26,2,6,svm,519,van,van,1.186985004031081
26,2,6,svm,533,van,van,3.1106216975639907
26,2,6,svm,538,opel,opel,1.5836416474767465
26,2,6,svm,546,van,van,1.2145177527181867
26,2,6,svm,553,bus,bus,1.6437358466226135
26,2,6,svm,555,opel,saab,0.8184466593069915
26,2,6,svm,563,opel,opel,1.3118605242772
26,2,6,svm,564,bus,bus,1.0739212870084178
26,2,6,svm,568,bus,bus,1.5050301230611898
26,2,6,svm,573,van,van,1.5981906019147982
26,2,6,svm,587,opel,opel,0.8841402230055982
26,2,6,svm,601,van,van,1.7653531813030428
26,2,6,svm,639,opel,opel,0.2806386805487717
26,2,6,svm,646,bus,bus,1.4520194891312208
26,2,6,svm,650,saab,opel,0.679170405039339
26,2,6,svm,671,opel,opel,1.0962323181993892
26,2,6,svm,673,opel,opel,0.21986315322028938
26,2,6,svm,682,van,van,1.0202323811196332
26,2,6,svm,693,van,van,1.160581937899185
26,2,6,svm,704,opel,opel,1.5783632361449325
26,2,6,svm,705,saab,saab,1.2294115844544322
26,2,6,svm,711,saab,saab,0.8634823474039246
26,2,6,svm,729,opel,opel,0.948588865388927
26,2,6,svm,734,van,van,0.707960442198806
26,2,6,svm,740,saab,saab,1.173020287771707
26,2,6,svm,743,saab,opel,0.7962021971489897
26,2,6,svm,757,saab,saab,0.03664961394470545
26,2,6,svm,787,van,van,2.782615958041293
26,2,6,svm,803,bus,bus,0.7974643048915314
26,2,6,svm,806,saab,saab,0.36646811203834595
26,2,6,svm,807,saab,saab,0.632972621154094
26,2,6,svm,835,bus,bus,0.8562197859026056
26,2,6,svm,836,van,van,0.8075176748337662
26,2,6,mlp,11,saab,opel,
26,2,6,mlp,17,bus,bus,
26,2,6,mlp,50,saab,saab,
26,2,6,mlp,57,van,van,
26,2,6,mlp,60,opel,saab,
26,2,6,mlp,68,van,van,
26,2,6,mlp,100,bus,van,
26,2,6,mlp,108,bus,bus,
26,2,6,mlp,119,bus,bus,
26,2,6,mlp,137,van,van,
26,2,6,mlp,193,bus,bus,
26,2,6,mlp,220,opel,opel,
26,2,6,mlp,228,saab,saab,
26,2,6,mlp,231,saab,opel,
26,2,6,mlp,234,van,van,
26,2,6,mlp,238,opel,opel,
26,2,6,mlp,241,opel,opel,
26,2,6,mlp,245,van,van,
26,2,6,mlp,252,van,van,
26,2,6,mlp,254,van,van,
26,2,6,mlp,256,saab,saab,
26,2,6,mlp,271,saab,saab,
26,2,6,mlp,278,saab,saab,
26,2,6,mlp,309,opel,saab,
26,2,6,mlp,313,opel,opel,
26,2,6,mlp,317,saab,saab,
26,2,6,mlp,319,bus,bus,
26,2,6,mlp,324,saab,saab,
26,2,6,mlp,332,opel,opel,
26,2,6,mlp,337,bus,bus,
26,2,6,mlp,343,opel,opel,
26,2,6,mlp,346,saab,saab,
26,2,6,mlp,347,opel,saab,
26,2,6,mlp,367,saab,opel,
26,2,6,mlp,374,van,opel,
26,2,6,mlp,381,bus,bus,
26,2,6,mlp,382,bus,bus,
26,2,6,mlp,391,van,van,
26,2,6,mlp,396,bus,bus,
26,2,6,mlp,398,bus,bus,
26,2,6,mlp,418,bus,bus,
26,2,6,mlp,423,bus,bus,
26,2,6,mlp,430,saab,opel,
26,2,6,mlp,441,van,van,
26,2,6,mlp,443,opel,saab,
26,2,6,mlp,453,bus,van,
26,2,6,mlp,454,saab,saab,
26,2,6,mlp,472,bus,bus,
26,2,6,mlp,479,bus,bus,
26,2,6,mlp,482,opel,saab,
26,2,6,mlp,502,opel,opel,
26,2,6,mlp,519,van,van,
26,2,6,mlp,533,van,van,
26,2,6,mlp,538,opel,saab,
26,2,6,mlp,546,van,van,
26,2,6,mlp,553,bus,bus,
26,2,6,mlp,555,opel,opel,
26,2,6,mlp,563,opel,opel,
26,2,6,mlp,564,bus,bus,
26,2,6,mlp,568,bus,bus,
26,2,6,mlp,573,van,van,
26,2,6,mlp,587,opel,opel,
26,2,6,mlp,601,van,van,
26,2,6,mlp,639,opel,saab,
26,2,6,mlp,646,bus,bus,
26,2,6,mlp,650,saab,opel,
26,2,6,mlp,671,opel,saab,
26,2,6,mlp,673,opel,saab,
26,2,6,mlp,682,van,van,
26,2,6,mlp,693,van,van,
26,2,6,mlp,704,opel,opel,
26,2,6,mlp,705,saab,saab,
26,2,6,mlp,711,saab,opel,
26,2,6,mlp,729,opel,saab,
26,2,6,mlp,734,van,van,
26,2,6,mlp,740,saab,saab,
26,2,6,mlp,743,saab,saab,
26,2,6,mlp,757,saab,opel,
26,2,6,mlp,787,van,van,
26,2,6,mlp,803,bus,bus,
26,2,6,mlp,806,saab,van,
26,2,6,mlp,807,saab,opel,
26,2,6,mlp,835,bus,bus,
26,2,6,mlp,836,van,van,
26,2,6,rbf,11,saab,van,
26,2,6,rbf,17,bus,bus,
26,2,6,rbf,50,saab,opel,
26,2,6,rbf,57,van,van,
26,2,6,rbf,60,opel,saab,
26,2,6,rbf,68,van,van,
26,2,6,rbf,100,bus,van,
26,2,6,rbf,108,bus,bus,
26,2,6,rbf,119,bus,bus,
26,2,6,rbf,137,van,van,
26,2,6,rbf,193,bus,bus,
26,2,6,rbf,220,opel,opel,
26,2,6,rbf,228,saab,saab,
26,2,6,rbf,231,saab,van,
26,2,6,rbf,234,van,van,
26,2,6,rbf,238,opel,opel,
26,2,6,rbf,241,opel,opel,
26,2,6,rbf,245,van,van,
26,2,6,rbf,252,van,van,
26,2,6,rbf,254,van,van,
26,2,6,rbf,256,saab,opel,
26,2,6,rbf,271,saab,bus,
26,2,6,rbf,278,saab,saab,
26,2,6,rbf,309,opel,saab,
26,2,6,rbf,313,opel,saab,
26,2,6,rbf,317,saab,saab,
26,2,6,rbf,319,bus,bus,
26,2,6,rbf,324,saab,saab,
26,2,6,rbf,332,opel,opel,
26,2,6,rbf,337,bus,bus,
26,2,6,rbf,343,opel,opel,
26,2,6,rbf,346,saab,saab,
26,2,6,rbf,347,opel,opel,
26,2,6,rbf,367,saab,bus,
26,2,6,rbf,374,van,van,
26,2,6,rbf,381,bus,bus,
26,2,6,rbf,382,bus,bus,
26,2,6,rbf,391,van,van,
26,2,6,rbf,396,bus,bus,
26,2,6,rbf,398,bus,bus,
26,2,6,rbf,418,bus,bus,
26,2,6,rbf,423,bus,bus,
26,2,6,rbf,430,saab,opel,
26,2,6,rbf,441,van,van,
26,2,6,rbf,443,opel,saab,
26,2,6,rbf,453,bus,bus,
26,2,6,rbf,454,saab,saab,
26,2,6,rbf,472,bus,bus,
26,2,6,rbf,479,bus,bus,
26,2,6,rbf,482,opel,saab,
26,2,6,rbf,502,opel,saab,
26,2,6,rbf,519,van,van,
26,2,6,rbf,533,van,van,
26,2,6,rbf,538,opel,opel,
26,2,6,rbf,546,van,van,
26,2,6,rbf,553,bus,bus,
26,2,6,rbf,555,opel,opel,
26,2,6,rbf,563,opel,opel,
26,2,6,rbf,564,bus,bus,
26,2,6,rbf,568,bus,bus,
26,2,6,rbf,573,van,van,
26,2,6,rbf,587,opel,opel,
26,2,6,rbf,601,van,van,
26,2,6,rbf,639,opel,saab,
26,2,6,rbf,646,bus,bus,
26,2,6,rbf,650,saab,opel,
26,2,6,rbf,671,opel,saab,
26,2,6,rbf,673,opel,opel,
26,2,6,rbf,682,van,van,
26,2,6,rbf,693,van,van,
26,2,6,rbf,704,opel,opel,
26,2,6,rbf,705,saab,saab,
26,2,6,rbf,711,saab,saab,
26,2,6,rbf,729,opel,saab,
26,2,6,rbf,734,van,van,
26,2,6,rbf,740,saab,saab,
26,2,6,rbf,743,saab,opel,
26,2,6,rbf,757,saab,saab,
26,2,6,rbf,787,van,van,
26,2,6,rbf,803,bus,bus,
26,2,6,rbf,806,saab,van,
26,2,6,rbf,807,saab,saab,
26,2,6,rbf,835,bus,bus,
26,2,6,rbf,836,van,van,
26,2,6,svm_linear,11,saab,opel,
26,2,6,svm_linear,17,bus,bus,
26,2,6,svm_linear,50,saab,bus,
26,2,6,svm_linear,57,van,van,
26,2,6,svm_linear,60,opel,opel,
26,2,6,svm_linear,68,van,van,
26,2,6,svm_linear,100,bus,bus,
26,2,6,svm_linear,108,bus,bus,
26,2,6,svm_linear,119,bus,bus,
26,2,6,svm_linear,137,van,van,
26,2,6,svm_linear,193,bus,bus,
26,2,6,svm_linear,220,opel,opel,
26,2,6,svm_linear,228,saab,saab,
26,2,6,svm_linear,231,saab,saab,
26,2,6,svm_linear,234,van,van,
26,2,6,svm_linear,238,opel,opel,
26,2,6,svm_linear,241,opel,opel,
26,2,6,svm_linear,245,van,van,
26,2,6,svm_linear,252,van,van,
26,2,6,svm_linear,254,van,van,
26,2,6,svm_linear,256,saab,opel,
26,2,6,svm_linear,271,saab,opel,
26,2,6,svm_linear,278,saab,saab,
26,2,6,svm_linear,309,opel,saab,
26,2,6,svm_linear,313,opel,opel,
26,2,6,svm_linear,317,saab,opel,
26,2,6,svm_linear,319,bus,bus,
26,2,6,svm_linear,324,saab,saab,
26,2,6,svm_linear,332,opel,opel,
26,2,6,svm_linear,337,bus,bus,
26,2,6,svm_linear,343,opel,opel,
26,2,6,svm_linear,346,saab,saab,
26,2,6,svm_linear,347,opel,opel,
26,2,6,svm_linear,367,saab,saab,
26,2,6,svm_linear,374,van,van,
26,2,6,svm_linear,381,bus,bus,
26,2,6,svm_linear,382,bus,bus,
26,2,6,svm_linear,391,van,van,
26,2,6,svm_linear,396,bus,bus,
26,2,6,svm_linear,398,bus,bus,
26,2,6,svm_linear,418,bus,bus,
26,2,6,svm_linear,423,bus,bus,
26,2,6,svm_linear,430,saab,saab,
26,2,6,svm_linear,441,van,bus,
26,2,6,svm_linear,443,opel,opel,
26,2,6,svm_linear,453,bus,bus,
26,2,6,svm_linear,454,saab,saab,
26,2,6,svm_linear,472,bus,bus,
26,2,6,svm_linear,479,bus,bus,
26,2,6,svm_linear,482,opel,saab,
26,2,6,svm_linear,502,opel,saab,
26,2,6,svm_linear,519,van,van,
26,2,6,svm_linear,533,van,van,
26,2,6,svm_linear,538,opel,opel,
26,2,6,svm_linear,546,van,van,
26,2,6,svm_linear,553,bus,bus,
26,2,6,svm_linear,555,opel,opel,
26,2,6,svm_linear,563,opel,saab,
26,2,6,svm_linear,564,bus,bus,
26,2,6,svm_linear,568,bus,bus,
26,2,6,svm_linear,573,van,van,
26,2,6,svm_linear,587,opel,opel,
26,2,6,svm_linear,601,van,van,
26,2,6,svm_linear,639,opel,opel,
26,2,6,svm_linear,646,bus,bus,
26,2,6,svm_linear,650,saab,opel,
26,2,6,svm_linear,671,opel,saab,
26,2,6,svm_linear,673,opel,saab,
26,2,6,svm_linear,682,van,van,
26,2,6,svm_linear,693,van,van,
26,2,6,svm_linear,704,opel,opel,
26,2,6,svm_linear,705,saab,saab,
26,2,6,svm_linear,711,saab,saab,
26,2,6,svm_linear,729,opel,saab,
26,2,6,svm_linear,734,van,van,
26,2,6,svm_linear,740,saab,saab,
26,2,6,svm_linear,743,saab,opel,
26,2,6,svm_linear,757,saab,opel,
26,2,6,svm_linear,787,van,van,
26,2,6,svm_linear,803,bus,bus,
26,2,6,svm_linear,806,saab,opel,
26,2,6,svm_linear,807,saab,saab,
26,2,6,svm_linear,835,bus,bus,
26,2,6,svm_linear,836,van,van,
26,2,6,svm_unscaled,11,saab,opel,
26,2,6,svm_unscaled,17,bus,bus,
26,2,6,svm_unscaled,50,saab,opel,
26,2,6,svm_unscaled,57,van,van,
26,2,6,svm_unscaled,60,opel,opel,
26,2,6,svm_unscaled,68,van,van,
26,2,6,svm_unscaled,100,bus,bus,
26,2,6,svm_unscaled,108,bus,bus,
26,2,6,svm_unscaled,119,bus,bus,
26,2,6,svm_unscaled,137,van,van,
26,2,6,svm_unscaled,193,bus,bus,
26,2,6,svm_unscaled,220,opel,opel,
26,2,6,svm_unscaled,228,saab,saab,
26,2,6,svm_unscaled,231,saab,saab,
26,2,6,svm_unscaled,234,van,van,
26,2,6,svm_unscaled,238,opel,opel,
26,2,6,svm_unscaled,241,opel,saab,
26,2,6,svm_unscaled,245,van,van,
26,2,6,svm_unscaled,252,van,van,
26,2,6,svm_unscaled,254,van,van,
26,2,6,svm_unscaled,256,saab,saab,
26,2,6,svm_unscaled,271,saab,saab,
26,2,6,svm_unscaled,278,saab,saab,
26,2,6,svm_unscaled,309,opel,saab,
26,2,6,svm_unscaled,313,opel,opel,
26,2,6,svm_unscaled,317,saab,opel,
26,2,6,svm_unscaled,319,bus,bus,
26,2,6,svm_unscaled,324,saab,saab,
26,2,6,svm_unscaled,332,opel,opel,
26,2,6,svm_unscaled,337,bus,bus,
26,2,6,svm_unscaled,343,opel,opel,
26,2,6,svm_unscaled,346,saab,saab,
26,2,6,svm_unscaled,347,opel,saab,
26,2,6,svm_unscaled,367,saab,saab,
26,2,6,svm_unscaled,374,van,van,
26,2,6,svm_unscaled,381,bus,bus,
26,2,6,svm_unscaled,382,bus,bus,
26,2,6,svm_unscaled,391,van,van,
26,2,6,svm_unscaled,396,bus,bus,
26,2,6,svm_unscaled,398,bus,bus,
26,2,6,svm_unscaled,418,bus,bus,
26,2,6,svm_unscaled,423,bus,bus,
26,2,6,svm_unscaled,430,saab,opel,
26,2,6,svm_unscaled,441,van,bus,
26,2,6,svm_unscaled,443,opel,saab,
26,2,6,svm_unscaled,453,bus,bus,
26,2,6,svm_unscaled,454,saab,saab,
26,2,6,svm_unscaled,472,bus,bus,
26,2,6,svm_unscaled,479,bus,bus,
26,2,6,svm_unscaled,482,opel,saab,
26,2,6,svm_unscaled,502,opel,saab,
26,2,6,svm_unscaled,519,van,van,
26,2,6,svm_unscaled,533,van,van,
26,2,6,svm_unscaled,538,opel,opel,
26,2,6,svm_unscaled,546,van,van,
26,2,6,svm_unscaled,553,bus,bus,
26,2,6,svm_unscaled,555,opel,opel,
26,2,6,svm_unscaled,563,opel,saab,
26,2,6,svm_unscaled,564,bus,bus,
26,2,6,svm_unscaled,568,bus,bus,
26,2,6,svm_unscaled,573,van,van,
26,2,6,svm_unscaled,587,opel,opel,
26,2,6,svm_unscaled,601,van,van,
26,2,6,svm_unscaled,639,opel,saab,
26,2,6,svm_unscaled,646,bus,bus,
26,2,6,svm_unscaled,650,saab,opel,
26,2,6,svm_unscaled,671,opel,saab,
26,2,6,svm_unscaled,673,opel,opel,
26,2,6,svm_unscaled,682,van,van,
26,2,6,svm_unscaled,693,van,van,
26,2,6,svm_unscaled,704,opel,opel,
26,2,6,svm_unscaled,705,saab,saab,
26,2,6,svm_unscaled,711,saab,saab,
26,2,6,svm_unscaled,729,opel,opel,
26,2,6,svm_unscaled,734,van,van,
26,2,6,svm_unscaled,740,saab,saab,
26,2,6,svm_unscaled,743,saab,opel,
26,2,6,svm_unscaled,757,saab,saab,
26,2,6,svm_unscaled,787,van,van,
26,2,6,svm_unscaled,803,bus,bus,
26,2,6,svm_unscaled,806,saab,van,
26,2,6,svm_unscaled,807,saab,saab,
26,2,6,svm_unscaled,835,bus,bus,
26,2,6,svm_unscaled,836,van,van,
27,2,7,centroid,13,van,van,
27,2,7,centroid,23,bus,van,
27,2,7,centroid,38,saab,opel,
27,2,7,centroid,40,opel,opel,
27,2,7,centroid,45,van,bus,
27,2,7,centroid,47,bus,bus,
27,2,7,centroid,56,saab,opel,
27,2,7,centroid,65,opel,van,
27,2,7,centroid,81,bus,opel,
27,2,7,centroid,87,van,van,
27,2,7,centroid,94,bus,van,
27,2,7,centroid,103,van,van,
27,2,7,centroid,106,opel,opel,
27,2,7,centroid,107,opel,van,
27,2,7,centroid,118,bus,van,
27,2,7,centroid,123,saab,van,
27,2,7,centroid,148,saab,van,
27,2,7,centroid,169,van,van,
27,2,7,centroid,172,van,van,
27,2,7,centroid,173,bus,opel,
27,2,7,centroid,174,van,bus,
27,2,7,centroid,179,van,van,
27,2,7,centroid,187,opel,saab,
27,2,7,centroid,212,bus,van,
27,2,7,centroid,221,van,van,
27,2,7,centroid,232,bus,bus,
27,2,7,centroid,257,opel,van,
27,2,7,centroid,264,saab,saab,
27,2,7,centroid,275,bus,van,
27,2,7,centroid,295,bus,van,
27,2,7,centroid,304,bus,bus,
27,2,7,centroid,306,saab,opel,
27,2,7,centroid,344,opel,opel,
27,2,7,centroid,354,saab,opel,
27,2,7,centroid,355,opel,opel,
27,2,7,centroid,373,bus,saab,
27,2,7,centroid,394,saab,bus,
27,2,7,centroid,395,opel,bus,
27,2,7,centroid,404,opel,opel,
27,2,7,centroid,427,opel,saab,
27,2,7,centroid,448,bus,opel,
27,2,7,centroid,461,opel,opel,
27,2,7,centroid,478,bus,opel,
27,2,7,centroid,485,bus,bus,
27,2,7,centroid,494,bus,opel,
27,2,7,centroid,496,opel,opel,
27,2,7,centroid,499,opel,opel,
27,2,7,centroid,514,van,van,
27,2,7,centroid,536,saab,opel,
27,2,7,centroid,539,bus,opel,
27,2,7,centroid,551,opel,van,
27,2,7,centroid,570,saab,opel,
27,2,7,centroid,571,saab,van,
27,2,7,centroid,575,saab,opel,
27,2,7,centroid,588,opel,van,
27,2,7,centroid,595,opel,bus,
27,2,7,centroid,607,van,van,
27,2,7,centroid,612,opel,van,
27,2,7,centroid,644,van,saab,
27,2,7,centroid,663,saab,bus,
27,2,7,centroid,664,van,van,
27,2,7,centroid,668,van,saab,
27,2,7,centroid,692,saab,opel,
27,2,7,centroid,694,saab,saab,
27,2,7,centroid,695,van,van,
27,2,7,centroid,698,bus,van,
27,2,7,centroid,706,van,van,
27,2,7,centroid,718,opel,opel,
27,2,7,centroid,726,saab,opel,
27,2,7,centroid,748,van,van,
27,2,7,centroid,754,van,van,
27,2,7,centroid,759,van,bus,
27,2,7,centroid,761,saab,saab,
27,2,7,centroid,765,bus,bus,
27,2,7,centroid,766,saab,saab,
27,2,7,centroid,772,opel,opel,
27,2,7,centroid,774,van,van,
27,2,7,centroid,790,bus,bus,
27,2,7,centroid,812,bus,bus,
27,2,7,centroid,817,saab,opel,
27,2,7,centroid,819,saab,saab,
27,2,7,centroid,830,bus,van,
27,2,7,centroid,840,opel,van,
27,2,7,centroid,844,saab,van,
27,2,7,knn,13,van,van,
27,2,7,knn,23,bus,opel,
27,2,7,knn,38,saab,saab,
27,2,7,knn,40,opel,opel,
27,2,7,knn,45,van,van,
27,2,7,knn,47,bus,bus,
27,2,7,knn,56,saab,saab,
27,2,7,knn,65,opel,opel,
27,2,7,knn,81,bus,bus,
27,2,7,knn,87,van,van,
27,2,7,knn,94,bus,bus,
27,2,7,knn,103,van,van,
27,2,7,knn,106,opel,saab,
27,2,7,knn,107,opel,bus,
27,2,7,knn,118,bus,bus,
27,2,7,knn,123,saab,opel,
27,2,7,knn,148,saab,opel,
27,2,7,knn,169,van,van,
27,2,7,knn,172,van,bus,
27,2,7,knn,173,bus,bus,
27,2,7,knn,174,van,van,
27,2,7,knn,179,van,bus,
27,2,7,knn,187,opel,saab,
27,2,7,knn,212,bus,bus,
27,2,7,knn,221,van,van,
27,2,7,knn,232,bus,bus,
27,2,7,knn,257,opel,opel,
27,2,7,knn,264,saab,opel,
27,2,7,knn,275,bus,bus,
27,2,7,knn,295,bus,bus,
27,2,7,knn,304,bus,bus,
27,2,7,knn,306,saab,saab,
27,2,7,knn,344,opel,opel,
27,2,7,knn,354,saab,opel,
27,2,7,knn,355,opel,saab,
27,2,7,knn,373,bus,bus,
27,2,7,knn,394,saab,saab,
27,2,7,knn,395,opel,saab,
27,2,7,knn,404,opel,opel,
27,2,7,knn,427,opel,saab,
27,2,7,knn,448,bus,bus,
27,2,7,knn,461,opel,saab,
27,2,7,knn,478,bus,bus,
27,2,7,knn,485,bus,bus,
27,2,7,knn,494,bus,bus,
27,2,7,knn,496,opel,saab,
27,2,7,knn,499,opel,opel,
27,2,7,knn,514,van,van,
27,2,7,knn,536,saab,saab,
27,2,7,knn,539,bus,bus,
27,2,7,knn,551,opel,saab,
27,2,7,knn,570,saab,saab,
27,2,7,knn,571,saab,saab,
27,2,7,knn,575,saab,saab,
27,2,7,knn,588,opel,saab,
27,2,7,knn,595,opel,saab,
27,2,7,knn,607,van,van,
27,2,7,knn,612,opel,van,
27,2,7,knn,644,van,van,
27,2,7,knn,663,saab,opel,
27,2,7,knn,664,van,van,
27,2,7,knn,668,van,van,
27,2,7,knn,692,saab,opel,
27,2,7,knn,694,saab,opel,
27,2,7,knn,695,van,van,
27,2,7,knn,698,bus,bus,
27,2,7,knn,706,van,van,
27,2,7,knn,718,opel,saab,
27,2,7,knn,726,saab,saab,
27,2,7,knn,748,van,van,
27,2,7,knn,754,van,van,
27,2,7,knn,759,van,van,
27,2,7,knn,761,saab,saab,
27,2,7,knn,765,bus,bus,
27,2,7,knn,766,saab,saab,
27,2,7,knn,772,opel,saab,
27,2,7,knn,774,van,van,
27,2,7,knn,790,bus,bus,
27,2,7,knn,812,bus,bus,
27,2,7,knn,817,saab,saab,
27,2,7,knn,819,saab,saab,
27,2,7,knn,830,bus,bus,
27,2,7,knn,840,opel,saab,
27,2,7,knn,844,saab,opel,
27,2,7,svm,13,van,van,1.0969296890146802
27,2,7,svm,23,bus,van,0.5103146987779192
27,2,7,svm,38,saab,saab,0.15207122635261072
27,2,7,svm,40,opel,opel,1.4285703689856843
27,2,7,svm,45,van,van,2.6955925811500476
27,2,7,svm,47,bus,bus,1.5038530111902833
27,2,7,svm,56,saab,saab,0.5784596320390918
27,2,7,svm,65,opel,saab,0.27723199621703287
27,2,7,svm,81,bus,bus,2.6062148107140817
27,2,7,svm,87,van,van,1.4981512513794641
27,2,7,svm,94,bus,bus,1.1222165693483492
27,2,7,svm,103,van,van,3.3491906031574543
27,2,7,svm,106,opel,opel,0.5835492968485951
27,2,7,svm,107,opel,saab,0.22495628606727536
27,2,7,svm,118,bus,bus,1.3960703594315187
27,2,7,svm,123,saab,opel,0.3787377463800894
27,2,7,svm,148,saab,opel,1.5278696159325378
27,2,7,svm,169,van,van,1.7139978298700627
27,2,7,svm,172,van,van,0.8574667952378703
27,2,7,svm,173,bus,bus,0.7002857953363533
27,2,7,svm,174,van,van,3.0557739270252084
27,2,7,svm,179,van,van,0.40311848081201296
27,2,7,svm,187,opel,saab,1.220041519232709
27,2,7,svm,212,bus,bus,1.716651918415614
27,2,7,svm,221,van,van,1.8765339801418017
27,2,7,svm,232,bus,bus,1.8193467178391218
27,2,7,svm,257,opel,opel,0.7666275517133201
27,2,7,svm,264,saab,saab,0.6765293403099051
27,2,7,svm,275,bus,bus,2.006831863467666
27,2,7,svm,295,bus,bus,0.0004327100656582594
27,2,7,svm,304,bus,bus,1.133638860804075
27,2,7,svm,306,saab,saab,2.23338161836363
27,2,7,svm,344,opel,opel,2.033409742625383
27,2,7,svm,354,saab,saab,0.10078284143428817
27,2,7,svm,355,opel,saab,0.4368006797786492
27,2,7,svm,373,bus,bus,2.5201665040552372
27,2,7,svm,394,saab,saab,0.05288958207885486
27,2,7,svm,395,opel,saab,1.5735933325395806
27,2,7,svm,404,opel,opel,0.21666232605362978
27,2,7,svm,427,opel,saab,0.22144068960270857
27,2,7,svm,448,bus,bus,2.5369992275010462
27,2,7,svm,461,opel,opel,1.4706394191604844
27,2,7,svm,478,bus,bus,1.70944052147162
27,2,7,svm,485,bus,bus,2.7942128007382565
27,2,7,svm,494,bus,bus,1.8799047043130765
27,2,7,svm,496,opel,opel,0.5275236041002458
27,2,7,svm,499,opel,opel,1.256135455281175
27,2,7,svm,514,van,van,1.2560505447773054
27,2,7,svm,536,saab,saab,0.008344550185817923
27,2,7,svm,539,bus,bus,2.3608840585114828
27,2,7,svm,551,opel,opel,0.705970576006159
27,2,7,svm,570,saab,saab,1.0121751245441644
27,2,7,svm,571,saab,saab,1.1428908517487102
27,2,7,svm,575,saab,saab,1.6825590569303799
27,2,7,svm,588,opel,saab,0.610262772746843
27,2,7,svm,595,opel,bus,0.08190867135770663
27,2,7,svm,607,van,van,2.6968072996385795
27,2,7,svm,612,opel,van,0.05902694749121995
27,2,7,svm,644,van,van,1.4426010502228863
27,2,7,svm,663,saab,opel,0.05298063903405392
27,2,7,svm,664,van,van,1.78444021799571
27,2,7,svm,668,van,van,1.5963398504036193
27,2,7,svm,692,saab,saab,1.3737852945991662
27,2,7,svm,694,saab,saab,1.0096115991150683
27,2,7,svm,695,van,van,1.2857329243736273
27,2,7,svm,698,bus,bus,0.8219688635075708
27,2,7,svm,706,van,van,0.24857845535260514
27,2,7,svm,718,opel,opel,0.37463886541990377
27,2,7,svm,726,saab,saab,0.32374531175370436
27,2,7,svm,748,van,van,1.5229933114951786
27,2,7,svm,754,van,van,1.9144176604798289
27,2,7,svm,759,van,van,3.806956647832615
27,2,7,svm,761,saab,saab,0.8976999268759271
27,2,7,svm,765,bus,bus,1.3103164849450608
27,2,7,svm,766,saab,saab,1.235368567260899
27,2,7,svm,772,opel,opel,0.18758240186392783
27,2,7,svm,774,van,van,1.8517440119907278
27,2,7,svm,790,bus,bus,1.2056530463726811
27,2,7,svm,812,bus,bus,2.7302024871008785
27,2,7,svm,817,saab,saab,1.513504478718272
27,2,7,svm,819,saab,saab,0.8681665391064186
27,2,7,svm,830,bus,bus,0.829032437827506
27,2,7,svm,840,opel,opel,0.23065752395603312
27,2,7,svm,844,saab,saab,0.1253454842156927
27,2,7,mlp,13,van,van,
27,2,7,mlp,23,bus,van,
27,2,7,mlp,38,saab,opel,
27,2,7,mlp,40,opel,opel,
27,2,7,mlp,45,van,van,
27,2,7,mlp,47,bus,bus,
27,2,7,mlp,56,saab,saab,
27,2,7,mlp,65,opel,saab,
27,2,7,mlp,81,bus,bus,
27,2,7,mlp,87,van,van,
27,2,7,mlp,94,bus,bus,
27,2,7,mlp,103,van,van,
27,2,7,mlp,106,opel,saab,
27,2,7,mlp,107,opel,saab,
27,2,7,mlp,118,bus,bus,
27,2,7,mlp,123,saab,van,
27,2,7,mlp,148,saab,opel,
27,2,7,mlp,169,van,van,
27,2,7,mlp,172,van,van,
27,2,7,mlp,173,bus,bus,
27,2,7,mlp,174,van,van,
27,2,7,mlp,179,van,van,
27,2,7,mlp,187,opel,saab,
27,2,7,mlp,212,bus,bus,
27,2,7,mlp,221,van,van,
27,2,7,mlp,232,bus,bus,
27,2,7,mlp,257,opel,opel,
27,2,7,mlp,264,saab,saab,
27,2,7,mlp,275,bus,bus,
27,2,7,mlp,295,bus,opel,
27,2,7,mlp,304,bus,bus,
27,2,7,mlp,306,saab,saab,
27,2,7,mlp,344,opel,opel,
27,2,7,mlp,354,saab,saab,
27,2,7,mlp,355,opel,opel,
27,2,7,mlp,373,bus,bus,
27,2,7,mlp,394,saab,opel,
27,2,7,mlp,395,opel,saab,
27,2,7,mlp,404,opel,saab,
27,2,7,mlp,427,opel,saab,
27,2,7,mlp,448,bus,bus,
27,2,7,mlp,461,opel,saab,
27,2,7,mlp,478,bus,bus,
27,2,7,mlp,485,bus,bus,
27,2,7,mlp,494,bus,bus,
27,2,7,mlp,496,opel,saab,
27,2,7,mlp,499,opel,opel,
27,2,7,mlp,514,van,van,
27,2,7,mlp,536,saab,opel,
27,2,7,mlp,539,bus,bus,
27,2,7,mlp,551,opel,saab,
27,2,7,mlp,570,saab,saab,
27,2,7,mlp,571,saab,opel,
27,2,7,mlp,575,saab,saab,
27,2,7,mlp,588,opel,saab,
27,2,7,mlp,595,opel,bus,
27,2,7,mlp,607,van,van,
27,2,7,mlp,612,opel,van,
27,2,7,mlp,644,van,van,
27,2,7,mlp,663,saab,opel,
27,2,7,mlp,664,van,van,
27,2,7,mlp,668,van,van,
27,2,7,mlp,692,saab,saab,
27,2,7,mlp,694,saab,saab,
27,2,7,mlp,695,van,van,
27,2,7,mlp,698,bus,bus,
27,2,7,mlp,706,van,van,
27,2,7,mlp,718,opel,opel,
27,2,7,mlp,726,saab,saab,
27,2,7,mlp,748,van,van,
27,2,7,mlp,754,van,van,
27,2,7,mlp,759,van,van,
27,2,7,mlp,761,saab,saab,
27,2,7,mlp,765,bus,bus,
27,2,7,mlp,766,saab,saab,
27,2,7,mlp,772,opel,opel,
27,2,7,mlp,774,van,van,
27,2,7,mlp,790,bus,bus,
27,2,7,mlp,812,bus,bus,
27,2,7,mlp,817,saab,saab,
27,2,7,mlp,819,saab,saab,
27,2,7,mlp,830,bus,bus,
27,2,7,mlp,840,opel,saab,
27,2,7,mlp,844,saab,saab,
27,2,7,rbf,13,van,van,
27,2,7,rbf,23,bus,van,
27,2,7,rbf,38,saab,opel,
27,2,7,rbf,40,opel,opel,
27,2,7,rbf,45,van,van,
27,2,7,rbf,47,bus,bus,
27,2,7,rbf,56,saab,saab,
27,2,7,rbf,65,opel,saab,
27,2,7,rbf,81,bus,bus,
27,2,7,rbf,87,van,van,
27,2,7,rbf,94,bus,bus,
27,2,7,rbf,103,van,van,
27,2,7,rbf,106,opel,opel,
27,2,7,rbf,107,opel,saab,
27,2,7,rbf,118,bus,bus,
27,2,7,rbf,123,saab,saab,
27,2,7,rbf,148,saab,opel,
27,2,7,rbf,169,van,van,
27,2,7,rbf,172,van,van,
27,2,7,rbf,173,bus,bus,
27,2,7,rbf,174,van,van,
27,2,7,rbf,179,van,bus,
27,2,7,rbf,187,opel,saab,
27,2,7,rbf,212,bus,bus,
27,2,7,rbf,221,van,van,
27,2,7,rbf,232,bus,bus,
27,2,7,rbf,257,opel,opel,
27,2,7,rbf,264,saab,opel,
27,2,7,rbf,275,bus,bus,
27,2,7,rbf,295,bus,bus,
27,2,7,rbf,304,bus,bus,
27,2,7,rbf,306,saab,saab,
27,2,7,rbf,344,opel,opel,
27,2,7,rbf,354,saab,opel,
27,2,7,rbf,355,opel,saab,
27,2,7,rbf,373,bus,bus,
27,2,7,rbf,394,saab,saab,
27,2,7,rbf,395,opel,saab,
27,2,7,rbf,404,opel,saab,
27,2,7,rbf,427,opel,opel,
27,2,7,rbf,448,bus,bus,
27,2,7,rbf,461,opel,saab,
27,2,7,rbf,478,bus,bus,
27,2,7,rbf,485,bus,bus,
27,2,7,rbf,494,bus,bus,
27,2,7,rbf,496,opel,saab,
27,2,7,rbf,499,opel,opel,
27,2,7,rbf,514,van,van,
27,2,7,rbf,536,saab,opel,
27,2,7,rbf,539,bus,bus,
27,2,7,rbf,551,opel,opel,
27,2,7,rbf,570,saab,saab,
27,2,7,rbf,571,saab,saab,
27,2,7,rbf,575,saab,saab,
27,2,7,rbf,588,opel,saab,
27,2,7,rbf,595,opel,bus,
27,2,7,rbf,607,van,van,
27,2,7,rbf,612,opel,van,
27,2,7,rbf,644,van,van,
27,2,7,rbf,663,saab,opel,
27,2,7,rbf,664,van,van,
27,2,7,rbf,668,van,van,
27,2,7,rbf,692,saab,saab,
27,2,7,rbf,694,saab,saab,
27,2,7,rbf,695,van,van,
27,2,7,rbf,698,bus,bus,
27,2,7,rbf,706,van,van,
27,2,7,rbf,718,opel,opel,
27,2,7,rbf,726,saab,saab,
27,2,7,rbf,748,van,van,
27,2,7,rbf,754,van,van,
27,2,7,rbf,759,van,van,
27,2,7,rbf,761,saab,opel,
27,2,7,rbf,765,bus,bus,
27,2,7,rbf,766,saab,saab,
27,2,7,rbf,772,opel,opel,
27,2,7,rbf,774,van,van,
27,2,7,rbf,790,bus,bus,
27,2,7,rbf,812,bus,bus,
27,2,7,rbf,817,saab,saab,
27,2,7,rbf,819,saab,saab,
27,2,7,rbf,830,bus,bus,
27,2,7,rbf,840,opel,saab,
27,2,7,rbf,844,saab,saab,
27,2,7,svm_linear,13,van,van,
27,2,7,svm_linear,23,bus,van,
27,2,7,svm_linear,38,saab,saab,
27,2,7,svm_linear,40,opel,opel,
27,2,7,svm_linear,45,van,van,
27,2,7,svm_linear,47,bus,bus,
27,2,7,svm_linear,56,saab,saab,
27,2,7,svm_linear,65,opel,saab,
27,2,7,svm_linear,81,bus,bus,
27,2,7,svm_linear,87,van,van,
27,2,7,svm_linear,94,bus,bus,
27,2,7,svm_linear,103,van,van,
27,2,7,svm_linear,106,opel,opel,
27,2,7,svm_linear,107,opel,saab,
27,2,7,svm_linear,118,bus,bus,
27,2,7,svm_linear,123,saab,saab,
27,2,7,svm_linear,148,saab,opel,
27,2,7,svm_linear,169,van,van,
27,2,7,svm_linear,172,van,van,
27,2,7,svm_linear,173,bus,bus,
27,2,7,svm_linear,174,van,van,
27,2,7,svm_linear,179,van,van,
27,2,7,svm_linear,187,opel,saab,
27,2,7,svm_linear,212,bus,bus,
27,2,7,svm_linear,221,van,van,
27,2,7,svm_linear,232,bus,bus,
27,2,7,svm_linear,257,opel,opel,
27,2,7,svm_linear,264,saab,saab,
27,2,7,svm_linear,275,bus,bus,
27,2,7,svm_linear,295,bus,saab,
27,2,7,svm_linear,304,bus,bus,
27,2,7,svm_linear,306,saab,saab,
27,2,7,svm_linear,344,opel,opel,
27,2,7,svm_linear,354,saab,opel,
27,2,7,svm_linear,355,opel,saab,
27,2,7,svm_linear,373,bus,bus,
27,2,7,svm_linear,394,saab,opel,
27,2,7,svm_linear,395,opel,saab,
27,2,7,svm_linear,404,opel,opel,
27,2,7,svm_linear,427,opel,opel,
27,2,7,svm_linear,448,bus,bus,
27,2,7,svm_linear,461,opel,opel,
27,2,7,svm_linear,478,bus,bus,
27,2,7,svm_linear,485,bus,bus,
27,2,7,svm_linear,494,bus,bus,
27,2,7,svm_linear,496,opel,opel,
27,2,7,svm_linear,499,opel,opel,
27,2,7,svm_linear,514,van,van,
27,2,7,svm_linear,536,saab,opel,
27,2,7,svm_linear,539,bus,bus,
27,2,7,svm_linear,551,opel,opel,
27,2,7,svm_linear,570,saab,saab,
27,2,7,svm_linear,571,saab,saab,
27,2,7,svm_linear,575,saab,saab,
27,2,7,svm_linear,588,opel,saab,
27,2,7,svm_linear,595,opel,bus,
27,2,7,svm_linear,607,van,van,
27,2,7,svm_linear,612,opel,van,
27,2,7,svm_linear,644,van,van,
27,2,7,svm_linear,663,saab,opel,
27,2,7,svm_linear,664,van,van,
27,2,7,svm_linear,668,van,van,
27,2,7,svm_linear,692,saab,saab,
27,2,7,svm_linear,694,saab,saab,
27,2,7,svm_linear,695,van,van,
27,2,7,svm_linear,698,bus,bus,
27,2,7,svm_linear,706,van,van,
27,2,7,svm_linear,718,opel,saab,
27,2,7,svm_linear,726,saab,saab,
27,2,7,svm_linear,748,van,van,
27,2,7,svm_linear,754,van,van,
27,2,7,svm_linear,759,van,van,
27,2,7,svm_linear,761,saab,saab,
27,2,7,svm_linear,765,bus,bus,
27,2,7,svm_linear,766,saab,saab,
27,2,7,svm_linear,772,opel,opel,
27,2,7,svm_linear,774,van,van,
27,2,7,svm_linear,790,bus,bus,
27,2,7,svm_linear,812,bus,bus,
27,2,7,svm_linear,817,saab,saab,
27,2,7,svm_linear,819,saab,saab,
27,2,7,svm_linear,830,bus,bus,
27,2,7,svm_linear,840,opel,saab,
27,2,7,svm_linear,844,saab,opel,
27,2,7,svm_unscaled,13,van,van,
27,2,7,svm_unscaled,23,bus,van,
27,2,7,svm_unscaled,38,saab,opel,
27,2,7,svm_unscaled,40,opel,opel,
27,2,7,svm_unscaled,45,van,van,
27,2,7,svm_unscaled,47,bus,bus,
27,2,7,svm_unscaled,56,saab,opel,
27,2,7,svm_unscaled,65,opel,saab,
27,2,7,svm_unscaled,81,bus,bus,
27,2,7,svm_unscaled,87,van,van,
27,2,7,svm_unscaled,94,bus,bus,
27,2,7,svm_unscaled,103,van,van,
27,2,7,svm_unscaled,106,opel,opel,
27,2,7,svm_unscaled,107,opel,saab,
27,2,7,svm_unscaled,118,bus,bus,
27,2,7,svm_unscaled,123,saab,saab,
27,2,7,svm_unscaled,148,saab,opel,
27,2,7,svm_unscaled,169,van,van,
27,2,7,svm_unscaled,172,van,van,
27,2,7,svm_unscaled,173,bus,bus,
27,2,7,svm_unscaled,174,van,van,
27,2,7,svm_unscaled,179,van,van,
27,2,7,svm_unscaled,187,opel,saab,
27,2,7,svm_unscaled,212,bus,bus,
27,2,7,svm_unscaled,221,van,van,
27,2,7,svm_unscaled,232,bus,bus,
27,2,7,svm_unscaled,257,opel,saab,
27,2,7,svm_unscaled,264,saab,saab,
27,2,7,svm_unscaled,275,bus,bus,
27,2,7,svm_unscaled,295,bus,bus,
27,2,7,svm_unscaled,304,bus,bus,
27,2,7,svm_unscaled,306,saab,saab,
27,2,7,svm_unscaled,344,opel,opel,
27,2,7,svm_unscaled,354,saab,saab,
27,2,7,svm_unscaled,355,opel,opel,
27,2,7,svm_unscaled,373,bus,bus,
27,2,7,svm_unscaled,394,saab,bus,
27,2,7,svm_unscaled,395,opel,saab,
27,2,7,svm_unscaled,404,opel,opel,
27,2,7,svm_unscaled,427,opel,opel,
27,2,7,svm_unscaled,448,bus,bus,
27,2,7,svm_unscaled,461,opel,saab,
27,2,7,svm_unscaled,478,bus,bus,
27,2,7,svm_unscaled,485,bus,bus,
27,2,7,svm_unscaled,494,bus,bus,
27,2,7,svm_unscaled,496,opel,saab,
27,2,7,svm_unscaled,499,opel,opel,
27,2,7,svm_unscaled,514,van,van,
27,2,7,svm_unscaled,536,saab,opel,
27,2,7,svm_unscaled,539,bus,bus,
27,2,7,svm_unscaled,551,opel,opel,
27,2,7,svm_unscaled,570,saab,saab,
27,2,7,svm_unscaled,571,saab,saab,
27,2,7,svm_unscaled,575,saab,saab,
27,2,7,svm_unscaled,588,opel,saab,
27,2,7,svm_unscaled,595,opel,bus,
27,2,7,svm_unscaled,607,van,van,
27,2,7,svm_unscaled,612,opel,van,
27,2,7,svm_unscaled,644,van,van,
27,2,7,svm_unscaled,663,saab,bus,
27,2,7,svm_unscaled,664,van,van,
27,2,7,svm_unscaled,668,van,van,
27,2,7,svm_unscaled,692,saab,saab,
27,2,7,svm_unscaled,694,saab,saab,
27,2,7,svm_unscaled,695,van,van,
27,2,7,svm_unscaled,698,bus,bus,
27,2,7,svm_unscaled,706,van,van,
27,2,7,svm_unscaled,718,opel,saab,
27,2,7,svm_unscaled,726,saab,saab,
27,2,7,svm_unscaled,748,van,van,
27,2,7,svm_unscaled,754,van,van,
27,2,7,svm_unscaled,759,van,van,
27,2,7,svm_unscaled,761,saab,saab,
27,2,7,svm_unscaled,765,bus,bus,
27,2,7,svm_unscaled,766,saab,saab,
27,2,7,svm_unscaled,772,opel,saab,
27,2,7,svm_unscaled,774,van,van,
27,2,7,svm_unscaled,790,bus,bus,
27,2,7,svm_unscaled,812,bus,bus,
27,2,7,svm_unscaled,817,saab,opel,
27,2,7,svm_unscaled,819,saab,saab,
27,2,7,svm_unscaled,830,bus,bus,
27,2,7,svm_unscaled,840,opel,saab,
27,2,7,svm_unscaled,844,saab,saab,
28,2,8,centroid,12,bus,bus,
28,2,8,centroid,14,bus,opel,
28,2,8,centroid,29,saab,van,
28,2,8,centroid,30,van,van,
28,2,8,centroid,32,opel,van,
28,2,8,centroid,34,opel,saab,
28,2,8,centroid,44,saab,saab,
28,2,8,centroid,66,bus,van,
28,2,8,centroid,72,opel,saab,
28,2,8,centroid,99,bus,bus,
28,2,8,centroid,111,van,bus,
28,2,8,centroid,124,van,van,
28,2,8,centroid,126,bus,van,
28,2,8,centroid,128,van,saab,
28,2,8,centroid,131,saab,van,
28,2,8,centroid,133,van,van,
28,2,8,centroid,150,saab,saab,
28,2,8,centroid,154,van,van,
28,2,8,centroid,162,saab,saab,
28,2,8,centroid,178,bus,van,
28,2,8,centroid,180,saab,opel,
28,2,8,centroid,181,opel,van,
28,2,8,centroid,183,saab,van,
28,2,8,centroid,188,opel,opel,
28,2,8,centroid,190,opel,saab,
28,2,8,centroid,202,opel,opel,
28,2,8,centroid,214,opel,van,
28,2,8,centroid,229,saab,van,
28,2,8,centroid,230,van,van,
28,2,8,centroid,237,bus,bus,
28,2,8,centroid,244,van,van,
28,2,8,centroid,247,saab,saab,
28,2,8,centroid,262,van,van,
28,2,8,centroid,268,van,van,
28,2,8,centroid,283,saab,saab,
28,2,8,centroid,285,saab,saab,
28,2,8,centroid,292,bus,bus,
28,2,8,centroid,298,saab,saab,
28,2,8,centroid,303,van,van,
28,2,8,centroid,314,bus,bus,
28,2,8,centroid,321,bus,opel,
28,2,8,centroid,323,saab,opel,
28,2,8,centroid,335,saab,opel,
28,2,8,centroid,397,bus,van,
28,2,8,centroid,421,opel,opel,
28,2,8,centroid,432,saab,van,
28,2,8,centroid,435,van,van,
28,2,8,centroid,447,opel,opel,
28,2,8,centroid,466,bus,van,
28,2,8,centroid,469,van,van,
28,2,8,centroid,471,opel,opel,
28,2,8,centroid,476,opel,opel,
28,2,8,centroid,477,van,van,
28,2,8,centroid,492,bus,bus,
28,2,8,centroid,493,opel,opel,
28,2,8,centroid,503,saab,van,
28,2,8,centroid,509,opel,opel,
28,2,8,centroid,510,bus,van,
28,2,8,centroid,524,opel,opel,
28,2,8,centroid,583,saab,opel,
28,2,8,centroid,585,van,van,
28,2,8,centroid,605,saab,opel,
28,2,8,centroid,608,opel,van,
28,2,8,centroid,614,saab,van,
28,2,8,centroid,627,bus,van,
28,2,8,centroid,633,opel,opel,
28,2,8,centroid,641,bus,bus,
28,2,8,centroid,643,bus,saab,
28,2,8,centroid,645,opel,van,
28,2,8,centroid,648,saab,opel,
28,2,8,centroid,657,van,van,
28,2,8,centroid,665,van,bus,
28,2,8,centroid,670,opel,opel,
28,2,8,centroid,737,bus,opel,
28,2,8,centroid,742,opel,van,
28,2,8,centroid,745,bus,bus,
28,2,8,centroid,752,bus,saab,
28,2,8,centroid,762,van,van,
28,2,8,centroid,781,van,van,
28,2,8,centroid,788,saab,saab,
28,2,8,centroid,791,van,van,
28,2,8,centroid,808,bus,van,
28,2,8,centroid,814,bus,van,
28,2,8,centroid,825,opel,bus,
28,2,8,knn,12,bus,bus,
28,2,8,knn,14,bus,bus,
28,2,8,knn,29,saab,bus,
28,2,8,knn,30,van,van,
28,2,8,knn,32,opel,saab,
28,2,8,knn,34,opel,saab,
28,2,8,knn,44,saab,saab,
28,2,8,knn,66,bus,bus,
28,2,8,knn,72,opel,saab,
28,2,8,knn,99,bus,bus,
28,2,8,knn,111,van,van,
28,2,8,knn,124,van,bus,
28,2,8,knn,126,bus,bus,
28,2,8,knn,128,van,van,
28,2,8,knn,131,saab,saab,
28,2,8,knn,133,van,van,
28,2,8,knn,150,saab,opel,
28,2,8,knn,154,van,van,
28,2,8,knn,162,saab,opel,
28,2,8,knn,178,bus,bus,
28,2,8,knn,180,saab,saab,
28,2,8,knn,181,opel,opel,
28,2,8,knn,183,saab,saab,
28,2,8,knn,188,opel,opel,
28,2,8,knn,190,opel,saab,
28,2,8,knn,202,opel,saab,
28,2,8,knn,214,opel,van,
28,2,8,knn,229,saab,bus,
28,2,8,knn,230,van,van,
28,2,8,knn,237,bus,bus,
28,2,8,knn,244,van,van,
28,2,8,knn,247,saab,saab,
28,2,8,knn,262,van,van,
28,2,8,knn,268,van,van,
28,2,8,knn,283,saab,saab,
28,2,8,knn,285,saab,opel,
28,2,8,knn,292,bus,bus,
28,2,8,knn,298,saab,saab,
28,2,8,knn,303,van,van,
28,2,8,knn,314,bus,bus,
28,2,8,knn,321,bus,bus,
28,2,8,knn,323,saab,saab,
28,2,8,knn,335,saab,saab,
28,2,8,knn,397,bus,bus,
28,2,8,knn,421,opel,opel,
28,2,8,knn,432,saab,saab,
28,2,8,knn,435,van,van,
28,2,8,knn,447,opel,opel,
28,2,8,knn,466,bus,bus,
28,2,8,knn,469,van,van,
28,2,8,knn,471,opel,saab,
28,2,8,knn,476,opel,opel,
28,2,8,knn,477,van,van,
28,2,8,knn,492,bus,bus,
28,2,8,knn,493,opel,opel,
28,2,8,knn,503,saab,saab,
28,2,8,knn,509,opel,opel,
28,2,8,knn,510,bus,bus,
28,2,8,knn,524,opel,saab,
28,2,8,knn,583,saab,saab,
28,2,8,knn,585,van,van,
28,2,8,knn,605,saab,saab,
28,2,8,knn,608,opel,opel,
28,2,8,knn,614,saab,van,
28,2,8,knn,627,bus,bus,
28,2,8,knn,633,opel,saab,
28,2,8,knn,641,bus,bus,
28,2,8,knn,643,bus,bus,
28,2,8,knn,645,opel,bus,
28,2,8,knn,648,saab,saab,
28,2,8,knn,657,van,van,
28,2,8,knn,665,van,van,
28,2,8,knn,670,opel,saab,
28,2,8,knn,737,bus,bus,
28,2,8,knn,742,opel,van,
28,2,8,knn,745,bus,bus,
28,2,8,knn,752,bus,bus,
28,2,8,knn,762,van,bus,
28,2,8,knn,781,van,van,
28,2,8,knn,788,saab,saab,
28,2,8,knn,791,van,van,
28,2,8,knn,808,bus,bus,
28,2,8,knn,814,bus,bus,
28,2,8,knn,825,opel,opel,
28,2,8,svm,12,bus,bus,1.4905205734080829
28,2,8,svm,14,bus,bus,1.8983818290330836
28,2,8,svm,29,saab,saab,0.25389191006935796
28,2,8,svm,30,van,van,1.748684911484614
28,2,8,svm,32,opel,saab,1.1427097947021725
28,2,8,svm,34,opel,opel,0.7308776175382814
28,2,8,svm,44,saab,saab,1.7388435902174164
28,2,8,svm,66,bus,bus,1.293169058771185
28,2,8,svm,72,opel,saab,0.8996921276295797
28,2,8,svm,99,bus,bus,1.4535203000370567
28,2,8,svm,111,van,van,1.7745547767150045
28,2,8,svm,124,van,van,0.2499149133212547
28,2,8,svm,126,bus,bus,0.7999813142018731
28,2,8,svm,128,van,van,2.0307229618881584
28,2,8,svm,131,saab,opel,0.42572203956816956
28,2,8,svm,133,van,van,2.097635499181327
28,2,8,svm,150,saab,saab,1.3960492635303599
28,2,8,svm,154,van,van,1.2175364352370712
28,2,8,svm,162,saab,saab,0.52152016884523
28,2,8,svm,178,bus,bus,0.7826517181536223
28,2,8,svm,180,saab,saab,0.9064420602650163
28,2,8,svm,181,opel,opel,1.1763931903771008
28,2,8,svm,183,saab,opel,0.20007794982830074
28,2,8,svm,188,opel,saab,0.7493449234980805
28,2,8,svm,190,opel,opel,1.9853453627139128
28,2,8,svm,202,opel,opel,1.4402053064669627
28,2,8,svm,214,opel,saab,0.8207390276402248
28,2,8,svm,229,saab,bus,0.12874569616686582
28,2,8,svm,230,van,van,1.1076822609279349
28,2,8,svm,237,bus,bus,1.5138501016404522
28,2,8,svm,244,van,van,1.519478904901546
28,2,8,svm,247,saab,opel,0.046373783192519724
28,2,8,svm,262,van,van,1.411946061537141
28,2,8,svm,268,van,van,1.3140043825641188
28,2,8,svm,283,saab,saab,1.7595500415511216
28,2,8,svm,285,saab,opel,1.8798620601652214
28,2,8,svm,292,bus,bus,1.9433052372035506
28,2,8,svm,298,saab,saab,0.6199419587745627
28,2,8,svm,303,van,van,1.065212112973268
28,2,8,svm,314,bus,bus,0.7369507953785304
28,2,8,svm,321,bus,bus,0.4584244900203086
28,2,8,svm,323,saab,saab,0.5013523157559252
28,2,8,svm,335,saab,saab,1.2523765875213568
28,2,8,svm,397,bus,bus,1.1499830746027042
28,2,8,svm,421,opel,opel,1.8359041258782636
28,2,8,svm,432,saab,saab,0.4356111945971879
28,2,8,svm,435,van,van,0.28729281895661263
28,2,8,svm,447,opel,opel,1.9693002023434314
28,2,8,svm,466,bus,bus,1.6751066991828152
28,2,8,svm,469,van,van,1.9656390310067424
28,2,8,svm,471,opel,opel,1.0364854915080013
28,2,8,svm,476,opel,opel,0.9609145938451444
28,2,8,svm,477,van,van,1.3115151334865223
28,2,8,svm,492,bus,bus,1.9663392343608388
28,2,8,svm,493,opel,opel,0.4618779740050183
28,2,8,svm,503,saab,saab,1.187911980456657
28,2,8,svm,509,opel,opel,1.1491540827184945
28,2,8,svm,510,bus,bus,0.9633051613622577
28,2,8,svm,524,opel,opel,0.09438819197818127
28,2,8,svm,583,saab,saab,1.1344647045949063
28,2,8,svm,585,van,van,1.1427199845085
28,2,8,svm,605,saab,saab,0.25985189498627825
28,2,8,svm,608,opel,opel,0.4137562761169544
28,2,8,svm,614,saab,saab,0.5956877700046829
28,2,8,svm,627,bus,bus,1.2802652580272715
28,2,8,svm,633,opel,opel,1.4395690992949977
28,2,8,svm,641,bus,bus,2.5448714917761075
28,2,8,svm,643,bus,bus,1.653081502314964
28,2,8,svm,645,opel,opel,0.6630167977905446
28,2,8,svm,648,saab,saab,1.7963948673710304
28,2,8,svm,657,van,van,1.8262419018275837
28,2,8,svm,665,van,van,1.7119372834497986
28,2,8,svm,670,opel,opel,0.6783097861082563
28,2,8,svm,737,bus,bus,2.030407760193497
28,2,8,svm,742,opel,saab,0.26080687212906184
28,2,8,svm,745,bus,bus,1.987019527053989
28,2,8,svm,752,bus,bus,2.0941563703259165
28,2,8,svm,762,van,van,1.37908474701453
28,2,8,svm,781,van,van,1.165399403897431
28,2,8,svm,788,saab,saab,1.8551696504905335
28,2,8,svm,791,van,van,1.1504546516578094
28,2,8,svm,808,bus,bus,1.280288300694166
28,2,8,svm,814,bus,bus,1.6021070593436386
28,2,8,svm,825,opel,saab,1.2448500681713472
28,2,8,mlp,12,bus,bus,
28,2,8,mlp,14,bus,bus,
28,2,8,mlp,29,saab,opel,
28,2,8,mlp,30,van,van,
28,2,8,mlp,32,opel,saab,
28,2,8,mlp,34,opel,opel,
28,2,8,mlp,44,saab,saab,
28,2,8,mlp,66,bus,bus,
28,2,8,mlp,72,opel,saab,
28,2,8,mlp,99,bus,bus,
28,2,8,mlp,111,van,van,
28,2,8,mlp,124,van,van,
28,2,8,mlp,126,bus,bus,
28,2,8,mlp,128,van,van,
28,2,8,mlp,131,saab,opel,
28,2,8,mlp,133,van,van,
28,2,8,mlp,150,saab,saab,
28,2,8,mlp,154,van,van,
28,2,8,mlp,162,saab,opel,
28,2,8,mlp,178,bus,bus,
28,2,8,mlp,180,saab,saab,
28,2,8,mlp,181,opel,opel,
28,2,8,mlp,183,saab,saab,
28,2,8,mlp,188,opel,saab,
28,2,8,mlp,190,opel,opel,
28,2,8,mlp,202,opel,saab,
28,2,8,mlp,214,opel,saab,
28,2,8,mlp,229,saab,saab,
28,2,8,mlp,230,van,van,
28,2,8,mlp,237,bus,bus,
28,2,8,mlp,244,van,van,
28,2,8,mlp,247,saab,saab,
28,2,8,mlp,262,van,van,
28,2,8,mlp,268,van,van,
28,2,8,mlp,283,saab,saab,
28,2,8,mlp,285,saab,opel,
28,2,8,mlp,292,bus,bus,
28,2,8,mlp,298,saab,opel,
28,2,8,mlp,303,van,van,
28,2,8,mlp,314,bus,bus,
28,2,8,mlp,321,bus,bus,
28,2,8,mlp,323,saab,saab,
28,2,8,mlp,335,saab,saab,
28,2,8,mlp,397,bus,bus,
28,2,8,mlp,421,opel,opel,
28,2,8,mlp,432,saab,saab,
28,2,8,mlp,435,van,van,
28,2,8,mlp,447,opel,opel,
28,2,8,mlp,466,bus,bus,
28,2,8,mlp,469,van,van,
28,2,8,mlp,471,opel,saab,
28,2,8,mlp,476,opel,opel,
28,2,8,mlp,477,van,van,
28,2,8,mlp,492,bus,bus,
28,2,8,mlp,493,opel,opel,
28,2,8,mlp,503,saab,saab,
28,2,8,mlp,509,opel,opel,
28,2,8,mlp,510,bus,bus,
28,2,8,mlp,524,opel,saab,
28,2,8,mlp,583,saab,opel,
28,2,8,mlp,585,van,van,
28,2,8,mlp,605,saab,opel,
28,2,8,mlp,608,opel,opel,
28,2,8,mlp,614,saab,saab,
28,2,8,mlp,627,bus,bus,
28,2,8,mlp,633,opel,saab,
28,2,8,mlp,641,bus,bus,
28,2,8,mlp,643,bus,bus,
28,2,8,mlp,645,opel,opel,
28,2,8,mlp,648,saab,saab,
28,2,8,mlp,657,van,van,
28,2,8,mlp,665,van,van,
28,2,8,mlp,670,opel,saab,
28,2,8,mlp,737,bus,bus,
28,2,8,mlp,742,opel,van,
28,2,8,mlp,745,bus,bus,
28,2,8,mlp,752,bus,bus,
28,2,8,mlp,762,van,van,
28,2,8,mlp,781,van,van,
28,2,8,mlp,788,saab,saab,
28,2,8,mlp,791,van,van,
28,2,8,mlp,808,bus,bus,
28,2,8,mlp,814,bus,bus,
28,2,8,mlp,825,opel,opel,
28,2,8,rbf,12,bus,bus,
28,2,8,rbf,14,bus,bus,
28,2,8,rbf,29,saab,bus,
28,2,8,rbf,30,van,van,
28,2,8,rbf,32,opel,saab,
28,2,8,rbf,34,opel,opel,
28,2,8,rbf,44,saab,saab,
28,2,8,rbf,66,bus,bus,
28,2,8,rbf,72,opel,opel,
28,2,8,rbf,99,bus,bus,
28,2,8,rbf,111,van,van,
28,2,8,rbf,124,van,van,
28,2,8,rbf,126,bus,bus,
28,2,8,rbf,128,van,van,
28,2,8,rbf,131,saab,opel,
28,2,8,rbf,133,van,van,
28,2,8,rbf,150,saab,saab,
28,2,8,rbf,154,van,van,
28,2,8,rbf,162,saab,saab,
28,2,8,rbf,178,bus,bus,
28,2,8,rbf,180,saab,opel,
28,2,8,rbf,181,opel,opel,
28,2,8,rbf,183,saab,saab,
28,2,8,rbf,188,opel,opel,
28,2,8,rbf,190,opel,opel,
28,2,8,rbf,202,opel,opel,
28,2,8,rbf,214,opel,van,
28,2,8,rbf,229,saab,bus,
28,2,8,rbf,230,van,van,
28,2,8,rbf,237,bus,bus,
28,2,8,rbf,244,van,van,
28,2,8,rbf,247,saab,opel,
28,2,8,rbf,262,van,van,
28,2,8,rbf,268,van,van,
28,2,8,rbf,283,saab,saab,
28,2,8,rbf,285,saab,opel,
28,2,8,rbf,292,bus,bus,
28,2,8,rbf,298,saab,opel,
28,2,8,rbf,303,van,van,
28,2,8,rbf,314,bus,bus,
28,2,8,rbf,321,bus,bus,
28,2,8,rbf,323,saab,saab,
28,2,8,rbf,335,saab,saab,
28,2,8,rbf,397,bus,bus,
28,2,8,rbf,421,opel,saab,
28,2,8,rbf,432,saab,opel,
28,2,8,rbf,435,van,van,
28,2,8,rbf,447,opel,opel,
28,2,8,rbf,466,bus,bus,
28,2,8,rbf,469,van,van,
28,2,8,rbf,471,opel,saab,
28,2,8,rbf,476,opel,opel,
28,2,8,rbf,477,van,van,
28,2,8,rbf,492,bus,bus,
28,2,8,rbf,493,opel,opel,
28,2,8,rbf,503,saab,saab,
28,2,8,rbf,509,opel,opel,
28,2,8,rbf,510,bus,bus,
28,2,8,rbf,524,opel,saab,
28,2,8,rbf,583,saab,opel,
28,2,8,rbf,585,van,van,
28,2,8,rbf,605,saab,opel,
28,2,8,rbf,608,opel,van,
28,2,8,rbf,614,saab,opel,
28,2,8,rbf,627,bus,bus,
28,2,8,rbf,633,opel,saab,
28,2,8,rbf,641,bus,bus,
28,2,8,rbf,643,bus,bus,
28,2,8,rbf,645,opel,opel,
28,2,8,rbf,648,saab,opel,
28,2,8,rbf,657,van,van,
28,2,8,rbf,665,van,van,
28,2,8,rbf,670,opel,opel,
28,2,8,rbf,737,bus,bus,
28,2,8,rbf,742,opel,van,
28,2,8,rbf,745,bus,bus,
28,2,8,rbf,752,bus,bus,
28,2,8,rbf,762,van,van,
28,2,8,rbf,781,van,van,
28,2,8,rbf,788,saab,saab,
28,2,8,rbf,791,van,van,
28,2,8,rbf,808,bus,bus,
28,2,8,rbf,814,bus,bus,
28,2,8,rbf,825,opel,opel,
28,2,8,svm_linear,12,bus,bus,
28,2,8,svm_linear,14,bus,bus,
28,2,8,svm_linear,29,saab,bus,
28,2,8,svm_linear,30,van,van,
28,2,8,svm_linear,32,opel,saab,
28,2,8,svm_linear,34,opel,opel,
28,2,8,svm_linear,44,saab,saab,
28,2,8,svm_linear,66,bus,bus,
28,2,8,svm_linear,72,opel,saab,
28,2,8,svm_linear,99,bus,bus,
28,2,8,svm_linear,111,van,van,
28,2,8,svm_linear,124,van,van,
28,2,8,svm_linear,126,bus,bus,
28,2,8,svm_linear,128,van,van,
28,2,8,svm_linear,131,saab,opel,
28,2,8,svm_linear,133,van,van,
28,2,8,svm_linear,150,saab,saab,
28,2,8,svm_linear,154,van,van,
28,2,8,svm_linear,162,saab,saab,
28,2,8,svm_linear,178,bus,bus,
28,2,8,svm_linear,180,saab,saab,
28,2,8,svm_linear,181,opel,opel,
28,2,8,svm_linear,183,saab,saab,
28,2,8,svm_linear,188,opel,saab,
28,2,8,svm_linear,190,opel,opel,
28,2,8,svm_linear,202,opel,opel,
28,2,8,svm_linear,214,opel,saab,
28,2,8,svm_linear,229,saab,bus,
28,2,8,svm_linear,230,van,van,
28,2,8,svm_linear,237,bus,bus,
28,2,8,svm_linear,244,van,van,
28,2,8,svm_linear,247,saab,opel,
28,2,8,svm_linear,262,van,van,
28,2,8,svm_linear,268,van,van,
28,2,8,svm_linear,283,saab,saab,
28,2,8,svm_linear,285,saab,opel,
28,2,8,svm_linear,292,bus,bus,
28,2,8,svm_linear,298,saab,saab,
28,2,8,svm_linear,303,van,van,
28,2,8,svm_linear,314,bus,bus,
28,2,8,svm_linear,321,bus,bus,
28,2,8,svm_linear,323,saab,saab,
28,2,8,svm_linear,335,saab,saab,
28,2,8,svm_linear,397,bus,bus,
28,2,8,svm_linear,421,opel,opel,
28,2,8,svm_linear,432,saab,opel,
28,2,8,svm_linear,435,van,opel,
28,2,8,svm_linear,447,opel,opel,
28,2,8,svm_linear,466,bus,bus,
28,2,8,svm_linear,469,van,van,
28,2,8,svm_linear,471,opel,opel,
28,2,8,svm_linear,476,opel,opel,
28,2,8,svm_linear,477,van,van,
28,2,8,svm_linear,492,bus,bus,
28,2,8,svm_linear,493,opel,opel,
28,2,8,svm_linear,503,saab,saab,
28,2,8,svm_linear,509,opel,opel,
28,2,8,svm_linear,510,bus,bus,
28,2,8,svm_linear,524,opel,opel,
28,2,8,svm_linear,583,saab,saab,
28,2,8,svm_linear,585,van,van,
28,2,8,svm_linear,605,saab,opel,
28,2,8,svm_linear,608,opel,opel,
28,2,8,svm_linear,614,saab,saab,
28,2,8,svm_linear,627,bus,bus,
28,2,8,svm_linear,633,opel,opel,
28,2,8,svm_linear,641,bus,bus,
28,2,8,svm_linear,643,bus,bus,
28,2,8,svm_linear,645,opel,opel,
28,2,8,svm_linear,648,saab,saab,
28,2,8,svm_linear,657,van,van,
28,2,8,svm_linear,665,van,van,
28,2,8,svm_linear,670,opel,saab,
28,2,8,svm_linear,737,bus,bus,
28,2,8,svm_linear,742,opel,van,
28,2,8,svm_linear,745,bus,bus,
28,2,8,svm_linear,752,bus,bus,
28,2,8,svm_linear,762,van,van,
28,2,8,svm_linear,781,van,van,
28,2,8,svm_linear,788,saab,saab,
28,2,8,svm_linear,791,van,van,
28,2,8,svm_linear,808,bus,bus,
28,2,8,svm_linear,814,bus,bus,
28,2,8,svm_linear,825,opel,saab,
28,2,8,svm_unscaled,12,bus,bus,
28,2,8,svm_unscaled,14,bus,bus,
28,2,8,svm_unscaled,29,saab,bus,
28,2,8,svm_unscaled,30,van,van,
28,2,8,svm_unscaled,32,opel,saab,
28,2,8,svm_unscaled,34,opel,saab,
28,2,8,svm_unscaled,44,saab,saab,
28,2,8,svm_unscaled,66,bus,bus,
28,2,8,svm_unscaled,72,opel,saab,
28,2,8,svm_unscaled,99,bus,bus,
28,2,8,svm_unscaled,111,van,van,
28,2,8,svm_unscaled,124,van,van,
28,2,8,svm_unscaled,126,bus,bus,
28,2,8,svm_unscaled,128,van,van,
28,2,8,svm_unscaled,131,saab,saab,
28,2,8,svm_unscaled,133,van,van,
28,2,8,svm_unscaled,150,saab,saab,
28,2,8,svm_unscaled,154,van,van,
28,2,8,svm_unscaled,162,saab,saab,
28,2,8,svm_unscaled,178,bus,bus,
28,2,8,svm_unscaled,180,saab,saab,
28,2,8,svm_unscaled,181,opel,opel,
28,2,8,svm_unscaled,183,saab,opel,
28,2,8,svm_unscaled,188,opel,saab,
28,2,8,svm_unscaled,190,opel,saab,
28,2,8,svm_unscaled,202,opel,saab,
28,2,8,svm_unscaled,214,opel,saab,
28,2,8,svm_unscaled,229,saab,bus,
28,2,8,svm_unscaled,230,van,van,
28,2,8,svm_unscaled,237,bus,bus,
28,2,8,svm_unscaled,244,van,van,
28,2,8,svm_unscaled,247,saab,saab,
28,2,8,svm_unscaled,262,van,van,
28,2,8,svm_unscaled,268,van,van,
28,2,8,svm_unscaled,283,saab,saab,
28,2,8,svm_unscaled,285,saab,opel,
28,2,8,svm_unscaled,292,bus,bus,
28,2,8,svm_unscaled,298,saab,saab,
28,2,8,svm_unscaled,303,van,van,
28,2,8,svm_unscaled,314,bus,bus,
28,2,8,svm_unscaled,321,bus,bus,
28,2,8,svm_unscaled,323,saab,saab,
28,2,8,svm_unscaled,335,saab,saab,
28,2,8,svm_unscaled,397,bus,bus,
28,2,8,svm_unscaled,421,opel,opel,
28,2,8,svm_unscaled,432,saab,opel,
28,2,8,svm_unscaled,435,van,van,
28,2,8,svm_unscaled,447,opel,opel,
28,2,8,svm_unscaled,466,bus,bus,
28,2,8,svm_unscaled,469,van,van,
28,2,8,svm_unscaled,471,opel,saab,
28,2,8,svm_unscaled,476,opel,opel,
28,2,8,svm_unscaled,477,van,van,
28,2,8,svm_unscaled,492,bus,bus,
28,2,8,svm_unscaled,493,opel,opel,
28,2,8,svm_unscaled,503,saab,saab,
28,2,8,svm_unscaled,509,opel,opel,
28,2,8,svm_unscaled,510,bus,bus,
28,2,8,svm_unscaled,524,opel,saab,
28,2,8,svm_unscaled,583,saab,opel,
28,2,8,svm_unscaled,585,van,van,
28,2,8,svm_unscaled,605,saab,opel,
28,2,8,svm_unscaled,608,opel,van,
28,2,8,svm_unscaled,614,saab,opel,
28,2,8,svm_unscaled,627,bus,bus,
28,2,8,svm_unscaled,633,opel,opel,
28,2,8,svm_unscaled,641,bus,bus,
28,2,8,svm_unscaled,643,bus,bus,
28,2,8,svm_unscaled,645,opel,saab,
28,2,8,svm_unscaled,648,saab,saab,
28,2,8,svm_unscaled,657,van,van,
28,2,8,svm_unscaled,665,van,van,
28,2,8,svm_unscaled,670,opel,opel,
28,2,8,svm_unscaled,737,bus,bus,
28,2,8,svm_unscaled,742,opel,van,
28,2,8,svm_unscaled,745,bus,bus,
28,2,8,svm_unscaled,752,bus,bus,
28,2,8,svm_unscaled,762,van,van,
28,2,8,svm_unscaled,781,van,van,
28,2,8,svm_unscaled,788,saab,saab,
28,2,8,svm_unscaled,791,van,van,
28,2,8,svm_unscaled,808,bus,bus,
28,2,8,svm_unscaled,814,bus,bus,
28,2,8,svm_unscaled,825,opel,saab,
29,2,9,centroid,2,saab,opel,
29,2,9,centroid,7,van,van,
29,2,9,centroid,9,saab,saab,
29,2,9,centroid,25,van,van,
29,2,9,centroid,27,saab,opel,
29,2,9,centroid,39,bus,bus,
29,2,9,centroid,46,van,van,
29,2,9,centroid,98,opel,opel,
29,2,9,centroid,102,van,van,
29,2,9,centroid,125,van,van,
29,2,9,centroid,132,saab,saab,
29,2,9,centroid,134,opel,opel,
29,2,9,centroid,135,van,bus,
29,2,9,centroid,152,opel,van,
29,2,9,centroid,155,bus,opel,
29,2,9,centroid,176,opel,saab,
29,2,9,centroid,201,saab,van,
29,2,9,centroid,206,opel,bus,
29,2,9,centroid,225,van,van,
29,2,9,centroid,239,bus,bus,
29,2,9,centroid,248,opel,opel,
29,2,9,centroid,274,bus,opel,
29,2,9,centroid,286,bus,van,
29,2,9,centroid,322,bus,bus,
29,2,9,centroid,325,bus,bus,
29,2,9,centroid,328,van,van,
29,2,9,centroid,333,bus,bus,
29,2,9,centroid,342,saab,van,
29,2,9,centroid,349,opel,van,
29,2,9,centroid,350,opel,opel,
29,2,9,centroid,353,bus,bus,
29,2,9,centroid,356,bus,van,
29,2,9,centroid,357,saab,saab,
29,2,9,centroid,361,saab,saab,
29,2,9,centroid,364,opel,van,
29,2,9,centroid,365,saab,opel,
29,2,9,centroid,385,van,bus,
29,2,9,centroid,400,saab,saab,
29,2,9,centroid,408,bus,van,
29,2,9,centroid,417,bus,van,
29,2,9,centroid,426,opel,opel,
29,2,9,centroid,456,van,van,
29,2,9,centroid,468,saab,opel,
29,2,9,centroid,495,bus,bus,
29,2,9,centroid,500,opel,opel,
29,2,9,centroid,505,saab,saab,
29,2,9,centroid,508,van,saab,
29,2,9,centroid,527,opel,saab,
29,2,9,centroid,530,saab,opel,
29,2,9,centroid,534,van,van,
29,2,9,centroid,542,saab,saab,
29,2,9,centroid,545,van,van,
29,2,9,centroid,547,bus,van,
29,2,9,centroid,556,bus,opel,
29,2,9,centroid,560,opel,opel,
29,2,9,centroid,579,opel,van,
29,2,9,centroid,584,bus,opel,
29,2,9,centroid,591,opel,van,
29,2,9,centroid,596,opel,bus,
29,2,9,centroid,597,van,van,
29,2,9,centroid,598,bus,bus,
29,2,9,centroid,602,opel,opel,
29,2,9,centroid,603,saab,saab,
29,2,9,centroid,621,van,bus,
29,2,9,centroid,626,bus,van,
29,2,9,centroid,651,saab,van,
29,2,9,centroid,654,saab,saab,
29,2,9,centroid,661,saab,saab,
29,2,9,centroid,674,saab,van,
29,2,9,centroid,678,bus,bus,
29,2,9,centroid,683,bus,opel,
29,2,9,centroid,690,saab,saab,
29,2,9,centroid,715,opel,opel,
29,2,9,centroid,722,van,saab,
29,2,9,centroid,727,bus,saab,
29,2,9,centroid,728,opel,van,
29,2,9,centroid,731,bus,opel,
29,2,9,centroid,735,opel,van,
29,2,9,centroid,739,van,van,
29,2,9,centroid,746,van,van,
29,2,9,centroid,779,van,van,
29,2,9,centroid,786,saab,opel,
29,2,9,centroid,804,opel,opel,
29,2,9,centroid,834,saab,van,
29,2,9,knn,2,saab,saab,
29,2,9,knn,7,van,van,
29,2,9,knn,9,saab,saab,
29,2,9,knn,25,van,van,
29,2,9,knn,27,saab,saab,
29,2,9,knn,39,bus,bus,
29,2,9,knn,46,van,van,
29,2,9,knn,98,opel,opel,
29,2,9,knn,102,van,van,
29,2,9,knn,125,van,van,
29,2,9,knn,132,saab,saab,
29,2,9,knn,134,opel,opel,
29,2,9,knn,135,van,van,
29,2,9,knn,152,opel,opel,
29,2,9,knn,155,bus,bus,
29,2,9,knn,176,opel,opel,
29,2,9,knn,201,saab,saab,
29,2,9,knn,206,opel,saab,
29,2,9,knn,225,van,van,
29,2,9,knn,239,bus,bus,
29,2,9,knn,248,opel,saab,
29,2,9,knn,274,bus,bus,
29,2,9,knn,286,bus,bus,
29,2,9,knn,322,bus,bus,
29,2,9,knn,325,bus,bus,
29,2,9,knn,328,van,van,
29,2,9,knn,333,bus,bus,
29,2,9,knn,342,saab,saab,
29,2,9,knn,349,opel,van,
29,2,9,knn,350,opel,opel,
29,2,9,knn,353,bus,bus,
29,2,9,knn,356,bus,bus,
29,2,9,knn,357,saab,saab,
29,2,9,knn,361,saab,opel,
29,2,9,knn,364,opel,saab,
29,2,9,knn,365,saab,saab,
29,2,9,knn,385,van,van,
29,2,9,knn,400,saab,saab,
29,2,9,knn,408,bus,bus,
29,2,9,knn,417,bus,bus,
29,2,9,knn,426,opel,saab,
29,2,9,knn,456,van,bus,
29,2,9,knn,468,saab,saab,
29,2,9,knn,495,bus,bus,
29,2,9,knn,500,opel,opel,
29,2,9,knn,505,saab,saab,
29,2,9,knn,508,van,van,
29,2,9,knn,527,opel,opel,
29,2,9,knn,530,saab,saab,
29,2,9,knn,534,van,van,
29,2,9,knn,542,saab,opel,
29,2,9,knn,545,van,van,
29,2,9,knn,547,bus,bus,
29,2,9,knn,556,bus,bus,
29,2,9,knn,560,opel,opel,
29,2,9,knn,579,opel,saab,
29,2,9,knn,584,bus,bus,
29,2,9,knn,591,opel,opel,
29,2,9,knn,596,opel,saab,
29,2,9,knn,597,van,van,
29,2,9,knn,598,bus,bus,
29,2,9,knn,602,opel,opel,
29,2,9,knn,603,saab,opel,
29,2,9,knn,621,van,van,
29,2,9,knn,626,bus,bus,
29,2,9,knn,651,saab,saab,
29,2,9,knn,654,saab,saab,
29,2,9,knn,661,saab,opel,
29,2,9,knn,674,saab,bus,
29,2,9,knn,678,bus,bus,
29,2,9,knn,683,bus,bus,
29,2,9,knn,690,saab,saab,
29,2,9,knn,715,opel,opel,
29,2,9,knn,722,van,van,
29,2,9,knn,727,bus,bus,
29,2,9,knn,728,opel,opel,
29,2,9,knn,731,bus,bus,
29,2,9,knn,735,opel,opel,
29,2,9,knn,739,van,van,
29,2,9,knn,746,van,van,
29,2,9,knn,779,van,van,
29,2,9,knn,786,saab,saab,
29,2,9,knn,804,opel,saab,
29,2,9,knn,834,saab,opel,
29,2,9,svm,2,saab,saab,1.7500051560277683
29,2,9,svm,7,van,van,1.7321451558222694
29,2,9,svm,9,saab,opel,0.0578265175327175
29,2,9,svm,25,van,van,1.572343783687589
29,2,9,svm,27,saab,saab,0.6473031483882679
29,2,9,svm,39,bus,bus,2.2244536976895986
29,2,9,svm,46,van,van,2.1899729496489826
29,2,9,svm,98,opel,opel,0.6400378340675417
29,2,9,svm,102,van,van,2.1218200737932835
29,2,9,svm,125,van,van,1.6559735330179421
29,2,9,svm,132,saab,saab,0.6014608337191305
29,2,9,svm,134,opel,opel,0.9164835065293477
29,2,9,svm,135,van,van,1.1266508337743435
29,2,9,svm,152,opel,opel,0.7061067306744491
29,2,9,svm,155,bus,bus,2.165860086746152
29,2,9,svm,176,opel,opel,1.852918310309633
29,2,9,svm,201,saab,opel,0.18491821409600107
29,2,9,svm,206,opel,saab,0.0260121088519516
29,2,9,svm,225,van,van,2.3927252935204097
29,2,9,svm,239,bus,bus,1.831444983134551
29,2,9,svm,248,opel,opel,0.5976164917343993
29,2,9,svm,274,bus,bus,1.4830322083929843
29,2,9,svm,286,bus,bus,0.7452085786501822
29,2,9,svm,322,bus,bus,1.3793409332258988
29,2,9,svm,325,bus,bus,1.2580660973746691
29,2,9,svm,328,van,van,2.2606777601726153
29,2,9,svm,333,bus,bus,0.9540306065689346
29,2,9,svm,342,saab,saab,0.18553845763774746
29,2,9,svm,349,opel,opel,0.08556245968206255
29,2,9,svm,350,opel,opel,0.6274919649474526
29,2,9,svm,353,bus,bus,1.7089485110859068
29,2,9,svm,356,bus,bus,0.7852873466066693
29,2,9,svm,357,saab,saab,2.47268083046815
29,2,9,svm,361,saab,saab,1.5912334443597445
29,2,9,svm,364,opel,opel,0.4387985476155478
29,2,9,svm,365,saab,saab,2.157465350315995
29,2,9,svm,385,van,van,2.2089898353610415
29,2,9,svm,400,saab,saab,1.4952793890010199
29,2,9,svm,408,bus,bus,0.742595096913487
29,2,9,svm,417,bus,bus,1.8791638548060159
29,2,9,svm,426,opel,opel,0.970748217005692
29,2,9,svm,456,van,van,0.7352526805238514
29,2,9,svm,468,saab,saab,1.2173510182325273
29,2,9,svm,495,bus,bus,1.618735632751608
29,2,9,svm,500,opel,opel,1.319737163811638
29,2,9,svm,505,saab,saab,1.974447697467026
29,2,9,svm,508,van,van,2.3155110966616803
29,2,9,svm,527,opel,saab,0.2303569950573916
29,2,9,svm,530,saab,opel,1.443806411750927
29,2,9,svm,534,van,van,0.980349218316977
29,2,9,svm,542,saab,opel,0.5694397839826593
29,2,9,svm,545,van,van,2.6018792957714663
29,2,9,svm,547,bus,van,0.5657842658322597
29,2,9,svm,556,bus,bus,1.6273881272893806
29,2,9,svm,560,opel,opel,1.18282352489304
29,2,9,svm,579,opel,van,0.31622028681226055
29,2,9,svm,584,bus,bus,1.4214644064317365
29,2,9,svm,591,opel,opel,0.4912651034853184
29,2,9,svm,596,opel,opel,0.31508992527172097
29,2,9,svm,597,van,van,2.3972040709810685
29,2,9,svm,598,bus,bus,1.451790935748507
29,2,9,svm,602,opel,opel,1.3310098772036199
29,2,9,svm,603,saab,saab,0.4160286951170633
29,2,9,svm,621,van,van,2.1323652611290225
29,2,9,svm,626,bus,bus,1.3572083276825953
29,2,9,svm,651,saab,saab,0.5173770188457909
29,2,9,svm,654,saab,opel,0.1928189018532862
29,2,9,svm,661,saab,saab,0.7638429434252316
29,2,9,svm,674,saab,saab,0.38542387332016403
29,2,9,svm,678,bus,bus,1.2400067645863158
29,2,9,svm,683,bus,bus,1.6313353906709636
29,2,9,svm,690,saab,saab,0.8917130695807316
29,2,9,svm,715,opel,opel,1.489711363983595
29,2,9,svm,722,van,van,2.0246171448901538
29,2,9,svm,727,bus,bus,2.2872668531852978
29,2,9,svm,728,opel,opel,0.2097607211128718
29,2,9,svm,731,bus,bus,1.9490932948970339
29,2,9,svm,735,opel,saab,0.14421981947943152
29,2,9,svm,739,van,van,2.106014488098029
29,2,9,svm,746,van,van,1.3886503426416485
29,2,9,svm,779,van,van,2.02121947094164
29,2,9,svm,786,saab,saab,0.8590621959103117
29,2,9,svm,804,opel,opel,0.10924071439880123
29,2,9,svm,834,saab,opel,0.268588100053222
29,2,9,mlp,2,saab,saab,
29,2,9,mlp,7,van,van,
29,2,9,mlp,9,saab,opel,
29,2,9,mlp,25,van,van,
29,2,9,mlp,27,saab,saab,
29,2,9,mlp,39,bus,bus,
29,2,9,mlp,46,van,van,
29,2,9,mlp,98,opel,saab,
29,2,9,mlp,102,van,van,
29,2,9,mlp,125,van,van,
29,2,9,mlp,132,saab,saab,
29,2,9,mlp,134,opel,opel,
29,2,9,mlp,135,van,van,
29,2,9,mlp,152,opel,saab,
29,2,9,mlp,155,bus,bus,
29,2,9,mlp,176,opel,opel,
29,2,9,mlp,201,saab,opel,
29,2,9,mlp,206,opel,saab,
29,2,9,mlp,225,van,van,
29,2,9,mlp,239,bus,bus,
29,2,9,mlp,248,opel,saab,
29,2,9,mlp,274,bus,bus,
29,2,9,mlp,286,bus,bus,
29,2,9,mlp,322,bus,bus,
29,2,9,mlp,325,bus,bus,
29,2,9,mlp,328,van,van,
29,2,9,mlp,333,bus,bus,
29,2,9,mlp,342,saab,bus,
29,2,9,mlp,349,opel,opel,
29,2,9,mlp,350,opel,opel,
29,2,9,mlp,353,bus,bus,
29,2,9,mlp,356,bus,bus,
29,2,9,mlp,357,saab,saab,
29,2,9,mlp,361,saab,saab,
29,2,9,mlp,364,opel,opel,
29,2,9,mlp,365,saab,saab,
29,2,9,mlp,385,van,van,
29,2,9,mlp,400,saab,saab,
29,2,9,mlp,408,bus,bus,
29,2,9,mlp,417,bus,bus,
29,2,9,mlp,426,opel,saab,
29,2,9,mlp,456,van,van,
29,2,9,mlp,468,saab,saab,
29,2,9,mlp,495,bus,bus,
29,2,9,mlp,500,opel,opel,
29,2,9,mlp,505,saab,saab,
29,2,9,mlp,508,van,van,
29,2,9,mlp,527,opel,saab,
29,2,9,mlp,530,saab,opel,
29,2,9,mlp,534,van,van,
29,2,9,mlp,542,saab,opel,
29,2,9,mlp,545,van,van,
29,2,9,mlp,547,bus,van,
29,2,9,mlp,556,bus,bus,
29,2,9,mlp,560,opel,opel,
29,2,9,mlp,579,opel,van,
29,2,9,mlp,584,bus,bus,
29,2,9,mlp,591,opel,opel,
29,2,9,mlp,596,opel,opel,
29,2,9,mlp,597,van,van,
29,2,9,mlp,598,bus,bus,
29,2,9,mlp,602,opel,opel,
29,2,9,mlp,603,saab,saab,
29,2,9,mlp,621,van,van,
29,2,9,mlp,626,bus,bus,
29,2,9,mlp,651,saab,saab,
29,2,9,mlp,654,saab,saab,
29,2,9,mlp,661,saab,saab,
29,2,9,mlp,674,saab,saab,
29,2,9,mlp,678,bus,bus,
29,2,9,mlp,683,bus,bus,
29,2,9,mlp,690,saab,saab,
29,2,9,mlp,715,opel,opel,
29,2,9,mlp,722,van,van,
29,2,9,mlp,727,bus,bus,
29,2,9,mlp,728,opel,opel,
29,2,9,mlp,731,bus,bus,
29,2,9,mlp,735,opel,saab,
29,2,9,mlp,739,van,van,
29,2,9,mlp,746,van,van,
29,2,9,mlp,779,van,van,
29,2,9,mlp,786,saab,saab,
29,2,9,mlp,804,opel,saab,
29,2,9,mlp,834,saab,saab,
29,2,9,rbf,2,saab,saab,
29,2,9,rbf,7,van,van,
29,2,9,rbf,9,saab,opel,
29,2,9,rbf,25,van,van,
29,2,9,rbf,27,saab,opel,
29,2,9,rbf,39,bus,bus,
29,2,9,rbf,46,van,van,
29,2,9,rbf,98,opel,saab,
29,2,9,rbf,102,van,van,
29,2,9,rbf,125,van,van,
29,2,9,rbf,132,saab,saab,
29,2,9,rbf,134,opel,opel,
29,2,9,rbf,135,van,van,
29,2,9,rbf,152,opel,saab,
29,2,9,rbf,155,bus,bus,
29,2,9,rbf,176,opel,opel,
29,2,9,rbf,201,saab,opel,
29,2,9,rbf,206,opel,bus,
29,2,9,rbf,225,van,van,
29,2,9,rbf,239,bus,bus,
29,2,9,rbf,248,opel,saab,
29,2,9,rbf,274,bus,bus,
29,2,9,rbf,286,bus,bus,
29,2,9,rbf,322,bus,bus,
29,2,9,rbf,325,bus,bus,
29,2,9,rbf,328,van,van,
29,2,9,rbf,333,bus,bus,
29,2,9,rbf,342,saab,bus,
29,2,9,rbf,349,opel,van,
29,2,9,rbf,350,opel,opel,
29,2,9,rbf,353,bus,bus,
29,2,9,rbf,356,bus,bus,
29,2,9,rbf,357,saab,saab,
29,2,9,rbf,361,saab,saab,
29,2,9,rbf,364,opel,bus,
29,2,9,rbf,365,saab,saab,
29,2,9,rbf,385,van,van,
29,2,9,rbf,400,saab,saab,
29,2,9,rbf,408,bus,bus,
29,2,9,rbf,417,bus,bus,
29,2,9,rbf,426,opel,saab,
29,2,9,rbf,456,van,van,
29,2,9,rbf,468,saab,saab,
29,2,9,rbf,495,bus,bus,
29,2,9,rbf,500,opel,opel,
29,2,9,rbf,505,saab,saab,
29,2,9,rbf,508,van,van,
29,2,9,rbf,527,opel,saab,
29,2,9,rbf,530,saab,opel,
29,2,9,rbf,534,van,van,
29,2,9,rbf,542,saab,opel,
29,2,9,rbf,545,van,van,
29,2,9,rbf,547,bus,van,
29,2,9,rbf,556,bus,bus,
29,2,9,rbf,560,opel,opel,
29,2,9,rbf,579,opel,van,
29,2,9,rbf,584,bus,bus,
29,2,9,rbf,591,opel,opel,
29,2,9,rbf,596,opel,saab,
29,2,9,rbf,597,van,van,
29,2,9,rbf,598,bus,bus,
29,2,9,rbf,602,opel,saab,
29,2,9,rbf,603,saab,opel,
29,2,9,rbf,621,van,van,
29,2,9,rbf,626,bus,bus,
29,2,9,rbf,651,saab,bus,
29,2,9,rbf,654,saab,opel,
29,2,9,rbf,661,saab,saab,
29,2,9,rbf,674,saab,saab,
29,2,9,rbf,678,bus,bus,
29,2,9,rbf,683,bus,bus,
29,2,9,rbf,690,saab,opel,
29,2,9,rbf,715,opel,saab,
29,2,9,rbf,722,van,van,
29,2,9,rbf,727,bus,bus,
29,2,9,rbf,728,opel,saab,
29,2,9,rbf,731,bus,bus,
29,2,9,rbf,735,opel,opel,
29,2,9,rbf,739,van,van,
29,2,9,rbf,746,van,van,
29,2,9,rbf,779,van,van,
29,2,9,rbf,786,saab,saab,
29,2,9,rbf,804,opel,saab,
29,2,9,rbf,834,saab,saab,
29,2,9,svm_linear,2,saab,saab,
29,2,9,svm_linear,7,van,van,
29,2,9,svm_linear,9,saab,opel,
29,2,9,svm_linear,25,van,van,
29,2,9,svm_linear,27,saab,saab,
29,2,9,svm_linear,39,bus,bus,
29,2,9,svm_linear,46,van,van,
29,2,9,svm_linear,98,opel,saab,
29,2,9,svm_linear,102,van,van,
29,2,9,svm_linear,125,van,van,
29,2,9,svm_linear,132,saab,saab,
29,2,9,svm_linear,134,opel,opel,
29,2,9,svm_linear,135,van,bus,
29,2,9,svm_linear,152,opel,saab,
29,2,9,svm_linear,155,bus,bus,
29,2,9,svm_linear,176,opel,opel,
29,2,9,svm_linear,201,saab,opel,
29,2,9,svm_linear,206,opel,saab,
29,2,9,svm_linear,225,van,van,
29,2,9,svm_linear,239,bus,bus,
29,2,9,svm_linear,248,opel,opel,
29,2,9,svm_linear,274,bus,bus,
29,2,9,svm_linear,286,bus,bus,
29,2,9,svm_linear,322,bus,bus,
29,2,9,svm_linear,325,bus,bus,
29,2,9,svm_linear,328,van,van,
29,2,9,svm_linear,333,bus,bus,
29,2,9,svm_linear,342,saab,bus,
29,2,9,svm_linear,349,opel,van,
29,2,9,svm_linear,350,opel,opel,
29,2,9,svm_linear,353,bus,bus,
29,2,9,svm_linear,356,bus,bus,
29,2,9,svm_linear,357,saab,saab,
29,2,9,svm_linear,361,saab,saab,
29,2,9,svm_linear,364,opel,opel,
29,2,9,svm_linear,365,saab,saab,
29,2,9,svm_linear,385,van,van,
29,2,9,svm_linear,400,saab,opel,
29,2,9,svm_linear,408,bus,bus,
29,2,9,svm_linear,417,bus,bus,
29,2,9,svm_linear,426,opel,opel,
29,2,9,svm_linear,456,van,van,
29,2,9,svm_linear,468,saab,saab,
29,2,9,svm_linear,495,bus,bus,
29,2,9,svm_linear,500,opel,opel,
29,2,9,svm_linear,505,saab,saab,
29,2,9,svm_linear,508,van,van,
29,2,9,svm_linear,527,opel,saab,
29,2,9,svm_linear,530,saab,opel,
29,2,9,svm_linear,534,van,opel,
29,2,9,svm_linear,542,saab,opel,
29,2,9,svm_linear,545,van,van,
29,2,9,svm_linear,547,bus,bus,
29,2,9,svm_linear,556,bus,bus,
29,2,9,svm_linear,560,opel,opel,
29,2,9,svm_linear,579,opel,saab,
29,2,9,svm_linear,584,bus,bus,
29,2,9,svm_linear,591,opel,saab,
29,2,9,svm_linear,596,opel,opel,
29,2,9,svm_linear,597,van,van,
29,2,9,svm_linear,598,bus,bus,
29,2,9,svm_linear,602,opel,opel,
29,2,9,svm_linear,603,saab,saab,
29,2,9,svm_linear,621,van,van,
29,2,9,svm_linear,626,bus,bus,
29,2,9,svm_linear,651,saab,saab,
29,2,9,svm_linear,654,saab,opel,
29,2,9,svm_linear,661,saab,saab,
29,2,9,svm_linear,674,saab,saab,
29,2,9,svm_linear,678,bus,bus,
29,2,9,svm_linear,683,bus,bus,
29,2,9,svm_linear,690,saab,saab,
29,2,9,svm_linear,715,opel,opel,
29,2,9,svm_linear,722,van,van,
29,2,9,svm_linear,727,bus,bus,
29,2,9,svm_linear,728,opel,saab,
29,2,9,svm_linear,731,bus,bus,
29,2,9,svm_linear,735,opel,opel,
29,2,9,svm_linear,739,van,van,
29,2,9,svm_linear,746,van,van,
29,2,9,svm_linear,779,van,van,
29,2,9,svm_linear,786,saab,saab,
29,2,9,svm_linear,804,opel,opel,
29,2,9,svm_linear,834,saab,bus,
29,2,9,svm_unscaled,2,saab,saab,
29,2,9,svm_unscaled,7,van,van,
29,2,9,svm_unscaled,9,saab,opel,
29,2,9,svm_unscaled,25,van,van,
29,2,9,svm_unscaled,27,saab,saab,
29,2,9,svm_unscaled,39,bus,bus,
29,2,9,svm_unscaled,46,van,van,
29,2,9,svm_unscaled,98,opel,saab,
29,2,9,svm_unscaled,102,van,van,
29,2,9,svm_unscaled,125,van,van,
29,2,9,svm_unscaled,132,saab,saab,
29,2,9,svm_unscaled,134,opel,opel,
29,2,9,svm_unscaled,135,van,van,
29,2,9,svm_unscaled,152,opel,saab,
29,2,9,svm_unscaled,155,bus,bus,
29,2,9,svm_unscaled,176,opel,opel,
29,2,9,svm_unscaled,201,saab,opel,
29,2,9,svm_unscaled,206,opel,bus,
29,2,9,svm_unscaled,225,van,van,
29,2,9,svm_unscaled,239,bus,bus,
29,2,9,svm_unscaled,248,opel,saab,
29,2,9,svm_unscaled,274,bus,bus,
29,2,9,svm_unscaled,286,bus,bus,
29,2,9,svm_unscaled,322,bus,bus,
29,2,9,svm_unscaled,325,bus,bus,
29,2,9,svm_unscaled,328,van,van,
29,2,9,svm_unscaled,333,bus,bus,
29,2,9,svm_unscaled,342,saab,bus,
29,2,9,svm_unscaled,349,opel,van,
29,2,9,svm_unscaled,350,opel,opel,
29,2,9,svm_unscaled,353,bus,bus,
29,2,9,svm_unscaled,356,bus,bus,
29,2,9,svm_unscaled,357,saab,saab,
29,2,9,svm_unscaled,361,saab,saab,
29,2,9,svm_unscaled,364,opel,saab,
29,2,9,svm_unscaled,365,saab,saab,
29,2,9,svm_unscaled,385,van,van,
29,2,9,svm_unscaled,400,saab,saab,
29,2,9,svm_unscaled,408,bus,bus,
29,2,9,svm_unscaled,417,bus,bus,
29,2,9,svm_unscaled,426,opel,opel,
29,2,9,svm_unscaled,456,van,van,
29,2,9,svm_unscaled,468,saab,saab,
29,2,9,svm_unscaled,495,bus,bus,
29,2,9,svm_unscaled,500,opel,opel,
29,2,9,svm_unscaled,505,saab,saab,
29,2,9,svm_unscaled,508,van,van,
29,2,9,svm_unscaled,527,opel,saab,
29,2,9,svm_unscaled,530,saab,opel,
29,2,9,svm_unscaled,534,van,van,
29,2,9,svm_unscaled,542,saab,opel,
29,2,9,svm_unscaled,545,van,van,
29,2,9,svm_unscaled,547,bus,van,
29,2,9,svm_unscaled,556,bus,bus,
29,2,9,svm_unscaled,560,opel,opel,
29,2,9,svm_unscaled,579,opel,van,
29,2,9,svm_unscaled,584,bus,bus,
29,2,9,svm_unscaled,591,opel,opel,
29,2,9,svm_unscaled,596,opel,opel,
29,2,9,svm_unscaled,597,van,van,
29,2,9,svm_unscaled,598,bus,bus,
29,2,9,svm_unscaled,602,opel,opel,
29,2,9,svm_unscaled,603,saab,saab,
29,2,9,svm_unscaled,621,van,van,
29,2,9,svm_unscaled,626,bus,bus,
29,2,9,svm_unscaled,651,saab,bus,
29,2,9,svm_unscaled,654,saab,saab,
29,2,9,svm_unscaled,661,saab,saab,
29,2,9,svm_unscaled,674,saab,saab,
29,2,9,svm_unscaled,678,bus,bus,
29,2,9,svm_unscaled,683,bus,bus,
29,2,9,svm_unscaled,690,saab,opel,
29,2,9,svm_unscaled,715,opel,opel,
29,2,9,svm_unscaled,722,van,van,
29,2,9,svm_unscaled,727,bus,bus,
29,2,9,svm_unscaled,728,opel,van,
29,2,9,svm_unscaled,731,bus,bus,
29,2,9,svm_unscaled,735,opel,saab,
29,2,9,svm_unscaled,739,van,van,
29,2,9,svm_unscaled,746,van,van,
29,2,9,svm_unscaled,779,van,van,
29,2,9,svm_unscaled,786,saab,opel,
29,2,9,svm_unscaled,804,opel,saab,
29,2,9,svm_unscaled,834,saab,saab,
30,3,0,centroid,1,van,van,
30,3,0,centroid,11,saab,van,
30,3,0,centroid,19,opel,opel,
30,3,0,centroid,25,van,van,
30,3,0,centroid,37,van,bus,
30,3,0,centroid,43,saab,van,
30,3,0,centroid,53,bus,van,
30,3,0,centroid,54,bus,opel,
30,3,0,centroid,61,opel,van,
30,3,0,centroid,75,opel,opel,
30,3,0,centroid,83,opel,van,
30,3,0,centroid,91,opel,saab,
30,3,0,centroid,102,van,van,
30,3,0,centroid,139,van,van,
30,3,0,centroid,141,bus,van,
30,3,0,centroid,148,saab,van,
30,3,0,centroid,153,saab,opel,
30,3,0,centroid,187,opel,saab,
30,3,0,centroid,199,bus,bus,
30,3,0,centroid,206,opel,bus,
30,3,0,centroid,207,bus,van,
30,3,0,centroid,209,opel,opel,
30,3,0,centroid,212,bus,van,
30,3,0,centroid,233,saab,opel,
30,3,0,centroid,243,saab,opel,
30,3,0,centroid,254,van,bus,
30,3,0,centroid,262,van,van,
30,3,0,centroid,270,bus,bus,
30,3,0,centroid,273,van,van,
30,3,0,centroid,285,saab,saab,
30,3,0,centroid,308,opel,saab,
30,3,0,centroid,309,opel,saab,
30,3,0,centroid,314,bus,bus,
30,3,0,centroid,316,van,van,
30,3,0,centroid,324,saab,saab,
30,3,0,centroid,335,saab,opel,
30,3,0,centroid,348,van,van,
30,3,0,centroid,379,opel,opel,
30,3,0,centroid,384,opel,van,
30,3,0,centroid,412,bus,van,
30,3,0,centroid,446,saab,saab,
30,3,0,centroid,447,opel,opel,
30,3,0,centroid,449,van,van,
30,3,0,centroid,470,van,van,
30,3,0,centroid,478,bus,opel,
30,3,0,centroid,484,van,bus,
30,3,0,centroid,486,opel,opel,
30,3,0,centroid,494,bus,opel,
30,3,0,centroid,507,opel,van,
30,3,0,centroid,518,saab,van,
30,3,0,centroid,531,bus,opel,
30,3,0,centroid,537,van,van,
30,3,0,centroid,546,van,van,
30,3,0,centroid,552,saab,saab,
30,3,0,centroid,554,saab,saab,
30,3,0,centroid,559,saab,opel,
30,3,0,centroid,580,bus,van,
30,3,0,centroid,583,saab,opel,
30,3,0,centroid,587,opel,van,
30,3,0,centroid,592,bus,bus,
30,3,0,centroid,627,bus,van,
30,3,0,centroid,635,van,van,
30,3,0,centroid,638,bus,opel,
30,3,0,centroid,645,opel,van,
30,3,0,centroid,647,saab,van,
30,3,0,centroid,650,saab,opel,
30,3,0,centroid,677,bus,opel,
30,3,0,centroid,696,saab,van,
30,3,0,centroid,704,opel,opel,
30,3,0,centroid,712,saab,saab,
30,3,0,centroid,719,saab,opel,
30,3,0,centroid,730,opel,opel,
30,3,0,centroid,738,bus,opel,
30,3,0,centroid,744,van,saab,
30,3,0,centroid,757,saab,van,
30,3,0,centroid,762,van,van,
30,3,0,centroid,765,bus,van,
30,3,0,centroid,771,opel,opel,
30,3,0,centroid,790,bus,van,
30,3,0,centroid,800,van,van,
30,3,0,centroid,805,bus,bus,
30,3,0,centroid,808,bus,van,
30,3,0,centroid,819,saab,saab,
30,3,0,centroid,823,opel,opel,
30,3,0,centroid,838,van,van,
30,3,0,knn,1,van,van,
30,3,0,knn,11,saab,van,
30,3,0,knn,19,opel,opel,
30,3,0,knn,25,van,van,
30,3,0,knn,37,van,van,
30,3,0,knn,43,saab,saab,
30,3,0,knn,53,bus,bus,
30,3,0,knn,54,bus,bus,
30,3,0,knn,61,opel,saab,
30,3,0,knn,75,opel,saab,
30,3,0,knn,83,opel,saab,
30,3,0,knn,91,opel,saab,
30,3,0,knn,102,van,van,
30,3,0,knn,139,van,van,
30,3,0,knn,141,bus,bus,
30,3,0,knn,148,saab,opel,
30,3,0,knn,153,saab,saab,
30,3,0,knn,187,opel,saab,
30,3,0,knn,199,bus,bus,
30,3,0,knn,206,opel,van,
30,3,0,knn,207,bus,bus,
30,3,0,knn,209,opel,opel,
30,3,0,knn,212,bus,bus,
30,3,0,knn,233,saab,opel,
30,3,0,knn,243,saab,saab,
30,3,0,knn,254,van,van,
30,3,0,knn,262,van,van,
30,3,0,knn,270,bus,bus,
30,3,0,knn,273,van,van,
30,3,0,knn,285,saab,opel,
30,3,0,knn,308,opel,saab,
30,3,0,knn,309,opel,saab,
30,3,0,knn,314,bus,bus,
30,3,0,knn,316,van,van,
30,3,0,knn,324,saab,saab,
30,3,0,knn,335,saab,saab,
30,3,0,knn,348,van,van,
30,3,0,knn,379,opel,saab,
30,3,0,knn,384,opel,van,
30,3,0,knn,412,bus,bus,
30,3,0,knn,446,saab,opel,
30,3,0,knn,447,opel,opel,
30,3,0,knn,449,van,van,
30,3,0,knn,470,van,bus,
30,3,0,knn,478,bus,bus,
30,3,0,knn,484,van,van,
30,3,0,knn,486,opel,opel,
30,3,0,knn,494,bus,bus,
30,3,0,knn,507,opel,saab,
30,3,0,knn,518,saab,bus,
30,3,0,knn,531,bus,bus,
30,3,0,knn,537,van,van,
30,3,0,knn,546,van,van,
30,3,0,knn,552,saab,saab,
30,3,0,knn,554,saab,saab,
30,3,0,knn,559,saab,saab,
30,3,0,knn,580,bus,bus,
30,3,0,knn,583,saab,opel,
30,3,0,knn,587,opel,opel,
30,3,0,knn,592,bus,bus,
30,3,0,knn,627,bus,bus,
30,3,0,knn,635,van,van,
30,3,0,knn,638,bus,bus,
30,3,0,knn,645,opel,bus,
30,3,0,knn,647,saab,opel,
30,3,0,knn,650,saab,opel,
30,3,0,knn,677,bus,bus,
30,3,0,knn,696,saab,opel,
30,3,0,knn,704,opel,opel,
30,3,0,knn,712,saab,saab,
30,3,0,knn,719,saab,saab,
30,3,0,knn,730,opel,opel,
30,3,0,knn,738,bus,bus,
30,3,0,knn,744,van,van,
30,3,0,knn,757,saab,opel,
30,3,0,knn,762,van,bus,
30,3,0,knn,765,bus,bus,
30,3,0,knn,771,opel,opel,
30,3,0,knn,790,bus,bus,
30,3,0,knn,800,van,bus,
30,3,0,knn,805,bus,bus,
30,3,0,knn,808,bus,bus,
30,3,0,knn,819,saab,saab,
30,3,0,knn,823,opel,opel,
30,3,0,knn,838,van,van,
30,3,0,svm,1,van,van,1.494048684322232
30,3,0,svm,11,saab,opel,0.5294615421794777
30,3,0,svm,19,opel,opel,0.8794128641382457
30,3,0,svm,25,van,van,1.5507937206922937
30,3,0,svm,37,van,van,0.904863286428002
30,3,0,svm,43,saab,saab,0.33337316565300057
30,3,0,svm,53,bus,bus,2.1456319009981994
30,3,0,svm,54,bus,bus,1.7911687759906592
30,3,0,svm,61,opel,opel,0.5946741281911585
30,3,0,svm,75,opel,opel,0.7523436144964464
30,3,0,svm,83,opel,opel,0.9334595662670182
30,3,0,svm,91,opel,saab,0.5784886838063557
30,3,0,svm,102,van,van,2.3474670009278293
30,3,0,svm,139,van,van,1.2580188631898486
30,3,0,svm,141,bus,bus,1.73982014845702
30,3,0,svm,148,saab,opel,1.8990147338521979
30,3,0,svm,153,saab,saab,1.007472398982884
30,3,0,svm,187,opel,saab,1.5994621575266583
30,3,0,svm,199,bus,bus,1.4640537515014183
30,3,0,svm,206,opel,saab,0.14452073680927402
30,3,0,svm,207,bus,bus,1.5618690277375358
30,3,0,svm,209,opel,opel,1.7580568347733063
30,3,0,svm,212,bus,bus,1.5400294249422624
30,3,0,svm,233,saab,opel,0.022793477178829846
30,3,0,svm,243,saab,opel,0.1274149111121332
30,3,0,svm,254,van,van,3.3599510625511106
30,3,0,svm,262,van,van,1.657875124001416
30,3,0,svm,270,bus,bus,2.138816063903076
30,3,0,svm,273,van,van,1.5219405657495015
30,3,0,svm,285,saab,opel,2.1574008107120335
30,3,0,svm,308,opel,opel,0.7204213671234214
30,3,0,svm,309,opel,opel,0.9007032752444744
30,3,0,svm,314,bus,bus,0.7313502345401117
30,3,0,svm,316,van,van,3.0758042770764806
30,3,0,svm,324,saab,saab,0.9800710203460881
30,3,0,svm,335,saab,saab,1.7786935278997955
30,3,0,svm,348,van,van,1.8621698189901519
30,3,0,svm,379,opel,saab,0.057151716780126094
30,3,0,svm,384,opel,saab,0.8271117273112535
30,3,0,svm,412,bus,bus,1.6587106847505106
30,3,0,svm,446,saab,saab,0.5616217982014504
30,3,0,svm,447,opel,opel,2.0671953835682757
30,3,0,svm,449,van,van,1.2675994935318207
30,3,0,svm,470,van,van,0.9791280307222376
30,3,0,svm,478,bus,bus,1.6467845756100798
30,3,0,svm,484,van,van,1.6484480259190823
30,3,0,svm,486,opel,opel,0.21204022283948376
30,3,0,svm,494,bus,bus,2.01569613265454
30,3,0,svm,507,opel,saab,1.0253100328376945
30,3,0,svm,518,saab,saab,0.33539647634678715
30,3,0,svm,531,bus,bus,1.4192940496403423
30,3,0,svm,537,van,van,2.5552981565174147
30,3,0,svm,546,van,van,1.317463050769031
30,3,0,svm,552,saab,saab,0.1511981461576113
30,3,0,svm,554,saab,saab,1.1047217701165124
30,3,0,svm,559,saab,opel,0.6778414287916945
30,3,0,svm,580,bus,bus,1.41444403803402
30,3,0,svm,583,saab,saab,1.3216308134759966
30,3,0,svm,587,opel,opel,1.3039832246941785
30,3,0,svm,592,bus,bus,1.6491256647368182
30,3,0,svm,627,bus,bus,1.2384906841500947
30,3,0,svm,635,van,van,2.3011375358552417
30,3,0,svm,638,bus,bus,3.136307924702187
30,3,0,svm,645,opel,opel,0.6579393054605163
30,3,0,svm,647,saab,saab,0.5162091852527908
30,3,0,svm,650,saab,opel,1.0277110508072838
30,3,0,svm,677,bus,bus,2.7414435730215985
30,3,0,svm,696,saab,opel,1.382401923021476
30,3,0,svm,704,opel,opel,1.460991898484437
30,3,0,svm,712,saab,saab,1.3261956562651989
30,3,0,svm,719,saab,saab,1.883463023638745
30,3,0,svm,730,opel,opel,0.7229213136507866
30,3,0,svm,738,bus,bus,1.2645454834916556
30,3,0,svm,744,van,van,1.0785551660272923
30,3,0,svm,757,saab,saab,0.588623294386565
30,3,0,svm,762,van,van,1.3476891681545549
30,3,0,svm,765,bus,bus,1.420265938125515
30,3,0,svm,771,opel,opel,1.4417952589189724
30,3,0,svm,790,bus,bus,1.4074316043135058
30,3,0,svm,800,van,van,0.7861587853066612
30,3,0,svm,805,bus,bus,1.7076567999295618
30,3,0,svm,808,bus,bus,1.2638013728889916
30,3,0,svm,819,saab,saab,0.7893407267113588
30,3,0,svm,823,opel,opel,0.04302590167957021
30,3,0,svm,838,van,van,1.5392437743327942
30,3,0,mlp,1,van,van,
30,3,0,mlp,11,saab,opel,
30,3,0,mlp,19,opel,opel,
30,3,0,mlp,25,van,van,
30,3,0,mlp,37,van,van,
30,3,0,mlp,43,saab,opel,
30,3,0,mlp,53,bus,bus,
30,3,0,mlp,54,bus,bus,
30,3,0,mlp,61,opel,saab,
30,3,0,mlp,75,opel,saab,
30,3,0,mlp,83,opel,opel,
30,3,0,mlp,91,opel,saab,
30,3,0,mlp,102,van,van,
30,3,0,mlp,139,van,van,
30,3,0,mlp,141,bus,bus,
30,3,0,mlp,148,saab,opel,
30,3,0,mlp,153,saab,saab,
30,3,0,mlp,187,opel,saab,
30,3,0,mlp,199,bus,bus,
30,3,0,mlp,206,opel,saab,
30,3,0,mlp,207,bus,bus,
30,3,0,mlp,209,opel,opel,
30,3,0,mlp,212,bus,bus,
30,3,0,mlp,233,saab,opel,
30,3,0,mlp,243,saab,saab,
30,3,0,mlp,254,van,van,
30,3,0,mlp,262,van,van,
30,3,0,mlp,270,bus,bus,
30,3,0,mlp,273,van,van,
30,3,0,mlp,285,saab,opel,
30,3,0,mlp,308,opel,saab,
30,3,0,mlp,309,opel,opel,
30,3,0,mlp,314,bus,bus,
30,3,0,mlp,316,van,van,
30,3,0,mlp,324,saab,saab,
30,3,0,mlp,335,saab,saab,
30,3,0,mlp,348,van,van,
30,3,0,mlp,379,opel,saab,
30,3,0,mlp,384,opel,opel,
30,3,0,mlp,412,bus,bus,
30,3,0,mlp,446,saab,opel,
30,3,0,mlp,447,opel,opel,
30,3,0,mlp,449,van,van,
30,3,0,mlp,470,van,van,
30,3,0,mlp,478,bus,bus,
30,3,0,mlp,484,van,van,
30,3,0,mlp,486,opel,opel,
30,3,0,mlp,494,bus,bus,
30,3,0,mlp,507,opel,saab,
30,3,0,mlp,518,saab,opel,
30,3,0,mlp,531,bus,bus,
30,3,0,mlp,537,van,van,
30,3,0,mlp,546,van,van,
30,3,0,mlp,552,saab,opel,
30,3,0,mlp,554,saab,saab,
30,3,0,mlp,559,saab,opel,
30,3,0,mlp,580,bus,bus,
30,3,0,mlp,583,saab,saab,
30,3,0,mlp,587,opel,opel,
30,3,0,mlp,592,bus,bus,
30,3,0,mlp,627,bus,bus,
30,3,0,mlp,635,van,van,
30,3,0,mlp,638,bus,bus,
30,3,0,mlp,645,opel,opel,
30,3,0,mlp,647,saab,saab,
30,3,0,mlp,650,saab,opel,
30,3,0,mlp,677,bus,bus,
30,3,0,mlp,696,saab,opel,
30,3,0,mlp,704,opel,opel,
30,3,0,mlp,712,saab,saab,
30,3,0,mlp,719,saab,saab,
30,3,0,mlp,730,opel,opel,
30,3,0,mlp,738,bus,bus,
30,3,0,mlp,744,van,van,
30,3,0,mlp,757,saab,opel,
30,3,0,mlp,762,van,van,
30,3,0,mlp,765,bus,bus,
30,3,0,mlp,771,opel,opel,
30,3,0,mlp,790,bus,bus,
30,3,0,mlp,800,van,van,
30,3,0,mlp,805,bus,bus,
30,3,0,mlp,808,bus,bus,
30,3,0,mlp,819,saab,opel,
30,3,0,mlp,823,opel,saab,
30,3,0,mlp,838,van,van,
30,3,0,rbf,1,van,van,
30,3,0,rbf,11,saab,saab,
30,3,0,rbf,19,opel,opel,
30,3,0,rbf,25,van,van,
30,3,0,rbf,37,van,van,
30,3,0,rbf,43,saab,opel,
30,3,0,rbf,53,bus,bus,
30,3,0,rbf,54,bus,bus,
30,3,0,rbf,61,opel,saab,
30,3,0,rbf,75,opel,saab,
30,3,0,rbf,83,opel,opel,
30,3,0,rbf,91,opel,saab,
30,3,0,rbf,102,van,van,
30,3,0,rbf,139,van,van,
30,3,0,rbf,141,bus,bus,
30,3,0,rbf,148,saab,opel,
30,3,0,rbf,153,saab,saab,
30,3,0,rbf,187,opel,van,
30,3,0,rbf,199,bus,bus,
30,3,0,rbf,206,opel,bus,
30,3,0,rbf,207,bus,bus,
30,3,0,rbf,209,opel,opel,
30,3,0,rbf,212,bus,bus,
30,3,0,rbf,233,saab,opel,
30,3,0,rbf,243,saab,opel,
30,3,0,rbf,254,van,van,
30,3,0,rbf,262,van,van,
30,3,0,rbf,270,bus,bus,
30,3,0,rbf,273,van,van,
30,3,0,rbf,285,saab,opel,
30,3,0,rbf,308,opel,saab,
30,3,0,rbf,309,opel,saab,
30,3,0,rbf,314,bus,bus,
30,3,0,rbf,316,van,van,
30,3,0,rbf,324,saab,saab,
30,3,0,rbf,335,saab,saab,
30,3,0,rbf,348,van,van,
30,3,0,rbf,379,opel,opel,
30,3,0,rbf,384,opel,van,
30,3,0,rbf,412,bus,bus,
30,3,0,rbf,446,saab,saab,
30,3,0,rbf,447,opel,opel,
30,3,0,rbf,449,van,van,
30,3,0,rbf,470,van,van,
30,3,0,rbf,478,bus,bus,
30,3,0,rbf,484,van,van,
30,3,0,rbf,486,opel,opel,
30,3,0,rbf,494,bus,bus,
30,3,0,rbf,507,opel,saab,
30,3,0,rbf,518,saab,saab,
30,3,0,rbf,531,bus,bus,
30,3,0,rbf,537,van,van,
30,3,0,rbf,546,van,van,
30,3,0,rbf,552,saab,opel,
30,3,0,rbf,554,saab,saab,
30,3,0,rbf,559,saab,opel,
30,3,0,rbf,580,bus,bus,
30,3,0,rbf,583,saab,opel,
30,3,0,rbf,587,opel,saab,
30,3,0,rbf,592,bus,bus,
30,3,0,rbf,627,bus,bus,
30,3,0,rbf,635,van,van,
30,3,0,rbf,638,bus,bus,
30,3,0,rbf,645,opel,opel,
30,3,0,rbf,647,saab,saab,
30,3,0,rbf,650,saab,opel,
30,3,0,rbf,677,bus,bus,
30,3,0,rbf,696,saab,opel,
30,3,0,rbf,704,opel,opel,
30,3,0,rbf,712,saab,saab,
30,3,0,rbf,719,saab,saab,
30,3,0,rbf,730,opel,opel,
30,3,0,rbf,738,bus,bus,
30,3,0,rbf,744,van,van,
30,3,0,rbf,757,saab,saab,
30,3,0,rbf,762,van,van,
30,3,0,rbf,765,bus,bus,
30,3,0,rbf,771,opel,opel,
30,3,0,rbf,790,bus,bus,
30,3,0,rbf,800,van,van,
30,3,0,rbf,805,bus,bus,
30,3,0,rbf,808,bus,bus,
30,3,0,rbf,819,saab,saab,
30,3,0,rbf,823,opel,saab,
30,3,0,rbf,838,van,van,
30,3,0,svm_linear,1,van,van,
30,3,0,svm_linear,11,saab,opel,
30,3,0,svm_linear,19,opel,opel,
30,3,0,svm_linear,25,van,van,
30,3,0,svm_linear,37,van,van,
30,3,0,svm_linear,43,saab,saab,
30,3,0,svm_linear,53,bus,bus,
30,3,0,svm_linear,54,bus,bus,
30,3,0,svm_linear,61,opel,opel,
30,3,0,svm_linear,75,opel,opel,
30,3,0,svm_linear,83,opel,saab,
30,3,0,svm_linear,91,opel,opel,
30,3,0,svm_linear,102,van,van,
30,3,0,svm_linear,139,van,van,
30,3,0,svm_linear,141,bus,bus,
30,3,0,svm_linear,148,saab,opel,
30,3,0,svm_linear,153,saab,saab,
30,3,0,svm_linear,187,opel,saab,
30,3,0,svm_linear,199,bus,bus,
30,3,0,svm_linear,206,opel,opel,
30,3,0,svm_linear,207,bus,bus,
30,3,0,svm_linear,209,opel,opel,
30,3,0,svm_linear,212,bus,bus,
30,3,0,svm_linear,233,saab,opel,
30,3,0,svm_linear,243,saab,opel,
30,3,0,svm_linear,254,van,van,
30,3,0,svm_linear,262,van,van,
30,3,0,svm_linear,270,bus,bus,
30,3,0,svm_linear,273,van,van,
30,3,0,svm_linear,285,saab,opel,
30,3,0,svm_linear,308,opel,saab,
30,3,0,svm_linear,309,opel,saab,
30,3,0,svm_linear,314,bus,bus,
30,3,0,svm_linear,316,van,van,
30,3,0,svm_linear,324,saab,saab,
30,3,0,svm_linear,335,saab,saab,
30,3,0,svm_linear,348,van,van,
30,3,0,svm_linear,379,opel,opel,
30,3,0,svm_linear,384,opel,saab,
30,3,0,svm_linear,412,bus,bus,
30,3,0,svm_linear,446,saab,saab,
30,3,0,svm_linear,447,opel,opel,
30,3,0,svm_linear,449,van,van,
30,3,0,svm_linear,470,van,van,
30,3,0,svm_linear,478,bus,bus,
30,3,0,svm_linear,484,van,van,
30,3,0,svm_linear,486,opel,opel,
30,3,0,svm_linear,494,bus,bus,
30,3,0,svm_linear,507,opel,saab,
30,3,0,svm_linear,518,saab,opel,
30,3,0,svm_linear,531,bus,opel,
30,3,0,svm_linear,537,van,van,
30,3,0,svm_linear,546,van,van,
30,3,0,svm_linear,552,saab,opel,
30,3,0,svm_linear,554,saab,saab,
30,3,0,svm_linear,559,saab,opel,
30,3,0,svm_linear,580,bus,bus,
30,3,0,svm_linear,583,saab,saab,
30,3,0,svm_linear,587,opel,opel,
30,3,0,svm_linear,592,bus,bus,
30,3,0,svm_linear,627,bus,bus,
30,3,0,svm_linear,635,van,van,
30,3,0,svm_linear,638,bus,bus,
30,3,0,svm_linear,645,opel,opel,
30,3,0,svm_linear,647,saab,opel,
30,3,0,svm_linear,650,saab,opel,
30,3,0,svm_linear,677,bus,bus,
30,3,0,svm_linear,696,saab,opel,
30,3,0,svm_linear,704,opel,opel,
30,3,0,svm_linear,712,saab,saab,
30,3,0,svm_linear,719,saab,saab,
30,3,0,svm_linear,730,opel,opel,
30,3,0,svm_linear,738,bus,bus,
30,3,0,svm_linear,744,van,van,
30,3,0,svm_linear,757,saab,opel,
30,3,0,svm_linear,762,van,van,
30,3,0,svm_linear,765,bus,bus,
30,3,0,svm_linear,771,opel,opel,
30,3,0,svm_linear,790,bus,bus,
30,3,0,svm_linear,800,van,van,
30,3,0,svm_linear,805,bus,bus,
30,3,0,svm_linear,808,bus,bus,
30,3,0,svm_linear,819,saab,saab,
30,3,0,svm_linear,823,opel,opel,
30,3,0,svm_linear,838,van,van,
30,3,0,svm_unscaled,1,van,van,
30,3,0,svm_unscaled,11,saab,opel,
30,3,0,svm_unscaled,19,opel,opel,
30,3,0,svm_unscaled,25,van,van,
30,3,0,svm_unscaled,37,van,van,
30,3,0,svm_unscaled,43,saab,opel,
30,3,0,svm_unscaled,53,bus,bus,
30,3,0,svm_unscaled,54,bus,bus,
30,3,0,svm_unscaled,61,opel,opel,
30,3,0,svm_unscaled,75,opel,saab,
30,3,0,svm_unscaled,83,opel,opel,
30,3,0,svm_unscaled,91,opel,saab,
30,3,0,svm_unscaled,102,van,van,
30,3,0,svm_unscaled,139,van,van,
30,3,0,svm_unscaled,141,bus,bus,
30,3,0,svm_unscaled,148,saab,opel,
30,3,0,svm_unscaled,153,saab,saab,
30,3,0,svm_unscaled,187,opel,saab,
30,3,0,svm_unscaled,199,bus,bus,
30,3,0,svm_unscaled,206,opel,bus,
30,3,0,svm_unscaled,207,bus,bus,
30,3,0,svm_unscaled,209,opel,opel,
30,3,0,svm_unscaled,212,bus,bus,
30,3,0,svm_unscaled,233,saab,opel,
30,3,0,svm_unscaled,243,saab,opel,
30,3,0,svm_unscaled,254,van,van,
30,3,0,svm_unscaled,262,van,van,
30,3,0,svm_unscaled,270,bus,bus,
30,3,0,svm_unscaled,273,van,van,
30,3,0,svm_unscaled,285,saab,opel,
30,3,0,svm_unscaled,308,opel,saab,
30,3,0,svm_unscaled,309,opel,saab,
30,3,0,svm_unscaled,314,bus,bus,
30,3,0,svm_unscaled,316,van,van,
30,3,0,svm_unscaled,324,saab,saab,
30,3,0,svm_unscaled,335,saab,saab,
30,3,0,svm_unscaled,348,van,van,
30,3,0,svm_unscaled,379,opel,opel,
30,3,0,svm_unscaled,384,opel,saab,
30,3,0,svm_unscaled,412,bus,bus,
30,3,0,svm_unscaled,446,saab,saab,
30,3,0,svm_unscaled,447,opel,opel,
30,3,0,svm_unscaled,449,van,van,
30,3,0,svm_unscaled,470,van,van,
30,3,0,svm_unscaled,478,bus,bus,
30,3,0,svm_unscaled,484,van,van,
30,3,0,svm_unscaled,486,opel,opel,
30,3,0,svm_unscaled,494,bus,bus,
30,3,0,svm_unscaled,507,opel,saab,
30,3,0,svm_unscaled,518,saab,saab,
30,3,0,svm_unscaled,531,bus,bus,
30,3,0,svm_unscaled,537,van,van,
30,3,0,svm_unscaled,546,van,van,
30,3,0,svm_unscaled,552,saab,opel,
30,3,0,svm_unscaled,554,saab,saab,
30,3,0,svm_unscaled,559,saab,opel,
30,3,0,svm_unscaled,580,bus,bus,
30,3,0,svm_unscaled,583,saab,opel,
30,3,0,svm_unscaled,587,opel,opel,
30,3,0,svm_unscaled,592,bus,bus,
30,3,0,svm_unscaled,627,bus,bus,
30,3,0,svm_unscaled,635,van,van,
30,3,0,svm_unscaled,638,bus,bus,
30,3,0,svm_unscaled,645,opel,opel,
30,3,0,svm_unscaled,647,saab,saab,
30,3,0,svm_unscaled,650,saab,opel,
30,3,0,svm_unscaled,677,bus,bus,
30,3,0,svm_unscaled,696,saab,opel,
30,3,0,svm_unscaled,704,opel,opel,
30,3,0,svm_unscaled,712,saab,saab,
30,3,0,svm_unscaled,719,saab,saab,
30,3,0,svm_unscaled,730,opel,opel,
30,3,0,svm_unscaled,738,bus,bus,
30,3,0,svm_unscaled,744,van,van,
30,3,0,svm_unscaled,757,saab,saab,
30,3,0,svm_unscaled,762,van,van,
30,3,0,svm_unscaled,765,bus,bus,
30,3,0,svm_unscaled,771,opel,opel,
30,3,0,svm_unscaled,790,bus,bus,
30,3,0,svm_unscaled,800,van,van,
30,3,0,svm_unscaled,805,bus,bus,
30,3,0,svm_unscaled,808,bus,bus,
30,3,0,svm_unscaled,819,saab,saab,
30,3,0,svm_unscaled,823,opel,saab,
30,3,0,svm_unscaled,838,van,van,
31,3,1,centroid,13,van,van,
31,3,1,centroid,17,bus,saab,
31,3,1,centroid,24,saab,opel,
31,3,1,centroid,44,saab,saab,
31,3,1,centroid,47,bus,bus,
31,3,1,centroid,62,van,van,
31,3,1,centroid,71,opel,opel,
31,3,1,centroid,81,bus,opel,
31,3,1,centroid,99,bus,bus,
31,3,1,centroid,103,van,van,
31,3,1,centroid,131,saab,van,
31,3,1,centroid,138,saab,van,
31,3,1,centroid,142,opel,opel,
31,3,1,centroid,154,van,van,
31,3,1,centroid,160,opel,van,
31,3,1,centroid,161,opel,saab,
31,3,1,centroid,190,opel,saab,
31,3,1,centroid,197,bus,bus,
31,3,1,centroid,201,saab,van,
31,3,1,centroid,222,bus,opel,
31,3,1,centroid,225,van,van,
31,3,1,centroid,230,van,van,
31,3,1,centroid,244,van,bus,
31,3,1,centroid,255,saab,saab,
31,3,1,centroid,278,saab,opel,
31,3,1,centroid,295,bus,van,
31,3,1,centroid,296,bus,opel,
31,3,1,centroid,318,van,van,
31,3,1,centroid,321,bus,opel,
31,3,1,centroid,331,opel,saab,
31,3,1,centroid,332,opel,opel,
31,3,1,centroid,353,bus,bus,
31,3,1,centroid,371,bus,saab,
31,3,1,centroid,398,bus,saab,
31,3,1,centroid,413,opel,van,
31,3,1,centroid,419,saab,van,
31,3,1,centroid,420,van,van,
31,3,1,centroid,422,saab,van,
31,3,1,centroid,448,bus,opel,
31,3,1,centroid,458,opel,opel,
31,3,1,centroid,461,opel,opel,
31,3,1,centroid,465,bus,bus,
31,3,1,centroid,466,bus,bus,
31,3,1,centroid,468,saab,opel,
31,3,1,centroid,469,van,van,
31,3,1,centroid,472,bus,opel,
31,3,1,centroid,474,opel,van,
31,3,1,centroid,490,saab,opel,
31,3,1,centroid,499,opel,opel,
31,3,1,centroid,506,saab,opel,
31,3,1,centroid,509,opel,opel,
31,3,1,centroid,516,opel,van,
31,3,1,centroid,525,saab,bus,
31,3,1,centroid,527,opel,saab,
31,3,1,centroid,545,van,van,
31,3,1,centroid,550,van,van,
31,3,1,centroid,556,bus,opel,
31,3,1,centroid,561,opel,bus,
31,3,1,centroid,564,bus,van,
31,3,1,centroid,571,saab,van,
31,3,1,centroid,619,opel,opel,
31,3,1,centroid,622,saab,saab,
31,3,1,centroid,623,saab,saab,
31,3,1,centroid,636,saab,van,
31,3,1,centroid,644,van,van,
31,3,1,centroid,648,saab,opel,
31,3,1,centroid,655,van,van,
31,3,1,centroid,661,saab,saab,
31,3,1,centroid,664,van,van,
31,3,1,centroid,666,opel,saab,
31,3,1,centroid,680,van,bus,
31,3,1,centroid,686,opel,van,
31,3,1,centroid,701,saab,opel,
31,3,1,centroid,709,opel,saab,
31,3,1,centroid,717,bus,saab,
31,3,1,centroid,725,van,van,
31,3,1,centroid,743,saab,opel,
31,3,1,centroid,746,van,van,
31,3,1,centroid,758,bus,bus,
31,3,1,centroid,783,saab,opel,
31,3,1,centroid,784,van,van,
31,3,1,centroid,791,van,van,
31,3,1,centroid,812,bus,saab,
31,3,1,centroid,830,bus,van,
31,3,1,centroid,840,opel,van,
31,3,1,knn,13,van,van,
31,3,1,knn,17,bus,bus,
31,3,1,knn,24,saab,saab,
31,3,1,knn,44,saab,saab,
31,3,1,knn,47,bus,bus,
31,3,1,knn,62,van,van,
31,3,1,knn,71,opel,opel,
31,3,1,knn,81,bus,bus,
31,3,1,knn,99,bus,bus,
31,3,1,knn,103,van,van,
31,3,1,knn,131,saab,saab,
31,3,1,knn,138,saab,saab,
31,3,1,knn,142,opel,saab,
31,3,1,knn,154,van,bus,
31,3,1,knn,160,opel,saab,
31,3,1,knn,161,opel,saab,
31,3,1,knn,190,opel,saab,
31,3,1,knn,197,bus,bus,
31,3,1,knn,201,saab,saab,
31,3,1,knn,222,bus,bus,
31,3,1,knn,225,van,van,
31,3,1,knn,230,van,van,
31,3,1,knn,244,van,van,
31,3,1,knn,255,saab,saab,
31,3,1,knn,278,saab,saab,
31,3,1,knn,295,bus,bus,
31,3,1,knn,296,bus,bus,
31,3,1,knn,318,van,saab,
31,3,1,knn,321,bus,bus,
31,3,1,knn,331,opel,saab,
31,3,1,knn,332,opel,opel,
31,3,1,knn,353,bus,bus,
31,3,1,knn,371,bus,bus,
31,3,1,knn,398,bus,bus,
31,3,1,knn,413,opel,saab,
31,3,1,knn,419,saab,van,
31,3,1,knn,420,van,van,
31,3,1,knn,422,saab,van,
31,3,1,knn,448,bus,bus,
31,3,1,knn,458,opel,saab,
31,3,1,knn,461,opel,saab,
31,3,1,knn,465,bus,bus,
31,3,1,knn,466,bus,bus,
31,3,1,knn,468,saab,saab,
31,3,1,knn,469,van,van,
31,3,1,knn,472,bus,bus,
31,3,1,knn,474,opel,bus,
31,3,1,knn,490,saab,saab,
31,3,1,knn,499,opel,opel,
31,3,1,knn,506,saab,saab,
31,3,1,knn,509,opel,opel,
31,3,1,knn,516,opel,saab,
31,3,1,knn,525,saab,saab,
31,3,1,knn,527,opel,saab,
31,3,1,knn,545,van,van,
31,3,1,knn,550,van,van,
31,3,1,knn,556,bus,bus,
31,3,1,knn,561,opel,opel,
31,3,1,knn,564,bus,bus,
31,3,1,knn,571,saab,opel,
31,3,1,knn,619,opel,opel,
31,3,1,knn,622,saab,saab,
31,3,1,knn,623,saab,saab,
31,3,1,knn,636,saab,saab,
31,3,1,knn,644,van,van,
31,3,1,knn,648,saab,saab,
31,3,1,knn,655,van,saab,
31,3,1,knn,661,saab,opel,
31,3,1,knn,664,van,van,
31,3,1,knn,666,opel,saab,
31,3,1,knn,680,van,van,
31,3,1,knn,686,opel,van,
31,3,1,knn,701,saab,saab,
31,3,1,knn,709,opel,saab,
31,3,1,knn,717,bus,bus,
31,3,1,knn,725,van,van,
31,3,1,knn,743,saab,opel,
31,3,1,knn,746,van,van,
31,3,1,knn,758,bus,bus,
31,3,1,knn,783,saab,saab,
31,3,1,knn,784,van,saab,
31,3,1,knn,791,van,van,
31,3,1,knn,812,bus,bus,
31,3,1,knn,830,bus,bus,
31,3,1,knn,840,opel,opel,
31,3,1,svm,13,van,van,1.6187113323012208
31,3,1,svm,17,bus,bus,1.7989717108395933
31,3,1,svm,24,saab,saab,0.01973385587652121
31,3,1,svm,44,saab,saab,1.0697624345450087
31,3,1,svm,47,bus,bus,1.3730227181421717
31,3,1,svm,62,van,van,2.234952178265908
31,3,1,svm,71,opel,opel,1.001263508839175
31,3,1,svm,81,bus,bus,1.5427502931861037
31,3,1,svm,99,bus,bus,1.8665327178278983
31,3,1,svm,103,van,van,2.8820829942159976
31,3,1,svm,131,saab,saab,0.31446031427505083
31,3,1,svm,138,saab,saab,1.0066139165822914
31,3,1,svm,142,opel,opel,0.9886610182453401
31,3,1,svm,154,van,van,1.3290664441327116
31,3,1,svm,160,opel,saab,0.2942270980795154
31,3,1,svm,161,opel,opel,0.3151519647778578
31,3,1,svm,190,opel,saab,0.10570859712593617
31,3,1,svm,197,bus,bus,1.5627992498305674
31,3,1,svm,201,saab,opel,0.4895164057824406
31,3,1,svm,222,bus,bus,1.8253064103250596
31,3,1,svm,225,van,van,1.0698601582507101
31,3,1,svm,230,van,van,0.4060977967332325
31,3,1,svm,244,van,van,1.3861557768974808
31,3,1,svm,255,saab,saab,1.038293886618619
31,3,1,svm,278,saab,saab,0.12373122469439224
31,3,1,svm,295,bus,bus,0.40509413505449443
31,3,1,svm,296,bus,bus,1.3193534981879975
31,3,1,svm,318,van,van,1.1801556839046559
31,3,1,svm,321,bus,bus,1.1425194048141352
31,3,1,svm,331,opel,opel,0.9041472372395094
31,3,1,svm,332,opel,opel,1.0955150628458183
31,3,1,svm,353,bus,bus,1.610116899925203
31,3,1,svm,371,bus,bus,2.3084084009988386
31,3,1,svm,398,bus,bus,1.7160610905491098
31,3,1,svm,413,opel,saab,0.5426764582897601
31,3,1,svm,419,saab,saab,0.7342518352195722
31,3,1,svm,420,van,van,1.601110751371927
31,3,1,svm,422,saab,opel,1.080623696545024
31,3,1,svm,448,bus,bus,1.1592154338330594
31,3,1,svm,458,opel,opel,1.1459146649013023
31,3,1,svm,461,opel,opel,1.2231483766524982
31,3,1,svm,465,bus,bus,0.9679636458886123
31,3,1,svm,466,bus,bus,1.404331682565358
31,3,1,svm,468,saab,saab,1.043908686403978
31,3,1,svm,469,van,van,1.2902252995801329
31,3,1,svm,472,bus,bus,1.437191580229396
31,3,1,svm,474,opel,opel,1.121525341872795
31,3,1,svm,490,saab,saab,0.6329020509587204
31,3,1,svm,499,opel,opel,1.0032869505131248
31,3,1,svm,506,saab,saab,0.14514072732230332
31,3,1,svm,509,opel,opel,1.0187826324075202
31,3,1,svm,516,opel,opel,1.0925834587496617
31,3,1,svm,525,saab,opel,0.08000413554317554
31,3,1,svm,527,opel,saab,0.02578215210952317
31,3,1,svm,545,van,van,2.5658541728333844
31,3,1,svm,550,van,van,2.019502293547475
31,3,1,svm,556,bus,bus,0.7339798385124138
31,3,1,svm,561,opel,opel,0.5793621118022684
31,3,1,svm,564,bus,bus,1.0697981796581173
31,3,1,svm,571,saab,opel,0.667528967505692
31,3,1,svm,619,opel,opel,1.1305168592249262
31,3,1,svm,622,saab,saab,1.6630260646897355
31,3,1,svm,623,saab,saab,0.6752673042407284
31,3,1,svm,636,saab,saab,0.6909282013278233
31,3,1,svm,644,van,van,1.2603098895063034
31,3,1,svm,648,saab,saab,1.0302751605527058
31,3,1,svm,655,van,van,0.40086765926935836
31,3,1,svm,661,saab,opel,0.7854719293734291
31,3,1,svm,664,van,van,0.922234817552001
31,3,1,svm,666,opel,saab,0.13213999341809757
31,3,1,svm,680,van,van,0.6104068402219923
31,3,1,svm,686,opel,opel,0.060428692879247126
31,3,1,svm,701,saab,saab,1.1973937050597157
31,3,1,svm,709,opel,opel,0.22596166407994467
31,3,1,svm,717,bus,bus,1.9865885759178803
31,3,1,svm,725,van,van,1.2954115389631187
31,3,1,svm,743,saab,opel,1.0201415959187514
31,3,1,svm,746,van,van,1.2408888155358675
31,3,1,svm,758,bus,bus,2.044990177154109
31,3,1,svm,783,saab,saab,0.5567594287099493
31,3,1,svm,784,van,van,0.05806572266772153
31,3,1,svm,791,van,van,1.3306560542705923
31,3,1,svm,812,bus,bus,1.8608790475704229
31,3,1,svm,830,bus,bus,0.32360943733211067
31,3,1,svm,840,opel,opel,0.24995621052187111
31,3,1,mlp,13,van,van,
31,3,1,mlp,17,bus,bus,
31,3,1,mlp,24,saab,saab,
31,3,1,mlp,44,saab,saab,
31,3,1,mlp,47,bus,bus,
31,3,1,mlp,62,van,van,
31,3,1,mlp,71,opel,opel,
31,3,1,mlp,81,bus,bus,
31,3,1,mlp,99,bus,bus,
31,3,1,mlp,103,van,van,
31,3,1,mlp,131,saab,opel,
31,3,1,mlp,138,saab,saab,
31,3,1,mlp,142,opel,saab,
31,3,1,mlp,154,van,van,
31,3,1,mlp,160,opel,saab,
31,3,1,mlp,161,opel,saab,
31,3,1,mlp,190,opel,opel,
31,3,1,mlp,197,bus,bus,
31,3,1,mlp,201,saab,opel,
31,3,1,mlp,222,bus,bus,
31,3,1,mlp,225,van,van,
31,3,1,mlp,230,van,van,
31,3,1,mlp,244,van,van,
31,3,1,mlp,255,saab,saab,
31,3,1,mlp,278,saab,saab,
31,3,1,mlp,295,bus,bus,
31,3,1,mlp,296,bus,bus,
31,3,1,mlp,318,van,van,
31,3,1,mlp,321,bus,bus,
31,3,1,mlp,331,opel,opel,
31,3,1,mlp,332,opel,opel,
31,3,1,mlp,353,bus,bus,
31,3,1,mlp,371,bus,bus,
31,3,1,mlp,398,bus,bus,
31,3,1,mlp,413,opel,opel,
31,3,1,mlp,419,saab,opel,
31,3,1,mlp,420,van,van,
31,3,1,mlp,422,saab,opel,
31,3,1,mlp,448,bus,bus,
31,3,1,mlp,458,opel,opel,
31,3,1,mlp,461,opel,opel,
31,3,1,mlp,465,bus,bus,
31,3,1,mlp,466,bus,bus,
31,3,1,mlp,468,saab,saab,
31,3,1,mlp,469,van,van,
31,3,1,mlp,472,bus,bus,
31,3,1,mlp,474,opel,opel,
31,3,1,mlp,490,saab,saab,
31,3,1,mlp,499,opel,opel,
31,3,1,mlp,506,saab,saab,
31,3,1,mlp,509,opel,opel,
31,3,1,mlp,516,opel,opel,
31,3,1,mlp,525,saab,opel,
31,3,1,mlp,527,opel,saab,
31,3,1,mlp,545,van,van,
31,3,1,mlp,550,van,van,
31,3,1,mlp,556,bus,bus,
31,3,1,mlp,561,opel,opel,
31,3,1,mlp,564,bus,bus,
31,3,1,mlp,571,saab,opel,
31,3,1,mlp,619,opel,opel,
31,3,1,mlp,622,saab,saab,
31,3,1,mlp,623,saab,saab,
31,3,1,mlp,636,saab,saab,
31,3,1,mlp,644,van,van,
31,3,1,mlp,648,saab,saab,
31,3,1,mlp,655,van,saab,
31,3,1,mlp,661,saab,saab,
31,3,1,mlp,664,van,van,
31,3,1,mlp,666,opel,saab,
31,3,1,mlp,680,van,van,
31,3,1,mlp,686,opel,van,
31,3,1,mlp,701,saab,saab,
31,3,1,mlp,709,opel,opel,
31,3,1,mlp,717,bus,bus,
31,3,1,mlp,725,van,van,
31,3,1,mlp,743,saab,opel,
31,3,1,mlp,746,van,van,
31,3,1,mlp,758,bus,bus,
31,3,1,mlp,783,saab,saab,
31,3,1,mlp,784,van,van,
31,3,1,mlp,791,van,van,
31,3,1,mlp,812,bus,bus,
31,3,1,mlp,830,bus,bus,
31,3,1,mlp,840,opel,opel,
31,3,1,rbf,13,van,van,
31,3,1,rbf,17,bus,bus,
31,3,1,rbf,24,saab,opel,
31,3,1,rbf,44,saab,saab,
31,3,1,rbf,47,bus,bus,
31,3,1,rbf,62,van,van,
31,3,1,rbf,71,opel,opel,
31,3,1,rbf,81,bus,bus,
31,3,1,rbf,99,bus,bus,
31,3,1,rbf,103,van,van,
31,3,1,rbf,131,saab,saab,
31,3,1,rbf,138,saab,saab,
31,3,1,rbf,142,opel,saab,
31,3,1,rbf,154,van,van,
31,3,1,rbf,160,opel,bus,
31,3,1,rbf,161,opel,saab,
31,3,1,rbf,190,opel,saab,
31,3,1,rbf,197,bus,bus,
31,3,1,rbf,201,saab,opel,
31,3,1,rbf,222,bus,bus,
31,3,1,rbf,225,van,van,
31,3,1,rbf,230,van,van,
31,3,1,rbf,244,van,van,
31,3,1,rbf,255,saab,saab,
31,3,1,rbf,278,saab,saab,
31,3,1,rbf,295,bus,bus,
31,3,1,rbf,296,bus,bus,
31,3,1,rbf,318,van,van,
31,3,1,rbf,321,bus,bus,
31,3,1,rbf,331,opel,saab,
31,3,1,rbf,332,opel,opel,
31,3,1,rbf,353,bus,bus,
31,3,1,rbf,371,bus,bus,
31,3,1,rbf,398,bus,bus,
31,3,1,rbf,413,opel,saab,
31,3,1,rbf,419,saab,van,
31,3,1,rbf,420,van,van,
31,3,1,rbf,422,saab,van,
31,3,1,rbf,448,bus,bus,
31,3,1,rbf,458,opel,opel,
31,3,1,rbf,461,opel,saab,
31,3,1,rbf,465,bus,bus,
31,3,1,rbf,466,bus,bus,
31,3,1,rbf,468,saab,saab,
31,3,1,rbf,469,van,van,
31,3,1,rbf,472,bus,bus,
31,3,1,rbf,474,opel,opel,
31,3,1,rbf,490,saab,saab,
31,3,1,rbf,499,opel,opel,
31,3,1,rbf,506,saab,saab,
31,3,1,rbf,509,opel,opel,
31,3,1,rbf,516,opel,opel,
31,3,1,rbf,525,saab,opel,
31,3,1,rbf,527,opel,saab,
31,3,1,rbf,545,van,van,
31,3,1,rbf,550,van,van,
31,3,1,rbf,556,bus,bus,
31,3,1,rbf,561,opel,opel,
31,3,1,rbf,564,bus,bus,
31,3,1,rbf,571,saab,saab,
31,3,1,rbf,619,opel,opel,
31,3,1,rbf,622,saab,saab,
31,3,1,rbf,623,saab,saab,
31,3,1,rbf,636,saab,van,
31,3,1,rbf,644,van,van,
31,3,1,rbf,648,saab,opel,
31,3,1,rbf,655,van,van,
31,3,1,rbf,661,saab,saab,
31,3,1,rbf,664,van,van,
31,3,1,rbf,666,opel,saab,
31,3,1,rbf,680,van,van,
31,3,1,rbf,686,opel,van,
31,3,1,rbf,701,saab,saab,
31,3,1,rbf,709,opel,saab,
31,3,1,rbf,717,bus,bus,
31,3,1,rbf,725,van,van,
31,3,1,rbf,743,saab,opel,
31,3,1,rbf,746,van,van,
31,3,1,rbf,758,bus,bus,
31,3,1,rbf,783,saab,opel,
31,3,1,rbf,784,van,van,
31,3,1,rbf,791,van,van,
31,3,1,rbf,812,bus,bus,
31,3,1,rbf,830,bus,bus,
31,3,1,rbf,840,opel,saab,
31,3,1,svm_linear,13,van,van,
31,3,1,svm_linear,17,bus,bus,
31,3,1,svm_linear,24,saab,opel,
31,3,1,svm_linear,44,saab,saab,
31,3,1,svm_linear,47,bus,bus,
31,3,1,svm_linear,62,van,van,
31,3,1,svm_linear,71,opel,opel,
31,3,1,svm_linear,81,bus,bus,
31,3,1,svm_linear,99,bus,bus,
31,3,1,svm_linear,103,van,van,
31,3,1,svm_linear,131,saab,opel,
31,3,1,svm_linear,138,saab,saab,
31,3,1,svm_linear,142,opel,saab,
31,3,1,svm_linear,154,van,van,
31,3,1,svm_linear,160,opel,bus,
31,3,1,svm_linear,161,opel,saab,
31,3,1,svm_linear,190,opel,opel,
31,3,1,svm_linear,197,bus,bus,
31,3,1,svm_linear,201,saab,opel,
31,3,1,svm_linear,222,bus,bus,
31,3,1,svm_linear,225,van,van,
31,3,1,svm_linear,230,van,van,
31,3,1,svm_linear,244,van,van,
31,3,1,svm_linear,255,saab,saab,
31,3,1,svm_linear,278,saab,saab,
31,3,1,svm_linear,295,bus,saab,
31,3,1,svm_linear,296,bus,bus,
31,3,1,svm_linear,318,van,van,
31,3,1,svm_linear,321,bus,bus,
31,3,1,svm_linear,331,opel,saab,
31,3,1,svm_linear,332,opel,opel,
31,3,1,svm_linear,353,bus,bus,
31,3,1,svm_linear,371,bus,bus,
31,3,1,svm_linear,398,bus,bus,
31,3,1,svm_linear,413,opel,saab,
31,3,1,svm_linear,419,saab,saab,
31,3,1,svm_linear,420,van,van,
31,3,1,svm_linear,422,saab,opel,
31,3,1,svm_linear,448,bus,bus,
31,3,1,svm_linear,458,opel,opel,
31,3,1,svm_linear,461,opel,opel,
31,3,1,svm_linear,465,bus,bus,
31,3,1,svm_linear,466,bus,bus,
31,3,1,svm_linear,468,saab,saab,
31,3,1,svm_linear,469,van,van,
31,3,1,svm_linear,472,bus,bus,
31,3,1,svm_linear,474,opel,opel,
31,3,1,svm_linear,490,saab,saab,
31,3,1,svm_linear,499,opel,opel,
31,3,1,svm_linear,506,saab,opel,
31,3,1,svm_linear,509,opel,opel,
31,3,1,svm_linear,516,opel,opel,
31,3,1,svm_linear,525,saab,opel,
31,3,1,svm_linear,527,opel,saab,
31,3,1,svm_linear,545,van,van,
31,3,1,svm_linear,550,van,van,
31,3,1,svm_linear,556,bus,bus,
31,3,1,svm_linear,561,opel,opel,
31,3,1,svm_linear,564,bus,bus,
31,3,1,svm_linear,571,saab,saab,
31,3,1,svm_linear,619,opel,opel,
31,3,1,svm_linear,622,saab,saab,
31,3,1,svm_linear,623,saab,saab,
31,3,1,svm_linear,636,saab,saab,
31,3,1,svm_linear,644,van,van,
31,3,1,svm_linear,648,saab,saab,
31,3,1,svm_linear,655,van,van,
31,3,1,svm_linear,661,saab,saab,
31,3,1,svm_linear,664,van,van,
31,3,1,svm_linear,666,opel,saab,
31,3,1,svm_linear,680,van,van,
31,3,1,svm_linear,686,opel,van,
31,3,1,svm_linear,701,saab,saab,
31,3,1,svm_linear,709,opel,opel,
31,3,1,svm_linear,717,bus,bus,
31,3,1,svm_linear,725,van,van,
31,3,1,svm_linear,743,saab,opel,
31,3,1,svm_linear,746,van,van,
31,3,1,svm_linear,758,bus,bus,
31,3,1,svm_linear,783,saab,opel,
31,3,1,svm_linear,784,van,opel,
31,3,1,svm_linear,791,van,van,
31,3,1,svm_linear,812,bus,bus,
31,3,1,svm_linear,830,bus,bus,
31,3,1,svm_linear,840,opel,saab,
31,3,1,svm_unscaled,13,van,van,
31,3,1,svm_unscaled,17,bus,bus,
31,3,1,svm_unscaled,24,saab,opel,
31,3,1,svm_unscaled,44,saab,saab,
31,3,1,svm_unscaled,47,bus,bus,
31,3,1,svm_unscaled,62,van,van,
31,3,1,svm_unscaled,71,opel,opel,
31,3,1,svm_unscaled,81,bus,bus,
31,3,1,svm_unscaled,99,bus,bus,
31,3,1,svm_unscaled,103,van,van,
31,3,1,svm_unscaled,131,saab,saab,
31,3,1,svm_unscaled,138,saab,saab,
31,3,1,svm_unscaled,142,opel,opel,
31,3,1,svm_unscaled,154,van,van,
31,3,1,svm_unscaled,160,opel,bus,
31,3,1,svm_unscaled,161,opel,saab,
31,3,1,svm_unscaled,190,opel,saab,
31,3,1,svm_unscaled,197,bus,bus,
31,3,1,svm_unscaled,201,saab,opel,
31,3,1,svm_unscaled,222,bus,bus,
31,3,1,svm_unscaled,225,van,van,
31,3,1,svm_unscaled,230,van,saab,
31,3,1,svm_unscaled,244,van,van,
31,3,1,svm_unscaled,255,saab,saab,
31,3,1,svm_unscaled,278,saab,saab,
31,3,1,svm_unscaled,295,bus,bus,
31,3,1,svm_unscaled,296,bus,bus,
31,3,1,svm_unscaled,318,van,van,
31,3,1,svm_unscaled,321,bus,bus,
31,3,1,svm_unscaled,331,opel,saab,
31,3,1,svm_unscaled,332,opel,opel,
31,3,1,svm_unscaled,353,bus,bus,
31,3,1,svm_unscaled,371,bus,bus,
31,3,1,svm_unscaled,398,bus,bus,
31,3,1,svm_unscaled,413,opel,saab,
31,3,1,svm_unscaled,419,saab,saab,
31,3,1,svm_unscaled,420,van,van,
31,3,1,svm_unscaled,422,saab,opel,
31,3,1,svm_unscaled,448,bus,bus,
31,3,1,svm_unscaled,458,opel,saab,
31,3,1,svm_unscaled,461,opel,saab,
31,3,1,svm_unscaled,465,bus,bus,
31,3,1,svm_unscaled,466,bus,bus,
31,3,1,svm_unscaled,468,saab,opel,
31,3,1,svm_unscaled,469,van,van,
31,3,1,svm_unscaled,472,bus,bus,
31,3,1,svm_unscaled,474,opel,opel,
31,3,1,svm_unscaled,490,saab,saab,
31,3,1,svm_unscaled,499,opel,opel,
31,3,1,svm_unscaled,506,saab,opel,
31,3,1,svm_unscaled,509,opel,opel,
31,3,1,svm_unscaled,516,opel,opel,
31,3,1,svm_unscaled,525,saab,saab,
31,3,1,svm_unscaled,527,opel,saab,
31,3,1,svm_unscaled,545,van,van,
31,3,1,svm_unscaled,550,van,van,
31,3,1,svm_unscaled,556,bus,bus,
31,3,1,svm_unscaled,561,opel,saab,
31,3,1,svm_unscaled,564,bus,bus,
31,3,1,svm_unscaled,571,saab,saab,
31,3,1,svm_unscaled,619,opel,opel,
31,3,1,svm_unscaled,622,saab,saab,
31,3,1,svm_unscaled,623,saab,saab,
31,3,1,svm_unscaled,636,saab,van,
31,3,1,svm_unscaled,644,van,van,
31,3,1,svm_unscaled,648,saab,saab,
31,3,1,svm_unscaled,655,van,saab,
31,3,1,svm_unscaled,661,saab,saab,
31,3,1,svm_unscaled,664,van,van,
31,3,1,svm_unscaled,666,opel,saab,
31,3,1,svm_unscaled,680,van,van,
31,3,1,svm_unscaled,686,opel,van,
31,3,1,svm_unscaled,701,saab,saab,
31,3,1,svm_unscaled,709,opel,saab,
31,3,1,svm_unscaled,717,bus,bus,
31,3,1,svm_unscaled,725,van,van,
31,3,1,svm_unscaled,743,saab,opel,
31,3,1,svm_unscaled,746,van,van,
31,3,1,svm_unscaled,758,bus,bus,
31,3,1,svm_unscaled,783,saab,saab,
31,3,1,svm_unscaled,784,van,saab,
31,3,1,svm_unscaled,791,van,van,
31,3,1,svm_unscaled,812,bus,bus,
31,3,1,svm_unscaled,830,bus,bus,
31,3,1,svm_unscaled,840,opel,saab,
32,3,2,centroid,3,van,van,
32,3,2,centroid,4,bus,bus,
32,3,2,centroid,7,van,van,
32,3,2,centroid,27,saab,opel,
32,3,2,centroid,28,bus,saab,
32,3,2,centroid,29,saab,van,
32,3,2,centroid,35,van,saab,
32,3,2,centroid,41,van,van,
32,3,2,centroid,42,van,bus,
32,3,2,centroid,49,saab,opel,
32,3,2,centroid,73,opel,van,
32,3,2,centroid,108,bus,bus,
32,3,2,centroid,109,bus,opel,
32,3,2,centroid,113,opel,van,
32,3,2,centroid,119,bus,opel,
32,3,2,centroid,122,van,van,
32,3,2,centroid,124,van,van,
32,3,2,centroid,125,van,van,
32,3,2,centroid,132,saab,saab,
32,3,2,centroid,146,van,saab,
32,3,2,centroid,155,bus,opel,
32,3,2,centroid,164,opel,opel,
32,3,2,centroid,166,saab,van,
32,3,2,centroid,182,bus,van,
32,3,2,centroid,186,bus,saab,
32,3,2,centroid,196,saab,saab,
32,3,2,centroid,198,bus,bus,
32,3,2,centroid,202,opel,saab,
32,3,2,centroid,205,van,van,
32,3,2,centroid,214,opel,van,
32,3,2,centroid,215,opel,bus,
32,3,2,centroid,241,opel,saab,
32,3,2,centroid,249,saab,van,
32,3,2,centroid,253,bus,van,
32,3,2,centroid,260,saab,van,
32,3,2,centroid,264,saab,saab,
32,3,2,centroid,282,bus,bus,
32,3,2,centroid,297,saab,van,
32,3,2,centroid,301,opel,van,
32,3,2,centroid,310,saab,opel,
32,3,2,centroid,315,van,van,
32,3,2,centroid,334,bus,opel,
32,3,2,centroid,341,opel,van,
32,3,2,centroid,343,opel,opel,
32,3,2,centroid,349,opel,van,
32,3,2,centroid,359,opel,opel,
32,3,2,centroid,373,bus,saab,
32,3,2,centroid,377,saab,van,
32,3,2,centroid,383,opel,opel,
32,3,2,centroid,391,van,van,
32,3,2,centroid,394,saab,bus,
32,3,2,centroid,395,opel,bus,
32,3,2,centroid,406,opel,van,
32,3,2,centroid,410,saab,opel,
32,3,2,centroid,415,opel,opel,
32,3,2,centroid,436,van,van,
32,3,2,centroid,441,van,bus,
32,3,2,centroid,450,bus,bus,
32,3,2,centroid,459,saab,saab,
32,3,2,centroid,492,bus,bus,
32,3,2,centroid,511,opel,van,
32,3,2,centroid,512,opel,opel,
32,3,2,centroid,519,van,van,
32,3,2,centroid,528,bus,saab,
32,3,2,centroid,536,saab,opel,
32,3,2,centroid,541,van,van,
32,3,2,centroid,568,bus,bus,
32,3,2,centroid,581,van,van,
32,3,2,centroid,590,bus,bus,
32,3,2,centroid,649,saab,van,
32,3,2,centroid,683,bus,opel,
32,3,2,centroid,693,van,bus,
32,3,2,centroid,716,saab,saab,
32,3,2,centroid,726,saab,opel,
32,3,2,centroid,742,opel,van,
32,3,2,centroid,755,van,van,
32,3,2,centroid,759,van,bus,
32,3,2,centroid,760,opel,saab,
32,3,2,centroid,766,saab,saab,
32,3,2,centroid,775,bus,bus,
32,3,2,centroid,777,bus,opel,
32,3,2,centroid,793,bus,opel,
32,3,2,centroid,806,saab,van,
32,3,2,centroid,811,opel,van,
32,3,2,centroid,844,saab,van,
32,3,2,knn,3,van,van,
32,3,2,knn,4,bus,van,
32,3,2,knn,7,van,van,
32,3,2,knn,27,saab,saab,
32,3,2,knn,28,bus,bus,
32,3,2,knn,29,saab,bus,
32,3,2,knn,35,van,van,
32,3,2,knn,41,van,van,
32,3,2,knn,42,van,van,
32,3,2,knn,49,saab,opel,
32,3,2,knn,73,opel,opel,
32,3,2,knn,108,bus,bus,
32,3,2,knn,109,bus,bus,
32,3,2,knn,113,opel,van,
32,3,2,knn,119,bus,bus,
32,3,2,knn,122,van,van,
32,3,2,knn,124,van,bus,
32,3,2,knn,125,van,van,
32,3,2,knn,132,saab,saab,
32,3,2,knn,146,van,van,
32,3,2,knn,155,bus,bus,
32,3,2,knn,164,opel,opel,
32,3,2,knn,166,saab,opel,
32,3,2,knn,182,bus,bus,
32,3,2,knn,186,bus,bus,
32,3,2,knn,196,saab,opel,
32,3,2,knn,198,bus,bus,
32,3,2,knn,202,opel,saab,
32,3,2,knn,205,van,van,
32,3,2,knn,214,opel,saab,
32,3,2,knn,215,opel,opel,
32,3,2,knn,241,opel,opel,
32,3,2,knn,249,saab,opel,
32,3,2,knn,253,bus,bus,
32,3,2,knn,260,saab,saab,
32,3,2,knn,264,saab,opel,
32,3,2,knn,282,bus,bus,
32,3,2,knn,297,saab,opel,
32,3,2,knn,301,opel,saab,
32,3,2,knn,310,saab,opel,
32,3,2,knn,315,van,van,
32,3,2,knn,334,bus,bus,
32,3,2,knn,341,opel,saab,
32,3,2,knn,343,opel,saab,
32,3,2,knn,349,opel,van,
32,3,2,knn,359,opel,opel,
32,3,2,knn,373,bus,bus,
32,3,2,knn,377,saab,van,
32,3,2,knn,383,opel,opel,
32,3,2,knn,391,van,van,
32,3,2,knn,394,saab,opel,
32,3,2,knn,395,opel,saab,
32,3,2,knn,406,opel,opel,
32,3,2,knn,410,saab,opel,
32,3,2,knn,415,opel,opel,
32,3,2,knn,436,van,van,
32,3,2,knn,441,van,van,
32,3,2,knn,450,bus,bus,
32,3,2,knn,459,saab,saab,
32,3,2,knn,492,bus,bus,
32,3,2,knn,511,opel,saab,
32,3,2,knn,512,opel,opel,
32,3,2,knn,519,van,van,
32,3,2,knn,528,bus,bus,
32,3,2,knn,536,saab,saab,
32,3,2,knn,541,van,van,
32,3,2,knn,568,bus,bus,
32,3,2,knn,581,van,van,
32,3,2,knn,590,bus,bus,
32,3,2,knn,649,saab,bus,
32,3,2,knn,683,bus,bus,
32,3,2,knn,693,van,van,
32,3,2,knn,716,saab,saab,
32,3,2,knn,726,saab,opel,
32,3,2,knn,742,opel,van,
32,3,2,knn,755,van,van,
32,3,2,knn,759,van,van,
32,3,2,knn,760,opel,opel,
32,3,2,knn,766,saab,saab,
32,3,2,knn,775,bus,bus,
32,3,2,knn,777,bus,bus,
32,3,2,knn,793,bus,opel,
32,3,2,knn,806,saab,van,
32,3,2,knn,811,opel,opel,
32,3,2,knn,844,saab,opel,
32,3,2,svm,3,van,van,1.6592654150319444
32,3,2,svm,4,bus,bus,0.03934090829215031
32,3,2,svm,7,van,van,1.0566200619411728
32,3,2,svm,27,saab,saab,0.2227073642487225
32,3,2,svm,28,bus,bus,1.8304006710489902
32,3,2,svm,29,saab,saab,0.7860217831611733
32,3,2,svm,35,van,van,0.7187173758443189
32,3,2,svm,41,van,van,1.8946927385963481
32,3,2,svm,42,van,van,1.9589602712504326
32,3,2,svm,49,saab,opel,0.1474602127355955
32,3,2,svm,73,opel,opel,1.8858770230195252
32,3,2,svm,108,bus,bus,1.5255765484222117
32,3,2,svm,109,bus,bus,1.931497636012692
32,3,2,svm,113,opel,opel,0.056445571167120234
32,3,2,svm,119,bus,bus,0.4339172465148974
32,3,2,svm,122,van,van,0.8536825831406655
32,3,2,svm,124,van,van,0.03357348799027149
32,3,2,svm,125,van,van,0.9482811984105181
32,3,2,svm,132,saab,saab,1.3682281207171938
32,3,2,svm,146,van,van,1.2018835495265217
32,3,2,svm,155,bus,bus,1.1133777705175345
32,3,2,svm,164,opel,opel,0.8481308298471468
32,3,2,svm,166,saab,saab,0.9806640193750567
32,3,2,svm,182,bus,bus,2.16173868611296
32,3,2,svm,186,bus,bus,1.121064482512201
32,3,2,svm,196,saab,opel,0.3365963504806948
32,3,2,svm,198,bus,bus,1.3444040267362904
32,3,2,svm,202,opel,opel,1.2904765658920596
32,3,2,svm,205,van,van,1.4259597805646487
32,3,2,svm,214,opel,saab,0.2884355026116529
32,3,2,svm,215,opel,saab,0.8449159766883754
32,3,2,svm,241,opel,opel,1.2814637038050103
32,3,2,svm,249,saab,opel,0.1875968692413208
32,3,2,svm,253,bus,bus,1.4611807161747397
32,3,2,svm,260,saab,saab,2.1128785963605208
32,3,2,svm,264,saab,saab,0.6909087871701103
32,3,2,svm,282,bus,bus,0.8764455747339231
32,3,2,svm,297,saab,opel,2.1659983700147705
32,3,2,svm,301,opel,opel,0.01543626461594405
32,3,2,svm,310,saab,opel,1.1315927691621777
32,3,2,svm,315,van,van,1.9964111043999035
32,3,2,svm,334,bus,bus,0.6512950740657947
32,3,2,svm,341,opel,opel,0.33800710136207013
32,3,2,svm,343,opel,opel,1.3933891203576336
32,3,2,svm,349,opel,van,0.15888528193977658
32,3,2,svm,359,opel,opel,1.321361805958412
32,3,2,svm,373,bus,bus,1.689378461165015
32,3,2,svm,377,saab,saab,0.4038669287137622
32,3,2,svm,383,opel,saab,0.28406316151935407
32,3,2,svm,391,van,van,1.8409127266936878
32,3,2,svm,394,saab,opel,0.7567249996324708
32,3,2,svm,395,opel,saab,1.399742575805345
32,3,2,svm,406,opel,opel,1.377191739430692
32,3,2,svm,410,saab,bus,0.15238424780146126
32,3,2,svm,415,opel,opel,1.140393072139398
32,3,2,svm,436,van,van,1.586666115717994
32,3,2,svm,441,van,van,0.5528353099453954
32,3,2,svm,450,bus,bus,1.2100291298567765
32,3,2,svm,459,saab,opel,0.31619325680039223
32,3,2,svm,492,bus,bus,1.3820922790309347
32,3,2,svm,511,opel,saab,0.48553240682083443
32,3,2,svm,512,opel,opel,0.9704791070412779
32,3,2,svm,519,van,van,1.2461357320365973
32,3,2,svm,528,bus,bus,1.2531067881050655
32,3,2,svm,536,saab,opel,0.7244529208547406
32,3,2,svm,541,van,van,0.9892752970053915
32,3,2,svm,568,bus,bus,1.4768441786109032
32,3,2,svm,581,van,van,0.38266241891657937
32,3,2,svm,590,bus,bus,1.1940727152533714
32,3,2,svm,649,saab,saab,0.5158072082766307
32,3,2,svm,683,bus,bus,1.0887669057350384
32,3,2,svm,693,van,van,1.4713094313578856
32,3,2,svm,716,saab,saab,1.0306766657928068
32,3,2,svm,726,saab,saab,1.0527978014625554
32,3,2,svm,742,opel,saab,0.7816038706318014
32,3,2,svm,755,van,van,1.3100611285605681
32,3,2,svm,759,van,van,2.4679787533885436
32,3,2,svm,760,opel,opel,1.480549165281594
32,3,2,svm,766,saab,saab,1.2070753279212334
32,3,2,svm,775,bus,bus,1.5980019904863136
32,3,2,svm,777,bus,bus,1.1774467058327178
32,3,2,svm,793,bus,bus,0.36066341085867304
32,3,2,svm,806,saab,saab,0.19638438108566758
32,3,2,svm,811,opel,opel,1.8640100597737788
32,3,2,svm,844,saab,saab,0.026334571909222948
32,3,2,mlp,3,van,van,
32,3,2,mlp,4,bus,van,
32,3,2,mlp,7,van,van,
32,3,2,mlp,27,saab,opel,
32,3,2,mlp,28,bus,bus,
32,3,2,mlp,29,saab,opel,
32,3,2,mlp,35,van,van,
32,3,2,mlp,41,van,van,
32,3,2,mlp,42,van,van,
32,3,2,mlp,49,saab,opel,
32,3,2,mlp,73,opel,opel,
32,3,2,mlp,108,bus,bus,
32,3,2,mlp,109,bus,bus,
32,3,2,mlp,113,opel,saab,
32,3,2,mlp,119,bus,bus,
32,3,2,mlp,122,van,van,
32,3,2,mlp,124,van,van,
32,3,2,mlp,125,van,van,
32,3,2,mlp,132,saab,saab,
32,3,2,mlp,146,van,van,
32,3,2,mlp,155,bus,bus,
32,3,2,mlp,164,opel,opel,
32,3,2,mlp,166,saab,opel,
32,3,2,mlp,182,bus,bus,
32,3,2,mlp,186,bus,bus,
32,3,2,mlp,196,saab,saab,
32,3,2,mlp,198,bus,bus,
32,3,2,mlp,202,opel,opel,
32,3,2,mlp,205,van,van,
32,3,2,mlp,214,opel,saab,
32,3,2,mlp,215,opel,opel,
32,3,2,mlp,241,opel,opel,
32,3,2,mlp,249,saab,saab,
32,3,2,mlp,253,bus,bus,
32,3,2,mlp,260,saab,saab,
32,3,2,mlp,264,saab,saab,
32,3,2,mlp,282,bus,bus,
32,3,2,mlp,297,saab,opel,
32,3,2,mlp,301,opel,opel,
32,3,2,mlp,310,saab,opel,
32,3,2,mlp,315,van,van,
32,3,2,mlp,334,bus,bus,
32,3,2,mlp,341,opel,opel,
32,3,2,mlp,343,opel,opel,
32,3,2,mlp,349,opel,opel,
32,3,2,mlp,359,opel,opel,
32,3,2,mlp,373,bus,bus,
32,3,2,mlp,377,saab,saab,
32,3,2,mlp,383,opel,opel,
32,3,2,mlp,391,van,van,
32,3,2,mlp,394,saab,opel,
32,3,2,mlp,395,opel,saab,
32,3,2,mlp,406,opel,opel,
32,3,2,mlp,410,saab,opel,
32,3,2,mlp,415,opel,opel,
32,3,2,mlp,436,van,van,
32,3,2,mlp,441,van,van,
32,3,2,mlp,450,bus,bus,
32,3,2,mlp,459,saab,opel,
32,3,2,mlp,492,bus,bus,
32,3,2,mlp,511,opel,opel,
32,3,2,mlp,512,opel,opel,
32,3,2,mlp,519,van,van,
32,3,2,mlp,528,bus,bus,
32,3,2,mlp,536,saab,opel,
32,3,2,mlp,541,van,van,
32,3,2,mlp,568,bus,bus,
32,3,2,mlp,581,van,van,
32,3,2,mlp,590,bus,bus,
32,3,2,mlp,649,saab,saab,
32,3,2,mlp,683,bus,bus,
32,3,2,mlp,693,van,van,
32,3,2,mlp,716,saab,opel,
32,3,2,mlp,726,saab,opel,
32,3,2,mlp,742,opel,van,
32,3,2,mlp,755,van,van,
32,3,2,mlp,759,van,van,
32,3,2,mlp,760,opel,saab,
32,3,2,mlp,766,saab,saab,
32,3,2,mlp,775,bus,bus,
32,3,2,mlp,777,bus,bus,
32,3,2,mlp,793,bus,bus,
32,3,2,mlp,806,saab,opel,
32,3,2,mlp,811,opel,opel,
32,3,2,mlp,844,saab,opel,
32,3,2,rbf,3,van,van,
32,3,2,rbf,4,bus,van,
32,3,2,rbf,7,van,van,
32,3,2,rbf,27,saab,opel,
32,3,2,rbf,28,bus,bus,
32,3,2,rbf,29,saab,bus,
32,3,2,rbf,35,van,van,
32,3,2,rbf,41,van,van,
32,3,2,rbf,42,van,van,
32,3,2,rbf,49,saab,opel,
32,3,2,rbf,73,opel,opel,
32,3,2,rbf,108,bus,bus,
32,3,2,rbf,109,bus,bus,
32,3,2,rbf,113,opel,van,
32,3,2,rbf,119,bus,bus,
32,3,2,rbf,122,van,van,
32,3,2,rbf,124,van,van,
32,3,2,rbf,125,van,van,
32,3,2,rbf,132,saab,saab,
32,3,2,rbf,146,van,van,
32,3,2,rbf,155,bus,bus,
32,3,2,rbf,164,opel,opel,
32,3,2,rbf,166,saab,opel,
32,3,2,rbf,182,bus,bus,
32,3,2,rbf,186,bus,bus,
32,3,2,rbf,196,saab,saab,
32,3,2,rbf,198,bus,bus,
32,3,2,rbf,202,opel,saab,
32,3,2,rbf,205,van,van,
32,3,2,rbf,214,opel,van,
32,3,2,rbf,215,opel,saab,
32,3,2,rbf,241,opel,opel,
32,3,2,rbf,249,saab,van,
32,3,2,rbf,253,bus,bus,
32,3,2,rbf,260,saab,saab,
32,3,2,rbf,264,saab,saab,
32,3,2,rbf,282,bus,bus,
32,3,2,rbf,297,saab,opel,
32,3,2,rbf,301,opel,saab,
32,3,2,rbf,310,saab,opel,
32,3,2,rbf,315,van,van,
32,3,2,rbf,334,bus,bus,
32,3,2,rbf,341,opel,bus,
32,3,2,rbf,343,opel,opel,
32,3,2,rbf,349,opel,van,
32,3,2,rbf,359,opel,opel,
32,3,2,rbf,373,bus,bus,
32,3,2,rbf,377,saab,van,
32,3,2,rbf,383,opel,saab,
32,3,2,rbf,391,van,van,
32,3,2,rbf,394,saab,opel,
32,3,2,rbf,395,opel,saab,
32,3,2,rbf,406,opel,opel,
32,3,2,rbf,410,saab,opel,
32,3,2,rbf,415,opel,opel,
32,3,2,rbf,436,van,van,
32,3,2,rbf,441,van,van,
32,3,2,rbf,450,bus,bus,
32,3,2,rbf,459,saab,opel,
32,3,2,rbf,492,bus,bus,
32,3,2,rbf,511,opel,opel,
32,3,2,rbf,512,opel,opel,
32,3,2,rbf,519,van,van,
32,3,2,rbf,528,bus,bus,
32,3,2,rbf,536,saab,opel,
32,3,2,rbf,541,van,van,
32,3,2,rbf,568,bus,bus,
32,3,2,rbf,581,van,van,
32,3,2,rbf,590,bus,bus,
32,3,2,rbf,649,saab,saab,
32,3,2,rbf,683,bus,bus,
32,3,2,rbf,693,van,van,
32,3,2,rbf,716,saab,opel,
32,3,2,rbf,726,saab,saab,
32,3,2,rbf,742,opel,van,
32,3,2,rbf,755,van,van,
32,3,2,rbf,759,van,van,
32,3,2,rbf,760,opel,saab,
32,3,2,rbf,766,saab,saab,
32,3,2,rbf,775,bus,bus,
32,3,2,rbf,777,bus,bus,
32,3,2,rbf,793,bus,bus,
32,3,2,rbf,806,saab,van,
32,3,2,rbf,811,opel,opel,
32,3,2,rbf,844,saab,saab,
32,3,2,svm_linear,3,van,van,
32,3,2,svm_linear,4,bus,van,
32,3,2,svm_linear,7,van,van,
32,3,2,svm_linear,27,saab,saab,
32,3,2,svm_linear,28,bus,bus,
32,3,2,svm_linear,29,saab,opel,
32,3,2,svm_linear,35,van,van,
32,3,2,svm_linear,41,van,van,
32,3,2,svm_linear,42,van,van,
32,3,2,svm_linear,49,saab,opel,
32,3,2,svm_linear,73,opel,opel,
32,3,2,svm_linear,108,bus,bus,
32,3,2,svm_linear,109,bus,bus,
32,3,2,svm_linear,113,opel,saab,
32,3,2,svm_linear,119,bus,bus,
32,3,2,svm_linear,122,van,van,
32,3,2,svm_linear,124,van,van,
32,3,2,svm_linear,125,van,van,
32,3,2,svm_linear,132,saab,saab,
32,3,2,svm_linear,146,van,van,
32,3,2,svm_linear,155,bus,bus,
32,3,2,svm_linear,164,opel,opel,
32,3,2,svm_linear,166,saab,opel,
32,3,2,svm_linear,182,bus,bus,
32,3,2,svm_linear,186,bus,bus,
32,3,2,svm_linear,196,saab,opel,
32,3,2,svm_linear,198,bus,bus,
32,3,2,svm_linear,202,opel,opel,
32,3,2,svm_linear,205,van,van,
32,3,2,svm_linear,214,opel,saab,
32,3,2,svm_linear,215,opel,saab,
32,3,2,svm_linear,241,opel,opel,
32,3,2,svm_linear,249,saab,opel,
32,3,2,svm_linear,253,bus,bus,
32,3,2,svm_linear,260,saab,opel,
32,3,2,svm_linear,264,saab,saab,
32,3,2,svm_linear,282,bus,bus,
32,3,2,svm_linear,297,saab,opel,
32,3,2,svm_linear,301,opel,saab,
32,3,2,svm_linear,310,saab,opel,
32,3,2,svm_linear,315,van,van,
32,3,2,svm_linear,334,bus,bus,
32,3,2,svm_linear,341,opel,saab,
32,3,2,svm_linear,343,opel,opel,
32,3,2,svm_linear,349,opel,van,
32,3,2,svm_linear,359,opel,opel,
32,3,2,svm_linear,373,bus,bus,
32,3,2,svm_linear,377,saab,saab,
32,3,2,svm_linear,383,opel,opel,
32,3,2,svm_linear,391,van,van,
32,3,2,svm_linear,394,saab,opel,
32,3,2,svm_linear,395,opel,saab,
32,3,2,svm_linear,406,opel,opel,
32,3,2,svm_linear,410,saab,opel,
32,3,2,svm_linear,415,opel,opel,
32,3,2,svm_linear,436,van,van,
32,3,2,svm_linear,441,van,bus,
32,3,2,svm_linear,450,bus,bus,
32,3,2,svm_linear,459,saab,saab,
32,3,2,svm_linear,492,bus,bus,
32,3,2,svm_linear,511,opel,opel,
32,3,2,svm_linear,512,opel,opel,
32,3,2,svm_linear,519,van,van,
32,3,2,svm_linear,528,bus,bus,
32,3,2,svm_linear,536,saab,opel,
32,3,2,svm_linear,541,van,saab,
32,3,2,svm_linear,568,bus,bus,
32,3,2,svm_linear,581,van,van,
32,3,2,svm_linear,590,bus,bus,
32,3,2,svm_linear,649,saab,saab,
32,3,2,svm_linear,683,bus,bus,
32,3,2,svm_linear,693,van,van,
32,3,2,svm_linear,716,saab,saab,
32,3,2,svm_linear,726,saab,saab,
32,3,2,svm_linear,742,opel,van,
32,3,2,svm_linear,755,van,van,
32,3,2,svm_linear,759,van,van,
32,3,2,svm_linear,760,opel,saab,
32,3,2,svm_linear,766,saab,saab,
32,3,2,svm_linear,775,bus,bus,
32,3,2,svm_linear,777,bus,bus,
32,3,2,svm_linear,793,bus,bus,
32,3,2,svm_linear,806,saab,opel,
32,3,2,svm_linear,811,opel,opel,
32,3,2,svm_linear,844,saab,opel,
32,3,2,svm_unscaled,3,van,van,
32,3,2,svm_unscaled,4,bus,bus,
32,3,2,svm_unscaled,7,van,van,
32,3,2,svm_unscaled,27,saab,saab,
32,3,2,svm_unscaled,28,bus,bus,
32,3,2,svm_unscaled,29,saab,saab,
32,3,2,svm_unscaled,35,van,van,
32,3,2,svm_unscaled,41,van,van,
32,3,2,svm_unscaled,42,van,van,
32,3,2,svm_unscaled,49,saab,opel,
32,3,2,svm_unscaled,73,opel,opel,
32,3,2,svm_unscaled,108,bus,bus,
32,3,2,svm_unscaled,109,bus,bus,
32,3,2,svm_unscaled,113,opel,van,
32,3,2,svm_unscaled,119,bus,bus,
32,3,2,svm_unscaled,122,van,van,
32,3,2,svm_unscaled,124,van,van,
32,3,2,svm_unscaled,125,van,van,
32,3,2,svm_unscaled,132,saab,saab,
32,3,2,svm_unscaled,146,van,van,
32,3,2,svm_unscaled,155,bus,bus,
32,3,2,svm_unscaled,164,opel,opel,
32,3,2,svm_unscaled,166,saab,opel,
32,3,2,svm_unscaled,182,bus,bus,
32,3,2,svm_unscaled,186,bus,bus,
32,3,2,svm_unscaled,196,saab,saab,
32,3,2,svm_unscaled,198,bus,bus,
32,3,2,svm_unscaled,202,opel,saab,
32,3,2,svm_unscaled,205,van,van,
32,3,2,svm_unscaled,214,opel,saab,
32,3,2,svm_unscaled,215,opel,saab,
32,3,2,svm_unscaled,241,opel,saab,
32,3,2,svm_unscaled,249,saab,saab,
32,3,2,svm_unscaled,253,bus,bus,
32,3,2,svm_unscaled,260,saab,saab,
32,3,2,svm_unscaled,264,saab,saab,
32,3,2,svm_unscaled,282,bus,bus,
32,3,2,svm_unscaled,297,saab,opel,
32,3,2,svm_unscaled,301,opel,saab,
32,3,2,svm_unscaled,310,saab,opel,
32,3,2,svm_unscaled,315,van,van,
32,3,2,svm_unscaled,334,bus,bus,
32,3,2,svm_unscaled,341,opel,saab,
32,3,2,svm_unscaled,343,opel,opel,
32,3,2,svm_unscaled,349,opel,van,
32,3,2,svm_unscaled,359,opel,opel,
32,3,2,svm_unscaled,373,bus,bus,
32,3,2,svm_unscaled,377,saab,van,
32,3,2,svm_unscaled,383,opel,opel,
32,3,2,svm_unscaled,391,van,van,
32,3,2,svm_unscaled,394,saab,opel,
32,3,2,svm_unscaled,395,opel,saab,
32,3,2,svm_unscaled,406,opel,opel,
32,3,2,svm_unscaled,410,saab,opel,
32,3,2,svm_unscaled,415,opel,opel,
32,3,2,svm_unscaled,436,van,van,
32,3,2,svm_unscaled,441,van,bus,
32,3,2,svm_unscaled,450,bus,bus,
32,3,2,svm_unscaled,459,saab,opel,
32,3,2,svm_unscaled,492,bus,bus,
32,3,2,svm_unscaled,511,opel,opel,
32,3,2,svm_unscaled,512,opel,opel,
32,3,2,svm_unscaled,519,van,van,
32,3,2,svm_unscaled,528,bus,bus,
32,3,2,svm_unscaled,536,saab,opel,
32,3,2,svm_unscaled,541,van,van,
32,3,2,svm_unscaled,568,bus,bus,
32,3,2,svm_unscaled,581,van,van,
32,3,2,svm_unscaled,590,bus,bus,
32,3,2,svm_unscaled,649,saab,saab,
32,3,2,svm_unscaled,683,bus,bus,
32,3,2,svm_unscaled,693,van,van,
32,3,2,svm_unscaled,716,saab,opel,
32,3,2,svm_unscaled,726,saab,saab,
32,3,2,svm_unscaled,742,opel,van,
32,3,2,svm_unscaled,755,van,van,
32,3,2,svm_unscaled,759,van,van,
32,3,2,svm_unscaled,760,opel,saab,
32,3,2,svm_unscaled,766,saab,saab,
32,3,2,svm_unscaled,775,bus,bus,
32,3,2,svm_unscaled,777,bus,bus,
32,3,2,svm_unscaled,793,bus,bus,
32,3,2,svm_unscaled,806,saab,opel,
32,3,2,svm_unscaled,811,opel,saab,
32,3,2,svm_unscaled,844,saab,saab,
33,3,3,centroid,22,bus,van,
33,3,3,centroid,23,bus,van,
33,3,3,centroid,57,van,van,
33,3,3,centroid,59,van,van,
33,3,3,centroid,66,bus,van,
33,3,3,centroid,67,opel,opel,
33,3,3,centroid,74,van,van,
33,3,3,centroid,84,bus,van,
33,3,3,centroid,107,opel,van,
33,3,3,centroid,117,saab,saab,
33,3,3,centroid,140,saab,van,
33,3,3,centroid,147,bus,van,
33,3,3,centroid,157,van,van,
33,3,3,centroid,158,saab,van,
33,3,3,centroid,170,opel,opel,
33,3,3,centroid,203,opel,opel,
33,3,3,centroid,211,van,van,
33,3,3,centroid,234,van,van,
33,3,3,centroid,235,van,bus,
33,3,3,centroid,236,bus,bus,
33,3,3,centroid,248,opel,opel,
33,3,3,centroid,251,opel,opel,
33,3,3,centroid,263,van,van,
33,3,3,centroid,286,bus,van,
33,3,3,centroid,289,saab,van,
33,3,3,centroid,293,van,van,
33,3,3,centroid,299,bus,saab,
33,3,3,centroid,333,bus,bus,
33,3,3,centroid,355,opel,opel,
33,3,3,centroid,368,bus,van,
33,3,3,centroid,376,saab,saab,
33,3,3,centroid,378,saab,van,
33,3,3,centroid,390,bus,van,
33,3,3,centroid,393,bus,bus,
33,3,3,centroid,401,opel,van,
33,3,3,centroid,404,opel,saab,
33,3,3,centroid,414,van,van,
33,3,3,centroid,423,bus,van,
33,3,3,centroid,430,saab,opel,
33,3,3,centroid,437,opel,van,
33,3,3,centroid,457,van,van,
33,3,3,centroid,460,van,van,
33,3,3,centroid,467,opel,opel,
33,3,3,centroid,504,opel,opel,
33,3,3,centroid,505,saab,saab,
33,3,3,centroid,510,bus,bus,
33,3,3,centroid,513,saab,saab,
33,3,3,centroid,522,saab,van,
33,3,3,centroid,523,van,van,
33,3,3,centroid,530,saab,opel,
33,3,3,centroid,533,van,van,
33,3,3,centroid,535,van,saab,
33,3,3,centroid,542,saab,saab,
33,3,3,centroid,586,opel,opel,
33,3,3,centroid,591,opel,van,
33,3,3,centroid,594,van,van,
33,3,3,centroid,595,opel,bus,
33,3,3,centroid,596,opel,bus,
33,3,3,centroid,597,van,van,
33,3,3,centroid,602,opel,opel,
33,3,3,centroid,632,bus,bus,
33,3,3,centroid,633,opel,opel,
33,3,3,centroid,637,bus,bus,
33,3,3,centroid,667,saab,saab,
33,3,3,centroid,681,bus,saab,
33,3,3,centroid,690,saab,saab,
33,3,3,centroid,710,bus,opel,
33,3,3,centroid,713,saab,saab,
33,3,3,centroid,715,opel,opel,
33,3,3,centroid,728,opel,van,
33,3,3,centroid,733,bus,opel,
33,3,3,centroid,734,van,van,
33,3,3,centroid,736,saab,opel,
33,3,3,centroid,737,bus,opel,
33,3,3,centroid,749,saab,opel,
33,3,3,centroid,750,saab,saab,
33,3,3,centroid,751,van,van,
33,3,3,centroid,770,bus,van,
33,3,3,centroid,778,saab,saab,
33,3,3,centroid,788,saab,saab,
33,3,3,centroid,807,saab,opel,
33,3,3,centroid,820,saab,van,
33,3,3,centroid,821,opel,opel,
33,3,3,centroid,831,bus,saab,
33,3,3,centroid,836,van,van,
33,3,3,knn,22,bus,bus,
33,3,3,knn,23,bus,opel,
33,3,3,knn,57,van,van,
33,3,3,knn,59,van,opel,
33,3,3,knn,66,bus,bus,
33,3,3,knn,67,opel,opel,
33,3,3,knn,74,van,van,
33,3,3,knn,84,bus,bus,
33,3,3,knn,107,opel,opel,
33,3,3,knn,117,saab,saab,
33,3,3,knn,140,saab,saab,
33,3,3,knn,147,bus,bus,
33,3,3,knn,157,van,van,
33,3,3,knn,158,saab,saab,
33,3,3,knn,170,opel,saab,
33,3,3,knn,203,opel,saab,
33,3,3,knn,211,van,van,
33,3,3,knn,234,van,van,
33,3,3,knn,235,van,van,
33,3,3,knn,236,bus,bus,
33,3,3,knn,248,opel,saab,
33,3,3,knn,251,opel,opel,
33,3,3,knn,263,van,van,
33,3,3,knn,286,bus,bus,
33,3,3,knn,289,saab,saab,
33,3,3,knn,293,van,opel,
33,3,3,knn,299,bus,bus,
33,3,3,knn,333,bus,bus,
33,3,3,knn,355,opel,saab,
33,3,3,knn,368,bus,bus,
33,3,3,knn,376,saab,saab,
33,3,3,knn,378,saab,opel,
33,3,3,knn,390,bus,bus,
33,3,3,knn,393,bus,bus,
33,3,3,knn,401,opel,saab,
33,3,3,knn,404,opel,opel,
33,3,3,knn,414,van,van,
33,3,3,knn,423,bus,bus,
33,3,3,knn,430,saab,opel,
33,3,3,knn,437,opel,bus,
33,3,3,knn,457,van,bus,
33,3,3,knn,460,van,van,
33,3,3,knn,467,opel,opel,
33,3,3,knn,504,opel,opel,
33,3,3,knn,505,saab,saab,
33,3,3,knn,510,bus,bus,
33,3,3,knn,513,saab,opel,
33,3,3,knn,522,saab,opel,
33,3,3,knn,523,van,van,
33,3,3,knn,530,saab,saab,
33,3,3,knn,533,van,van,
33,3,3,knn,535,van,van,
33,3,3,knn,542,saab,opel,
33,3,3,knn,586,opel,opel,
33,3,3,knn,591,opel,opel,
33,3,3,knn,594,van,opel,
33,3,3,knn,595,opel,opel,
33,3,3,knn,596,opel,saab,
33,3,3,knn,597,van,van,
33,3,3,knn,602,opel,opel,
33,3,3,knn,632,bus,bus,
33,3,3,knn,633,opel,saab,
33,3,3,knn,637,bus,bus,
33,3,3,knn,667,saab,saab,
33,3,3,knn,681,bus,bus,
33,3,3,knn,690,saab,opel,
33,3,3,knn,710,bus,bus,
33,3,3,knn,713,saab,saab,
33,3,3,knn,715,opel,opel,
33,3,3,knn,728,opel,opel,
33,3,3,knn,733,bus,bus,
33,3,3,knn,734,van,bus,
33,3,3,knn,736,saab,opel,
33,3,3,knn,737,bus,bus,
33,3,3,knn,749,saab,saab,
33,3,3,knn,750,saab,opel,
33,3,3,knn,751,van,van,
33,3,3,knn,770,bus,bus,
33,3,3,knn,778,saab,saab,
33,3,3,knn,788,saab,saab,
33,3,3,knn,807,saab,opel,
33,3,3,knn,820,saab,opel,
33,3,3,knn,821,opel,opel,
33,3,3,knn,831,bus,bus,
33,3,3,knn,836,van,van,
33,3,3,svm,22,bus,bus,2.4634511387858398
33,3,3,svm,23,bus,van,0.38881226039004274
33,3,3,svm,57,van,van,1.7603191270731369
33,3,3,svm,59,van,van,0.20202973625133147
33,3,3,svm,66,bus,bus,1.4815870813326029
33,3,3,svm,67,opel,opel,1.5564325061007587
33,3,3,svm,74,van,van,1.684909816391075
33,3,3,svm,84,bus,bus,2.4631132492017374
33,3,3,svm,107,opel,opel,0.058990273930467296
33,3,3,svm,117,saab,saab,0.8525221553849139
33,3,3,svm,140,saab,opel,0.024417544369574884
33,3,3,svm,147,bus,bus,0.2818220618084055
33,3,3,svm,157,van,van,3.3528257682196707
33,3,3,svm,158,saab,saab,0.32400039494071997
33,3,3,svm,170,opel,saab,0.31626897426098743
33,3,3,svm,203,opel,opel,1.248005205180588
33,3,3,svm,211,van,van,0.9160345522687152
33,3,3,svm,234,van,van,1.1275535736837157
33,3,3,svm,235,van,van,2.284153214588221
33,3,3,svm,236,bus,bus,2.950779813977504
33,3,3,svm,248,opel,opel,0.6403796704900184
33,3,3,svm,251,opel,opel,1.1465162368912996
33,3,3,svm,263,van,van,2.0551914541927783
33,3,3,svm,286,bus,bus,0.9415769524341726
33,3,3,svm,289,saab,saab,1.1506882614442477
33,3,3,svm,293,van,van,0.7125593294276452
33,3,3,svm,299,bus,bus,1.8643955380318609
33,3,3,svm,333,bus,bus,0.8911822837222347
33,3,3,svm,355,opel,saab,0.8857845529871131
33,3,3,svm,368,bus,bus,0.7951834505823685
33,3,3,svm,376,saab,saab,0.9047192402635975
33,3,3,svm,378,saab,opel,0.8981517156737961
33,3,3,svm,390,bus,bus,1.0754940825979027
33,3,3,svm,393,bus,bus,2.019490974489867
33,3,3,svm,401,opel,saab,0.08493412722057236
33,3,3,svm,404,opel,opel,0.2661193892112461
33,3,3,svm,414,van,van,1.1782146407413432
33,3,3,svm,423,bus,bus,1.1131500590070198
33,3,3,svm,430,saab,saab,1.2281590177102348
33,3,3,svm,437,opel,opel,0.11628333661130874
33,3,3,svm,457,van,bus,0.2521315745847204
33,3,3,svm,460,van,van,0.2522204908290302
33,3,3,svm,467,opel,opel,1.8897781371431854
33,3,3,svm,504,opel,saab,0.769376086116198
33,3,3,svm,505,saab,saab,1.5252200176624302
33,3,3,svm,510,bus,bus,1.1813969426619877
33,3,3,svm,513,saab,opel,1.073728834435391
33,3,3,svm,522,saab,opel,0.5147641608638107
33,3,3,svm,523,van,van,1.2888177578219164
33,3,3,svm,530,saab,opel,1.379730828824668
33,3,3,svm,533,van,van,2.7246677679108853
33,3,3,svm,535,van,van,1.3272642112545896
33,3,3,svm,542,saab,opel,0.2112581113925298
33,3,3,svm,586,opel,opel,2.9873184718392345
33,3,3,svm,591,opel,opel,0.42510342805737444
33,3,3,svm,594,van,van,0.546786903448206
33,3,3,svm,595,opel,opel,0.13971070331561108
33,3,3,svm,596,opel,saab,0.25178610083379205
33,3,3,svm,597,van,van,2.1307711108058935
33,3,3,svm,602,opel,opel,1.3301881116082352
33,3,3,svm,632,bus,bus,1.3782481161887379
33,3,3,svm,633,opel,opel,1.0912318929581115
33,3,3,svm,637,bus,bus,1.5206939697645765
33,3,3,svm,667,saab,saab,1.9732570682755965
33,3,3,svm,681,bus,bus,2.0786307065795064
33,3,3,svm,690,saab,saab,0.8181200176887362
33,3,3,svm,710,bus,bus,1.743973057742779
33,3,3,svm,713,saab,saab,1.3989566315862891
33,3,3,svm,715,opel,opel,1.5261766647847619
33,3,3,svm,728,opel,opel,0.48256246935598845
33,3,3,svm,733,bus,bus,1.8403854375363664
33,3,3,svm,734,van,van,1.240438103842162
33,3,3,svm,736,saab,opel,0.349172840323666
33,3,3,svm,737,bus,bus,1.8589378488980124
33,3,3,svm,749,saab,opel,0.08083968660320373
33,3,3,svm,750,saab,saab,1.1541651981421044
33,3,3,svm,751,van,van,0.5888984576836815
33,3,3,svm,770,bus,bus,1.389247740493805
33,3,3,svm,778,saab,saab,1.2295191734796251
33,3,3,svm,788,saab,saab,1.8168526255471948
33,3,3,svm,807,saab,saab,1.0918719495938891
33,3,3,svm,820,saab,opel,0.576978605895766
33,3,3,svm,821,opel,opel,0.7559824164533762
33,3,3,svm,831,bus,bus,2.3288379745881658
33,3,3,svm,836,van,van,1.0321940706085428
33,3,3,mlp,22,bus,bus,
33,3,3,mlp,23,bus,van,
33,3,3,mlp,57,van,van,
33,3,3,mlp,59,van,van,
33,3,3,mlp,66,bus,bus,
33,3,3,mlp,67,opel,opel,
33,3,3,mlp,74,van,van,
33,3,3,mlp,84,bus,bus,
33,3,3,mlp,107,opel,opel,
33,3,3,mlp,117,saab,saab,
33,3,3,mlp,140,saab,opel,
33,3,3,mlp,147,bus,bus,
33,3,3,mlp,157,van,van,
33,3,3,mlp,158,saab,saab,
33,3,3,mlp,170,opel,saab,
33,3,3,mlp,203,opel,opel,
33,3,3,mlp,211,van,van,
33,3,3,mlp,234,van,van,
33,3,3,mlp,235,van,van,
33,3,3,mlp,236,bus,bus,
33,3,3,mlp,248,opel,saab,
33,3,3,mlp,251,opel,opel,
33,3,3,mlp,263,van,van,
33,3,3,mlp,286,bus,bus,
33,3,3,mlp,289,saab,saab,
33,3,3,mlp,293,van,van,
33,3,3,mlp,299,bus,bus,
33,3,3,mlp,333,bus,bus,
33,3,3,mlp,355,opel,saab,
33,3,3,mlp,368,bus,bus,
33,3,3,mlp,376,saab,saab,
33,3,3,mlp,378,saab,opel,
33,3,3,mlp,390,bus,bus,
33,3,3,mlp,393,bus,bus,
33,3,3,mlp,401,opel,saab,
33,3,3,mlp,404,opel,saab,
33,3,3,mlp,414,van,van,
33,3,3,mlp,423,bus,bus,
33,3,3,mlp,430,saab,saab,
33,3,3,mlp,437,opel,saab,
33,3,3,mlp,457,van,bus,
33,3,3,mlp,460,van,van,
33,3,3,mlp,467,opel,opel,
33,3,3,mlp,504,opel,saab,
33,3,3,mlp,505,saab,saab,
33,3,3,mlp,510,bus,bus,
33,3,3,mlp,513,saab,opel,
33,3,3,mlp,522,saab,opel,
33,3,3,mlp,523,van,van,
33,3,3,mlp,530,saab,opel,
33,3,3,mlp,533,van,van,
33,3,3,mlp,535,van,van,
33,3,3,mlp,542,saab,saab,
33,3,3,mlp,586,opel,opel,
33,3,3,mlp,591,opel,opel,
33,3,3,mlp,594,van,van,
33,3,3,mlp,595,opel,opel,
33,3,3,mlp,596,opel,saab,
33,3,3,mlp,597,van,van,
33,3,3,mlp,602,opel,opel,
33,3,3,mlp,632,bus,bus,
33,3,3,mlp,633,opel,opel,
33,3,3,mlp,637,bus,bus,
33,3,3,mlp,667,saab,saab,
33,3,3,mlp,681,bus,bus,
33,3,3,mlp,690,saab,saab,
33,3,3,mlp,710,bus,bus,
33,3,3,mlp,713,saab,saab,
33,3,3,mlp,715,opel,opel,
33,3,3,mlp,728,opel,opel,
33,3,3,mlp,733,bus,bus,
33,3,3,mlp,734,van,van,
33,3,3,mlp,736,saab,opel,
33,3,3,mlp,737,bus,bus,
33,3,3,mlp,749,saab,opel,
33,3,3,mlp,750,saab,saab,
33,3,3,mlp,751,van,van,
33,3,3,mlp,770,bus,bus,
33,3,3,mlp,778,saab,saab,
33,3,3,mlp,788,saab,saab,
33,3,3,mlp,807,saab,saab,
33,3,3,mlp,820,saab,saab,
33,3,3,mlp,821,opel,opel,
33,3,3,mlp,831,bus,bus,
33,3,3,mlp,836,van,van,
33,3,3,rbf,22,bus,bus,
33,3,3,rbf,23,bus,van,
33,3,3,rbf,57,van,van,
33,3,3,rbf,59,van,van,
33,3,3,rbf,66,bus,bus,
33,3,3,rbf,67,opel,opel,
33,3,3,rbf,74,van,van,
33,3,3,rbf,84,bus,bus,
33,3,3,rbf,107,opel,saab,
33,3,3,rbf,117,saab,saab,
33,3,3,rbf,140,saab,opel,
33,3,3,rbf,147,bus,bus,
33,3,3,rbf,157,van,van,
33,3,3,rbf,158,saab,opel,
33,3,3,rbf,170,opel,saab,
33,3,3,rbf,203,opel,opel,
33,3,3,rbf,211,van,van,
33,3,3,rbf,234,van,van,
33,3,3,rbf,235,van,van,
33,3,3,rbf,236,bus,bus,
33,3,3,rbf,248,opel,saab,
33,3,3,rbf,251,opel,opel,
33,3,3,rbf,263,van,van,
33,3,3,rbf,286,bus,bus,
33,3,3,rbf,289,saab,saab,
33,3,3,rbf,293,van,van,
33,3,3,rbf,299,bus,bus,
33,3,3,rbf,333,bus,bus,
33,3,3,rbf,355,opel,saab,
33,3,3,rbf,368,bus,bus,
33,3,3,rbf,376,saab,saab,
33,3,3,rbf,378,saab,van,
33,3,3,rbf,390,bus,bus,
33,3,3,rbf,393,bus,bus,
33,3,3,rbf,401,opel,opel,
33,3,3,rbf,404,opel,saab,
33,3,3,rbf,414,van,van,
33,3,3,rbf,423,bus,bus,
33,3,3,rbf,430,saab,opel,
33,3,3,rbf,437,opel,saab,
33,3,3,rbf,457,van,bus,
33,3,3,rbf,460,van,van,
33,3,3,rbf,467,opel,opel,
33,3,3,rbf,504,opel,saab,
33,3,3,rbf,505,saab,saab,
33,3,3,rbf,510,bus,bus,
33,3,3,rbf,513,saab,opel,
33,3,3,rbf,522,saab,opel,
33,3,3,rbf,523,van,van,
33,3,3,rbf,530,saab,opel,
33,3,3,rbf,533,van,van,
33,3,3,rbf,535,van,van,
33,3,3,rbf,542,saab,opel,
33,3,3,rbf,586,opel,opel,
33,3,3,rbf,591,opel,opel,
33,3,3,rbf,594,van,van,
33,3,3,rbf,595,opel,bus,
33,3,3,rbf,596,opel,opel,
33,3,3,rbf,597,van,van,
33,3,3,rbf,602,opel,saab,
33,3,3,rbf,632,bus,bus,
33,3,3,rbf,633,opel,saab,
33,3,3,rbf,637,bus,bus,
33,3,3,rbf,667,saab,saab,
33,3,3,rbf,681,bus,bus,
33,3,3,rbf,690,saab,opel,
33,3,3,rbf,710,bus,bus,
33,3,3,rbf,713,saab,saab,
33,3,3,rbf,715,opel,saab,
33,3,3,rbf,728,opel,saab,
33,3,3,rbf,733,bus,bus,
33,3,3,rbf,734,van,van,
33,3,3,rbf,736,saab,saab,
33,3,3,rbf,737,bus,bus,
33,3,3,rbf,749,saab,saab,
33,3,3,rbf,750,saab,opel,
33,3,3,rbf,751,van,van,
33,3,3,rbf,770,bus,bus,
33,3,3,rbf,778,saab,saab,
33,3,3,rbf,788,saab,saab,
33,3,3,rbf,807,saab,saab,
33,3,3,rbf,820,saab,saab,
33,3,3,rbf,821,opel,opel,
33,3,3,rbf,831,bus,bus,
33,3,3,rbf,836,van,van,
33,3,3,svm_linear,22,bus,bus,
33,3,3,svm_linear,23,bus,van,
33,3,3,svm_linear,57,van,van,
33,3,3,svm_linear,59,van,opel,
33,3,3,svm_linear,66,bus,bus,
33,3,3,svm_linear,67,opel,opel,
33,3,3,svm_linear,74,van,van,
33,3,3,svm_linear,84,bus,bus,
33,3,3,svm_linear,107,opel,saab,
33,3,3,svm_linear,117,saab,saab,
33,3,3,svm_linear,140,saab,opel,
33,3,3,svm_linear,147,bus,saab,
33,3,3,svm_linear,157,van,van,
33,3,3,svm_linear,158,saab,saab,
33,3,3,svm_linear,170,opel,saab,
33,3,3,svm_linear,203,opel,opel,
33,3,3,svm_linear,211,van,van,
33,3,3,svm_linear,234,van,van,
33,3,3,svm_linear,235,van,van,
33,3,3,svm_linear,236,bus,bus,
33,3,3,svm_linear,248,opel,opel,
33,3,3,svm_linear,251,opel,opel,
33,3,3,svm_linear,263,van,van,
33,3,3,svm_linear,286,bus,bus,
33,3,3,svm_linear,289,saab,saab,
33,3,3,svm_linear,293,van,van,
33,3,3,svm_linear,299,bus,bus,
33,3,3,svm_linear,333,bus,bus,
33,3,3,svm_linear,355,opel,saab,
33,3,3,svm_linear,368,bus,bus,
33,3,3,svm_linear,376,saab,saab,
33,3,3,svm_linear,378,saab,opel,
33,3,3,svm_linear,390,bus,bus,
33,3,3,svm_linear,393,bus,bus,
33,3,3,svm_linear,401,opel,opel,
33,3,3,svm_linear,404,opel,opel,
33,3,3,svm_linear,414,van,van,
33,3,3,svm_linear,423,bus,bus,
33,3,3,svm_linear,430,saab,saab,
33,3,3,svm_linear,437,opel,saab,
33,3,3,svm_linear,457,van,bus,
33,3,3,svm_linear,460,van,van,
33,3,3,svm_linear,467,opel,bus,
33,3,3,svm_linear,504,opel,saab,
33,3,3,svm_linear,505,saab,saab,
33,3,3,svm_linear,510,bus,bus,
33,3,3,svm_linear,513,saab,saab,
33,3,3,svm_linear,522,saab,saab,
33,3,3,svm_linear,523,van,van,
33,3,3,svm_linear,530,saab,opel,
33,3,3,svm_linear,533,van,van,
33,3,3,svm_linear,535,van,van,
33,3,3,svm_linear,542,saab,opel,
33,3,3,svm_linear,586,opel,opel,
33,3,3,svm_linear,591,opel,opel,
33,3,3,svm_linear,594,van,van,
33,3,3,svm_linear,595,opel,opel,
33,3,3,svm_linear,596,opel,opel,
33,3,3,svm_linear,597,van,van,
33,3,3,svm_linear,602,opel,opel,
33,3,3,svm_linear,632,bus,bus,
33,3,3,svm_linear,633,opel,opel,
33,3,3,svm_linear,637,bus,bus,
33,3,3,svm_linear,667,saab,saab,
33,3,3,svm_linear,681,bus,bus,
33,3,3,svm_linear,690,saab,saab,
33,3,3,svm_linear,710,bus,bus,
33,3,3,svm_linear,713,saab,saab,
33,3,3,svm_linear,715,opel,opel,
33,3,3,svm_linear,728,opel,opel,
33,3,3,svm_linear,733,bus,bus,
33,3,3,svm_linear,734,van,van,
33,3,3,svm_linear,736,saab,opel,
33,3,3,svm_linear,737,bus,bus,
33,3,3,svm_linear,749,saab,saab,
33,3,3,svm_linear,750,saab,saab,
33,3,3,svm_linear,751,van,van,
33,3,3,svm_linear,770,bus,bus,
33,3,3,svm_linear,778,saab,saab,
33,3,3,svm_linear,788,saab,saab,
33,3,3,svm_linear,807,saab,saab,
33,3,3,svm_linear,820,saab,opel,
33,3,3,svm_linear,821,opel,opel,
33,3,3,svm_linear,831,bus,bus,
33,3,3,svm_linear,836,van,van,
33,3,3,svm_unscaled,22,bus,bus,
33,3,3,svm_unscaled,23,bus,van,
33,3,3,svm_unscaled,57,van,van,
33,3,3,svm_unscaled,59,van,van,
33,3,3,svm_unscaled,66,bus,bus,
33,3,3,svm_unscaled,67,opel,opel,
33,3,3,svm_unscaled,74,van,van,
33,3,3,svm_unscaled,84,bus,bus,
33,3,3,svm_unscaled,107,opel,opel,
33,3,3,svm_unscaled,117,saab,saab,
33,3,3,svm_unscaled,140,saab,opel,
33,3,3,svm_unscaled,147,bus,bus,
33,3,3,svm_unscaled,157,van,van,
33,3,3,svm_unscaled,158,saab,saab,
33,3,3,svm_unscaled,170,opel,saab,
33,3,3,svm_unscaled,203,opel,opel,
33,3,3,svm_unscaled,211,van,van,
33,3,3,svm_unscaled,234,van,van,
33,3,3,svm_unscaled,235,van,van,
33,3,3,svm_unscaled,236,bus,bus,
33,3,3,svm_unscaled,248,opel,saab,
33,3,3,svm_unscaled,251,opel,saab,
33,3,3,svm_unscaled,263,van,van,
33,3,3,svm_unscaled,286,bus,bus,
33,3,3,svm_unscaled,289,saab,saab,
33,3,3,svm_unscaled,293,van,van,
33,3,3,svm_unscaled,299,bus,bus,
33,3,3,svm_unscaled,333,bus,bus,
33,3,3,svm_unscaled,355,opel,opel,
33,3,3,svm_unscaled,368,bus,bus,
33,3,3,svm_unscaled,376,saab,saab,
33,3,3,svm_unscaled,378,saab,opel,
33,3,3,svm_unscaled,390,bus,bus,
33,3,3,svm_unscaled,393,bus,bus,
33,3,3,svm_unscaled,401,opel,opel,
33,3,3,svm_unscaled,404,opel,opel,
33,3,3,svm_unscaled,414,van,van,
33,3,3,svm_unscaled,423,bus,bus,
33,3,3,svm_unscaled,430,saab,opel,
33,3,3,svm_unscaled,437,opel,saab,
33,3,3,svm_unscaled,457,van,bus,
33,3,3,svm_unscaled,460,van,van,
33,3,3,svm_unscaled,467,opel,opel,
33,3,3,svm_unscaled,504,opel,saab,
33,3,3,svm_unscaled,505,saab,saab,
33,3,3,svm_unscaled,510,bus,bus,
33,3,3,svm_unscaled,513,saab,saab,
33,3,3,svm_unscaled,522,saab,opel,
33,3,3,svm_unscaled,523,van,van,
33,3,3,svm_unscaled,530,saab,opel,
33,3,3,svm_unscaled,533,van,van,
33,3,3,svm_unscaled,535,van,van,
33,3,3,svm_unscaled,542,saab,opel,
33,3,3,svm_unscaled,586,opel,opel,
33,3,3,svm_unscaled,591,opel,opel,
33,3,3,svm_unscaled,594,van,van,
33,3,3,svm_unscaled,595,opel,opel,
33,3,3,svm_unscaled,596,opel,opel,
33,3,3,svm_unscaled,597,van,van,
33,3,3,svm_unscaled,602,opel,opel,
33,3,3,svm_unscaled,632,bus,bus,
33,3,3,svm_unscaled,633,opel,opel,
33,3,3,svm_unscaled,637,bus,bus,
33,3,3,svm_unscaled,667,saab,saab,
33,3,3,svm_unscaled,681,bus,bus,
33,3,3,svm_unscaled,690,saab,opel,
33,3,3,svm_unscaled,710,bus,bus,
33,3,3,svm_unscaled,713,saab,saab,
33,3,3,svm_unscaled,715,opel,opel,
33,3,3,svm_unscaled,728,opel,van,
33,3,3,svm_unscaled,733,bus,bus,
33,3,3,svm_unscaled,734,van,van,
33,3,3,svm_unscaled,736,saab,opel,
33,3,3,svm_unscaled,737,bus,bus,
33,3,3,svm_unscaled,749,saab,saab,
33,3,3,svm_unscaled,750,saab,saab,
33,3,3,svm_unscaled,751,van,van,
33,3,3,svm_unscaled,770,bus,bus,
33,3,3,svm_unscaled,778,saab,saab,
33,3,3,svm_unscaled,788,saab,saab,
33,3,3,svm_unscaled,807,saab,saab,
33,3,3,svm_unscaled,820,saab,saab,
33,3,3,svm_unscaled,821,opel,opel,
33,3,3,svm_unscaled,831,bus,bus,
33,3,3,svm_unscaled,836,van,van,
34,3,4,centroid,8,van,van,
34,3,4,centroid,26,saab,van,
34,3,4,centroid,30,van,van,
34,3,4,centroid,39,bus,bus,
34,3,4,centroid,48,van,bus,
34,3,4,centroid,86,van,van,
34,3,4,centroid,92,saab,opel,
34,3,4,centroid,95,opel,opel,
34,3,4,centroid,98,opel,saab,
34,3,4,centroid,104,bus,opel,
34,3,4,centroid,106,opel,saab,
34,3,4,centroid,116,opel,opel,
34,3,4,centroid,135,van,bus,
34,3,4,centroid,143,bus,bus,
34,3,4,centroid,152,opel,van,
34,3,4,centroid,163,saab,van,
34,3,4,centroid,167,saab,opel,
34,3,4,centroid,168,bus,bus,
34,3,4,centroid,172,van,van,
34,3,4,centroid,175,bus,bus,
34,3,4,centroid,176,opel,saab,
34,3,4,centroid,177,bus,van,
34,3,4,centroid,181,opel,van,
34,3,4,centroid,189,opel,van,
34,3,4,centroid,210,opel,saab,
34,3,4,centroid,221,van,van,
34,3,4,centroid,226,saab,opel,
34,3,4,centroid,240,opel,van,
34,3,4,centroid,256,saab,van,
34,3,4,centroid,258,saab,opel,
34,3,4,centroid,277,opel,van,
34,3,4,centroid,279,bus,van,
34,3,4,centroid,298,saab,saab,
34,3,4,centroid,300,saab,opel,
34,3,4,centroid,312,bus,van,
34,3,4,centroid,319,bus,opel,
34,3,4,centroid,351,saab,van,
34,3,4,centroid,369,opel,bus,
34,3,4,centroid,372,van,saab,
34,3,4,centroid,388,van,bus,
34,3,4,centroid,427,opel,saab,
34,3,4,centroid,431,bus,opel,
34,3,4,centroid,432,saab,van,
34,3,4,centroid,464,bus,opel,
34,3,4,centroid,482,opel,saab,
34,3,4,centroid,491,saab,saab,
34,3,4,centroid,495,bus,bus,
34,3,4,centroid,500,opel,opel,
34,3,4,centroid,521,van,van,
34,3,4,centroid,529,bus,van,
34,3,4,centroid,534,van,van,
34,3,4,centroid,538,opel,opel,
34,3,4,centroid,544,bus,van,
34,3,4,centroid,547,bus,van,
34,3,4,centroid,569,van,van,
34,3,4,centroid,572,van,van,
34,3,4,centroid,576,saab,opel,
34,3,4,centroid,582,saab,opel,
34,3,4,centroid,584,bus,opel,
34,3,4,centroid,585,van,van,
34,3,4,centroid,608,opel,van,
34,3,4,centroid,613,bus,van,
34,3,4,centroid,614,saab,van,
34,3,4,centroid,624,saab,van,
34,3,4,centroid,625,saab,opel,
34,3,4,centroid,641,bus,bus,
34,3,4,centroid,653,opel,saab,
34,3,4,centroid,660,van,van,
34,3,4,centroid,665,van,bus,
34,3,4,centroid,671,opel,saab,
34,3,4,centroid,674,saab,van,
34,3,4,centroid,682,van,bus,
34,3,4,centroid,695,van,van,
34,3,4,centroid,711,saab,opel,
34,3,4,centroid,720,opel,saab,
34,3,4,centroid,723,opel,saab,
34,3,4,centroid,731,bus,opel,
34,3,4,centroid,745,bus,bus,
34,3,4,centroid,769,saab,van,
34,3,4,centroid,773,bus,van,
34,3,4,centroid,780,saab,saab,
34,3,4,centroid,825,opel,bus,
34,3,4,centroid,828,van,van,
34,3,4,centroid,832,saab,opel,
34,3,4,centroid,839,van,van,
34,3,4,knn,8,van,van,
34,3,4,knn,26,saab,opel,
34,3,4,knn,30,van,van,
34,3,4,knn,39,bus,bus,
34,3,4,knn,48,van,van,
34,3,4,knn,86,van,van,
34,3,4,knn,92,saab,saab,
34,3,4,knn,95,opel,opel,
34,3,4,knn,98,opel,saab,
34,3,4,knn,104,bus,bus,
34,3,4,knn,106,opel,saab,
34,3,4,knn,116,opel,opel,
34,3,4,knn,135,van,van,
34,3,4,knn,143,bus,bus,
34,3,4,knn,152,opel,opel,
34,3,4,knn,163,saab,van,
34,3,4,knn,167,saab,saab,
34,3,4,knn,168,bus,bus,
34,3,4,knn,172,van,bus,
34,3,4,knn,175,bus,bus,
34,3,4,knn,176,opel,saab,
34,3,4,knn,177,bus,bus,
34,3,4,knn,181,opel,opel,
34,3,4,knn,189,opel,saab,
34,3,4,knn,210,opel,saab,
34,3,4,knn,221,van,van,
34,3,4,knn,226,saab,saab,
34,3,4,knn,240,opel,saab,
34,3,4,knn,256,saab,opel,
34,3,4,knn,258,saab,opel,
34,3,4,knn,277,opel,saab,
34,3,4,knn,279,bus,bus,
34,3,4,knn,298,saab,saab,
34,3,4,knn,300,saab,opel,
34,3,4,knn,312,bus,bus,
34,3,4,knn,319,bus,bus,
34,3,4,knn,351,saab,opel,
34,3,4,knn,369,opel,saab,
34,3,4,knn,372,van,van,
34,3,4,knn,388,van,van,
34,3,4,knn,427,opel,saab,
34,3,4,knn,431,bus,bus,
34,3,4,knn,432,saab,opel,
34,3,4,knn,464,bus,bus,
34,3,4,knn,482,opel,opel,
34,3,4,knn,491,saab,opel,
34,3,4,knn,495,bus,bus,
34,3,4,knn,500,opel,opel,
34,3,4,knn,521,van,van,
34,3,4,knn,529,bus,bus,
34,3,4,knn,534,van,van,
34,3,4,knn,538,opel,opel,
34,3,4,knn,544,bus,bus,
34,3,4,knn,547,bus,bus,
34,3,4,knn,569,van,van,
34,3,4,knn,572,van,van,
34,3,4,knn,576,saab,saab,
34,3,4,knn,582,saab,saab,
34,3,4,knn,584,bus,bus,
34,3,4,knn,585,van,van,
34,3,4,knn,608,opel,opel,
34,3,4,knn,613,bus,bus,
34,3,4,knn,614,saab,saab,
34,3,4,knn,624,saab,opel,
34,3,4,knn,625,saab,opel,
34,3,4,knn,641,bus,bus,
34,3,4,knn,653,opel,saab,
34,3,4,knn,660,van,van,
34,3,4,knn,665,van,van,
34,3,4,knn,671,opel,saab,
34,3,4,knn,674,saab,bus,
34,3,4,knn,682,van,van,
34,3,4,knn,695,van,van,
34,3,4,knn,711,saab,opel,
34,3,4,knn,720,opel,saab,
34,3,4,knn,723,opel,saab,
34,3,4,knn,731,bus,bus,
34,3,4,knn,745,bus,bus,
34,3,4,knn,769,saab,saab,
34,3,4,knn,773,bus,bus,
34,3,4,knn,780,saab,saab,
34,3,4,knn,825,opel,opel,
34,3,4,knn,828,van,saab,
34,3,4,knn,832,saab,saab,
34,3,4,knn,839,van,bus,
34,3,4,svm,8,van,van,2.305915813963672
34,3,4,svm,26,saab,opel,0.35127249227231694
34,3,4,svm,30,van,van,1.6732307470744843
34,3,4,svm,39,bus,bus,1.98835329538554
34,3,4,svm,48,van,van,2.179884742352914
34,3,4,svm,86,van,van,1.664472088899835
34,3,4,svm,92,saab,opel,0.2137309958394571
34,3,4,svm,95,opel,opel,1.548210612407006
34,3,4,svm,98,opel,opel,0.16374522523101298
34,3,4,svm,104,bus,bus,2.2872703515892328
34,3,4,svm,106,opel,opel,0.22886731503996494
34,3,4,svm,116,opel,opel,0.4470762694707364
34,3,4,svm,135,van,van,0.805247272606409
34,3,4,svm,143,bus,bus,1.8446197059917577
34,3,4,svm,152,opel,saab,0.2843998656434348
34,3,4,svm,163,saab,opel,0.06737317795148812
34,3,4,svm,167,saab,saab,0.2482654212073907
34,3,4,svm,168,bus,bus,1.8646630154553643
34,3,4,svm,172,van,van,1.091547340843913
34,3,4,svm,175,bus,bus,2.7112370578448974
34,3,4,svm,176,opel,opel,1.044260835113123
34,3,4,svm,177,bus,van,0.12304683329488209
34,3,4,svm,181,opel,opel,1.1189713434291022
34,3,4,svm,189,opel,saab,1.2115810426094367
34,3,4,svm,210,opel,opel,0.18126111727717564
34,3,4,svm,221,van,van,1.7818758395828453
34,3,4,svm,226,saab,saab,0.40723976365730685
34,3,4,svm,240,opel,saab,0.16240570544486665
34,3,4,svm,256,saab,opel,0.2837800806268138
34,3,4,svm,258,saab,saab,0.9921332712886635
34,3,4,svm,277,opel,saab,0.3953103846513524
34,3,4,svm,279,bus,bus,2.0275916251850967
34,3,4,svm,298,saab,saab,1.1096041310128282
34,3,4,svm,300,saab,opel,0.5519018630574326
34,3,4,svm,312,bus,bus,0.5501996044482632
34,3,4,svm,319,bus,bus,2.436853801958128
34,3,4,svm,351,saab,saab,0.5893264168149955
34,3,4,svm,369,opel,saab,0.3161843738844805
34,3,4,svm,372,van,van,0.45716505835842725
34,3,4,svm,388,van,opel,0.6849760007214707
34,3,4,svm,427,opel,saab,0.18164712448678522
34,3,4,svm,431,bus,bus,3.0619345928562263
34,3,4,svm,432,saab,saab,0.06042984611101865
34,3,4,svm,464,bus,bus,2.318491622103958
34,3,4,svm,482,opel,saab,0.9044046479872048
34,3,4,svm,491,saab,saab,0.5779395919526262
34,3,4,svm,495,bus,bus,1.527608425495929
34,3,4,svm,500,opel,opel,1.376280776783398
34,3,4,svm,521,van,van,0.9967406142295094
34,3,4,svm,529,bus,bus,1.5274109389508692
34,3,4,svm,534,van,van,1.0344065963706401
34,3,4,svm,538,opel,opel,0.8631444400996333
34,3,4,svm,544,bus,bus,1.2157680645093376
34,3,4,svm,547,bus,van,0.3176030428974347
34,3,4,svm,569,van,van,2.1499691165249644
34,3,4,svm,572,van,van,1.9081013390927524
34,3,4,svm,576,saab,saab,1.4877166207817663
34,3,4,svm,582,saab,saab,0.3664972745299391
34,3,4,svm,584,bus,bus,1.3693657019811538
34,3,4,svm,585,van,van,1.3047025557274523
34,3,4,svm,608,opel,opel,0.9865135872486874
34,3,4,svm,613,bus,bus,1.3714463328428304
34,3,4,svm,614,saab,saab,1.035996219295853
34,3,4,svm,624,saab,opel,0.4995937420987975
34,3,4,svm,625,saab,saab,0.37710362757359206
34,3,4,svm,641,bus,bus,2.1396718105550603
34,3,4,svm,653,opel,opel,0.14033576033426876
34,3,4,svm,660,van,van,1.077078944881599
34,3,4,svm,665,van,van,1.8488781257278224
34,3,4,svm,671,opel,opel,0.05750577638204568
34,3,4,svm,674,saab,saab,0.5938385222310512
34,3,4,svm,682,van,van,1.2563893386387721
34,3,4,svm,695,van,van,1.2212794366579094
34,3,4,svm,711,saab,saab,1.0772363940161878
34,3,4,svm,720,opel,saab,1.7014840001523464
34,3,4,svm,723,opel,opel,0.25845305166663657
34,3,4,svm,731,bus,bus,2.068097264610468
34,3,4,svm,745,bus,bus,1.9055413042193843
34,3,4,svm,769,saab,saab,1.1253756625880111
34,3,4,svm,773,bus,bus,1.1674702988334884
34,3,4,svm,780,saab,saab,1.3909753425629656
34,3,4,svm,825,opel,saab,1.2840376126222264
34,3,4,svm,828,van,van,1.2182296612482735
34,3,4,svm,832,saab,saab,2.3028825828220976
34,3,4,svm,839,van,van,1.1698164417665953
34,3,4,mlp,8,van,van,
34,3,4,mlp,26,saab,saab,
34,3,4,mlp,30,van,van,
34,3,4,mlp,39,bus,bus,
34,3,4,mlp,48,van,van,
34,3,4,mlp,86,van,van,
34,3,4,mlp,92,saab,saab,
34,3,4,mlp,95,opel,opel,
34,3,4,mlp,98,opel,saab,
34,3,4,mlp,104,bus,bus,
34,3,4,mlp,106,opel,saab,
34,3,4,mlp,116,opel,opel,
34,3,4,mlp,135,van,van,
34,3,4,mlp,143,bus,bus,
34,3,4,mlp,152,opel,opel,
34,3,4,mlp,163,saab,van,
34,3,4,mlp,167,saab,saab,
34,3,4,mlp,168,bus,bus,
34,3,4,mlp,172,van,van,
34,3,4,mlp,175,bus,bus,
34,3,4,mlp,176,opel,opel,
34,3,4,mlp,177,bus,van,
34,3,4,mlp,181,opel,opel,
34,3,4,mlp,189,opel,saab,
34,3,4,mlp,210,opel,opel,
34,3,4,mlp,221,van,van,
34,3,4,mlp,226,saab,saab,
34,3,4,mlp,240,opel,opel,
34,3,4,mlp,256,saab,opel,
34,3,4,mlp,258,saab,saab,
34,3,4,mlp,277,opel,van,
34,3,4,mlp,279,bus,bus,
34,3,4,mlp,298,saab,saab,
34,3,4,mlp,300,saab,opel,
34,3,4,mlp,312,bus,bus,
34,3,4,mlp,319,bus,bus,
34,3,4,mlp,351,saab,saab,
34,3,4,mlp,369,opel,saab,
34,3,4,mlp,372,van,van,
34,3,4,mlp,388,van,van,
34,3,4,mlp,427,opel,saab,
34,3,4,mlp,431,bus,bus,
34,3,4,mlp,432,saab,saab,
34,3,4,mlp,464,bus,bus,
34,3,4,mlp,482,opel,saab,
34,3,4,mlp,491,saab,saab,
34,3,4,mlp,495,bus,bus,
34,3,4,mlp,500,opel,opel,
34,3,4,mlp,521,van,van,
34,3,4,mlp,529,bus,bus,
34,3,4,mlp,534,van,van,
34,3,4,mlp,538,opel,opel,
34,3,4,mlp,544,bus,bus,
34,3,4,mlp,547,bus,van,
34,3,4,mlp,569,van,van,
34,3,4,mlp,572,van,van,
34,3,4,mlp,576,saab,saab,
34,3,4,mlp,582,saab,saab,
34,3,4,mlp,584,bus,bus,
34,3,4,mlp,585,van,van,
34,3,4,mlp,608,opel,opel,
34,3,4,mlp,613,bus,bus,
34,3,4,mlp,614,saab,saab,
34,3,4,mlp,624,saab,opel,
34,3,4,mlp,625,saab,saab,
34,3,4,mlp,641,bus,bus,
34,3,4,mlp,653,opel,saab,
34,3,4,mlp,660,van,van,
34,3,4,mlp,665,van,van,
34,3,4,mlp,671,opel,saab,
34,3,4,mlp,674,saab,saab,
34,3,4,mlp,682,van,van,
34,3,4,mlp,695,van,van,
34,3,4,mlp,711,saab,saab,
34,3,4,mlp,720,opel,saab,
34,3,4,mlp,723,opel,opel,
34,3,4,mlp,731,bus,bus,
34,3,4,mlp,745,bus,bus,
34,3,4,mlp,769,saab,saab,
34,3,4,mlp,773,bus,bus,
34,3,4,mlp,780,saab,saab,
34,3,4,mlp,825,opel,saab,
34,3,4,mlp,828,van,van,
34,3,4,mlp,832,saab,saab,
34,3,4,mlp,839,van,van,
34,3,4,rbf,8,van,van,
34,3,4,rbf,26,saab,van,
34,3,4,rbf,30,van,van,
34,3,4,rbf,39,bus,bus,
34,3,4,rbf,48,van,van,
34,3,4,rbf,86,van,van,
34,3,4,rbf,92,saab,saab,
34,3,4,rbf,95,opel,saab,
34,3,4,rbf,98,opel,saab,
34,3,4,rbf,104,bus,bus,
34,3,4,rbf,106,opel,saab,
34,3,4,rbf,116,opel,saab,
34,3,4,rbf,135,van,van,
34,3,4,rbf,143,bus,bus,
34,3,4,rbf,152,opel,saab,
34,3,4,rbf,163,saab,van,
34,3,4,rbf,167,saab,saab,
34,3,4,rbf,168,bus,bus,
34,3,4,rbf,172,van,van,
34,3,4,rbf,175,bus,bus,
34,3,4,rbf,176,opel,opel,
34,3,4,rbf,177,bus,van,
34,3,4,rbf,181,opel,opel,
34,3,4,rbf,189,opel,saab,
34,3,4,rbf,210,opel,saab,
34,3,4,rbf,221,van,van,
34,3,4,rbf,226,saab,saab,
34,3,4,rbf,240,opel,saab,
34,3,4,rbf,256,saab,opel,
34,3,4,rbf,258,saab,saab,
34,3,4,rbf,277,opel,van,
34,3,4,rbf,279,bus,bus,
34,3,4,rbf,298,saab,saab,
34,3,4,rbf,300,saab,opel,
34,3,4,rbf,312,bus,bus,
34,3,4,rbf,319,bus,bus,
34,3,4,rbf,351,saab,bus,
34,3,4,rbf,369,opel,opel,
34,3,4,rbf,372,van,van,
34,3,4,rbf,388,van,bus,
34,3,4,rbf,427,opel,saab,
34,3,4,rbf,431,bus,bus,
34,3,4,rbf,432,saab,opel,
34,3,4,rbf,464,bus,bus,
34,3,4,rbf,482,opel,saab,
34,3,4,rbf,491,saab,opel,
34,3,4,rbf,495,bus,bus,
34,3,4,rbf,500,opel,opel,
34,3,4,rbf,521,van,van,
34,3,4,rbf,529,bus,bus,
34,3,4,rbf,534,van,van,
34,3,4,rbf,538,opel,saab,
34,3,4,rbf,544,bus,van,
34,3,4,rbf,547,bus,van,
34,3,4,rbf,569,van,van,
34,3,4,rbf,572,van,van,
34,3,4,rbf,576,saab,saab,
34,3,4,rbf,582,saab,saab,
34,3,4,rbf,584,bus,bus,
34,3,4,rbf,585,van,van,
34,3,4,rbf,608,opel,saab,
34,3,4,rbf,613,bus,bus,
34,3,4,rbf,614,saab,opel,
34,3,4,rbf,624,saab,opel,
34,3,4,rbf,625,saab,saab,
34,3,4,rbf,641,bus,bus,
34,3,4,rbf,653,opel,saab,
34,3,4,rbf,660,van,van,
34,3,4,rbf,665,van,van,
34,3,4,rbf,671,opel,saab,
34,3,4,rbf,674,saab,saab,
34,3,4,rbf,682,van,van,
34,3,4,rbf,695,van,van,
34,3,4,rbf,711,saab,opel,
34,3,4,rbf,720,opel,saab,
34,3,4,rbf,723,opel,saab,
34,3,4,rbf,731,bus,bus,
34,3,4,rbf,745,bus,bus,
34,3,4,rbf,769,saab,saab,
34,3,4,rbf,773,bus,bus,
34,3,4,rbf,780,saab,saab,
34,3,4,rbf,825,opel,opel,
34,3,4,rbf,828,van,van,
34,3,4,rbf,832,saab,saab,
34,3,4,rbf,839,van,van,
34,3,4,svm_linear,8,van,van,
34,3,4,svm_linear,26,saab,saab,
34,3,4,svm_linear,30,van,van,
34,3,4,svm_linear,39,bus,bus,
34,3,4,svm_linear,48,van,van,
34,3,4,svm_linear,86,van,van,
34,3,4,svm_linear,92,saab,saab,
34,3,4,svm_linear,95,opel,opel,
34,3,4,svm_linear,98,opel,saab,
34,3,4,svm_linear,104,bus,bus,
34,3,4,svm_linear,106,opel,opel,
34,3,4,svm_linear,116,opel,saab,
34,3,4,svm_linear,135,van,van,
34,3,4,svm_linear,143,bus,bus,
34,3,4,svm_linear,152,opel,saab,
34,3,4,svm_linear,163,saab,bus,
34,3,4,svm_linear,167,saab,opel,
34,3,4,svm_linear,168,bus,bus,
34,3,4,svm_linear,172,van,van,
34,3,4,svm_linear,175,bus,bus,
34,3,4,svm_linear,176,opel,opel,
34,3,4,svm_linear,177,bus,van,
34,3,4,svm_linear,181,opel,opel,
34,3,4,svm_linear,189,opel,saab,
34,3,4,svm_linear,210,opel,opel,
34,3,4,svm_linear,221,van,van,
34,3,4,svm_linear,226,saab,opel,
34,3,4,svm_linear,240,opel,opel,
34,3,4,svm_linear,256,saab,opel,
34,3,4,svm_linear,258,saab,saab,
34,3,4,svm_linear,277,opel,saab,
34,3,4,svm_linear,279,bus,bus,
34,3,4,svm_linear,298,saab,saab,
34,3,4,svm_linear,300,saab,opel,
34,3,4,svm_linear,312,bus,bus,
34,3,4,svm_linear,319,bus,bus,
34,3,4,svm_linear,351,saab,saab,
34,3,4,svm_linear,369,opel,opel,
34,3,4,svm_linear,372,van,van,
34,3,4,svm_linear,388,van,van,
34,3,4,svm_linear,427,opel,opel,
34,3,4,svm_linear,431,bus,bus,
34,3,4,svm_linear,432,saab,opel,
34,3,4,svm_linear,464,bus,bus,
34,3,4,svm_linear,482,opel,saab,
34,3,4,svm_linear,491,saab,saab,
34,3,4,svm_linear,495,bus,bus,
34,3,4,svm_linear,500,opel,opel,
34,3,4,svm_linear,521,van,van,
34,3,4,svm_linear,529,bus,bus,
34,3,4,svm_linear,534,van,opel,
34,3,4,svm_linear,538,opel,opel,
34,3,4,svm_linear,544,bus,bus,
34,3,4,svm_linear,547,bus,bus,
34,3,4,svm_linear,569,van,van,
34,3,4,svm_linear,572,van,van,
34,3,4,svm_linear,576,saab,saab,
34,3,4,svm_linear,582,saab,opel,
34,3,4,svm_linear,584,bus,bus,
34,3,4,svm_linear,585,van,van,
34,3,4,svm_linear,608,opel,opel,
34,3,4,svm_linear,613,bus,bus,
34,3,4,svm_linear,614,saab,van,
34,3,4,svm_linear,624,saab,opel,
34,3,4,svm_linear,625,saab,opel,
34,3,4,svm_linear,641,bus,bus,
34,3,4,svm_linear,653,opel,opel,
34,3,4,svm_linear,660,van,van,
34,3,4,svm_linear,665,van,van,
34,3,4,svm_linear,671,opel,saab,
34,3,4,svm_linear,674,saab,saab,
34,3,4,svm_linear,682,van,van,
34,3,4,svm_linear,695,van,van,
34,3,4,svm_linear,711,saab,saab,
34,3,4,svm_linear,720,opel,saab,
34,3,4,svm_linear,723,opel,saab,
34,3,4,svm_linear,731,bus,bus,
34,3,4,svm_linear,745,bus,bus,
34,3,4,svm_linear,769,saab,saab,
34,3,4,svm_linear,773,bus,bus,
34,3,4,svm_linear,780,saab,saab,
34,3,4,svm_linear,825,opel,saab,
34,3,4,svm_linear,828,van,van,
34,3,4,svm_linear,832,saab,saab,
34,3,4,svm_linear,839,van,van,
34,3,4,svm_unscaled,8,van,van,
34,3,4,svm_unscaled,26,saab,opel,
34,3,4,svm_unscaled,30,van,van,
34,3,4,svm_unscaled,39,bus,bus,
34,3,4,svm_unscaled,48,van,van,
34,3,4,svm_unscaled,86,van,van,
34,3,4,svm_unscaled,92,saab,saab,
34,3,4,svm_unscaled,95,opel,opel,
34,3,4,svm_unscaled,98,opel,saab,
34,3,4,svm_unscaled,104,bus,bus,
34,3,4,svm_unscaled,106,opel,saab,
34,3,4,svm_unscaled,116,opel,opel,
34,3,4,svm_unscaled,135,van,van,
34,3,4,svm_unscaled,143,bus,bus,
34,3,4,svm_unscaled,152,opel,saab,
34,3,4,svm_unscaled,163,saab,van,
34,3,4,svm_unscaled,167,saab,saab,
34,3,4,svm_unscaled,168,bus,bus,
34,3,4,svm_unscaled,172,van,van,
34,3,4,svm_unscaled,175,bus,bus,
34,3,4,svm_unscaled,176,opel,opel,
34,3,4,svm_unscaled,177,bus,van,
34,3,4,svm_unscaled,181,opel,van,
34,3,4,svm_unscaled,189,opel,saab,
34,3,4,svm_unscaled,210,opel,saab,
34,3,4,svm_unscaled,221,van,van,
34,3,4,svm_unscaled,226,saab,opel,
34,3,4,svm_unscaled,240,opel,saab,
34,3,4,svm_unscaled,256,saab,saab,
34,3,4,svm_unscaled,258,saab,opel,
34,3,4,svm_unscaled,277,opel,van,
34,3,4,svm_unscaled,279,bus,bus,
34,3,4,svm_unscaled,298,saab,saab,
34,3,4,svm_unscaled,300,saab,opel,
34,3,4,svm_unscaled,312,bus,bus,
34,3,4,svm_unscaled,319,bus,bus,
34,3,4,svm_unscaled,351,saab,bus,
34,3,4,svm_unscaled,369,opel,saab,
34,3,4,svm_unscaled,372,van,van,
34,3,4,svm_unscaled,388,van,van,
34,3,4,svm_unscaled,427,opel,saab,
34,3,4,svm_unscaled,431,bus,bus,
34,3,4,svm_unscaled,432,saab,saab,
34,3,4,svm_unscaled,464,bus,bus,
34,3,4,svm_unscaled,482,opel,saab,
34,3,4,svm_unscaled,491,saab,saab,
34,3,4,svm_unscaled,495,bus,bus,
34,3,4,svm_unscaled,500,opel,opel,
34,3,4,svm_unscaled,521,van,van,
34,3,4,svm_unscaled,529,bus,bus,
34,3,4,svm_unscaled,534,van,van,
34,3,4,svm_unscaled,538,opel,opel,
34,3,4,svm_unscaled,544,bus,bus,
34,3,4,svm_unscaled,547,bus,van,
34,3,4,svm_unscaled,569,van,van,
34,3,4,svm_unscaled,572,van,van,
34,3,4,svm_unscaled,576,saab,opel,
34,3,4,svm_unscaled,582,saab,saab,
34,3,4,svm_unscaled,584,bus,bus,
34,3,4,svm_unscaled,585,van,van,
34,3,4,svm_unscaled,608,opel,van,
34,3,4,svm_unscaled,613,bus,bus,
34,3,4,svm_unscaled,614,saab,opel,
34,3,4,svm_unscaled,624,saab,saab,
34,3,4,svm_unscaled,625,saab,opel,
34,3,4,svm_unscaled,641,bus,bus,
34,3,4,svm_unscaled,653,opel,saab,
34,3,4,svm_unscaled,660,van,van,
34,3,4,svm_unscaled,665,van,van,
34,3,4,svm_unscaled,671,opel,saab,
34,3,4,svm_unscaled,674,saab,saab,
34,3,4,svm_unscaled,682,van,van,
34,3,4,svm_unscaled,695,van,van,
34,3,4,svm_unscaled,711,saab,saab,
34,3,4,svm_unscaled,720,opel,saab,
34,3,4,svm_unscaled,723,opel,saab,
34,3,4,svm_unscaled,731,bus,bus,
34,3,4,svm_unscaled,745,bus,bus,
34,3,4,svm_unscaled,769,saab,saab,
34,3,4,svm_unscaled,773,bus,bus,
34,3,4,svm_unscaled,780,saab,saab,
34,3,4,svm_unscaled,825,opel,saab,
34,3,4,svm_unscaled,828,van,van,
34,3,4,svm_unscaled,832,saab,saab,
34,3,4,svm_unscaled,839,van,van,
35,3,5,centroid,9,saab,opel,
35,3,5,centroid,16,van,van,
35,3,5,centroid,21,van,van,
35,3,5,centroid,38,saab,opel,
35,3,5,centroid,51,saab,van,
35,3,5,centroid,52,opel,opel,
35,3,5,centroid,63,bus,van,
35,3,5,centroid,78,bus,opel,
35,3,5,centroid,79,bus,bus,
35,3,5,centroid,105,saab,saab,
35,3,5,centroid,118,bus,van,
35,3,5,centroid,133,van,van,
35,3,5,centroid,136,van,bus,
35,3,5,centroid,156,opel,van,
35,3,5,centroid,165,opel,opel,
35,3,5,centroid,183,saab,van,
35,3,5,centroid,192,saab,van,
35,3,5,centroid,216,saab,bus,
35,3,5,centroid,239,bus,bus,
35,3,5,centroid,247,saab,opel,
35,3,5,centroid,259,opel,opel,
35,3,5,centroid,268,van,van,
35,3,5,centroid,271,saab,opel,
35,3,5,centroid,272,van,van,
35,3,5,centroid,290,van,van,
35,3,5,centroid,303,van,van,
35,3,5,centroid,304,bus,bus,
35,3,5,centroid,306,saab,saab,
35,3,5,centroid,325,bus,van,
35,3,5,centroid,327,opel,van,
35,3,5,centroid,330,van,van,
35,3,5,centroid,339,bus,van,
35,3,5,centroid,350,opel,opel,
35,3,5,centroid,357,saab,saab,
35,3,5,centroid,370,bus,bus,
35,3,5,centroid,380,opel,van,
35,3,5,centroid,399,van,van,
35,3,5,centroid,411,opel,van,
35,3,5,centroid,434,saab,opel,
35,3,5,centroid,463,opel,van,
35,3,5,centroid,473,opel,opel,
35,3,5,centroid,475,saab,opel,
35,3,5,centroid,477,van,bus,
35,3,5,centroid,487,saab,saab,
35,3,5,centroid,489,opel,opel,
35,3,5,centroid,497,van,van,
35,3,5,centroid,501,opel,opel,
35,3,5,centroid,508,van,saab,
35,3,5,centroid,515,opel,van,
35,3,5,centroid,517,saab,saab,
35,3,5,centroid,520,saab,opel,
35,3,5,centroid,553,bus,bus,
35,3,5,centroid,555,opel,opel,
35,3,5,centroid,560,opel,opel,
35,3,5,centroid,567,saab,bus,
35,3,5,centroid,598,bus,bus,
35,3,5,centroid,634,opel,van,
35,3,5,centroid,639,opel,saab,
35,3,5,centroid,658,van,van,
35,3,5,centroid,672,bus,opel,
35,3,5,centroid,684,bus,saab,
35,3,5,centroid,691,bus,van,
35,3,5,centroid,697,bus,van,
35,3,5,centroid,698,bus,van,
35,3,5,centroid,703,van,van,
35,3,5,centroid,714,bus,van,
35,3,5,centroid,724,van,van,
35,3,5,centroid,729,opel,opel,
35,3,5,centroid,747,bus,van,
35,3,5,centroid,752,bus,saab,
35,3,5,centroid,753,saab,van,
35,3,5,centroid,754,van,van,
35,3,5,centroid,756,saab,opel,
35,3,5,centroid,772,opel,opel,
35,3,5,centroid,781,van,van,
35,3,5,centroid,782,opel,opel,
35,3,5,centroid,785,bus,van,
35,3,5,centroid,792,opel,opel,
35,3,5,centroid,803,bus,saab,
35,3,5,centroid,809,saab,van,
35,3,5,centroid,813,van,bus,
35,3,5,centroid,816,van,bus,
35,3,5,centroid,827,opel,opel,
35,3,5,centroid,834,saab,van,
35,3,5,centroid,837,saab,saab,
35,3,5,knn,9,saab,saab,
35,3,5,knn,16,van,saab,
35,3,5,knn,21,van,van,
35,3,5,knn,38,saab,saab,
35,3,5,knn,51,saab,bus,
35,3,5,knn,52,opel,saab,
35,3,5,knn,63,bus,bus,
35,3,5,knn,78,bus,bus,
35,3,5,knn,79,bus,bus,
35,3,5,knn,105,saab,saab,
35,3,5,knn,118,bus,bus,
35,3,5,knn,133,van,van,
35,3,5,knn,136,van,van,
35,3,5,knn,156,opel,opel,
35,3,5,knn,165,opel,opel,
35,3,5,knn,183,saab,opel,
35,3,5,knn,192,saab,opel,
35,3,5,knn,216,saab,bus,
35,3,5,knn,239,bus,bus,
35,3,5,knn,247,saab,saab,
35,3,5,knn,259,opel,opel,
35,3,5,knn,268,van,van,
35,3,5,knn,271,saab,bus,
35,3,5,knn,272,van,van,
35,3,5,knn,290,van,van,
35,3,5,knn,303,van,van,
35,3,5,knn,304,bus,bus,
35,3,5,knn,306,saab,saab,
35,3,5,knn,325,bus,bus,
35,3,5,knn,327,opel,saab,
35,3,5,knn,330,van,saab,
35,3,5,knn,339,bus,bus,
35,3,5,knn,350,opel,opel,
35,3,5,knn,357,saab,saab,
35,3,5,knn,370,bus,bus,
35,3,5,knn,380,opel,saab,
35,3,5,knn,399,van,van,
35,3,5,knn,411,opel,opel,
35,3,5,knn,434,saab,opel,
35,3,5,knn,463,opel,bus,
35,3,5,knn,473,opel,saab,
35,3,5,knn,475,saab,saab,
35,3,5,knn,477,van,van,
35,3,5,knn,487,saab,opel,
35,3,5,knn,489,opel,opel,
35,3,5,knn,497,van,van,
35,3,5,knn,501,opel,opel,
35,3,5,knn,508,van,van,
35,3,5,knn,515,opel,opel,
35,3,5,knn,517,saab,saab,
35,3,5,knn,520,saab,saab,
35,3,5,knn,553,bus,bus,
35,3,5,knn,555,opel,saab,
35,3,5,knn,560,opel,opel,
35,3,5,knn,567,saab,saab,
35,3,5,knn,598,bus,bus,
35,3,5,knn,634,opel,van,
35,3,5,knn,639,opel,saab,
35,3,5,knn,658,van,saab,
35,3,5,knn,672,bus,bus,
35,3,5,knn,684,bus,bus,
35,3,5,knn,691,bus,bus,
35,3,5,knn,697,bus,bus,
35,3,5,knn,698,bus,bus,
35,3,5,knn,703,van,opel,
35,3,5,knn,714,bus,bus,
35,3,5,knn,724,van,van,
35,3,5,knn,729,opel,opel,
35,3,5,knn,747,bus,bus,
35,3,5,knn,752,bus,bus,
35,3,5,knn,753,saab,saab,
35,3,5,knn,754,van,van,
35,3,5,knn,756,saab,opel,
35,3,5,knn,772,opel,opel,
35,3,5,knn,781,van,van,
35,3,5,knn,782,opel,opel,
35,3,5,knn,785,bus,bus,
35,3,5,knn,792,opel,opel,
35,3,5,knn,803,bus,bus,
35,3,5,knn,809,saab,saab,
35,3,5,knn,813,van,van,
35,3,5,knn,816,van,van,
35,3,5,knn,827,opel,opel,
35,3,5,knn,834,saab,van,
35,3,5,knn,837,saab,opel,
35,3,5,svm,9,saab,saab,0.7502267777752407
35,3,5,svm,16,van,van,0.5262995616230065
35,3,5,svm,21,van,opel,0.38113091727318416
35,3,5,svm,38,saab,saab,0.3086426014244834
35,3,5,svm,51,saab,saab,0.11575283433349037
35,3,5,svm,52,opel,opel,0.9205400994354824
35,3,5,svm,63,bus,bus,1.391030857466914
35,3,5,svm,78,bus,bus,1.2031687813206364
35,3,5,svm,79,bus,bus,0.6192600871678929
35,3,5,svm,105,saab,saab,0.9998206428377461
35,3,5,svm,118,bus,bus,1.2902842025314696
35,3,5,svm,133,van,van,1.9133326755297677
35,3,5,svm,136,van,van,1.424707670184917
35,3,5,svm,156,opel,opel,0.0023001896442162995
35,3,5,svm,165,opel,opel,1.0880986301823423
35,3,5,svm,183,saab,opel,0.06998064121300362
35,3,5,svm,192,saab,opel,0.5618605727565762
35,3,5,svm,216,saab,opel,0.02176423446877296
35,3,5,svm,239,bus,bus,1.1340062718116988
35,3,5,svm,247,saab,opel,0.6589266268139435
35,3,5,svm,259,opel,opel,1.169860063027334
35,3,5,svm,268,van,van,1.2805529783820777
35,3,5,svm,271,saab,saab,0.7886324484583769
35,3,5,svm,272,van,van,1.0575548799667343
35,3,5,svm,290,van,van,1.3784789731630775
35,3,5,svm,303,van,van,0.6395611697083207
35,3,5,svm,304,bus,bus,0.8439756797361725
35,3,5,svm,306,saab,saab,1.2826376590431883
35,3,5,svm,325,bus,bus,1.5410203877519686
35,3,5,svm,327,opel,saab,0.5693395955834437
35,3,5,svm,330,van,van,0.6900503045291436
35,3,5,svm,339,bus,bus,1.1922205215880792
35,3,5,svm,350,opel,opel,0.9176452792925738
35,3,5,svm,357,saab,saab,1.125465480787671
35,3,5,svm,370,bus,bus,1.5854964090768986
35,3,5,svm,380,opel,opel,0.6139390002882059
35,3,5,svm,399,van,van,1.8176601562842274
35,3,5,svm,411,opel,opel,1.0935021362293953
35,3,5,svm,434,saab,saab,1.2447251352542663
35,3,5,svm,463,opel,saab,0.20966942692884283
35,3,5,svm,473,opel,opel,1.2442206176015773
35,3,5,svm,475,saab,opel,0.27764116404823813
35,3,5,svm,477,van,van,2.0394943751084975
35,3,5,svm,487,saab,saab,0.23627642362786938
35,3,5,svm,489,opel,opel,1.5106527567233967
35,3,5,svm,497,van,van,1.8553923383198003
35,3,5,svm,501,opel,opel,0.6255467741658107
35,3,5,svm,508,van,van,1.9727268172769952
35,3,5,svm,515,opel,opel,0.9690017235494442
35,3,5,svm,517,saab,saab,1.2333788225774085
35,3,5,svm,520,saab,opel,0.1551346119871595
35,3,5,svm,553,bus,bus,1.4400212133277224
35,3,5,svm,555,opel,saab,0.21744315465038433
35,3,5,svm,560,opel,opel,0.6412151958853589
35,3,5,svm,567,saab,saab,1.3283170228978798
35,3,5,svm,598,bus,bus,0.4364481163659908
35,3,5,svm,634,opel,saab,0.5938348982110321
35,3,5,svm,639,opel,opel,0.6148925535346161
35,3,5,svm,658,van,van,0.16583024771964072
35,3,5,svm,672,bus,opel,0.10723231269059152
35,3,5,svm,684,bus,bus,1.0619847688980681
35,3,5,svm,691,bus,bus,1.1635246810709146
35,3,5,svm,697,bus,bus,2.0778320575195375
35,3,5,svm,698,bus,bus,0.8172762336950681
35,3,5,svm,703,van,van,0.36284352771360406
35,3,5,svm,714,bus,bus,1.469378262604109
35,3,5,svm,724,van,van,1.5031698391777129
35,3,5,svm,729,opel,opel,0.6591098707269547
35,3,5,svm,747,bus,bus,1.1606345871537769
35,3,5,svm,752,bus,bus,1.2812963524990866
35,3,5,svm,753,saab,saab,0.662198150074306
35,3,5,svm,754,van,van,1.3826741784588714
35,3,5,svm,756,saab,saab,0.002202171860934854
35,3,5,svm,772,opel,opel,0.028186067838993356
35,3,5,svm,781,van,van,0.6601364760708829
35,3,5,svm,782,opel,opel,1.5620608170317982
35,3,5,svm,785,bus,bus,1.5321129019676705
35,3,5,svm,792,opel,opel,1.4079540062891724
35,3,5,svm,803,bus,bus,1.5021559641057087
35,3,5,svm,809,saab,saab,0.6990099405557229
35,3,5,svm,813,van,van,2.05875752392037
35,3,5,svm,816,van,van,2.1811238200183447
35,3,5,svm,827,opel,opel,0.9714318229634149
35,3,5,svm,834,saab,saab,0.06415237712817767
35,3,5,svm,837,saab,opel,0.09363198014925578
35,3,5,mlp,9,saab,opel,
35,3,5,mlp,16,van,van,
35,3,5,mlp,21,van,van,
35,3,5,mlp,38,saab,opel,
35,3,5,mlp,51,saab,saab,
35,3,5,mlp,52,opel,opel,
35,3,5,mlp,63,bus,bus,
35,3,5,mlp,78,bus,bus,
35,3,5,mlp,79,bus,bus,
35,3,5,mlp,105,saab,saab,
35,3,5,mlp,118,bus,bus,
35,3,5,mlp,133,van,van,
35,3,5,mlp,136,van,van,
35,3,5,mlp,156,opel,saab,
35,3,5,mlp,165,opel,opel,
35,3,5,mlp,183,saab,saab,
35,3,5,mlp,192,saab,opel,
35,3,5,mlp,216,saab,bus,
35,3,5,mlp,239,bus,bus,
35,3,5,mlp,247,saab,opel,
35,3,5,mlp,259,opel,opel,
35,3,5,mlp,268,van,van,
35,3,5,mlp,271,saab,saab,
35,3,5,mlp,272,van,van,
35,3,5,mlp,290,van,van,
35,3,5,mlp,303,van,van,
35,3,5,mlp,304,bus,bus,
35,3,5,mlp,306,saab,saab,
35,3,5,mlp,325,bus,bus,
35,3,5,mlp,327,opel,opel,
35,3,5,mlp,330,van,van,
35,3,5,mlp,339,bus,bus,
35,3,5,mlp,350,opel,opel,
35,3,5,mlp,357,saab,saab,
35,3,5,mlp,370,bus,bus,
35,3,5,mlp,380,opel,saab,
35,3,5,mlp,399,van,van,
35,3,5,mlp,411,opel,saab,
35,3,5,mlp,434,saab,saab,
35,3,5,mlp,463,opel,saab,
35,3,5,mlp,473,opel,saab,
35,3,5,mlp,475,saab,opel,
35,3,5,mlp,477,van,van,
35,3,5,mlp,487,saab,bus,
35,3,5,mlp,489,opel,saab,
35,3,5,mlp,497,van,van,
35,3,5,mlp,501,opel,opel,
35,3,5,mlp,508,van,van,
35,3,5,mlp,515,opel,bus,
35,3,5,mlp,517,saab,saab,
35,3,5,mlp,520,saab,opel,
35,3,5,mlp,553,bus,bus,
35,3,5,mlp,555,opel,opel,
35,3,5,mlp,560,opel,opel,
35,3,5,mlp,567,saab,opel,
35,3,5,mlp,598,bus,bus,
35,3,5,mlp,634,opel,saab,
35,3,5,mlp,639,opel,saab,
35,3,5,mlp,658,van,van,
35,3,5,mlp,672,bus,bus,
35,3,5,mlp,684,bus,bus,
35,3,5,mlp,691,bus,bus,
35,3,5,mlp,697,bus,bus,
35,3,5,mlp,698,bus,bus,
35,3,5,mlp,703,van,van,
35,3,5,mlp,714,bus,bus,
35,3,5,mlp,724,van,van,
35,3,5,mlp,729,opel,opel,
35,3,5,mlp,747,bus,bus,
35,3,5,mlp,752,bus,bus,
35,3,5,mlp,753,saab,saab,
35,3,5,mlp,754,van,van,
35,3,5,mlp,756,saab,opel,
35,3,5,mlp,772,opel,opel,
35,3,5,mlp,781,van,van,
35,3,5,mlp,782,opel,opel,
35,3,5,mlp,785,bus,bus,
35,3,5,mlp,792,opel,opel,
35,3,5,mlp,803,bus,bus,
35,3,5,mlp,809,saab,saab,
35,3,5,mlp,813,van,van,
35,3,5,mlp,816,van,van,
35,3,5,mlp,827,opel,opel,
35,3,5,mlp,834,saab,saab,
35,3,5,mlp,837,saab,opel,
35,3,5,rbf,9,saab,opel,
35,3,5,rbf,16,van,van,
35,3,5,rbf,21,van,van,
35,3,5,rbf,38,saab,opel,
35,3,5,rbf,51,saab,bus,
35,3,5,rbf,52,opel,opel,
35,3,5,rbf,63,bus,bus,
35,3,5,rbf,78,bus,bus,
35,3,5,rbf,79,bus,bus,
35,3,5,rbf,105,saab,saab,
35,3,5,rbf,118,bus,bus,
35,3,5,rbf,133,van,van,
35,3,5,rbf,136,van,van,
35,3,5,rbf,156,opel,opel,
35,3,5,rbf,165,opel,opel,
35,3,5,rbf,183,saab,van,
35,3,5,rbf,192,saab,van,
35,3,5,rbf,216,saab,bus,
35,3,5,rbf,239,bus,bus,
35,3,5,rbf,247,saab,opel,
35,3,5,rbf,259,opel,opel,
35,3,5,rbf,268,van,van,
35,3,5,rbf,271,saab,bus,
35,3,5,rbf,272,van,van,
35,3,5,rbf,290,van,van,
35,3,5,rbf,303,van,van,
35,3,5,rbf,304,bus,bus,
35,3,5,rbf,306,saab,saab,
35,3,5,rbf,325,bus,bus,
35,3,5,rbf,327,opel,opel,
35,3,5,rbf,330,van,van,
35,3,5,rbf,339,bus,bus,
35,3,5,rbf,350,opel,opel,
35,3,5,rbf,357,saab,saab,
35,3,5,rbf,370,bus,bus,
35,3,5,rbf,380,opel,bus,
35,3,5,rbf,399,van,van,
35,3,5,rbf,411,opel,opel,
35,3,5,rbf,434,saab,saab,
35,3,5,rbf,463,opel,bus,
35,3,5,rbf,473,opel,opel,
35,3,5,rbf,475,saab,opel,
35,3,5,rbf,477,van,van,
35,3,5,rbf,487,saab,bus,
35,3,5,rbf,489,opel,saab,
35,3,5,rbf,497,van,van,
35,3,5,rbf,501,opel,opel,
35,3,5,rbf,508,van,van,
35,3,5,rbf,515,opel,bus,
35,3,5,rbf,517,saab,saab,
35,3,5,rbf,520,saab,opel,
35,3,5,rbf,553,bus,bus,
35,3,5,rbf,555,opel,opel,
35,3,5,rbf,560,opel,opel,
35,3,5,rbf,567,saab,opel,
35,3,5,rbf,598,bus,bus,
35,3,5,rbf,634,opel,bus,
35,3,5,rbf,639,opel,saab,
35,3,5,rbf,658,van,van,
35,3,5,rbf,672,bus,bus,
35,3,5,rbf,684,bus,bus,
35,3,5,rbf,691,bus,bus,
35,3,5,rbf,697,bus,bus,
35,3,5,rbf,698,bus,bus,
35,3,5,rbf,703,van,van,
35,3,5,rbf,714,bus,bus,
35,3,5,rbf,724,van,van,
35,3,5,rbf,729,opel,saab,
35,3,5,rbf,747,bus,bus,
35,3,5,rbf,752,bus,bus,
35,3,5,rbf,753,saab,opel,
35,3,5,rbf,754,van,van,
35,3,5,rbf,756,saab,opel,
35,3,5,rbf,772,opel,opel,
35,3,5,rbf,781,van,van,
35,3,5,rbf,782,opel,opel,
35,3,5,rbf,785,bus,bus,
35,3,5,rbf,792,opel,opel,
35,3,5,rbf,803,bus,bus,
35,3,5,rbf,809,saab,bus,
35,3,5,rbf,813,van,van,
35,3,5,rbf,816,van,van,
35,3,5,rbf,827,opel,opel,
35,3,5,rbf,834,saab,saab,
35,3,5,rbf,837,saab,opel,
35,3,5,svm_linear,9,saab,opel,
35,3,5,svm_linear,16,van,van,
35,3,5,svm_linear,21,van,van,
35,3,5,svm_linear,38,saab,saab,
35,3,5,svm_linear,51,saab,bus,
35,3,5,svm_linear,52,opel,opel,
35,3,5,svm_linear,63,bus,bus,
35,3,5,svm_linear,78,bus,bus,
35,3,5,svm_linear,79,bus,bus,
35,3,5,svm_linear,105,saab,saab,
35,3,5,svm_linear,118,bus,bus,
35,3,5,svm_linear,133,van,van,
35,3,5,svm_linear,136,van,van,
35,3,5,svm_linear,156,opel,opel,
35,3,5,svm_linear,165,opel,opel,
35,3,5,svm_linear,183,saab,saab,
35,3,5,svm_linear,192,saab,saab,
35,3,5,svm_linear,216,saab,opel,
35,3,5,svm_linear,239,bus,bus,
35,3,5,svm_linear,247,saab,opel,
35,3,5,svm_linear,259,opel,opel,
35,3,5,svm_linear,268,van,van,
35,3,5,svm_linear,271,saab,saab,
35,3,5,svm_linear,272,van,van,
35,3,5,svm_linear,290,van,van,
35,3,5,svm_linear,303,van,van,
35,3,5,svm_linear,304,bus,bus,
35,3,5,svm_linear,306,saab,saab,
35,3,5,svm_linear,325,bus,bus,
35,3,5,svm_linear,327,opel,opel,
35,3,5,svm_linear,330,van,van,
35,3,5,svm_linear,339,bus,bus,
35,3,5,svm_linear,350,opel,opel,
35,3,5,svm_linear,357,saab,saab,
35,3,5,svm_linear,370,bus,bus,
35,3,5,svm_linear,380,opel,saab,
35,3,5,svm_linear,399,van,van,
35,3,5,svm_linear,411,opel,opel,
35,3,5,svm_linear,434,saab,saab,
35,3,5,svm_linear,463,opel,saab,
35,3,5,svm_linear,473,opel,opel,
35,3,5,svm_linear,475,saab,opel,
35,3,5,svm_linear,477,van,van,
35,3,5,svm_linear,487,saab,saab,
35,3,5,svm_linear,489,opel,opel,
35,3,5,svm_linear,497,van,van,
35,3,5,svm_linear,501,opel,opel,
35,3,5,svm_linear,508,van,van,
35,3,5,svm_linear,515,opel,saab,
35,3,5,svm_linear,517,saab,saab,
35,3,5,svm_linear,520,saab,opel,
35,3,5,svm_linear,553,bus,bus,
35,3,5,svm_linear,555,opel,opel,
35,3,5,svm_linear,560,opel,opel,
35,3,5,svm_linear,567,saab,saab,
35,3,5,svm_linear,598,bus,bus,
35,3,5,svm_linear,634,opel,saab,
35,3,5,svm_linear,639,opel,opel,
35,3,5,svm_linear,658,van,van,
35,3,5,svm_linear,672,bus,bus,
35,3,5,svm_linear,684,bus,bus,
35,3,5,svm_linear,691,bus,bus,
35,3,5,svm_linear,697,bus,bus,
35,3,5,svm_linear,698,bus,bus,
35,3,5,svm_linear,703,van,van,
35,3,5,svm_linear,714,bus,bus,
35,3,5,svm_linear,724,van,van,
35,3,5,svm_linear,729,opel,saab,
35,3,5,svm_linear,747,bus,opel,
35,3,5,svm_linear,752,bus,bus,
35,3,5,svm_linear,753,saab,saab,
35,3,5,svm_linear,754,van,van,
35,3,5,svm_linear,756,saab,opel,
35,3,5,svm_linear,772,opel,saab,
35,3,5,svm_linear,781,van,van,
35,3,5,svm_linear,782,opel,opel,
35,3,5,svm_linear,785,bus,bus,
35,3,5,svm_linear,792,opel,opel,
35,3,5,svm_linear,803,bus,bus,
35,3,5,svm_linear,809,saab,bus,
35,3,5,svm_linear,813,van,van,
35,3,5,svm_linear,816,van,van,
35,3,5,svm_linear,827,opel,opel,
35,3,5,svm_linear,834,saab,bus,
35,3,5,svm_linear,837,saab,saab,
35,3,5,svm_unscaled,9,saab,opel,
35,3,5,svm_unscaled,16,van,van,
35,3,5,svm_unscaled,21,van,van,
35,3,5,svm_unscaled,38,saab,opel,
35,3,5,svm_unscaled,51,saab,opel,
35,3,5,svm_unscaled,52,opel,opel,
35,3,5,svm_unscaled,63,bus,bus,
35,3,5,svm_unscaled,78,bus,bus,
35,3,5,svm_unscaled,79,bus,bus,
35,3,5,svm_unscaled,105,saab,saab,
35,3,5,svm_unscaled,118,bus,bus,
35,3,5,svm_unscaled,133,van,van,
35,3,5,svm_unscaled,136,van,van,
35,3,5,svm_unscaled,156,opel,opel,
35,3,5,svm_unscaled,165,opel,opel,
35,3,5,svm_unscaled,183,saab,saab,
35,3,5,svm_unscaled,192,saab,saab,
35,3,5,svm_unscaled,216,saab,bus,
35,3,5,svm_unscaled,239,bus,bus,
35,3,5,svm_unscaled,247,saab,opel,
35,3,5,svm_unscaled,259,opel,opel,
35,3,5,svm_unscaled,268,van,van,
35,3,5,svm_unscaled,271,saab,saab,
35,3,5,svm_unscaled,272,van,van,
35,3,5,svm_unscaled,290,van,van,
35,3,5,svm_unscaled,303,van,van,
35,3,5,svm_unscaled,304,bus,bus,
35,3,5,svm_unscaled,306,saab,saab,
35,3,5,svm_unscaled,325,bus,bus,
35,3,5,svm_unscaled,327,opel,opel,
35,3,5,svm_unscaled,330,van,van,
35,3,5,svm_unscaled,339,bus,bus,
35,3,5,svm_unscaled,350,opel,opel,
35,3,5,svm_unscaled,357,saab,saab,
35,3,5,svm_unscaled,370,bus,bus,
35,3,5,svm_unscaled,380,opel,bus,
35,3,5,svm_unscaled,399,van,van,
35,3,5,svm_unscaled,411,opel,van,
35,3,5,svm_unscaled,434,saab,saab,
35,3,5,svm_unscaled,463,opel,bus,
35,3,5,svm_unscaled,473,opel,opel,
35,3,5,svm_unscaled,475,saab,opel,
35,3,5,svm_unscaled,477,van,van,
35,3,5,svm_unscaled,487,saab,saab,
35,3,5,svm_unscaled,489,opel,opel,
35,3,5,svm_unscaled,497,van,van,
35,3,5,svm_unscaled,501,opel,opel,
35,3,5,svm_unscaled,508,van,van,
35,3,5,svm_unscaled,515,opel,saab,
35,3,5,svm_unscaled,517,saab,saab,
35,3,5,svm_unscaled,520,saab,opel,
35,3,5,svm_unscaled,553,bus,bus,
35,3,5,svm_unscaled,555,opel,opel,
35,3,5,svm_unscaled,560,opel,opel,
35,3,5,svm_unscaled,567,saab,saab,
35,3,5,svm_unscaled,598,bus,bus,
35,3,5,svm_unscaled,634,opel,saab,
35,3,5,svm_unscaled,639,opel,saab,
35,3,5,svm_unscaled,658,van,van,
35,3,5,svm_unscaled,672,bus,bus,
35,3,5,svm_unscaled,684,bus,bus,
35,3,5,svm_unscaled,691,bus,bus,
35,3,5,svm_unscaled,697,bus,bus,
35,3,5,svm_unscaled,698,bus,bus,
35,3,5,svm_unscaled,703,van,van,
35,3,5,svm_unscaled,714,bus,bus,
35,3,5,svm_unscaled,724,van,van,
35,3,5,svm_unscaled,729,opel,opel,
35,3,5,svm_unscaled,747,bus,bus,
35,3,5,svm_unscaled,752,bus,bus,
35,3,5,svm_unscaled,753,saab,opel,
35,3,5,svm_unscaled,754,van,van,
35,3,5,svm_unscaled,756,saab,opel,
35,3,5,svm_unscaled,772,opel,opel,
35,3,5,svm_unscaled,781,van,van,
35,3,5,svm_unscaled,782,opel,opel,
35,3,5,svm_unscaled,785,bus,bus,
35,3,5,svm_unscaled,792,opel,opel,
35,3,5,svm_unscaled,803,bus,bus,
35,3,5,svm_unscaled,809,saab,bus,
35,3,5,svm_unscaled,813,van,van,
35,3,5,svm_unscaled,816,van,van,
35,3,5,svm_unscaled,827,opel,opel,
35,3,5,svm_unscaled,834,saab,saab,
35,3,5,svm_unscaled,837,saab,saab,
36,3,6,centroid,2,saab,saab,
36,3,6,centroid,31,saab,van,
36,3,6,centroid,34,opel,saab,
36,3,6,centroid,70,opel,opel,
36,3,6,centroid,72,opel,saab,
36,3,6,centroid,76,saab,bus,
36,3,6,centroid,93,van,bus,
36,3,6,centroid,114,van,van,
36,3,6,centroid,120,saab,van,
36,3,6,centroid,126,bus,van,
36,3,6,centroid,137,van,van,
36,3,6,centroid,149,van,van,
36,3,6,centroid,159,opel,van,
36,3,6,centroid,162,saab,saab,
36,3,6,centroid,173,bus,opel,
36,3,6,centroid,180,saab,opel,
36,3,6,centroid,194,saab,van,
36,3,6,centroid,195,bus,bus,
36,3,6,centroid,204,van,van,
36,3,6,centroid,213,bus,opel,
36,3,6,centroid,224,saab,van,
36,3,6,centroid,227,van,van,
36,3,6,centroid,228,saab,saab,
36,3,6,centroid,229,saab,bus,
36,3,6,centroid,232,bus,bus,
36,3,6,centroid,238,opel,opel,
36,3,6,centroid,246,bus,van,
36,3,6,centroid,250,van,van,
36,3,6,centroid,252,van,van,
36,3,6,centroid,275,bus,van,
36,3,6,centroid,294,bus,opel,
36,3,6,centroid,307,opel,opel,
36,3,6,centroid,313,opel,opel,
36,3,6,centroid,323,saab,opel,
36,3,6,centroid,337,bus,opel,
36,3,6,centroid,338,van,saab,
36,3,6,centroid,345,bus,opel,
36,3,6,centroid,356,bus,van,
36,3,6,centroid,365,saab,saab,
36,3,6,centroid,381,bus,opel,
36,3,6,centroid,389,opel,opel,
36,3,6,centroid,392,van,van,
36,3,6,centroid,396,bus,opel,
36,3,6,centroid,417,bus,van,
36,3,6,centroid,421,opel,opel,
36,3,6,centroid,424,opel,saab,
36,3,6,centroid,428,saab,saab,
36,3,6,centroid,435,van,van,
36,3,6,centroid,442,van,van,
36,3,6,centroid,451,opel,van,
36,3,6,centroid,471,opel,opel,
36,3,6,centroid,476,opel,opel,
36,3,6,centroid,479,bus,bus,
36,3,6,centroid,480,saab,opel,
36,3,6,centroid,481,opel,opel,
36,3,6,centroid,485,bus,bus,
36,3,6,centroid,496,opel,opel,
36,3,6,centroid,498,van,van,
36,3,6,centroid,562,saab,opel,
36,3,6,centroid,566,saab,opel,
36,3,6,centroid,573,van,bus,
36,3,6,centroid,600,bus,saab,
36,3,6,centroid,603,saab,saab,
36,3,6,centroid,616,opel,van,
36,3,6,centroid,618,van,van,
36,3,6,centroid,628,bus,saab,
36,3,6,centroid,642,saab,opel,
36,3,6,centroid,643,bus,saab,
36,3,6,centroid,678,bus,bus,
36,3,6,centroid,687,bus,opel,
36,3,6,centroid,692,saab,saab,
36,3,6,centroid,707,van,van,
36,3,6,centroid,708,van,bus,
36,3,6,centroid,718,opel,opel,
36,3,6,centroid,732,van,van,
36,3,6,centroid,741,bus,van,
36,3,6,centroid,779,van,van,
36,3,6,centroid,789,saab,bus,
36,3,6,centroid,796,opel,van,
36,3,6,centroid,802,opel,saab,
36,3,6,centroid,804,opel,opel,
36,3,6,centroid,817,saab,saab,
36,3,6,centroid,826,opel,saab,
36,3,6,centroid,829,van,bus,
36,3,6,knn,2,saab,saab,
36,3,6,knn,31,saab,van,
36,3,6,knn,34,opel,saab,
36,3,6,knn,70,opel,opel,
36,3,6,knn,72,opel,saab,
36,3,6,knn,76,saab,opel,
36,3,6,knn,93,van,van,
36,3,6,knn,114,van,van,
36,3,6,knn,120,saab,saab,
36,3,6,knn,126,bus,bus,
36,3,6,knn,137,van,van,
36,3,6,knn,149,van,saab,
36,3,6,knn,159,opel,saab,
36,3,6,knn,162,saab,opel,
36,3,6,knn,173,bus,bus,
36,3,6,knn,180,saab,saab,
36,3,6,knn,194,saab,saab,
36,3,6,knn,195,bus,bus,
36,3,6,knn,204,van,van,
36,3,6,knn,213,bus,bus,
36,3,6,knn,224,saab,saab,
36,3,6,knn,227,van,van,
36,3,6,knn,228,saab,saab,
36,3,6,knn,229,saab,bus,
36,3,6,knn,232,bus,bus,
36,3,6,knn,238,opel,opel,
36,3,6,knn,246,bus,bus,
36,3,6,knn,250,van,van,
36,3,6,knn,252,van,van,
36,3,6,knn,275,bus,bus,
36,3,6,knn,294,bus,bus,
36,3,6,knn,307,opel,saab,
36,3,6,knn,313,opel,opel,
36,3,6,knn,323,saab,saab,
36,3,6,knn,337,bus,bus,
36,3,6,knn,338,van,van,
36,3,6,knn,345,bus,bus,
36,3,6,knn,356,bus,bus,
36,3,6,knn,365,saab,saab,
36,3,6,knn,381,bus,bus,
36,3,6,knn,389,opel,opel,
36,3,6,knn,392,van,van,
36,3,6,knn,396,bus,bus,
36,3,6,knn,417,bus,bus,
36,3,6,knn,421,opel,opel,
36,3,6,knn,424,opel,saab,
36,3,6,knn,428,saab,saab,
36,3,6,knn,435,van,van,
36,3,6,knn,442,van,van,
36,3,6,knn,451,opel,saab,
36,3,6,knn,471,opel,saab,
36,3,6,knn,476,opel,opel,
36,3,6,knn,479,bus,bus,
36,3,6,knn,480,saab,opel,
36,3,6,knn,481,opel,saab,
36,3,6,knn,485,bus,bus,
36,3,6,knn,496,opel,saab,
36,3,6,knn,498,van,van,
36,3,6,knn,562,saab,saab,
36,3,6,knn,566,saab,saab,
36,3,6,knn,573,van,van,
36,3,6,knn,600,bus,bus,
36,3,6,knn,603,saab,opel,
36,3,6,knn,616,opel,opel,
36,3,6,knn,618,van,van,
36,3,6,knn,628,bus,bus,
36,3,6,knn,642,saab,opel,
36,3,6,knn,643,bus,bus,
36,3,6,knn,678,bus,bus,
36,3,6,knn,687,bus,bus,
36,3,6,knn,692,saab,opel,
36,3,6,knn,707,van,van,
36,3,6,knn,708,van,van,
36,3,6,knn,718,opel,saab,
36,3,6,knn,732,van,van,
36,3,6,knn,741,bus,bus,
36,3,6,knn,779,van,van,
36,3,6,knn,789,saab,saab,
36,3,6,knn,796,opel,van,
36,3,6,knn,802,opel,opel,
36,3,6,knn,804,opel,saab,
36,3,6,knn,817,saab,saab,
36,3,6,knn,826,opel,saab,
36,3,6,knn,829,van,van,
36,3,6,svm,2,saab,saab,1.0511879530973565
36,3,6,svm,31,saab,van,0.0921701058592011
36,3,6,svm,34,opel,saab,0.38508239749018003
36,3,6,svm,70,opel,opel,1.1284185496192272
36,3,6,svm,72,opel,saab,1.899380996270484
36,3,6,svm,76,saab,opel,0.3753423457802274
36,3,6,svm,93,van,van,2.023624732294633
36,3,6,svm,114,van,van,2.311388768188484
36,3,6,svm,120,saab,saab,1.3573029741641551
36,3,6,svm,126,bus,bus,1.2650587400293012
36,3,6,svm,137,van,van,1.912791899800594
36,3,6,svm,149,van,van,0.5321058950944828
36,3,6,svm,159,opel,saab,0.48212142847251194
36,3,6,svm,162,saab,saab,0.8650464467288934
36,3,6,svm,173,bus,bus,0.9827863334775737
36,3,6,svm,180,saab,saab,1.0019431596675412
36,3,6,svm,194,saab,saab,2.3046039293402996
36,3,6,svm,195,bus,bus,1.2247717921514332
36,3,6,svm,204,van,van,1.4898054573386121
36,3,6,svm,213,bus,bus,1.3974378850165428
36,3,6,svm,224,saab,saab,0.11790007212849929
36,3,6,svm,227,van,van,1.2680219579499437
36,3,6,svm,228,saab,saab,1.2550001706246903
36,3,6,svm,229,saab,saab,0.6199050397182457
36,3,6,svm,232,bus,bus,1.8696786411910504
36,3,6,svm,238,opel,opel,1.3522003198320345
36,3,6,svm,246,bus,bus,1.5488414579334129
36,3,6,svm,250,van,van,1.5296878577487505
36,3,6,svm,252,van,van,0.9436589823977604
36,3,6,svm,275,bus,bus,1.2423082447710754
36,3,6,svm,294,bus,bus,1.3613790179628813
36,3,6,svm,307,opel,opel,1.777401908101024
36,3,6,svm,313,opel,saab,1.1133927892206907
36,3,6,svm,323,saab,saab,1.0589883935146016
36,3,6,svm,337,bus,bus,1.4591277679751533
36,3,6,svm,338,van,van,0.6364338621916035
36,3,6,svm,345,bus,bus,1.337581493597733
36,3,6,svm,356,bus,bus,1.3909961484033118
36,3,6,svm,365,saab,saab,1.122151759808944
36,3,6,svm,381,bus,bus,1.048222161902169
36,3,6,svm,389,opel,opel,1.152525000058604
36,3,6,svm,392,van,van,2.4463436406622265
36,3,6,svm,396,bus,bus,0.9815325353607923
36,3,6,svm,417,bus,bus,1.1798462283352733
36,3,6,svm,421,opel,opel,1.77892571031958
36,3,6,svm,424,opel,saab,0.31229818486524863
36,3,6,svm,428,saab,saab,1.3909456758629866
36,3,6,svm,435,van,van,0.5046116565770433
36,3,6,svm,442,van,van,1.660548048935197
36,3,6,svm,451,opel,saab,1.014291823385771
36,3,6,svm,471,opel,opel,0.39995830558413115
36,3,6,svm,476,opel,opel,1.198688761724954
36,3,6,svm,479,bus,bus,1.1415803661422086
36,3,6,svm,480,saab,opel,0.08070179281910761
36,3,6,svm,481,opel,opel,1.0259073508350463
36,3,6,svm,485,bus,bus,1.8274543069583986
36,3,6,svm,496,opel,saab,0.8172173728491674
36,3,6,svm,498,van,van,1.6619640733914338
36,3,6,svm,562,saab,saab,0.7414210051392045
36,3,6,svm,566,saab,saab,1.0100964203891405
36,3,6,svm,573,van,van,1.9174531756290307
36,3,6,svm,600,bus,bus,1.07475637497686
36,3,6,svm,603,saab,saab,0.5268431476900766
36,3,6,svm,616,opel,opel,0.16356584705853083
36,3,6,svm,618,van,van,2.0761211606383525
36,3,6,svm,628,bus,bus,0.9307812169891505
36,3,6,svm,642,saab,saab,0.5300407535520941
36,3,6,svm,643,bus,bus,0.8810468493697796
36,3,6,svm,678,bus,bus,1.1743964150235366
36,3,6,svm,687,bus,bus,0.6473320904578744
36,3,6,svm,692,saab,saab,0.9613008078921199
36,3,6,svm,707,van,van,1.0830806799525157
36,3,6,svm,708,van,van,1.4235169281046975
36,3,6,svm,718,opel,opel,0.07485976776592773
36,3,6,svm,732,van,van,1.8549021221908704
36,3,6,svm,741,bus,bus,1.3105932430765916
36,3,6,svm,779,van,van,2.181098135146264
36,3,6,svm,789,saab,saab,1.1105423680084954
36,3,6,svm,796,opel,opel,0.7859612755556402
36,3,6,svm,802,opel,saab,1.297940223969409
36,3,6,svm,804,opel,opel,1.7154642839531207
36,3,6,svm,817,saab,saab,1.2874748172381296
36,3,6,svm,826,opel,opel,1.5303078757240756
36,3,6,svm,829,van,van,1.5652646254245626
36,3,6,mlp,2,saab,saab,
36,3,6,mlp,31,saab,van,
36,3,6,mlp,34,opel,saab,
36,3,6,mlp,70,opel,opel,
36,3,6,mlp,72,opel,saab,
36,3,6,mlp,76,saab,opel,
36,3,6,mlp,93,van,van,
36,3,6,mlp,114,van,van,
36,3,6,mlp,120,saab,saab,
36,3,6,mlp,126,bus,bus,
36,3,6,mlp,137,van,van,
36,3,6,mlp,149,van,bus,
36,3,6,mlp,159,opel,opel,
36,3,6,mlp,162,saab,saab,
36,3,6,mlp,173,bus,bus,
36,3,6,mlp,180,saab,opel,
36,3,6,mlp,194,saab,saab,
36,3,6,mlp,195,bus,bus,
36,3,6,mlp,204,van,van,
36,3,6,mlp,213,bus,bus,
36,3,6,mlp,224,saab,opel,
36,3,6,mlp,227,van,van,
36,3,6,mlp,228,saab,saab,
36,3,6,mlp,229,saab,bus,
36,3,6,mlp,232,bus,bus,
36,3,6,mlp,238,opel,opel,
36,3,6,mlp,246,bus,bus,
36,3,6,mlp,250,van,van,
36,3,6,mlp,252,van,van,
36,3,6,mlp,275,bus,bus,
36,3,6,mlp,294,bus,bus,
36,3,6,mlp,307,opel,opel,
36,3,6,mlp,313,opel,saab,
36,3,6,mlp,323,saab,saab,
36,3,6,mlp,337,bus,bus,
36,3,6,mlp,338,van,van,
36,3,6,mlp,345,bus,bus,
36,3,6,mlp,356,bus,bus,
36,3,6,mlp,365,saab,saab,
36,3,6,mlp,381,bus,bus,
36,3,6,mlp,389,opel,opel,
36,3,6,mlp,392,van,van,
36,3,6,mlp,396,bus,bus,
36,3,6,mlp,417,bus,bus,
36,3,6,mlp,421,opel,opel,
36,3,6,mlp,424,opel,saab,
36,3,6,mlp,428,saab,saab,
36,3,6,mlp,435,van,van,
36,3,6,mlp,442,van,van,
36,3,6,mlp,451,opel,saab,
36,3,6,mlp,471,opel,saab,
36,3,6,mlp,476,opel,opel,
36,3,6,mlp,479,bus,bus,
36,3,6,mlp,480,saab,opel,
36,3,6,mlp,481,opel,opel,
36,3,6,mlp,485,bus,bus,
36,3,6,mlp,496,opel,saab,
36,3,6,mlp,498,van,van,
36,3,6,mlp,562,saab,saab,
36,3,6,mlp,566,saab,saab,
36,3,6,mlp,573,van,van,
36,3,6,mlp,600,bus,bus,
36,3,6,mlp,603,saab,saab,
36,3,6,mlp,616,opel,saab,
36,3,6,mlp,618,van,van,
36,3,6,mlp,628,bus,bus,
36,3,6,mlp,642,saab,saab,
36,3,6,mlp,643,bus,bus,
36,3,6,mlp,678,bus,bus,
36,3,6,mlp,687,bus,bus,
36,3,6,mlp,692,saab,saab,
36,3,6,mlp,707,van,van,
36,3,6,mlp,708,van,van,
36,3,6,mlp,718,opel,saab,
36,3,6,mlp,732,van,bus,
36,3,6,mlp,741,bus,bus,
36,3,6,mlp,779,van,saab,
36,3,6,mlp,789,saab,saab,
36,3,6,mlp,796,opel,saab,
36,3,6,mlp,802,opel,bus,
36,3,6,mlp,804,opel,saab,
36,3,6,mlp,817,saab,saab,
36,3,6,mlp,826,opel,saab,
36,3,6,mlp,829,van,van,
36,3,6,rbf,2,saab,saab,
36,3,6,rbf,31,saab,van,
36,3,6,rbf,34,opel,opel,
36,3,6,rbf,70,opel,opel,
36,3,6,rbf,72,opel,saab,
36,3,6,rbf,76,saab,saab,
36,3,6,rbf,93,van,van,
36,3,6,rbf,114,van,van,
36,3,6,rbf,120,saab,saab,
36,3,6,rbf,126,bus,bus,
36,3,6,rbf,137,van,van,
36,3,6,rbf,149,van,van,
36,3,6,rbf,159,opel,opel,
36,3,6,rbf,162,saab,saab,
36,3,6,rbf,173,bus,bus,
36,3,6,rbf,180,saab,opel,
36,3,6,rbf,194,saab,saab,
36,3,6,rbf,195,bus,bus,
36,3,6,rbf,204,van,van,
36,3,6,rbf,213,bus,bus,
36,3,6,rbf,224,saab,bus,
36,3,6,rbf,227,van,van,
36,3,6,rbf,228,saab,saab,
36,3,6,rbf,229,saab,bus,
36,3,6,rbf,232,bus,bus,
36,3,6,rbf,238,opel,opel,
36,3,6,rbf,246,bus,bus,
36,3,6,rbf,250,van,van,
36,3,6,rbf,252,van,van,
36,3,6,rbf,275,bus,bus,
36,3,6,rbf,294,bus,bus,
36,3,6,rbf,307,opel,saab,
36,3,6,rbf,313,opel,saab,
36,3,6,rbf,323,saab,saab,
36,3,6,rbf,337,bus,bus,
36,3,6,rbf,338,van,van,
36,3,6,rbf,345,bus,bus,
36,3,6,rbf,356,bus,bus,
36,3,6,rbf,365,saab,saab,
36,3,6,rbf,381,bus,bus,
36,3,6,rbf,389,opel,opel,
36,3,6,rbf,392,van,van,
36,3,6,rbf,396,bus,bus,
36,3,6,rbf,417,bus,bus,
36,3,6,rbf,421,opel,opel,
36,3,6,rbf,424,opel,saab,
36,3,6,rbf,428,saab,saab,
36,3,6,rbf,435,van,van,
36,3,6,rbf,442,van,van,
36,3,6,rbf,451,opel,saab,
36,3,6,rbf,471,opel,saab,
36,3,6,rbf,476,opel,opel,
36,3,6,rbf,479,bus,bus,
36,3,6,rbf,480,saab,opel,
36,3,6,rbf,481,opel,opel,
36,3,6,rbf,485,bus,bus,
36,3,6,rbf,496,opel,opel,
36,3,6,rbf,498,van,van,
36,3,6,rbf,562,saab,saab,
36,3,6,rbf,566,saab,saab,
36,3,6,rbf,573,van,van,
36,3,6,rbf,600,bus,bus,
36,3,6,rbf,603,saab,saab,
36,3,6,rbf,616,opel,van,
36,3,6,rbf,618,van,van,
36,3,6,rbf,628,bus,bus,
36,3,6,rbf,642,saab,opel,
36,3,6,rbf,643,bus,bus,
36,3,6,rbf,678,bus,bus,
36,3,6,rbf,687,bus,bus,
36,3,6,rbf,692,saab,saab,
36,3,6,rbf,707,van,van,
36,3,6,rbf,708,van,van,
36,3,6,rbf,718,opel,opel,
36,3,6,rbf,732,van,bus,
36,3,6,rbf,741,bus,bus,
36,3,6,rbf,779,van,van,
36,3,6,rbf,789,saab,saab,
36,3,6,rbf,796,opel,van,
36,3,6,rbf,802,opel,opel,
36,3,6,rbf,804,opel,saab,
36,3,6,rbf,817,saab,saab,
36,3,6,rbf,826,opel,opel,
36,3,6,rbf,829,van,van,
36,3,6,svm_linear,2,saab,saab,
36,3,6,svm_linear,31,saab,van,
36,3,6,svm_linear,34,opel,opel,
36,3,6,svm_linear,70,opel,bus,
36,3,6,svm_linear,72,opel,saab,
36,3,6,svm_linear,76,saab,opel,
36,3,6,svm_linear,93,van,van,
36,3,6,svm_linear,114,van,van,
36,3,6,svm_linear,120,saab,bus,
36,3,6,svm_linear,126,bus,bus,
36,3,6,svm_linear,137,van,van,
36,3,6,svm_linear,149,van,van,
36,3,6,svm_linear,159,opel,saab,
36,3,6,svm_linear,162,saab,saab,
36,3,6,svm_linear,173,bus,bus,
36,3,6,svm_linear,180,saab,saab,
36,3,6,svm_linear,194,saab,saab,
36,3,6,svm_linear,195,bus,bus,
36,3,6,svm_linear,204,van,van,
36,3,6,svm_linear,213,bus,bus,
36,3,6,svm_linear,224,saab,saab,
36,3,6,svm_linear,227,van,van,
36,3,6,svm_linear,228,saab,saab,
36,3,6,svm_linear,229,saab,bus,
36,3,6,svm_linear,232,bus,bus,
36,3,6,svm_linear,238,opel,opel,
36,3,6,svm_linear,246,bus,bus,
36,3,6,svm_linear,250,van,van,
36,3,6,svm_linear,252,van,van,
36,3,6,svm_linear,275,bus,bus,
36,3,6,svm_linear,294,bus,bus,
36,3,6,svm_linear,307,opel,opel,
36,3,6,svm_linear,313,opel,opel,
36,3,6,svm_linear,323,saab,saab,
36,3,6,svm_linear,337,bus,bus,
36,3,6,svm_linear,338,van,van,
36,3,6,svm_linear,345,bus,bus,
36,3,6,svm_linear,356,bus,bus,
36,3,6,svm_linear,365,saab,saab,
36,3,6,svm_linear,381,bus,bus,
36,3,6,svm_linear,389,opel,opel,
36,3,6,svm_linear,392,van,van,
36,3,6,svm_linear,396,bus,bus,
36,3,6,svm_linear,417,bus,bus,
36,3,6,svm_linear,421,opel,opel,
36,3,6,svm_linear,424,opel,opel,
36,3,6,svm_linear,428,saab,saab,
36,3,6,svm_linear,435,van,opel,
36,3,6,svm_linear,442,van,van,
36,3,6,svm_linear,451,opel,saab,
36,3,6,svm_linear,471,opel,opel,
36,3,6,svm_linear,476,opel,opel,
36,3,6,svm_linear,479,bus,bus,
36,3,6,svm_linear,480,saab,bus,
36,3,6,svm_linear,481,opel,opel,
36,3,6,svm_linear,485,bus,bus,
36,3,6,svm_linear,496,opel,opel,
36,3,6,svm_linear,498,van,van,
36,3,6,svm_linear,562,saab,saab,
36,3,6,svm_linear,566,saab,saab,
36,3,6,svm_linear,573,van,van,
36,3,6,svm_linear,600,bus,bus,
36,3,6,svm_linear,603,saab,saab,
36,3,6,svm_linear,616,opel,opel,
36,3,6,svm_linear,618,van,van,
36,3,6,svm_linear,628,bus,bus,
36,3,6,svm_linear,642,saab,opel,
36,3,6,svm_linear,643,bus,bus,
36,3,6,svm_linear,678,bus,bus,
36,3,6,svm_linear,687,bus,bus,
36,3,6,svm_linear,692,saab,saab,
36,3,6,svm_linear,707,van,van,
36,3,6,svm_linear,708,van,van,
36,3,6,svm_linear,718,opel,opel,
36,3,6,svm_linear,732,van,van,
36,3,6,svm_linear,741,bus,bus,
36,3,6,svm_linear,779,van,van,
36,3,6,svm_linear,789,saab,saab,
36,3,6,svm_linear,796,opel,opel,
36,3,6,svm_linear,802,opel,opel,
36,3,6,svm_linear,804,opel,saab,
36,3,6,svm_linear,817,saab,saab,
36,3,6,svm_linear,826,opel,opel,
36,3,6,svm_linear,829,van,van,
36,3,6,svm_unscaled,2,saab,saab,
36,3,6,svm_unscaled,31,saab,van,
36,3,6,svm_unscaled,34,opel,opel,
36,3,6,svm_unscaled,70,opel,opel,
36,3,6,svm_unscaled,72,opel,saab,
36,3,6,svm_unscaled,76,saab,saab,
36,3,6,svm_unscaled,93,van,van,
36,3,6,svm_unscaled,114,van,van,
36,3,6,svm_unscaled,120,saab,saab,
36,3,6,svm_unscaled,126,bus,bus,
36,3,6,svm_unscaled,137,van,van,
36,3,6,svm_unscaled,149,van,van,
36,3,6,svm_unscaled,159,opel,saab,
36,3,6,svm_unscaled,162,saab,saab,
36,3,6,svm_unscaled,173,bus,bus,
36,3,6,svm_unscaled,180,saab,saab,
36,3,6,svm_unscaled,194,saab,saab,
36,3,6,svm_unscaled,195,bus,bus,
36,3,6,svm_unscaled,204,van,van,
36,3,6,svm_unscaled,213,bus,bus,
36,3,6,svm_unscaled,224,saab,saab,
36,3,6,svm_unscaled,227,van,van,
36,3,6,svm_unscaled,228,saab,saab,
36,3,6,svm_unscaled,229,saab,bus,
36,3,6,svm_unscaled,232,bus,bus,
36,3,6,svm_unscaled,238,opel,opel,
36,3,6,svm_unscaled,246,bus,bus,
36,3,6,svm_unscaled,250,van,van,
36,3,6,svm_unscaled,252,van,van,
36,3,6,svm_unscaled,275,bus,bus,
36,3,6,svm_unscaled,294,bus,bus,
36,3,6,svm_unscaled,307,opel,saab,
36,3,6,svm_unscaled,313,opel,opel,
36,3,6,svm_unscaled,323,saab,saab,
36,3,6,svm_unscaled,337,bus,bus,
36,3,6,svm_unscaled,338,van,van,
36,3,6,svm_unscaled,345,bus,bus,
36,3,6,svm_unscaled,356,bus,bus,
36,3,6,svm_unscaled,365,saab,saab,
36,3,6,svm_unscaled,381,bus,bus,
36,3,6,svm_unscaled,389,opel,opel,
36,3,6,svm_unscaled,392,van,van,
36,3,6,svm_unscaled,396,bus,bus,
36,3,6,svm_unscaled,417,bus,bus,
36,3,6,svm_unscaled,421,opel,opel,
36,3,6,svm_unscaled,424,opel,opel,
36,3,6,svm_unscaled,428,saab,saab,
36,3,6,svm_unscaled,435,van,van,
36,3,6,svm_unscaled,442,van,van,
36,3,6,svm_unscaled,451,opel,saab,
36,3,6,svm_unscaled,471,opel,saab,
36,3,6,svm_unscaled,476,opel,opel,
36,3,6,svm_unscaled,479,bus,bus,
36,3,6,svm_unscaled,480,saab,opel,
36,3,6,svm_unscaled,481,opel,opel,
36,3,6,svm_unscaled,485,bus,bus,
36,3,6,svm_unscaled,496,opel,saab,
36,3,6,svm_unscaled,498,van,van,
36,3,6,svm_unscaled,562,saab,saab,
36,3,6,svm_unscaled,566,saab,saab,
36,3,6,svm_unscaled,573,van,van,
36,3,6,svm_unscaled,600,bus,bus,
36,3,6,svm_unscaled,603,saab,saab,
36,3,6,svm_unscaled,616,opel,saab,
36,3,6,svm_unscaled,618,van,van,
36,3,6,svm_unscaled,628,bus,bus,
36,3,6,svm_unscaled,642,saab,opel,
36,3,6,svm_unscaled,643,bus,bus,
36,3,6,svm_unscaled,678,bus,bus,
36,3,6,svm_unscaled,687,bus,bus,
36,3,6,svm_unscaled,692,saab,saab,
36,3,6,svm_unscaled,707,van,van,
36,3,6,svm_unscaled,708,van,van,
36,3,6,svm_unscaled,718,opel,opel,
36,3,6,svm_unscaled,732,van,van,
36,3,6,svm_unscaled,741,bus,bus,
36,3,6,svm_unscaled,779,van,van,
36,3,6,svm_unscaled,789,saab,saab,
36,3,6,svm_unscaled,796,opel,van,
36,3,6,svm_unscaled,802,opel,saab,
36,3,6,svm_unscaled,804,opel,saab,
36,3,6,svm_unscaled,817,saab,saab,
36,3,6,svm_unscaled,826,opel,opel,
36,3,6,svm_unscaled,829,van,van,
37,3,7,centroid,5,bus,opel,
37,3,7,centroid,6,bus,van,
37,3,7,centroid,18,saab,opel,
37,3,7,centroid,20,bus,bus,
37,3,7,centroid,40,opel,opel,
37,3,7,centroid,46,van,van,
37,3,7,centroid,55,van,van,
37,3,7,centroid,58,opel,opel,
37,3,7,centroid,60,opel,opel,
37,3,7,centroid,64,bus,opel,
37,3,7,centroid,68,van,van,
37,3,7,centroid,69,bus,opel,
37,3,7,centroid,80,bus,bus,
37,3,7,centroid,82,van,van,
37,3,7,centroid,88,bus,saab,
37,3,7,centroid,94,bus,van,
37,3,7,centroid,96,saab,van,
37,3,7,centroid,111,van,bus,
37,3,7,centroid,123,saab,van,
37,3,7,centroid,144,opel,saab,
37,3,7,centroid,151,bus,saab,
37,3,7,centroid,179,van,van,
37,3,7,centroid,184,saab,saab,
37,3,7,centroid,188,opel,opel,
37,3,7,centroid,200,van,bus,
37,3,7,centroid,219,van,van,
37,3,7,centroid,265,bus,bus,
37,3,7,centroid,274,bus,opel,
37,3,7,centroid,276,bus,van,
37,3,7,centroid,288,opel,opel,
37,3,7,centroid,292,bus,bus,
37,3,7,centroid,302,bus,van,
37,3,7,centroid,311,van,bus,
37,3,7,centroid,320,saab,opel,
37,3,7,centroid,326,opel,saab,
37,3,7,centroid,328,van,van,
37,3,7,centroid,329,saab,van,
37,3,7,centroid,336,van,van,
37,3,7,centroid,344,opel,opel,
37,3,7,centroid,354,saab,saab,
37,3,7,centroid,363,van,van,
37,3,7,centroid,364,opel,van,
37,3,7,centroid,367,saab,van,
37,3,7,centroid,375,bus,opel,
37,3,7,centroid,405,bus,van,
37,3,7,centroid,408,bus,van,
37,3,7,centroid,418,bus,bus,
37,3,7,centroid,426,opel,opel,
37,3,7,centroid,438,opel,opel,
37,3,7,centroid,454,saab,opel,
37,3,7,centroid,456,van,van,
37,3,7,centroid,483,van,van,
37,3,7,centroid,503,saab,van,
37,3,7,centroid,514,van,van,
37,3,7,centroid,524,opel,opel,
37,3,7,centroid,532,saab,opel,
37,3,7,centroid,539,bus,opel,
37,3,7,centroid,540,bus,bus,
37,3,7,centroid,565,saab,saab,
37,3,7,centroid,574,opel,opel,
37,3,7,centroid,575,saab,opel,
37,3,7,centroid,577,opel,opel,
37,3,7,centroid,588,opel,van,
37,3,7,centroid,599,saab,van,
37,3,7,centroid,604,opel,saab,
37,3,7,centroid,606,van,van,
37,3,7,centroid,611,van,bus,
37,3,7,centroid,612,opel,van,
37,3,7,centroid,615,opel,van,
37,3,7,centroid,621,van,bus,
37,3,7,centroid,657,van,bus,
37,3,7,centroid,659,saab,opel,
37,3,7,centroid,670,opel,opel,
37,3,7,centroid,675,opel,opel,
37,3,7,centroid,676,bus,bus,
37,3,7,centroid,721,saab,opel,
37,3,7,centroid,735,opel,van,
37,3,7,centroid,740,saab,opel,
37,3,7,centroid,761,saab,saab,
37,3,7,centroid,764,saab,opel,
37,3,7,centroid,767,bus,van,
37,3,7,centroid,797,saab,saab,
37,3,7,centroid,843,saab,opel,
37,3,7,centroid,845,van,van,
37,3,7,knn,5,bus,bus,
37,3,7,knn,6,bus,bus,
37,3,7,knn,18,saab,opel,
37,3,7,knn,20,bus,bus,
37,3,7,knn,40,opel,opel,
37,3,7,knn,46,van,van,
37,3,7,knn,55,van,van,
37,3,7,knn,58,opel,saab,
37,3,7,knn,60,opel,opel,
37,3,7,knn,64,bus,bus,
37,3,7,knn,68,van,van,
37,3,7,knn,69,bus,bus,
37,3,7,knn,80,bus,bus,
37,3,7,knn,82,van,van,
37,3,7,knn,88,bus,bus,
37,3,7,knn,94,bus,bus,
37,3,7,knn,96,saab,opel,
37,3,7,knn,111,van,van,
37,3,7,knn,123,saab,opel,
37,3,7,knn,144,opel,opel,
37,3,7,knn,151,bus,bus,
37,3,7,knn,179,van,bus,
37,3,7,knn,184,saab,saab,
37,3,7,knn,188,opel,opel,
37,3,7,knn,200,van,van,
37,3,7,knn,219,van,van,
37,3,7,knn,265,bus,bus,
37,3,7,knn,274,bus,bus,
37,3,7,knn,276,bus,bus,
37,3,7,knn,288,opel,opel,
37,3,7,knn,292,bus,bus,
37,3,7,knn,302,bus,bus,
37,3,7,knn,311,van,van,
37,3,7,knn,320,saab,saab,
37,3,7,knn,326,opel,saab,
37,3,7,knn,328,van,van,
37,3,7,knn,329,saab,opel,
37,3,7,knn,336,van,van,
37,3,7,knn,344,opel,opel,
37,3,7,knn,354,saab,opel,
37,3,7,knn,363,van,van,
37,3,7,knn,364,opel,van,
37,3,7,knn,367,saab,opel,
37,3,7,knn,375,bus,bus,
37,3,7,knn,405,bus,bus,
37,3,7,knn,408,bus,bus,
37,3,7,knn,418,bus,bus,
37,3,7,knn,426,opel,saab,
37,3,7,knn,438,opel,saab,
37,3,7,knn,454,saab,saab,
37,3,7,knn,456,van,bus,
37,3,7,knn,483,van,van,
37,3,7,knn,503,saab,saab,
37,3,7,knn,514,van,van,
37,3,7,knn,524,opel,saab,
37,3,7,knn,532,saab,opel,
37,3,7,knn,539,bus,bus,
37,3,7,knn,540,bus,bus,
37,3,7,knn,565,saab,saab,
37,3,7,knn,574,opel,saab,
37,3,7,knn,575,saab,saab,
37,3,7,knn,577,opel,saab,
37,3,7,knn,588,opel,opel,
37,3,7,knn,599,saab,van,
37,3,7,knn,604,opel,saab,
37,3,7,knn,606,van,van,
37,3,7,knn,611,van,van,
37,3,7,knn,612,opel,van,
37,3,7,knn,615,opel,opel,
37,3,7,knn,621,van,van,
37,3,7,knn,657,van,van,
37,3,7,knn,659,saab,opel,
37,3,7,knn,670,opel,saab,
37,3,7,knn,675,opel,saab,
37,3,7,knn,676,bus,bus,
37,3,7,knn,721,saab,saab,
37,3,7,knn,735,opel,opel,
37,3,7,knn,740,saab,saab,
37,3,7,knn,761,saab,saab,
37,3,7,knn,764,saab,opel,
37,3,7,knn,767,bus,bus,
37,3,7,knn,797,saab,saab,
37,3,7,knn,843,saab,saab,
37,3,7,knn,845,van,opel,
37,3,7,svm,5,bus,bus,1.1374161383029584
37,3,7,svm,6,bus,bus,0.275596017774348
37,3,7,svm,18,saab,saab,1.0884068346482183
37,3,7,svm,20,bus,bus,0.7943458984281666
37,3,7,svm,40,opel,opel,1.3020812569541824
37,3,7,svm,46,van,van,1.8271150459045087
37,3,7,svm,55,van,van,1.4190229476162715
37,3,7,svm,58,opel,saab,0.535543564431952
37,3,7,svm,60,opel,opel,1.4038508281545303
37,3,7,svm,64,bus,bus,0.9215664137502961
37,3,7,svm,68,van,van,2.420230444089187
37,3,7,svm,69,bus,bus,1.625894494953058
37,3,7,svm,80,bus,bus,1.1733886300190233
37,3,7,svm,82,van,van,0.6751650746289859
37,3,7,svm,88,bus,bus,1.795927736041499
37,3,7,svm,94,bus,bus,1.2326917161329773
37,3,7,svm,96,saab,saab,0.5454842377539468
37,3,7,svm,111,van,van,1.7060439836705998
37,3,7,svm,123,saab,opel,0.9030125278397167
37,3,7,svm,144,opel,opel,0.9537694451133683
37,3,7,svm,151,bus,bus,1.7276903617035804
37,3,7,svm,179,van,bus,0.12306824645766778
37,3,7,svm,184,saab,saab,1.1289360724941309
37,3,7,svm,188,opel,saab,1.0740842699207234
37,3,7,svm,200,van,van,2.221555128118005
37,3,7,svm,219,van,van,0.4544264406556158
37,3,7,svm,265,bus,bus,1.085859078785455
37,3,7,svm,274,bus,bus,1.0384808276795348
37,3,7,svm,276,bus,bus,0.48150731674735514
37,3,7,svm,288,opel,opel,1.3901530939194433
37,3,7,svm,292,bus,bus,1.0319522932561487
37,3,7,svm,302,bus,bus,2.109358592523714
37,3,7,svm,311,van,van,1.193253886683209
37,3,7,svm,320,saab,saab,1.1110872107311613
37,3,7,svm,326,opel,opel,0.20737311357767574
37,3,7,svm,328,van,van,1.7611055703000875
37,3,7,svm,329,saab,saab,1.3950137575459922
37,3,7,svm,336,van,van,1.0927574720043303
37,3,7,svm,344,opel,opel,1.102376962087317
37,3,7,svm,354,saab,saab,0.15055069570761015
37,3,7,svm,363,van,van,1.1857889325835884
37,3,7,svm,364,opel,opel,0.7357283525969067
37,3,7,svm,367,saab,opel,0.5853256350337399
37,3,7,svm,375,bus,bus,1.1796177576736164
37,3,7,svm,405,bus,bus,1.891996255278008
37,3,7,svm,408,bus,bus,0.9518408855018496
37,3,7,svm,418,bus,bus,1.5149548402912405
37,3,7,svm,426,opel,opel,0.5880523973582541
37,3,7,svm,438,opel,opel,0.2692132979076125
37,3,7,svm,454,saab,saab,1.2670713891813161
37,3,7,svm,456,van,van,0.7573146282271928
37,3,7,svm,483,van,opel,0.07326612950170647
37,3,7,svm,503,saab,saab,1.5193006549722428
37,3,7,svm,514,van,van,0.839483574256225
37,3,7,svm,524,opel,opel,0.24540823751781327
37,3,7,svm,532,saab,saab,1.0293081295996722
37,3,7,svm,539,bus,bus,1.4177645932086091
37,3,7,svm,540,bus,bus,2.128660575405296
37,3,7,svm,565,saab,saab,1.1699611628678874
37,3,7,svm,574,opel,opel,0.693908966609377
37,3,7,svm,575,saab,saab,1.2141312919294978
37,3,7,svm,577,opel,saab,0.6595282569328815
37,3,7,svm,588,opel,opel,0.6892768926295347
37,3,7,svm,599,saab,opel,0.17138135695639395
37,3,7,svm,604,opel,opel,0.030916306972720964
37,3,7,svm,606,van,van,0.29452303375917555
37,3,7,svm,611,van,van,2.029576983228448
37,3,7,svm,612,opel,saab,0.008100705203540101
37,3,7,svm,615,opel,opel,1.8029443575064508
37,3,7,svm,621,van,van,1.8106115662776758
37,3,7,svm,657,van,van,1.4528654212735697
37,3,7,svm,659,saab,saab,0.21480172400494224
37,3,7,svm,670,opel,opel,0.25700011010630375
37,3,7,svm,675,opel,opel,0.6178911729551291
37,3,7,svm,676,bus,bus,1.5672045721411452
37,3,7,svm,721,saab,saab,1.1576741692537325
37,3,7,svm,735,opel,opel,0.08654836746954198
37,3,7,svm,740,saab,saab,0.6347721629867982
37,3,7,svm,761,saab,saab,0.6308344965914363
37,3,7,svm,764,saab,saab,0.9597984915873083
37,3,7,svm,767,bus,bus,1.4858949726673207
37,3,7,svm,797,saab,saab,1.0087745636632337
37,3,7,svm,843,saab,saab,1.180838469847056
37,3,7,svm,845,van,van,0.13761721587364018
37,3,7,mlp,5,bus,bus,
37,3,7,mlp,6,bus,bus,
37,3,7,mlp,18,saab,opel,
37,3,7,mlp,20,bus,bus,
37,3,7,mlp,40,opel,opel,
37,3,7,mlp,46,van,van,
37,3,7,mlp,55,van,van,
37,3,7,mlp,58,opel,saab,
37,3,7,mlp,60,opel,opel,
37,3,7,mlp,64,bus,bus,
37,3,7,mlp,68,van,van,
37,3,7,mlp,69,bus,bus,
37,3,7,mlp,80,bus,bus,
37,3,7,mlp,82,van,van,
37,3,7,mlp,88,bus,bus,
37,3,7,mlp,94,bus,bus,
37,3,7,mlp,96,saab,saab,
37,3,7,mlp,111,van,van,
37,3,7,mlp,123,saab,opel,
37,3,7,mlp,144,opel,saab,
37,3,7,mlp,151,bus,bus,
37,3,7,mlp,179,van,van,
37,3,7,mlp,184,saab,saab,
37,3,7,mlp,188,opel,saab,
37,3,7,mlp,200,van,van,
37,3,7,mlp,219,van,van,
37,3,7,mlp,265,bus,bus,
37,3,7,mlp,274,bus,bus,
37,3,7,mlp,276,bus,bus,
37,3,7,mlp,288,opel,opel,
37,3,7,mlp,292,bus,bus,
37,3,7,mlp,302,bus,bus,
37,3,7,mlp,311,van,van,
37,3,7,mlp,320,saab,opel,
37,3,7,mlp,326,opel,saab,
37,3,7,mlp,328,van,van,
37,3,7,mlp,329,saab,saab,
37,3,7,mlp,336,van,van,
37,3,7,mlp,344,opel,opel,
37,3,7,mlp,354,saab,saab,
37,3,7,mlp,363,van,van,
37,3,7,mlp,364,opel,opel,
37,3,7,mlp,367,saab,saab,
37,3,7,mlp,375,bus,bus,
37,3,7,mlp,405,bus,bus,
37,3,7,mlp,408,bus,bus,
37,3,7,mlp,418,bus,bus,
37,3,7,mlp,426,opel,opel,
37,3,7,mlp,438,opel,opel,
37,3,7,mlp,454,saab,saab,
37,3,7,mlp,456,van,van,
37,3,7,mlp,483,van,saab,
37,3,7,mlp,503,saab,saab,
37,3,7,mlp,514,van,van,
37,3,7,mlp,524,opel,opel,
37,3,7,mlp,532,saab,saab,
37,3,7,mlp,539,bus,bus,
37,3,7,mlp,540,bus,bus,
37,3,7,mlp,565,saab,saab,
37,3,7,mlp,574,opel,opel,
37,3,7,mlp,575,saab,saab,
37,3,7,mlp,577,opel,saab,
37,3,7,mlp,588,opel,saab,
37,3,7,mlp,599,saab,van,
37,3,7,mlp,604,opel,opel,
37,3,7,mlp,606,van,van,
37,3,7,mlp,611,van,van,
37,3,7,mlp,612,opel,van,
37,3,7,mlp,615,opel,saab,
37,3,7,mlp,621,van,van,
37,3,7,mlp,657,van,van,
37,3,7,mlp,659,saab,opel,
37,3,7,mlp,670,opel,saab,
37,3,7,mlp,675,opel,opel,
37,3,7,mlp,676,bus,bus,
37,3,7,mlp,721,saab,saab,
37,3,7,mlp,735,opel,saab,
37,3,7,mlp,740,saab,saab,
37,3,7,mlp,761,saab,saab,
37,3,7,mlp,764,saab,opel,
37,3,7,mlp,767,bus,bus,
37,3,7,mlp,797,saab,saab,
37,3,7,mlp,843,saab,saab,
37,3,7,mlp,845,van,van,
37,3,7,rbf,5,bus,bus,
37,3,7,rbf,6,bus,bus,
37,3,7,rbf,18,saab,opel,
37,3,7,rbf,20,bus,bus,
37,3,7,rbf,40,opel,saab,
37,3,7,rbf,46,van,van,
37,3,7,rbf,55,van,van,
37,3,7,rbf,58,opel,saab,
37,3,7,rbf,60,opel,opel,
37,3,7,rbf,64,bus,bus,
37,3,7,rbf,68,van,van,
37,3,7,rbf,69,bus,bus,
37,3,7,rbf,80,bus,bus,
37,3,7,rbf,82,van,van,
37,3,7,rbf,88,bus,bus,
37,3,7,rbf,94,bus,bus,
37,3,7,rbf,96,saab,bus,
37,3,7,rbf,111,van,van,
37,3,7,rbf,123,saab,van,
37,3,7,rbf,144,opel,bus,
37,3,7,rbf,151,bus,bus,
37,3,7,rbf,179,van,bus,
37,3,7,rbf,184,saab,saab,
37,3,7,rbf,188,opel,saab,
37,3,7,rbf,200,van,van,
37,3,7,rbf,219,van,van,
37,3,7,rbf,265,bus,bus,
37,3,7,rbf,274,bus,bus,
37,3,7,rbf,276,bus,bus,
37,3,7,rbf,288,opel,saab,
37,3,7,rbf,292,bus,bus,
37,3,7,rbf,302,bus,bus,
37,3,7,rbf,311,van,van,
37,3,7,rbf,320,saab,opel,
37,3,7,rbf,326,opel,saab,
37,3,7,rbf,328,van,van,
37,3,7,rbf,329,saab,opel,
37,3,7,rbf,336,van,van,
37,3,7,rbf,344,opel,opel,
37,3,7,rbf,354,saab,saab,
37,3,7,rbf,363,van,van,
37,3,7,rbf,364,opel,bus,
37,3,7,rbf,367,saab,saab,
37,3,7,rbf,375,bus,bus,
37,3,7,rbf,405,bus,bus,
37,3,7,rbf,408,bus,bus,
37,3,7,rbf,418,bus,bus,
37,3,7,rbf,426,opel,saab,
37,3,7,rbf,438,opel,opel,
37,3,7,rbf,454,saab,saab,
37,3,7,rbf,456,van,bus,
37,3,7,rbf,483,van,van,
37,3,7,rbf,503,saab,saab,
37,3,7,rbf,514,van,van,
37,3,7,rbf,524,opel,opel,
37,3,7,rbf,532,saab,opel,
37,3,7,rbf,539,bus,bus,
37,3,7,rbf,540,bus,bus,
37,3,7,rbf,565,saab,saab,
37,3,7,rbf,574,opel,saab,
37,3,7,rbf,575,saab,saab,
37,3,7,rbf,577,opel,opel,
37,3,7,rbf,588,opel,saab,
37,3,7,rbf,599,saab,van,
37,3,7,rbf,604,opel,opel,
37,3,7,rbf,606,van,van,
37,3,7,rbf,611,van,van,
37,3,7,rbf,612,opel,van,
37,3,7,rbf,615,opel,saab,
37,3,7,rbf,621,van,van,
37,3,7,rbf,657,van,van,
37,3,7,rbf,659,saab,saab,
37,3,7,rbf,670,opel,opel,
37,3,7,rbf,675,opel,opel,
37,3,7,rbf,676,bus,bus,
37,3,7,rbf,721,saab,saab,
37,3,7,rbf,735,opel,opel,
37,3,7,rbf,740,saab,saab,
37,3,7,rbf,761,saab,saab,
37,3,7,rbf,764,saab,opel,
37,3,7,rbf,767,bus,bus,
37,3,7,rbf,797,saab,saab,
37,3,7,rbf,843,saab,opel,
37,3,7,rbf,845,van,van,
37,3,7,svm_linear,5,bus,bus,
37,3,7,svm_linear,6,bus,bus,
37,3,7,svm_linear,18,saab,saab,
37,3,7,svm_linear,20,bus,bus,
37,3,7,svm_linear,40,opel,opel,
37,3,7,svm_linear,46,van,van,
37,3,7,svm_linear,55,van,van,
37,3,7,svm_linear,58,opel,saab,
37,3,7,svm_linear,60,opel,opel,
37,3,7,svm_linear,64,bus,bus,
37,3,7,svm_linear,68,van,van,
37,3,7,svm_linear,69,bus,bus,
37,3,7,svm_linear,80,bus,bus,
37,3,7,svm_linear,82,van,van,
37,3,7,svm_linear,88,bus,bus,
37,3,7,svm_linear,94,bus,bus,
37,3,7,svm_linear,96,saab,saab,
37,3,7,svm_linear,111,van,van,
37,3,7,svm_linear,123,saab,saab,
37,3,7,svm_linear,144,opel,opel,
37,3,7,svm_linear,151,bus,bus,
37,3,7,svm_linear,179,van,van,
37,3,7,svm_linear,184,saab,saab,
37,3,7,svm_linear,188,opel,saab,
37,3,7,svm_linear,200,van,van,
37,3,7,svm_linear,219,van,van,
37,3,7,svm_linear,265,bus,bus,
37,3,7,svm_linear,274,bus,bus,
37,3,7,svm_linear,276,bus,bus,
37,3,7,svm_linear,288,opel,saab,
37,3,7,svm_linear,292,bus,bus,
37,3,7,svm_linear,302,bus,bus,
37,3,7,svm_linear,311,van,van,
37,3,7,svm_linear,320,saab,saab,
37,3,7,svm_linear,326,opel,saab,
37,3,7,svm_linear,328,van,van,
37,3,7,svm_linear,329,saab,opel,
37,3,7,svm_linear,336,van,van,
37,3,7,svm_linear,344,opel,opel,
37,3,7,svm_linear,354,saab,saab,
37,3,7,svm_linear,363,van,van,
37,3,7,svm_linear,364,opel,opel,
37,3,7,svm_linear,367,saab,saab,
37,3,7,svm_linear,375,bus,bus,
37,3,7,svm_linear,405,bus,bus,
37,3,7,svm_linear,408,bus,bus,
37,3,7,svm_linear,418,bus,bus,
37,3,7,svm_linear,426,opel,opel,
37,3,7,svm_linear,438,opel,opel,
37,3,7,svm_linear,454,saab,saab,
37,3,7,svm_linear,456,van,van,
37,3,7,svm_linear,483,van,opel,
37,3,7,svm_linear,503,saab,saab,
37,3,7,svm_linear,514,van,van,
37,3,7,svm_linear,524,opel,opel,
37,3,7,svm_linear,532,saab,saab,
37,3,7,svm_linear,539,bus,bus,
37,3,7,svm_linear,540,bus,bus,
37,3,7,svm_linear,565,saab,saab,
37,3,7,svm_linear,574,opel,opel,
37,3,7,svm_linear,575,saab,saab,
37,3,7,svm_linear,577,opel,saab,
37,3,7,svm_linear,588,opel,saab,
37,3,7,svm_linear,599,saab,van,
37,3,7,svm_linear,604,opel,opel,
37,3,7,svm_linear,606,van,van,
37,3,7,svm_linear,611,van,van,
37,3,7,svm_linear,612,opel,van,
37,3,7,svm_linear,615,opel,opel,
37,3,7,svm_linear,621,van,van,
37,3,7,svm_linear,657,van,van,
37,3,7,svm_linear,659,saab,saab,
37,3,7,svm_linear,670,opel,saab,
37,3,7,svm_linear,675,opel,opel,
37,3,7,svm_linear,676,bus,bus,
37,3,7,svm_linear,721,saab,saab,
37,3,7,svm_linear,735,opel,opel,
37,3,7,svm_linear,740,saab,saab,
37,3,7,svm_linear,761,saab,saab,
37,3,7,svm_linear,764,saab,saab,
37,3,7,svm_linear,767,bus,bus,
37,3,7,svm_linear,797,saab,saab,
37,3,7,svm_linear,843,saab,saab,
37,3,7,svm_linear,845,van,van,
37,3,7,svm_unscaled,5,bus,bus,
37,3,7,svm_unscaled,6,bus,bus,
37,3,7,svm_unscaled,18,saab,opel,
37,3,7,svm_unscaled,20,bus,bus,
37,3,7,svm_unscaled,40,opel,opel,
37,3,7,svm_unscaled,46,van,van,
37,3,7,svm_unscaled,55,van,van,
37,3,7,svm_unscaled,58,opel,saab,
37,3,7,svm_unscaled,60,opel,opel,
37,3,7,svm_unscaled,64,bus,bus,
37,3,7,svm_unscaled,68,van,van,
37,3,7,svm_unscaled,69,bus,bus,
37,3,7,svm_unscaled,80,bus,bus,
37,3,7,svm_unscaled,82,van,van,
37,3,7,svm_unscaled,88,bus,bus,
37,3,7,svm_unscaled,94,bus,bus,
37,3,7,svm_unscaled,96,saab,opel,
37,3,7,svm_unscaled,111,van,van,
37,3,7,svm_unscaled,123,saab,van,
37,3,7,svm_unscaled,144,opel,saab,
37,3,7,svm_unscaled,151,bus,bus,
37,3,7,svm_unscaled,179,van,van,
37,3,7,svm_unscaled,184,saab,saab,
37,3,7,svm_unscaled,188,opel,saab,
37,3,7,svm_unscaled,200,van,van,
37,3,7,svm_unscaled,219,van,van,
37,3,7,svm_unscaled,265,bus,bus,
37,3,7,svm_unscaled,274,bus,bus,
37,3,7,svm_unscaled,276,bus,bus,
37,3,7,svm_unscaled,288,opel,opel,
37,3,7,svm_unscaled,292,bus,bus,
37,3,7,svm_unscaled,302,bus,bus,
37,3,7,svm_unscaled,311,van,van,
37,3,7,svm_unscaled,320,saab,opel,
37,3,7,svm_unscaled,326,opel,saab,
37,3,7,svm_unscaled,328,van,van,
37,3,7,svm_unscaled,329,saab,saab,
37,3,7,svm_unscaled,336,van,van,
37,3,7,svm_unscaled,344,opel,opel,
37,3,7,svm_unscaled,354,saab,saab,
37,3,7,svm_unscaled,363,van,van,
37,3,7,svm_unscaled,364,opel,opel,
37,3,7,svm_unscaled,367,saab,saab,
37,3,7,svm_unscaled,375,bus,bus,
37,3,7,svm_unscaled,405,bus,bus,
37,3,7,svm_unscaled,408,bus,bus,
37,3,7,svm_unscaled,418,bus,bus,
37,3,7,svm_unscaled,426,opel,opel,
37,3,7,svm_unscaled,438,opel,opel,
37,3,7,svm_unscaled,454,saab,saab,
37,3,7,svm_unscaled,456,van,van,
37,3,7,svm_unscaled,483,van,opel,
37,3,7,svm_unscaled,503,saab,saab,
37,3,7,svm_unscaled,514,van,van,
37,3,7,svm_unscaled,524,opel,opel,
37,3,7,svm_unscaled,532,saab,opel,
37,3,7,svm_unscaled,539,bus,bus,
37,3,7,svm_unscaled,540,bus,bus,
37,3,7,svm_unscaled,565,saab,saab,
37,3,7,svm_unscaled,574,opel,saab,
37,3,7,svm_unscaled,575,saab,saab,
37,3,7,svm_unscaled,577,opel,saab,
37,3,7,svm_unscaled,588,opel,saab,
37,3,7,svm_unscaled,599,saab,van,
37,3,7,svm_unscaled,604,opel,opel,
37,3,7,svm_unscaled,606,van,van,
37,3,7,svm_unscaled,611,van,van,
37,3,7,svm_unscaled,612,opel,van,
37,3,7,svm_unscaled,615,opel,saab,
37,3,7,svm_unscaled,621,van,van,
37,3,7,svm_unscaled,657,van,van,
37,3,7,svm_unscaled,659,saab,saab,
37,3,7,svm_unscaled,670,opel,saab,
37,3,7,svm_unscaled,675,opel,opel,
37,3,7,svm_unscaled,676,bus,bus,
37,3,7,svm_unscaled,721,saab,saab,
37,3,7,svm_unscaled,735,opel,saab,
37,3,7,svm_unscaled,740,saab,saab,
37,3,7,svm_unscaled,761,saab,saab,
37,3,7,svm_unscaled,764,saab,saab,
37,3,7,svm_unscaled,767,bus,bus,
37,3,7,svm_unscaled,797,saab,saab,
37,3,7,svm_unscaled,843,saab,opel,
37,3,7,svm_unscaled,845,van,van,
38,3,8,centroid,0,van,opel,
38,3,8,centroid,10,van,van,
38,3,8,centroid,12,bus,bus,
38,3,8,centroid,36,bus,bus,
38,3,8,centroid,45,van,bus,
38,3,8,centroid,50,saab,van,
38,3,8,centroid,65,opel,van,
38,3,8,centroid,85,bus,opel,
38,3,8,centroid,87,van,van,
38,3,8,centroid,90,saab,opel,
38,3,8,centroid,112,opel,van,
38,3,8,centroid,115,van,saab,
38,3,8,centroid,127,bus,van,
38,3,8,centroid,128,van,saab,
38,3,8,centroid,129,bus,opel,
38,3,8,centroid,134,opel,opel,
38,3,8,centroid,169,van,van,
38,3,8,centroid,171,bus,opel,
38,3,8,centroid,178,bus,van,
38,3,8,centroid,185,bus,saab,
38,3,8,centroid,217,opel,opel,
38,3,8,centroid,220,opel,opel,
38,3,8,centroid,242,bus,van,
38,3,8,centroid,245,van,van,
38,3,8,centroid,261,saab,saab,
38,3,8,centroid,266,bus,bus,
38,3,8,centroid,267,saab,saab,
38,3,8,centroid,269,van,van,
38,3,8,centroid,280,opel,opel,
38,3,8,centroid,281,bus,van,
38,3,8,centroid,283,saab,saab,
38,3,8,centroid,284,van,van,
38,3,8,centroid,317,saab,saab,
38,3,8,centroid,322,bus,van,
38,3,8,centroid,340,bus,van,
38,3,8,centroid,342,saab,van,
38,3,8,centroid,346,saab,saab,
38,3,8,centroid,352,van,van,
38,3,8,centroid,361,saab,saab,
38,3,8,centroid,382,bus,bus,
38,3,8,centroid,385,van,bus,
38,3,8,centroid,387,van,van,
38,3,8,centroid,400,saab,saab,
38,3,8,centroid,402,opel,opel,
38,3,8,centroid,416,bus,van,
38,3,8,centroid,425,opel,van,
38,3,8,centroid,429,van,van,
38,3,8,centroid,433,bus,van,
38,3,8,centroid,440,saab,opel,
38,3,8,centroid,445,van,van,
38,3,8,centroid,453,bus,van,
38,3,8,centroid,455,bus,bus,
38,3,8,centroid,462,opel,saab,
38,3,8,centroid,502,opel,van,
38,3,8,centroid,526,saab,saab,
38,3,8,centroid,549,saab,opel,
38,3,8,centroid,557,saab,van,
38,3,8,centroid,578,opel,saab,
38,3,8,centroid,579,opel,van,
38,3,8,centroid,593,saab,van,
38,3,8,centroid,605,saab,opel,
38,3,8,centroid,607,van,van,
38,3,8,centroid,610,opel,opel,
38,3,8,centroid,617,van,van,
38,3,8,centroid,631,opel,opel,
38,3,8,centroid,656,bus,van,
38,3,8,centroid,662,saab,van,
38,3,8,centroid,663,saab,bus,
38,3,8,centroid,673,opel,van,
38,3,8,centroid,689,saab,saab,
38,3,8,centroid,700,opel,opel,
38,3,8,centroid,702,opel,saab,
38,3,8,centroid,706,van,van,
38,3,8,centroid,727,bus,van,
38,3,8,centroid,763,opel,opel,
38,3,8,centroid,768,opel,opel,
38,3,8,centroid,786,saab,opel,
38,3,8,centroid,787,van,van,
38,3,8,centroid,794,bus,van,
38,3,8,centroid,798,opel,opel,
38,3,8,centroid,801,opel,van,
38,3,8,centroid,814,bus,bus,
38,3,8,centroid,822,van,van,
38,3,8,centroid,841,saab,saab,
38,3,8,knn,0,van,van,
38,3,8,knn,10,van,van,
38,3,8,knn,12,bus,bus,
38,3,8,knn,36,bus,bus,
38,3,8,knn,45,van,van,
38,3,8,knn,50,saab,saab,
38,3,8,knn,65,opel,opel,
38,3,8,knn,85,bus,bus,
38,3,8,knn,87,van,van,
38,3,8,knn,90,saab,saab,
38,3,8,knn,112,opel,opel,
38,3,8,knn,115,van,van,
38,3,8,knn,127,bus,van,
38,3,8,knn,128,van,van,
38,3,8,knn,129,bus,opel,
38,3,8,knn,134,opel,opel,
38,3,8,knn,169,van,van,
38,3,8,knn,171,bus,bus,
38,3,8,knn,178,bus,bus,
38,3,8,knn,185,bus,bus,
38,3,8,knn,217,opel,opel,
38,3,8,knn,220,opel,opel,
38,3,8,knn,242,bus,bus,
38,3,8,knn,245,van,van,
38,3,8,knn,261,saab,opel,
38,3,8,knn,266,bus,bus,
38,3,8,knn,267,saab,saab,
38,3,8,knn,269,van,opel,
38,3,8,knn,280,opel,saab,
38,3,8,knn,281,bus,bus,
38,3,8,knn,283,saab,saab,
38,3,8,knn,284,van,van,
38,3,8,knn,317,saab,saab,
38,3,8,knn,322,bus,bus,
38,3,8,knn,340,bus,bus,
38,3,8,knn,342,saab,saab,
38,3,8,knn,346,saab,saab,
38,3,8,knn,352,van,saab,
38,3,8,knn,361,saab,opel,
38,3,8,knn,382,bus,bus,
38,3,8,knn,385,van,van,
38,3,8,knn,387,van,van,
38,3,8,knn,400,saab,saab,
38,3,8,knn,402,opel,saab,
38,3,8,knn,416,bus,bus,
38,3,8,knn,425,opel,saab,
38,3,8,knn,429,van,van,
38,3,8,knn,433,bus,bus,
38,3,8,knn,440,saab,opel,
38,3,8,knn,445,van,van,
38,3,8,knn,453,bus,bus,
38,3,8,knn,455,bus,bus,
38,3,8,knn,462,opel,saab,
38,3,8,knn,502,opel,opel,
38,3,8,knn,526,saab,saab,
38,3,8,knn,549,saab,saab,
38,3,8,knn,557,saab,saab,
38,3,8,knn,578,opel,opel,
38,3,8,knn,579,opel,van,
38,3,8,knn,593,saab,opel,
38,3,8,knn,605,saab,saab,
38,3,8,knn,607,van,van,
38,3,8,knn,610,opel,opel,
38,3,8,knn,617,van,van,
38,3,8,knn,631,opel,opel,
38,3,8,knn,656,bus,bus,
38,3,8,knn,662,saab,opel,
38,3,8,knn,663,saab,opel,
38,3,8,knn,673,opel,bus,
38,3,8,knn,689,saab,saab,
38,3,8,knn,700,opel,saab,
38,3,8,knn,702,opel,saab,
38,3,8,knn,706,van,van,
38,3,8,knn,727,bus,bus,
38,3,8,knn,763,opel,saab,
38,3,8,knn,768,opel,opel,
38,3,8,knn,786,saab,saab,
38,3,8,knn,787,van,van,
38,3,8,knn,794,bus,bus,
38,3,8,knn,798,opel,saab,
38,3,8,knn,801,opel,van,
38,3,8,knn,814,bus,bus,
38,3,8,knn,822,van,van,
38,3,8,knn,841,saab,saab,
38,3,8,svm,0,van,van,1.0081798143783762
38,3,8,svm,10,van,van,1.0355912030886731
38,3,8,svm,12,bus,bus,1.2367594800967288
38,3,8,svm,36,bus,bus,1.0651160520590977
38,3,8,svm,45,van,van,2.4454419622867256
38,3,8,svm,50,saab,opel,0.511376298504711
38,3,8,svm,65,opel,saab,0.18594976324110135
38,3,8,svm,85,bus,bus,1.612580583926434
38,3,8,svm,87,van,van,1.492804083219039
38,3,8,svm,90,saab,saab,0.6701910538651568
38,3,8,svm,112,opel,opel,1.1812977253662176
38,3,8,svm,115,van,van,2.1336314546182504
38,3,8,svm,127,bus,van,0.7393029620166549
38,3,8,svm,128,van,van,1.9777601537098197
38,3,8,svm,129,bus,bus,0.4062793209501826
38,3,8,svm,134,opel,opel,0.44738802411601464
38,3,8,svm,169,van,van,1.8544291303060703
38,3,8,svm,171,bus,bus,2.6206551762036248
38,3,8,svm,178,bus,bus,0.837731945227378
38,3,8,svm,185,bus,bus,1.714202450340312
38,3,8,svm,217,opel,saab,0.42468082335784274
38,3,8,svm,220,opel,opel,1.368691892608883
38,3,8,svm,242,bus,bus,0.8454031082447485
38,3,8,svm,245,van,van,1.2398648534293357
38,3,8,svm,261,saab,opel,0.45642329765744805
38,3,8,svm,266,bus,bus,1.1083654147336488
38,3,8,svm,267,saab,saab,1.1849528459542178
38,3,8,svm,269,van,van,0.6079333621873833
38,3,8,svm,280,opel,opel,1.1245647817784707
38,3,8,svm,281,bus,bus,1.6521662064853713
38,3,8,svm,283,saab,saab,1.6666880771152492
38,3,8,svm,284,van,van,1.8206035770161397
38,3,8,svm,317,saab,saab,0.8157978248668947
38,3,8,svm,322,bus,bus,1.3118923715133404
38,3,8,svm,340,bus,bus,0.8305946467047775
38,3,8,svm,342,saab,saab,0.49782095480863475
38,3,8,svm,346,saab,saab,2.029795408406112
38,3,8,svm,352,van,van,1.1876044864939075
38,3,8,svm,361,saab,saab,1.6373897315033084
38,3,8,svm,382,bus,bus,2.2199095176492456
38,3,8,svm,385,van,van,2.31481298711328
38,3,8,svm,387,van,van,1.8624744094740198
38,3,8,svm,400,saab,saab,1.5122512394336063
38,3,8,svm,402,opel,opel,0.526902495436179
38,3,8,svm,416,bus,bus,0.17257040005531743
38,3,8,svm,425,opel,saab,0.5271061357442655
38,3,8,svm,429,van,van,1.1620780791826026
38,3,8,svm,433,bus,bus,0.7044454538350023
38,3,8,svm,440,saab,saab,0.22338682387762177
38,3,8,svm,445,van,van,0.9541611465296531
38,3,8,svm,453,bus,bus,0.7703202903504681
38,3,8,svm,455,bus,bus,1.9455785403918595
38,3,8,svm,462,opel,saab,0.21481308237049113
38,3,8,svm,502,opel,saab,1.2013671583861225
38,3,8,svm,526,saab,saab,1.1676668103817214
38,3,8,svm,549,saab,saab,1.002460613450591
38,3,8,svm,557,saab,saab,0.5377677527182989
38,3,8,svm,578,opel,opel,0.5460096863163209
38,3,8,svm,579,opel,van,0.2604369623726909
38,3,8,svm,593,saab,saab,0.31729704202060205
38,3,8,svm,605,saab,saab,0.3863732505006858
38,3,8,svm,607,van,van,2.6391269295047093
38,3,8,svm,610,opel,opel,0.92587732994728
38,3,8,svm,617,van,van,0.3389989216742008
38,3,8,svm,631,opel,opel,1.0029111674709519
38,3,8,svm,656,bus,bus,1.3743933190779993
38,3,8,svm,662,saab,saab,0.21332761420923774
38,3,8,svm,663,saab,opel,0.12844771362811613
38,3,8,svm,673,opel,saab,0.7111682035550303
38,3,8,svm,689,saab,saab,1.2548005755376757
38,3,8,svm,700,opel,opel,1.2122330899429876
38,3,8,svm,702,opel,opel,0.026994161231183256
38,3,8,svm,706,van,van,0.5187243013787748
38,3,8,svm,727,bus,bus,2.757184710212722
38,3,8,svm,763,opel,opel,0.8974442718384132
38,3,8,svm,768,opel,opel,0.17644634688785388
38,3,8,svm,786,saab,saab,1.0329072512509363
38,3,8,svm,787,van,van,2.2092734859400562
38,3,8,svm,794,bus,bus,0.5658149507401077
38,3,8,svm,798,opel,opel,0.5933021473613458
38,3,8,svm,801,opel,saab,0.2234403451006166
38,3,8,svm,814,bus,bus,1.6206331694822647
38,3,8,svm,822,van,van,1.556795350500163
38,3,8,svm,841,saab,saab,0.5323268435648068
38,3,8,mlp,0,van,van,
38,3,8,mlp,10,van,van,
38,3,8,mlp,12,bus,bus,
38,3,8,mlp,36,bus,bus,
38,3,8,mlp,45,van,van,
38,3,8,mlp,50,saab,opel,
38,3,8,mlp,65,opel,opel,
38,3,8,mlp,85,bus,bus,
38,3,8,mlp,87,van,van,
38,3,8,mlp,90,saab,saab,
38,3,8,mlp,112,opel,opel,
38,3,8,mlp,115,van,van,
38,3,8,mlp,127,bus,van,
38,3,8,mlp,128,van,van,
38,3,8,mlp,129,bus,bus,
38,3,8,mlp,134,opel,opel,
38,3,8,mlp,169,van,van,
38,3,8,mlp,171,bus,bus,
38,3,8,mlp,178,bus,bus,
38,3,8,mlp,185,bus,bus,
38,3,8,mlp,217,opel,saab,
38,3,8,mlp,220,opel,opel,
38,3,8,mlp,242,bus,bus,
38,3,8,mlp,245,van,van,
38,3,8,mlp,261,saab,opel,
38,3,8,mlp,266,bus,bus,
38,3,8,mlp,267,saab,saab,
38,3,8,mlp,269,van,van,
38,3,8,mlp,280,opel,saab,
38,3,8,mlp,281,bus,bus,
38,3,8,mlp,283,saab,saab,
38,3,8,mlp,284,van,van,
38,3,8,mlp,317,saab,saab,
38,3,8,mlp,322,bus,bus,
38,3,8,mlp,340,bus,bus,
38,3,8,mlp,342,saab,saab,
38,3,8,mlp,346,saab,saab,
38,3,8,mlp,352,van,van,
38,3,8,mlp,361,saab,saab,
38,3,8,mlp,382,bus,bus,
38,3,8,mlp,385,van,van,
38,3,8,mlp,387,van,van,
38,3,8,mlp,400,saab,saab,
38,3,8,mlp,402,opel,opel,
38,3,8,mlp,416,bus,bus,
38,3,8,mlp,425,opel,saab,
38,3,8,mlp,429,van,van,
38,3,8,mlp,433,bus,bus,
38,3,8,mlp,440,saab,saab,
38,3,8,mlp,445,van,van,
38,3,8,mlp,453,bus,bus,
38,3,8,mlp,455,bus,bus,
38,3,8,mlp,462,opel,saab,
38,3,8,mlp,502,opel,saab,
38,3,8,mlp,526,saab,saab,
38,3,8,mlp,549,saab,saab,
38,3,8,mlp,557,saab,saab,
38,3,8,mlp,578,opel,opel,
38,3,8,mlp,579,opel,van,
38,3,8,mlp,593,saab,opel,
38,3,8,mlp,605,saab,saab,
38,3,8,mlp,607,van,van,
38,3,8,mlp,610,opel,opel,
38,3,8,mlp,617,van,van,
38,3,8,mlp,631,opel,saab,
38,3,8,mlp,656,bus,bus,
38,3,8,mlp,662,saab,opel,
38,3,8,mlp,663,saab,opel,
38,3,8,mlp,673,opel,saab,
38,3,8,mlp,689,saab,saab,
38,3,8,mlp,700,opel,saab,
38,3,8,mlp,702,opel,saab,
38,3,8,mlp,706,van,van,
38,3,8,mlp,727,bus,bus,
38,3,8,mlp,763,opel,opel,
38,3,8,mlp,768,opel,opel,
38,3,8,mlp,786,saab,saab,
38,3,8,mlp,787,van,van,
38,3,8,mlp,794,bus,bus,
38,3,8,mlp,798,opel,opel,
38,3,8,mlp,801,opel,opel,
38,3,8,mlp,814,bus,bus,
38,3,8,mlp,822,van,van,
38,3,8,mlp,841,saab,saab,
38,3,8,rbf,0,van,van,
38,3,8,rbf,10,van,van,
38,3,8,rbf,12,bus,bus,
38,3,8,rbf,36,bus,bus,
38,3,8,rbf,45,van,van,
38,3,8,rbf,50,saab,opel,
38,3,8,rbf,65,opel,saab,
38,3,8,rbf,85,bus,bus,
38,3,8,rbf,87,van,van,
38,3,8,rbf,90,saab,opel,
38,3,8,rbf,112,opel,opel,
38,3,8,rbf,115,van,van,
38,3,8,rbf,127,bus,van,
38,3,8,rbf,128,van,van,
38,3,8,rbf,129,bus,bus,
38,3,8,rbf,134,opel,opel,
38,3,8,rbf,169,van,van,
38,3,8,rbf,171,bus,bus,
38,3,8,rbf,178,bus,bus,
38,3,8,rbf,185,bus,bus,
38,3,8,rbf,217,opel,opel,
38,3,8,rbf,220,opel,opel,
38,3,8,rbf,242,bus,bus,
38,3,8,rbf,245,van,van,
38,3,8,rbf,261,saab,saab,
38,3,8,rbf,266,bus,bus,
38,3,8,rbf,267,saab,saab,
38,3,8,rbf,269,van,van,
38,3,8,rbf,280,opel,opel,
38,3,8,rbf,281,bus,bus,
38,3,8,rbf,283,saab,saab,
38,3,8,rbf,284,van,van,
38,3,8,rbf,317,saab,opel,
38,3,8,rbf,322,bus,bus,
38,3,8,rbf,340,bus,bus,
38,3,8,rbf,342,saab,bus,
38,3,8,rbf,346,saab,saab,
38,3,8,rbf,352,van,van,
38,3,8,rbf,361,saab,saab,
38,3,8,rbf,382,bus,bus,
38,3,8,rbf,385,van,van,
38,3,8,rbf,387,van,van,
38,3,8,rbf,400,saab,saab,
38,3,8,rbf,402,opel,opel,
38,3,8,rbf,416,bus,van,
38,3,8,rbf,425,opel,saab,
38,3,8,rbf,429,van,van,
38,3,8,rbf,433,bus,bus,
38,3,8,rbf,440,saab,saab,
38,3,8,rbf,445,van,van,
38,3,8,rbf,453,bus,van,
38,3,8,rbf,455,bus,bus,
38,3,8,rbf,462,opel,bus,
38,3,8,rbf,502,opel,saab,
38,3,8,rbf,526,saab,saab,
38,3,8,rbf,549,saab,opel,
38,3,8,rbf,557,saab,bus,
38,3,8,rbf,578,opel,opel,
38,3,8,rbf,579,opel,van,
38,3,8,rbf,593,saab,van,
38,3,8,rbf,605,saab,opel,
38,3,8,rbf,607,van,van,
38,3,8,rbf,610,opel,opel,
38,3,8,rbf,617,van,van,
38,3,8,rbf,631,opel,opel,
38,3,8,rbf,656,bus,bus,
38,3,8,rbf,662,saab,bus,
38,3,8,rbf,663,saab,bus,
38,3,8,rbf,673,opel,van,
38,3,8,rbf,689,saab,saab,
38,3,8,rbf,700,opel,saab,
38,3,8,rbf,702,opel,saab,
38,3,8,rbf,706,van,van,
38,3,8,rbf,727,bus,bus,
38,3,8,rbf,763,opel,opel,
38,3,8,rbf,768,opel,opel,
38,3,8,rbf,786,saab,saab,
38,3,8,rbf,787,van,van,
38,3,8,rbf,794,bus,bus,
38,3,8,rbf,798,opel,opel,
38,3,8,rbf,801,opel,opel,
38,3,8,rbf,814,bus,bus,
38,3,8,rbf,822,van,van,
38,3,8,rbf,841,saab,saab,
38,3,8,svm_linear,0,van,van,
38,3,8,svm_linear,10,van,van,
38,3,8,svm_linear,12,bus,bus,
38,3,8,svm_linear,36,bus,bus,
38,3,8,svm_linear,45,van,van,
38,3,8,svm_linear,50,saab,bus,
38,3,8,svm_linear,65,opel,saab,
38,3,8,svm_linear,85,bus,bus,
38,3,8,svm_linear,87,van,van,
38,3,8,svm_linear,90,saab,saab,
38,3,8,svm_linear,112,opel,opel,
38,3,8,svm_linear,115,van,van,
38,3,8,svm_linear,127,bus,van,
38,3,8,svm_linear,128,van,van,
38,3,8,svm_linear,129,bus,bus,
38,3,8,svm_linear,134,opel,opel,
38,3,8,svm_linear,169,van,van,
38,3,8,svm_linear,171,bus,bus,
38,3,8,svm_linear,178,bus,bus,
38,3,8,svm_linear,185,bus,bus,
38,3,8,svm_linear,217,opel,opel,
38,3,8,svm_linear,220,opel,opel,
38,3,8,svm_linear,242,bus,bus,
38,3,8,svm_linear,245,van,van,
38,3,8,svm_linear,261,saab,opel,
38,3,8,svm_linear,266,bus,bus,
38,3,8,svm_linear,267,saab,saab,
38,3,8,svm_linear,269,van,van,
38,3,8,svm_linear,280,opel,opel,
38,3,8,svm_linear,281,bus,bus,
38,3,8,svm_linear,283,saab,saab,
38,3,8,svm_linear,284,van,van,
38,3,8,svm_linear,317,saab,opel,
38,3,8,svm_linear,322,bus,bus,
38,3,8,svm_linear,340,bus,bus,
38,3,8,svm_linear,342,saab,bus,
38,3,8,svm_linear,346,saab,saab,
38,3,8,svm_linear,352,van,van,
38,3,8,svm_linear,361,saab,saab,
38,3,8,svm_linear,382,bus,bus,
38,3,8,svm_linear,385,van,van,
38,3,8,svm_linear,387,van,van,
38,3,8,svm_linear,400,saab,saab,
38,3,8,svm_linear,402,opel,opel,
38,3,8,svm_linear,416,bus,bus,
38,3,8,svm_linear,425,opel,saab,
38,3,8,svm_linear,429,van,van,
38,3,8,svm_linear,433,bus,bus,
38,3,8,svm_linear,440,saab,saab,
38,3,8,svm_linear,445,van,van,
38,3,8,svm_linear,453,bus,bus,
38,3,8,svm_linear,455,bus,bus,
38,3,8,svm_linear,462,opel,saab,
38,3,8,svm_linear,502,opel,saab,
38,3,8,svm_linear,526,saab,saab,
38,3,8,svm_linear,549,saab,saab,
38,3,8,svm_linear,557,saab,bus,
38,3,8,svm_linear,578,opel,opel,
38,3,8,svm_linear,579,opel,van,
38,3,8,svm_linear,593,saab,saab,
38,3,8,svm_linear,605,saab,opel,
38,3,8,svm_linear,607,van,van,
38,3,8,svm_linear,610,opel,opel,
38,3,8,svm_linear,617,van,van,
38,3,8,svm_linear,631,opel,opel,
38,3,8,svm_linear,656,bus,bus,
38,3,8,svm_linear,662,saab,saab,
38,3,8,svm_linear,663,saab,opel,
38,3,8,svm_linear,673,opel,saab,
38,3,8,svm_linear,689,saab,saab,
38,3,8,svm_linear,700,opel,opel,
38,3,8,svm_linear,702,opel,opel,
38,3,8,svm_linear,706,van,van,
38,3,8,svm_linear,727,bus,bus,
38,3,8,svm_linear,763,opel,opel,
38,3,8,svm_linear,768,opel,opel,
38,3,8,svm_linear,786,saab,saab,
38,3,8,svm_linear,787,van,van,
38,3,8,svm_linear,794,bus,saab,
38,3,8,svm_linear,798,opel,opel,
38,3,8,svm_linear,801,opel,opel,
38,3,8,svm_linear,814,bus,bus,
38,3,8,svm_linear,822,van,van,
38,3,8,svm_linear,841,saab,saab,
38,3,8,svm_unscaled,0,van,van,
38,3,8,svm_unscaled,10,van,van,
38,3,8,svm_unscaled,12,bus,bus,
38,3,8,svm_unscaled,36,bus,bus,
38,3,8,svm_unscaled,45,van,van,
38,3,8,svm_unscaled,50,saab,opel,
38,3,8,svm_unscaled,65,opel,saab,
38,3,8,svm_unscaled,85,bus,bus,
38,3,8,svm_unscaled,87,van,van,
38,3,8,svm_unscaled,90,saab,opel,
38,3,8,svm_unscaled,112,opel,opel,
38,3,8,svm_unscaled,115,van,van,
38,3,8,svm_unscaled,127,bus,bus,
38,3,8,svm_unscaled,128,van,van,
38,3,8,svm_unscaled,129,bus,bus,
38,3,8,svm_unscaled,134,opel,opel,
38,3,8,svm_unscaled,169,van,van,
38,3,8,svm_unscaled,171,bus,bus,
38,3,8,svm_unscaled,178,bus,bus,
38,3,8,svm_unscaled,185,bus,bus,
38,3,8,svm_unscaled,217,opel,opel,
38,3,8,svm_unscaled,220,opel,opel,
38,3,8,svm_unscaled,242,bus,bus,
38,3,8,svm_unscaled,245,van,van,
38,3,8,svm_unscaled,261,saab,saab,
38,3,8,svm_unscaled,266,bus,bus,
38,3,8,svm_unscaled,267,saab,saab,
38,3,8,svm_unscaled,269,van,van,
38,3,8,svm_unscaled,280,opel,opel,
38,3,8,svm_unscaled,281,bus,bus,
38,3,8,svm_unscaled,283,saab,saab,
38,3,8,svm_unscaled,284,van,van,
38,3,8,svm_unscaled,317,saab,opel,
38,3,8,svm_unscaled,322,bus,bus,
38,3,8,svm_unscaled,340,bus,bus,
38,3,8,svm_unscaled,342,saab,bus,
38,3,8,svm_unscaled,346,saab,saab,
38,3,8,svm_unscaled,352,van,van,
38,3,8,svm_unscaled,361,saab,saab,
38,3,8,svm_unscaled,382,bus,bus,
38,3,8,svm_unscaled,385,van,van,
38,3,8,svm_unscaled,387,van,van,
38,3,8,svm_unscaled,400,saab,saab,
38,3,8,svm_unscaled,402,opel,opel,
38,3,8,svm_unscaled,416,bus,van,
38,3,8,svm_unscaled,425,opel,saab,
38,3,8,svm_unscaled,429,van,van,
38,3,8,svm_unscaled,433,bus,bus,
38,3,8,svm_unscaled,440,saab,saab,
38,3,8,svm_unscaled,445,van,van,
38,3,8,svm_unscaled,453,bus,bus,
38,3,8,svm_unscaled,455,bus,bus,
38,3,8,svm_unscaled,462,opel,saab,
38,3,8,svm_unscaled,502,opel,saab,
38,3,8,svm_unscaled,526,saab,opel,
38,3,8,svm_unscaled,549,saab,saab,
38,3,8,svm_unscaled,557,saab,saab,
38,3,8,svm_unscaled,578,opel,opel,
38,3,8,svm_unscaled,579,opel,van,
38,3,8,svm_unscaled,593,saab,van,
38,3,8,svm_unscaled,605,saab,opel,
38,3,8,svm_unscaled,607,van,van,
38,3,8,svm_unscaled,610,opel,saab,
38,3,8,svm_unscaled,617,van,saab,
38,3,8,svm_unscaled,631,opel,opel,
38,3,8,svm_unscaled,656,bus,bus,
38,3,8,svm_unscaled,662,saab,saab,
38,3,8,svm_unscaled,663,saab,opel,
38,3,8,svm_unscaled,673,opel,saab,
38,3,8,svm_unscaled,689,saab,saab,
38,3,8,svm_unscaled,700,opel,opel,
38,3,8,svm_unscaled,702,opel,saab,
38,3,8,svm_unscaled,706,van,van,
38,3,8,svm_unscaled,727,bus,bus,
38,3,8,svm_unscaled,763,opel,opel,
38,3,8,svm_unscaled,768,opel,opel,
38,3,8,svm_unscaled,786,saab,saab,
38,3,8,svm_unscaled,787,van,van,
38,3,8,svm_unscaled,794,bus,bus,
38,3,8,svm_unscaled,798,opel,opel,
38,3,8,svm_unscaled,801,opel,opel,
38,3,8,svm_unscaled,814,bus,bus,
38,3,8,svm_unscaled,822,van,van,
38,3,8,svm_unscaled,841,saab,saab,
39,3,9,centroid,14,bus,opel,
39,3,9,centroid,15,opel,opel,
39,3,9,centroid,32,opel,van,
39,3,9,centroid,33,opel,opel,
39,3,9,centroid,56,saab,saab,
39,3,9,centroid,77,saab,van,
39,3,9,centroid,89,opel,van,
39,3,9,centroid,97,bus,van,
39,3,9,centroid,100,bus,bus,
39,3,9,centroid,101,van,van,
39,3,9,centroid,110,van,van,
39,3,9,centroid,121,van,bus,
39,3,9,centroid,130,saab,saab,
39,3,9,centroid,145,opel,opel,
39,3,9,centroid,150,saab,saab,
39,3,9,centroid,174,van,bus,
39,3,9,centroid,191,van,van,
39,3,9,centroid,193,bus,opel,
39,3,9,centroid,208,bus,bus,
39,3,9,centroid,218,bus,van,
39,3,9,centroid,223,bus,bus,
39,3,9,centroid,231,saab,van,
39,3,9,centroid,237,bus,bus,
39,3,9,centroid,257,opel,van,
39,3,9,centroid,287,van,van,
39,3,9,centroid,291,van,opel,
39,3,9,centroid,305,bus,van,
39,3,9,centroid,347,opel,van,
39,3,9,centroid,358,opel,bus,
39,3,9,centroid,360,saab,opel,
39,3,9,centroid,362,saab,opel,
39,3,9,centroid,366,van,bus,
39,3,9,centroid,374,van,van,
39,3,9,centroid,386,saab,saab,
39,3,9,centroid,397,bus,van,
39,3,9,centroid,403,van,van,
39,3,9,centroid,407,saab,van,
39,3,9,centroid,409,saab,opel,
39,3,9,centroid,439,saab,opel,
39,3,9,centroid,443,opel,saab,
39,3,9,centroid,444,bus,opel,
39,3,9,centroid,452,opel,saab,
39,3,9,centroid,488,opel,van,
39,3,9,centroid,493,opel,opel,
39,3,9,centroid,543,saab,van,
39,3,9,centroid,548,bus,van,
39,3,9,centroid,551,opel,van,
39,3,9,centroid,558,bus,bus,
39,3,9,centroid,563,opel,van,
39,3,9,centroid,570,saab,saab,
39,3,9,centroid,589,opel,opel,
39,3,9,centroid,601,van,van,
39,3,9,centroid,609,bus,van,
39,3,9,centroid,620,saab,opel,
39,3,9,centroid,626,bus,van,
39,3,9,centroid,629,van,van,
39,3,9,centroid,630,saab,van,
39,3,9,centroid,640,opel,opel,
39,3,9,centroid,646,bus,van,
39,3,9,centroid,651,saab,van,
39,3,9,centroid,652,opel,saab,
39,3,9,centroid,654,saab,saab,
39,3,9,centroid,668,van,saab,
39,3,9,centroid,669,bus,bus,
39,3,9,centroid,679,bus,bus,
39,3,9,centroid,685,bus,van,
39,3,9,centroid,688,saab,van,
39,3,9,centroid,694,saab,saab,
39,3,9,centroid,699,opel,bus,
39,3,9,centroid,705,saab,saab,
39,3,9,centroid,722,van,saab,
39,3,9,centroid,739,van,van,
39,3,9,centroid,748,van,van,
39,3,9,centroid,774,van,van,
39,3,9,centroid,776,saab,opel,
39,3,9,centroid,795,van,van,
39,3,9,centroid,799,bus,van,
39,3,9,centroid,810,opel,opel,
39,3,9,centroid,815,bus,bus,
39,3,9,centroid,818,opel,saab,
39,3,9,centroid,824,opel,opel,
39,3,9,centroid,833,saab,bus,
39,3,9,centroid,835,bus,opel,
39,3,9,centroid,842,van,bus,
39,3,9,knn,14,bus,bus,
39,3,9,knn,15,opel,opel,
39,3,9,knn,32,opel,saab,
39,3,9,knn,33,opel,opel,
39,3,9,knn,56,saab,opel,
39,3,9,knn,77,saab,bus,
39,3,9,knn,89,opel,saab,
39,3,9,knn,97,bus,bus,
39,3,9,knn,100,bus,van,
39,3,9,knn,101,van,van,
39,3,9,knn,110,van,bus,
39,3,9,knn,121,van,van,
39,3,9,knn,130,saab,saab,
39,3,9,knn,145,opel,saab,
39,3,9,knn,150,saab,opel,
39,3,9,knn,174,van,van,
39,3,9,knn,191,van,van,
39,3,9,knn,193,bus,bus,
39,3,9,knn,208,bus,bus,
39,3,9,knn,218,bus,bus,
39,3,9,knn,223,bus,bus,
39,3,9,knn,231,saab,van,
39,3,9,knn,237,bus,bus,
39,3,9,knn,257,opel,saab,
39,3,9,knn,287,van,van,
39,3,9,knn,291,van,van,
39,3,9,knn,305,bus,bus,
39,3,9,knn,347,opel,saab,
39,3,9,knn,358,opel,van,
39,3,9,knn,360,saab,saab,
39,3,9,knn,362,saab,opel,
39,3,9,knn,366,van,van,
39,3,9,knn,374,van,van,
39,3,9,knn,386,saab,opel,
39,3,9,knn,397,bus,bus,
39,3,9,knn,403,van,van,
39,3,9,knn,407,saab,opel,
39,3,9,knn,409,saab,opel,
39,3,9,knn,439,saab,saab,
39,3,9,knn,443,opel,saab,
39,3,9,knn,444,bus,bus,
39,3,9,knn,452,opel,saab,
39,3,9,knn,488,opel,opel,
39,3,9,knn,493,opel,saab,
39,3,9,knn,543,saab,saab,
39,3,9,knn,548,bus,bus,
39,3,9,knn,551,opel,saab,
39,3,9,knn,558,bus,bus,
39,3,9,knn,563,opel,opel,
39,3,9,knn,570,saab,saab,
39,3,9,knn,589,opel,opel,
39,3,9,knn,601,van,van,
39,3,9,knn,609,bus,bus,
39,3,9,knn,620,saab,opel,
39,3,9,knn,626,bus,bus,
39,3,9,knn,629,van,saab,
39,3,9,knn,630,saab,opel,
39,3,9,knn,640,opel,opel,
39,3,9,knn,646,bus,bus,
39,3,9,knn,651,saab,saab,
39,3,9,knn,652,opel,opel,
39,3,9,knn,654,saab,saab,
39,3,9,knn,668,van,van,
39,3,9,knn,669,bus,bus,
39,3,9,knn,679,bus,bus,
39,3,9,knn,685,bus,bus,
39,3,9,knn,688,saab,van,
39,3,9,knn,694,saab,opel,
39,3,9,knn,699,opel,opel,
39,3,9,knn,705,saab,saab,
39,3,9,knn,722,van,van,
39,3,9,knn,739,van,van,
39,3,9,knn,748,van,van,
39,3,9,knn,774,van,van,
39,3,9,knn,776,saab,opel,
39,3,9,knn,795,van,van,
39,3,9,knn,799,bus,bus,
39,3,9,knn,810,opel,opel,
39,3,9,knn,815,bus,bus,
39,3,9,knn,818,opel,opel,
39,3,9,knn,824,opel,saab,
39,3,9,knn,833,saab,saab,
39,3,9,knn,835,bus,bus,
39,3,9,knn,842,van,van,
39,3,9,svm,14,bus,bus,2.077034674525873
39,3,9,svm,15,opel,opel,0.5528798985523773
39,3,9,svm,32,opel,saab,1.1322895212137558
39,3,9,svm,33,opel,saab,0.04309830398575709
39,3,9,svm,56,saab,saab,0.1935275726364898
39,3,9,svm,77,saab,bus,0.7316928687382327
39,3,9,svm,89,opel,opel,0.6089919056231441
39,3,9,svm,97,bus,bus,1.5734973735268878
39,3,9,svm,100,bus,van,0.568688967350681
39,3,9,svm,101,van,van,0.8544405480275947
39,3,9,svm,110,van,van,1.6258296818248628
39,3,9,svm,121,van,van,1.691804145374534
39,3,9,svm,130,saab,saab,1.5221318142977966
39,3,9,svm,145,opel,opel,1.16695366868072
39,3,9,svm,150,saab,saab,1.5159053461469858
39,3,9,svm,174,van,van,3.276921445605661
39,3,9,svm,191,van,van,1.1255217178618921
39,3,9,svm,193,bus,bus,1.9217166162385695
39,3,9,svm,208,bus,bus,1.1912827392904375
39,3,9,svm,218,bus,bus,1.2488225907048918
39,3,9,svm,223,bus,bus,2.152237901274955
39,3,9,svm,231,saab,saab,0.4104852978356657
39,3,9,svm,237,bus,bus,1.5230317347372804
39,3,9,svm,257,opel,opel,0.3789670789998292
39,3,9,svm,287,van,van,1.735360272669011
39,3,9,svm,291,van,van,0.6658458399222809
39,3,9,svm,305,bus,bus,1.1066575866060293
39,3,9,svm,347,opel,opel,0.13789199028908783
39,3,9,svm,358,opel,opel,0.43526891468307216
39,3,9,svm,360,saab,saab,1.247246280776813
39,3,9,svm,362,saab,saab,0.5569018668058652
39,3,9,svm,366,van,van,2.340610273010098
39,3,9,svm,374,van,van,1.1084343601165305
39,3,9,svm,386,saab,saab,0.622733126562145
39,3,9,svm,397,bus,bus,1.0918446762328213
39,3,9,svm,403,van,van,2.326167021341787
39,3,9,svm,407,saab,saab,1.3809738006258732
39,3,9,svm,409,saab,opel,0.4561275935574196
39,3,9,svm,439,saab,saab,0.2965603989901018
39,3,9,svm,443,opel,opel,0.8610893036190754
39,3,9,svm,444,bus,bus,2.5945166508129103
39,3,9,svm,452,opel,saab,0.6114834377572782
39,3,9,svm,488,opel,opel,1.0430255956189507
39,3,9,svm,493,opel,opel,0.6194318709577127
39,3,9,svm,543,saab,saab,0.3135408281531826
39,3,9,svm,548,bus,bus,1.8323604836165313
39,3,9,svm,551,opel,opel,0.8647601091302386
39,3,9,svm,558,bus,bus,1.5025011744557384
39,3,9,svm,563,opel,saab,0.952626113194035
39,3,9,svm,570,saab,saab,0.9862337243940038
39,3,9,svm,589,opel,opel,0.4275311575956744
39,3,9,svm,601,van,van,1.8309383755817237
39,3,9,svm,609,bus,bus,0.7079437920486882
39,3,9,svm,620,saab,saab,0.6421466769498163
39,3,9,svm,626,bus,bus,1.293137094120294
39,3,9,svm,629,van,van,0.6482568436169185
39,3,9,svm,630,saab,saab,0.07318020939775405
39,3,9,svm,640,opel,saab,0.37980749840202943
39,3,9,svm,646,bus,bus,1.5957262881957743
39,3,9,svm,651,saab,saab,0.42671583623620135
39,3,9,svm,652,opel,opel,0.5927071974335911
39,3,9,svm,654,saab,opel,0.11299647703030136
39,3,9,svm,668,van,van,1.72311919506126
39,3,9,svm,669,bus,bus,1.6831016804917138
39,3,9,svm,679,bus,bus,2.466509006189679
39,3,9,svm,685,bus,bus,0.48224705062702355
39,3,9,svm,688,saab,van,0.3357483373052734
39,3,9,svm,694,saab,saab,1.0057349593538225
39,3,9,svm,699,opel,saab,0.1514475937049644
39,3,9,svm,705,saab,saab,1.0788460955350725
39,3,9,svm,722,van,van,1.9327562523259951
39,3,9,svm,739,van,van,2.0194985198603597
39,3,9,svm,748,van,van,1.45123716433813
39,3,9,svm,774,van,van,1.8661626712531199
39,3,9,svm,776,saab,saab,0.2636951369430909
39,3,9,svm,795,van,van,0.8947137516306305
39,3,9,svm,799,bus,bus,2.246384762176032
39,3,9,svm,810,opel,opel,1.7732896539581198
39,3,9,svm,815,bus,bus,1.1634456983337467
39,3,9,svm,818,opel,opel,1.1081575950001161
39,3,9,svm,824,opel,opel,0.373670822680098
39,3,9,svm,833,saab,saab,0.057956931983418336
39,3,9,svm,835,bus,bus,1.5899360666027587
39,3,9,svm,842,van,van,1.6601873416352184
39,3,9,mlp,14,bus,bus,
39,3,9,mlp,15,opel,opel,
39,3,9,mlp,32,opel,saab,
39,3,9,mlp,33,opel,saab,
39,3,9,mlp,56,saab,saab,
39,3,9,mlp,77,saab,bus,
39,3,9,mlp,89,opel,van,
39,3,9,mlp,97,bus,bus,
39,3,9,mlp,100,bus,van,
39,3,9,mlp,101,van,van,
39,3,9,mlp,110,van,van,
39,3,9,mlp,121,van,van,
39,3,9,mlp,130,saab,saab,
39,3,9,mlp,145,opel,opel,
39,3,9,mlp,150,saab,saab,
39,3,9,mlp,174,van,van,
39,3,9,mlp,191,van,bus,
39,3,9,mlp,193,bus,bus,
39,3,9,mlp,208,bus,bus,
39,3,9,mlp,218,bus,bus,
39,3,9,mlp,223,bus,bus,
39,3,9,mlp,231,saab,saab,
39,3,9,mlp,237,bus,bus,
39,3,9,mlp,257,opel,opel,
39,3,9,mlp,287,van,van,
39,3,9,mlp,291,van,van,
39,3,9,mlp,305,bus,van,
39,3,9,mlp,347,opel,opel,
39,3,9,mlp,358,opel,van,
39,3,9,mlp,360,saab,saab,
39,3,9,mlp,362,saab,bus,
39,3,9,mlp,366,van,van,
39,3,9,mlp,374,van,van,
39,3,9,mlp,386,saab,saab,
39,3,9,mlp,397,bus,bus,
39,3,9,mlp,403,van,van,
39,3,9,mlp,407,saab,van,
39,3,9,mlp,409,saab,opel,
39,3,9,mlp,439,saab,saab,
39,3,9,mlp,443,opel,opel,
39,3,9,mlp,444,bus,bus,
39,3,9,mlp,452,opel,opel,
39,3,9,mlp,488,opel,saab,
39,3,9,mlp,493,opel,opel,
39,3,9,mlp,543,saab,bus,
39,3,9,mlp,548,bus,bus,
39,3,9,mlp,551,opel,van,
39,3,9,mlp,558,bus,bus,
39,3,9,mlp,563,opel,saab,
39,3,9,mlp,570,saab,saab,
39,3,9,mlp,589,opel,opel,
39,3,9,mlp,601,van,van,
39,3,9,mlp,609,bus,bus,
39,3,9,mlp,620,saab,opel,
39,3,9,mlp,626,bus,bus,
39,3,9,mlp,629,van,van,
39,3,9,mlp,630,saab,van,
39,3,9,mlp,640,opel,opel,
39,3,9,mlp,646,bus,bus,
39,3,9,mlp,651,saab,bus,
39,3,9,mlp,652,opel,opel,
39,3,9,mlp,654,saab,saab,
39,3,9,mlp,668,van,saab,
39,3,9,mlp,669,bus,bus,
39,3,9,mlp,679,bus,bus,
39,3,9,mlp,685,bus,bus,
39,3,9,mlp,688,saab,van,
39,3,9,mlp,694,saab,saab,
39,3,9,mlp,699,opel,bus,
39,3,9,mlp,705,saab,saab,
39,3,9,mlp,722,van,van,
39,3,9,mlp,739,van,van,
39,3,9,mlp,748,van,van,
39,3,9,mlp,774,van,van,
39,3,9,mlp,776,saab,saab,
39,3,9,mlp,795,van,van,
39,3,9,mlp,799,bus,bus,
39,3,9,mlp,810,opel,opel,
39,3,9,mlp,815,bus,van,
39,3,9,mlp,818,opel,saab,
39,3,9,mlp,824,opel,opel,
39,3,9,mlp,833,saab,bus,
39,3,9,mlp,835,bus,bus,
39,3,9,mlp,842,van,van,
39,3,9,rbf,14,bus,bus,
39,3,9,rbf,15,opel,opel,
39,3,9,rbf,32,opel,saab,
39,3,9,rbf,33,opel,saab,
39,3,9,rbf,56,saab,saab,
39,3,9,rbf,77,saab,bus,
39,3,9,rbf,89,opel,van,
39,3,9,rbf,97,bus,bus,
39,3,9,rbf,100,bus,van,
39,3,9,rbf,101,van,van,
39,3,9,rbf,110,van,van,
39,3,9,rbf,121,van,van,
39,3,9,rbf,130,saab,saab,
39,3,9,rbf,145,opel,opel,
39,3,9,rbf,150,saab,saab,
39,3,9,rbf,174,van,van,
39,3,9,rbf,191,van,van,
39,3,9,rbf,193,bus,bus,
39,3,9,rbf,208,bus,bus,
39,3,9,rbf,218,bus,bus,
39,3,9,rbf,223,bus,bus,
39,3,9,rbf,231,saab,van,
39,3,9,rbf,237,bus,bus,
39,3,9,rbf,257,opel,saab,
39,3,9,rbf,287,van,van,
39,3,9,rbf,291,van,van,
39,3,9,rbf,305,bus,bus,
39,3,9,rbf,347,opel,opel,
39,3,9,rbf,358,opel,saab,
39,3,9,rbf,360,saab,saab,
39,3,9,rbf,362,saab,saab,
39,3,9,rbf,366,van,van,
39,3,9,rbf,374,van,van,
39,3,9,rbf,386,saab,saab,
39,3,9,rbf,397,bus,bus,
39,3,9,rbf,403,van,van,
39,3,9,rbf,407,saab,saab,
39,3,9,rbf,409,saab,opel,
39,3,9,rbf,439,saab,saab,
39,3,9,rbf,443,opel,saab,
39,3,9,rbf,444,bus,bus,
39,3,9,rbf,452,opel,opel,
39,3,9,rbf,488,opel,opel,
39,3,9,rbf,493,opel,opel,
39,3,9,rbf,543,saab,bus,
39,3,9,rbf,548,bus,bus,
39,3,9,rbf,551,opel,opel,
39,3,9,rbf,558,bus,bus,
39,3,9,rbf,563,opel,saab,
39,3,9,rbf,570,saab,saab,
39,3,9,rbf,589,opel,saab,
39,3,9,rbf,601,van,van,
39,3,9,rbf,609,bus,bus,
39,3,9,rbf,620,saab,saab,
39,3,9,rbf,626,bus,bus,
39,3,9,rbf,629,van,van,
39,3,9,rbf,630,saab,van,
39,3,9,rbf,640,opel,opel,
39,3,9,rbf,646,bus,bus,
39,3,9,rbf,651,saab,bus,
39,3,9,rbf,652,opel,bus,
39,3,9,rbf,654,saab,opel,
39,3,9,rbf,668,van,van,
39,3,9,rbf,669,bus,bus,
39,3,9,rbf,679,bus,bus,
39,3,9,rbf,685,bus,bus,
39,3,9,rbf,688,saab,van,
39,3,9,rbf,694,saab,saab,
39,3,9,rbf,699,opel,saab,
39,3,9,rbf,705,saab,saab,
39,3,9,rbf,722,van,van,
39,3,9,rbf,739,van,van,
39,3,9,rbf,748,van,van,
39,3,9,rbf,774,van,van,
39,3,9,rbf,776,saab,saab,
39,3,9,rbf,795,van,van,
39,3,9,rbf,799,bus,bus,
39,3,9,rbf,810,opel,opel,
39,3,9,rbf,815,bus,bus,
39,3,9,rbf,818,opel,opel,
39,3,9,rbf,824,opel,opel,
39,3,9,rbf,833,saab,saab,
39,3,9,rbf,835,bus,bus,
39,3,9,rbf,842,van,van,
39,3,9,svm_linear,14,bus,bus,
39,3,9,svm_linear,15,opel,saab,
39,3,9,svm_linear,32,opel,saab,
39,3,9,svm_linear,33,opel,saab,
39,3,9,svm_linear,56,saab,saab,
39,3,9,svm_linear,77,saab,bus,
39,3,9,svm_linear,89,opel,opel,
39,3,9,svm_linear,97,bus,bus,
39,3,9,svm_linear,100,bus,bus,
39,3,9,svm_linear,101,van,van,
39,3,9,svm_linear,110,van,van,
39,3,9,svm_linear,121,van,van,
39,3,9,svm_linear,130,saab,saab,
39,3,9,svm_linear,145,opel,opel,
39,3,9,svm_linear,150,saab,saab,
39,3,9,svm_linear,174,van,van,
39,3,9,svm_linear,191,van,van,
39,3,9,svm_linear,193,bus,bus,
39,3,9,svm_linear,208,bus,bus,
39,3,9,svm_linear,218,bus,bus,
39,3,9,svm_linear,223,bus,bus,
39,3,9,svm_linear,231,saab,opel,
39,3,9,svm_linear,237,bus,bus,
39,3,9,svm_linear,257,opel,opel,
39,3,9,svm_linear,287,van,van,
39,3,9,svm_linear,291,van,van,
39,3,9,svm_linear,305,bus,bus,
39,3,9,svm_linear,347,opel,opel,
39,3,9,svm_linear,358,opel,opel,
39,3,9,svm_linear,360,saab,saab,
39,3,9,svm_linear,362,saab,saab,
39,3,9,svm_linear,366,van,van,
39,3,9,svm_linear,374,van,van,
39,3,9,svm_linear,386,saab,saab,
39,3,9,svm_linear,397,bus,bus,
39,3,9,svm_linear,403,van,van,
39,3,9,svm_linear,407,saab,saab,
39,3,9,svm_linear,409,saab,opel,
39,3,9,svm_linear,439,saab,opel,
39,3,9,svm_linear,443,opel,opel,
39,3,9,svm_linear,444,bus,bus,
39,3,9,svm_linear,452,opel,saab,
39,3,9,svm_linear,488,opel,opel,
39,3,9,svm_linear,493,opel,opel,
39,3,9,svm_linear,543,saab,saab,
39,3,9,svm_linear,548,bus,bus,
39,3,9,svm_linear,551,opel,opel,
39,3,9,svm_linear,558,bus,bus,
39,3,9,svm_linear,563,opel,saab,
39,3,9,svm_linear,570,saab,saab,
39,3,9,svm_linear,589,opel,opel,
39,3,9,svm_linear,601,van,van,
39,3,9,svm_linear,609,bus,bus,
39,3,9,svm_linear,620,saab,saab,
39,3,9,svm_linear,626,bus,bus,
39,3,9,svm_linear,629,van,van,
39,3,9,svm_linear,630,saab,opel,
39,3,9,svm_linear,640,opel,saab,
39,3,9,svm_linear,646,bus,bus,
39,3,9,svm_linear,651,saab,bus,
39,3,9,svm_linear,652,opel,saab,
39,3,9,svm_linear,654,saab,saab,
39,3,9,svm_linear,668,van,van,
39,3,9,svm_linear,669,bus,bus,
39,3,9,svm_linear,679,bus,bus,
39,3,9,svm_linear,685,bus,bus,
39,3,9,svm_linear,688,saab,van,
39,3,9,svm_linear,694,saab,saab,
39,3,9,svm_linear,699,opel,saab,
39,3,9,svm_linear,705,saab,saab,
39,3,9,svm_linear,722,van,van,
39,3,9,svm_linear,739,van,van,
39,3,9,svm_linear,748,van,van,
39,3,9,svm_linear,774,van,van,
39,3,9,svm_linear,776,saab,saab,
39,3,9,svm_linear,795,van,van,
39,3,9,svm_linear,799,bus,bus,
39,3,9,svm_linear,810,opel,opel,
39,3,9,svm_linear,815,bus,bus,
39,3,9,svm_linear,818,opel,opel,
39,3,9,svm_linear,824,opel,opel,
39,3,9,svm_linear,833,saab,saab,
39,3,9,svm_linear,835,bus,bus,
39,3,9,svm_linear,842,van,van,
39,3,9,svm_unscaled,14,bus,bus,
39,3,9,svm_unscaled,15,opel,opel,
39,3,9,svm_unscaled,32,opel,saab,
39,3,9,svm_unscaled,33,opel,saab,
39,3,9,svm_unscaled,56,saab,opel,
39,3,9,svm_unscaled,77,saab,bus,
39,3,9,svm_unscaled,89,opel,opel,
39,3,9,svm_unscaled,97,bus,bus,
39,3,9,svm_unscaled,100,bus,bus,
39,3,9,svm_unscaled,101,van,van,
39,3,9,svm_unscaled,110,van,van,
39,3,9,svm_unscaled,121,van,van,
39,3,9,svm_unscaled,130,saab,saab,
39,3,9,svm_unscaled,145,opel,opel,
39,3,9,svm_unscaled,150,saab,saab,
39,3,9,svm_unscaled,174,van,van,
39,3,9,svm_unscaled,191,van,van,
39,3,9,svm_unscaled,193,bus,bus,
39,3,9,svm_unscaled,208,bus,bus,
39,3,9,svm_unscaled,218,bus,bus,
39,3,9,svm_unscaled,223,bus,bus,
39,3,9,svm_unscaled,231,saab,saab,
39,3,9,svm_unscaled,237,bus,bus,
39,3,9,svm_unscaled,257,opel,saab,
39,3,9,svm_unscaled,287,van,van,
39,3,9,svm_unscaled,291,van,van,
39,3,9,svm_unscaled,305,bus,bus,
39,3,9,svm_unscaled,347,opel,saab,
39,3,9,svm_unscaled,358,opel,opel,
39,3,9,svm_unscaled,360,saab,saab,
39,3,9,svm_unscaled,362,saab,saab,
39,3,9,svm_unscaled,366,van,van,
39,3,9,svm_unscaled,374,van,van,
39,3,9,svm_unscaled,386,saab,opel,
39,3,9,svm_unscaled,397,bus,bus,
39,3,9,svm_unscaled,403,van,van,
39,3,9,svm_unscaled,407,saab,saab,
39,3,9,svm_unscaled,409,saab,opel,
39,3,9,svm_unscaled,439,saab,opel,
39,3,9,svm_unscaled,443,opel,opel,
39,3,9,svm_unscaled,444,bus,bus,
39,3,9,svm_unscaled,452,opel,saab,
39,3,9,svm_unscaled,488,opel,opel,
39,3,9,svm_unscaled,493,opel,opel,
39,3,9,svm_unscaled,543,saab,bus,
39,3,9,svm_unscaled,548,bus,bus,
39,3,9,svm_unscaled,551,opel,opel,
39,3,9,svm_unscaled,558,bus,bus,
39,3,9,svm_unscaled,563,opel,saab,
39,3,9,svm_unscaled,570,saab,saab,
39,3,9,svm_unscaled,589,opel,opel,
39,3,9,svm_unscaled,601,van,van,
39,3,9,svm_unscaled,609,bus,bus,
39,3,9,svm_unscaled,620,saab,opel,
39,3,9,svm_unscaled,626,bus,bus,
39,3,9,svm_unscaled,629,van,van,
39,3,9,svm_unscaled,630,saab,opel,
39,3,9,svm_unscaled,640,opel,saab,
39,3,9,svm_unscaled,646,bus,bus,
39,3,9,svm_unscaled,651,saab,saab,
39,3,9,svm_unscaled,652,opel,saab,
39,3,9,svm_unscaled,654,saab,saab,
39,3,9,svm_unscaled,668,van,van,
39,3,9,svm_unscaled,669,bus,bus,
39,3,9,svm_unscaled,679,bus,bus,
39,3,9,svm_unscaled,685,bus,bus,
39,3,9,svm_unscaled,688,saab,van,
39,3,9,svm_unscaled,694,saab,saab,
39,3,9,svm_unscaled,699,opel,saab,
39,3,9,svm_unscaled,705,saab,saab,
39,3,9,svm_unscaled,722,van,van,
39,3,9,svm_unscaled,739,van,van,
39,3,9,svm_unscaled,748,van,van,
39,3,9,svm_unscaled,774,van,van,
39,3,9,svm_unscaled,776,saab,saab,
39,3,9,svm_unscaled,795,van,van,
39,3,9,svm_unscaled,799,bus,bus,
39,3,9,svm_unscaled,810,opel,opel,
39,3,9,svm_unscaled,815,bus,bus,
39,3,9,svm_unscaled,818,opel,opel,
39,3,9,svm_unscaled,824,opel,opel,
39,3,9,svm_unscaled,833,saab,saab,
39,3,9,svm_unscaled,835,bus,bus,
39,3,9,svm_unscaled,842,van,van,
40,4,0,centroid,4,bus,bus,
40,4,0,centroid,15,opel,opel,
40,4,0,centroid,20,bus,bus,
40,4,0,centroid,32,opel,van,
40,4,0,centroid,35,van,saab,
40,4,0,centroid,74,van,van,
40,4,0,centroid,85,bus,opel,
40,4,0,centroid,88,bus,saab,
40,4,0,centroid,89,opel,van,
40,4,0,centroid,90,saab,opel,
40,4,0,centroid,111,van,bus,
40,4,0,centroid,112,opel,van,
40,4,0,centroid,118,bus,van,
40,4,0,centroid,120,saab,van,
40,4,0,centroid,127,bus,van,
40,4,0,centroid,142,opel,opel,
40,4,0,centroid,144,opel,saab,
40,4,0,centroid,145,opel,opel,
40,4,0,centroid,147,bus,van,
40,4,0,centroid,156,opel,van,
40,4,0,centroid,163,saab,van,
40,4,0,centroid,172,van,van,
40,4,0,centroid,185,bus,saab,
40,4,0,centroid,195,bus,bus,
40,4,0,centroid,197,bus,bus,
40,4,0,centroid,232,bus,bus,
40,4,0,centroid,233,saab,opel,
40,4,0,centroid,258,saab,opel,
40,4,0,centroid,268,van,van,
40,4,0,centroid,275,bus,van,
40,4,0,centroid,282,bus,bus,
40,4,0,centroid,309,opel,saab,
40,4,0,centroid,316,van,van,
40,4,0,centroid,317,saab,saab,
40,4,0,centroid,329,saab,van,
40,4,0,centroid,338,van,saab,
40,4,0,centroid,339,bus,van,
40,4,0,centroid,342,saab,van,
40,4,0,centroid,347,opel,van,
40,4,0,centroid,356,bus,van,
40,4,0,centroid,363,van,van,
40,4,0,centroid,365,saab,opel,
40,4,0,centroid,369,opel,bus,
40,4,0,centroid,379,opel,opel,
40,4,0,centroid,387,van,van,
40,4,0,centroid,392,van,van,
40,4,0,centroid,400,saab,saab,
40,4,0,centroid,402,opel,opel,
40,4,0,centroid,413,opel,van,
40,4,0,centroid,429,van,van,
40,4,0,centroid,432,saab,van,
40,4,0,centroid,433,bus,van,
40,4,0,centroid,440,saab,opel,
40,4,0,centroid,453,bus,van,
40,4,0,centroid,502,opel,van,
40,4,0,centroid,506,saab,opel,
40,4,0,centroid,521,van,van,
40,4,0,centroid,529,bus,van,
40,4,0,centroid,543,saab,van,
40,4,0,centroid,544,bus,van,
40,4,0,centroid,555,opel,opel,
40,4,0,centroid,559,saab,opel,
40,4,0,centroid,573,van,bus,
40,4,0,centroid,601,van,van,
40,4,0,centroid,615,opel,van,
40,4,0,centroid,618,van,van,
40,4,0,centroid,626,bus,van,
40,4,0,centroid,639,opel,opel,
40,4,0,centroid,674,saab,van,
40,4,0,centroid,676,bus,bus,
40,4,0,centroid,682,van,bus,
40,4,0,centroid,689,saab,saab,
40,4,0,centroid,694,saab,saab,
40,4,0,centroid,699,opel,bus,
40,4,0,centroid,704,opel,opel,
40,4,0,centroid,712,saab,saab,
40,4,0,centroid,726,saab,opel,
40,4,0,centroid,738,bus,opel,
40,4,0,centroid,780,saab,opel,
40,4,0,centroid,781,van,van,
40,4,0,centroid,784,van,van,
40,4,0,centroid,787,van,van,
40,4,0,centroid,826,opel,opel,
40,4,0,centroid,837,saab,saab,
40,4,0,centroid,845,van,van,
40,4,0,knn,4,bus,van,
40,4,0,knn,15,opel,opel,
40,4,0,knn,20,bus,bus,
40,4,0,knn,32,opel,saab,
40,4,0,knn,35,van,van,
40,4,0,knn,74,van,van,
40,4,0,knn,85,bus,bus,
40,4,0,knn,88,bus,bus,
40,4,0,knn,89,opel,saab,
40,4,0,knn,90,saab,saab,
40,4,0,knn,111,van,van,
40,4,0,knn,112,opel,opel,
40,4,0,knn,118,bus,bus,
40,4,0,knn,120,saab,saab,
40,4,0,knn,127,bus,van,
40,4,0,knn,142,opel,saab,
40,4,0,knn,144,opel,opel,
40,4,0,knn,145,opel,saab,
40,4,0,knn,147,bus,bus,
40,4,0,knn,156,opel,opel,
40,4,0,knn,163,saab,van,
40,4,0,knn,172,van,van,
40,4,0,knn,185,bus,bus,
40,4,0,knn,195,bus,bus,
40,4,0,knn,197,bus,bus,
40,4,0,knn,232,bus,bus,
40,4,0,knn,233,saab,opel,
40,4,0,knn,258,saab,opel,
40,4,0,knn,268,van,van,
40,4,0,knn,275,bus,bus,
40,4,0,knn,282,bus,bus,
40,4,0,knn,309,opel,saab,
40,4,0,knn,316,van,van,
40,4,0,knn,317,saab,saab,
40,4,0,knn,329,saab,opel,
40,4,0,knn,338,van,van,
40,4,0,knn,339,bus,bus,
40,4,0,knn,342,saab,saab,
40,4,0,knn,347,opel,saab,
40,4,0,knn,356,bus,bus,
40,4,0,knn,363,van,van,
40,4,0,knn,365,saab,saab,
40,4,0,knn,369,opel,saab,
40,4,0,knn,379,opel,saab,
40,4,0,knn,387,van,van,
40,4,0,knn,392,van,van,
40,4,0,knn,400,saab,saab,
40,4,0,knn,402,opel,saab,
40,4,0,knn,413,opel,saab,
40,4,0,knn,429,van,van,
40,4,0,knn,432,saab,opel,
40,4,0,knn,433,bus,bus,
40,4,0,knn,440,saab,opel,
40,4,0,knn,453,bus,bus,
40,4,0,knn,502,opel,opel,
40,4,0,knn,506,saab,saab,
40,4,0,knn,521,van,van,
40,4,0,knn,529,bus,bus,
40,4,0,knn,543,saab,bus,
40,4,0,knn,544,bus,bus,
40,4,0,knn,555,opel,saab,
40,4,0,knn,559,saab,opel,
40,4,0,knn,573,van,van,
40,4,0,knn,601,van,van,
40,4,0,knn,615,opel,opel,
40,4,0,knn,618,van,van,
40,4,0,knn,626,bus,bus,
40,4,0,knn,639,opel,saab,
40,4,0,knn,674,saab,bus,
40,4,0,knn,676,bus,bus,
40,4,0,knn,682,van,van,
40,4,0,knn,689,saab,saab,
40,4,0,knn,694,saab,saab,
40,4,0,knn,699,opel,saab,
40,4,0,knn,704,opel,opel,
40,4,0,knn,712,saab,saab,
40,4,0,knn,726,saab,saab,
40,4,0,knn,738,bus,bus,
40,4,0,knn,780,saab,opel,
40,4,0,knn,781,van,van,
40,4,0,knn,784,van,saab,
40,4,0,knn,787,van,van,
40,4,0,knn,826,opel,saab,
40,4,0,knn,837,saab,opel,
40,4,0,knn,845,van,opel,
40,4,0,svm,4,bus,opel,0.014067201202290214
40,4,0,svm,15,opel,opel,1.254858994665709
40,4,0,svm,20,bus,bus,1.045440068969608
40,4,0,svm,32,opel,saab,1.1210139104010313
40,4,0,svm,35,van,van,0.6494248770277443
40,4,0,svm,74,van,van,1.5493220195517226
40,4,0,svm,85,bus,bus,1.2125141682796672
40,4,0,svm,88,bus,bus,1.7311901365488278
40,4,0,svm,89,opel,opel,0.20901876103282718
40,4,0,svm,90,saab,saab,1.0539787430068523
40,4,0,svm,111,van,van,1.8524220963338238
40,4,0,svm,112,opel,opel,1.4909278540008946
40,4,0,svm,118,bus,bus,1.1924323751801094
40,4,0,svm,120,saab,saab,1.5565463547160074
40,4,0,svm,127,bus,van,1.18680895697012
40,4,0,svm,142,opel,opel,1.0981772205129603
40,4,0,svm,144,opel,opel,0.6907575651145798
40,4,0,svm,145,opel,opel,1.22973203768198
40,4,0,svm,147,bus,bus,0.733502047017477
40,4,0,svm,156,opel,opel,0.8523737100986901
40,4,0,svm,163,saab,opel,0.21703723981737533
40,4,0,svm,172,van,van,0.9737666245352758
40,4,0,svm,185,bus,bus,1.5666129866426457
40,4,0,svm,195,bus,bus,0.9077752015063228
40,4,0,svm,197,bus,bus,1.4081388372646733
40,4,0,svm,232,bus,bus,1.69260004343644
40,4,0,svm,233,saab,saab,1.1402286012221161
40,4,0,svm,258,saab,saab,1.1720144265580899
40,4,0,svm,268,van,van,1.2929950378329695
40,4,0,svm,275,bus,bus,1.2253529612516587
40,4,0,svm,282,bus,bus,1.02810438234709
40,4,0,svm,309,opel,opel,1.3156987732801166
40,4,0,svm,316,van,van,2.718218907316218
40,4,0,svm,317,saab,saab,1.2110295226481325
40,4,0,svm,329,saab,saab,1.2019832072135541
40,4,0,svm,338,van,van,0.12466420856919647
40,4,0,svm,339,bus,bus,1.3422203071281769
40,4,0,svm,342,saab,saab,0.8589271169142743
40,4,0,svm,347,opel,opel,0.14113789554820244
40,4,0,svm,356,bus,bus,1.4323312380093505
40,4,0,svm,363,van,van,1.498551260167335
40,4,0,svm,365,saab,saab,1.1583683828333657
40,4,0,svm,369,opel,saab,1.0269633719092566
40,4,0,svm,379,opel,saab,1.0138550367484056
40,4,0,svm,387,van,van,1.6989010442790402
40,4,0,svm,392,van,van,2.322458904412044
40,4,0,svm,400,saab,saab,1.3203347594780863
40,4,0,svm,402,opel,opel,1.0200581571418041
40,4,0,svm,413,opel,saab,0.017729240462815987
40,4,0,svm,429,van,van,1.4873610573966434
40,4,0,svm,432,saab,saab,0.5694077129581201
40,4,0,svm,433,bus,bus,0.7116847780917422
40,4,0,svm,440,saab,saab,0.8739976141824277
40,4,0,svm,453,bus,bus,1.0950609662687967
40,4,0,svm,502,opel,saab,0.9312910216508032
40,4,0,svm,506,saab,opel,0.2630375896901658
40,4,0,svm,521,van,van,0.18315898853840007
40,4,0,svm,529,bus,bus,1.337643547830961
40,4,0,svm,543,saab,saab,0.5487940509902026
40,4,0,svm,544,bus,van,1.2360613028489222
40,4,0,svm,555,opel,saab,0.7956942535782887
40,4,0,svm,559,saab,opel,0.4847456143686113
40,4,0,svm,573,van,van,1.7398379646106394
40,4,0,svm,601,van,van,1.761057620631405
40,4,0,svm,615,opel,opel,1.5409465454214848
40,4,0,svm,618,van,van,1.565489148186133
40,4,0,svm,626,bus,bus,1.655308280682986
40,4,0,svm,639,opel,opel,0.6482004426142711
40,4,0,svm,674,saab,saab,0.8140514772841627
40,4,0,svm,676,bus,bus,1.477645474537851
40,4,0,svm,682,van,van,1.1860670988561564
40,4,0,svm,689,saab,saab,0.6256250373513135
40,4,0,svm,694,saab,saab,0.994534013286474
40,4,0,svm,699,opel,saab,0.2555566638637785
40,4,0,svm,704,opel,opel,1.5622224586002553
40,4,0,svm,712,saab,saab,0.7559602636876805
40,4,0,svm,726,saab,saab,0.47472952459931417
40,4,0,svm,738,bus,bus,1.475309508535274
40,4,0,svm,780,saab,saab,0.6730980742197777
40,4,0,svm,781,van,van,0.7120956288136496
40,4,0,svm,784,van,saab,0.057207233188271256
40,4,0,svm,787,van,van,2.3911330435946327
40,4,0,svm,826,opel,opel,0.7991345651750295
40,4,0,svm,837,saab,saab,0.09694016980271147
40,4,0,svm,845,van,van,0.545421811836847
40,4,0,mlp,4,bus,van,
40,4,0,mlp,15,opel,opel,
40,4,0,mlp,20,bus,bus,
40,4,0,mlp,32,opel,saab,
40,4,0,mlp,35,van,van,
40,4,0,mlp,74,van,van,
40,4,0,mlp,85,bus,bus,
40,4,0,mlp,88,bus,bus,
40,4,0,mlp,89,opel,saab,
40,4,0,mlp,90,saab,opel,
40,4,0,mlp,111,van,van,
40,4,0,mlp,112,opel,opel,
40,4,0,mlp,118,bus,bus,
40,4,0,mlp,120,saab,saab,
40,4,0,mlp,127,bus,van,
40,4,0,mlp,142,opel,saab,
40,4,0,mlp,144,opel,opel,
40,4,0,mlp,145,opel,opel,
40,4,0,mlp,147,bus,bus,
40,4,0,mlp,156,opel,saab,
40,4,0,mlp,163,saab,opel,
40,4,0,mlp,172,van,van,
40,4,0,mlp,185,bus,bus,
40,4,0,mlp,195,bus,bus,
40,4,0,mlp,197,bus,bus,
40,4,0,mlp,232,bus,bus,
40,4,0,mlp,233,saab,opel,
40,4,0,mlp,258,saab,saab,
40,4,0,mlp,268,van,van,
40,4,0,mlp,275,bus,bus,
40,4,0,mlp,282,bus,bus,
40,4,0,mlp,309,opel,saab,
40,4,0,mlp,316,van,van,
40,4,0,mlp,317,saab,opel,
40,4,0,mlp,329,saab,opel,
40,4,0,mlp,338,van,van,
40,4,0,mlp,339,bus,bus,
40,4,0,mlp,342,saab,bus,
40,4,0,mlp,347,opel,opel,
40,4,0,mlp,356,bus,bus,
40,4,0,mlp,363,van,van,
40,4,0,mlp,365,saab,saab,
40,4,0,mlp,369,opel,opel,
40,4,0,mlp,379,opel,opel,
40,4,0,mlp,387,van,van,
40,4,0,mlp,392,van,van,
40,4,0,mlp,400,saab,saab,
40,4,0,mlp,402,opel,opel,
40,4,0,mlp,413,opel,saab,
40,4,0,mlp,429,van,van,
40,4,0,mlp,432,saab,opel,
40,4,0,mlp,433,bus,bus,
40,4,0,mlp,440,saab,opel,
40,4,0,mlp,453,bus,van,
40,4,0,mlp,502,opel,van,
40,4,0,mlp,506,saab,saab,
40,4,0,mlp,521,van,van,
40,4,0,mlp,529,bus,bus,
40,4,0,mlp,543,saab,bus,
40,4,0,mlp,544,bus,van,
40,4,0,mlp,555,opel,opel,
40,4,0,mlp,559,saab,opel,
40,4,0,mlp,573,van,van,
40,4,0,mlp,601,van,van,
40,4,0,mlp,615,opel,saab,
40,4,0,mlp,618,van,van,
40,4,0,mlp,626,bus,bus,
40,4,0,mlp,639,opel,saab,
40,4,0,mlp,674,saab,saab,
40,4,0,mlp,676,bus,bus,
40,4,0,mlp,682,van,van,
40,4,0,mlp,689,saab,saab,
40,4,0,mlp,694,saab,saab,
40,4,0,mlp,699,opel,saab,
40,4,0,mlp,704,opel,opel,
40,4,0,mlp,712,saab,saab,
40,4,0,mlp,726,saab,saab,
40,4,0,mlp,738,bus,bus,
40,4,0,mlp,780,saab,saab,
40,4,0,mlp,781,van,van,
40,4,0,mlp,784,van,van,
40,4,0,mlp,787,van,van,
40,4,0,mlp,826,opel,opel,
40,4,0,mlp,837,saab,saab,
40,4,0,mlp,845,van,van,
40,4,0,rbf,4,bus,van,
40,4,0,rbf,15,opel,opel,
40,4,0,rbf,20,bus,bus,
40,4,0,rbf,32,opel,saab,
40,4,0,rbf,35,van,van,
40,4,0,rbf,74,van,van,
40,4,0,rbf,85,bus,bus,
40,4,0,rbf,88,bus,bus,
40,4,0,rbf,89,opel,opel,
40,4,0,rbf,90,saab,opel,
40,4,0,rbf,111,van,van,
40,4,0,rbf,112,opel,opel,
40,4,0,rbf,118,bus,bus,
40,4,0,rbf,120,saab,saab,
40,4,0,rbf,127,bus,van,
40,4,0,rbf,142,opel,opel,
40,4,0,rbf,144,opel,bus,
40,4,0,rbf,145,opel,opel,
40,4,0,rbf,147,bus,bus,
40,4,0,rbf,156,opel,saab,
40,4,0,rbf,163,saab,van,
40,4,0,rbf,172,van,van,
40,4,0,rbf,185,bus,bus,
40,4,0,rbf,195,bus,bus,
40,4,0,rbf,197,bus,bus,
40,4,0,rbf,232,bus,bus,
40,4,0,rbf,233,saab,opel,
40,4,0,rbf,258,saab,saab,
40,4,0,rbf,268,van,van,
40,4,0,rbf,275,bus,bus,
40,4,0,rbf,282,bus,bus,
40,4,0,rbf,309,opel,saab,
40,4,0,rbf,316,van,van,
40,4,0,rbf,317,saab,saab,
40,4,0,rbf,329,saab,opel,
40,4,0,rbf,338,van,van,
40,4,0,rbf,339,bus,bus,
40,4,0,rbf,342,saab,bus,
40,4,0,rbf,347,opel,opel,
40,4,0,rbf,356,bus,bus,
40,4,0,rbf,363,van,van,
40,4,0,rbf,365,saab,saab,
40,4,0,rbf,369,opel,opel,
40,4,0,rbf,379,opel,opel,
40,4,0,rbf,387,van,van,
40,4,0,rbf,392,van,van,
40,4,0,rbf,400,saab,saab,
40,4,0,rbf,402,opel,opel,
40,4,0,rbf,413,opel,saab,
40,4,0,rbf,429,van,van,
40,4,0,rbf,432,saab,opel,
40,4,0,rbf,433,bus,bus,
40,4,0,rbf,440,saab,saab,
40,4,0,rbf,453,bus,bus,
40,4,0,rbf,502,opel,saab,
40,4,0,rbf,506,saab,opel,
40,4,0,rbf,521,van,van,
40,4,0,rbf,529,bus,bus,
40,4,0,rbf,543,saab,bus,
40,4,0,rbf,544,bus,van,
40,4,0,rbf,555,opel,opel,
40,4,0,rbf,559,saab,opel,
40,4,0,rbf,573,van,van,
40,4,0,rbf,601,van,van,
40,4,0,rbf,615,opel,saab,
40,4,0,rbf,618,van,van,
40,4,0,rbf,626,bus,bus,
40,4,0,rbf,639,opel,saab,
40,4,0,rbf,674,saab,saab,
40,4,0,rbf,676,bus,bus,
40,4,0,rbf,682,van,van,
40,4,0,rbf,689,saab,saab,
40,4,0,rbf,694,saab,saab,
40,4,0,rbf,699,opel,bus,
40,4,0,rbf,704,opel,opel,
40,4,0,rbf,712,saab,saab,
40,4,0,rbf,726,saab,saab,
40,4,0,rbf,738,bus,bus,
40,4,0,rbf,780,saab,saab,
40,4,0,rbf,781,van,van,
40,4,0,rbf,784,van,van,
40,4,0,rbf,787,van,van,
40,4,0,rbf,826,opel,opel,
40,4,0,rbf,837,saab,van,
40,4,0,rbf,845,van,van,
40,4,0,svm_linear,4,bus,van,
40,4,0,svm_linear,15,opel,opel,
40,4,0,svm_linear,20,bus,bus,
40,4,0,svm_linear,32,opel,saab,
40,4,0,svm_linear,35,van,van,
40,4,0,svm_linear,74,van,van,
40,4,0,svm_linear,85,bus,bus,
40,4,0,svm_linear,88,bus,bus,
40,4,0,svm_linear,89,opel,opel,
40,4,0,svm_linear,90,saab,saab,
40,4,0,svm_linear,111,van,van,
40,4,0,svm_linear,112,opel,opel,
40,4,0,svm_linear,118,bus,bus,
40,4,0,svm_linear,120,saab,bus,
40,4,0,svm_linear,127,bus,van,
40,4,0,svm_linear,142,opel,saab,
40,4,0,svm_linear,144,opel,opel,
40,4,0,svm_linear,145,opel,opel,
40,4,0,svm_linear,147,bus,saab,
40,4,0,svm_linear,156,opel,opel,
40,4,0,svm_linear,163,saab,bus,
40,4,0,svm_linear,172,van,van,
40,4,0,svm_linear,185,bus,bus,
40,4,0,svm_linear,195,bus,bus,
40,4,0,svm_linear,197,bus,bus,
40,4,0,svm_linear,232,bus,bus,
40,4,0,svm_linear,233,saab,opel,
40,4,0,svm_linear,258,saab,saab,
40,4,0,svm_linear,268,van,van,
40,4,0,svm_linear,275,bus,bus,
40,4,0,svm_linear,282,bus,bus,
40,4,0,svm_linear,309,opel,saab,
40,4,0,svm_linear,316,van,van,
40,4,0,svm_linear,317,saab,opel,
40,4,0,svm_linear,329,saab,opel,
40,4,0,svm_linear,338,van,van,
40,4,0,svm_linear,339,bus,bus,
40,4,0,svm_linear,342,saab,bus,
40,4,0,svm_linear,347,opel,opel,
40,4,0,svm_linear,356,bus,bus,
40,4,0,svm_linear,363,van,van,
40,4,0,svm_linear,365,saab,saab,
40,4,0,svm_linear,369,opel,opel,
40,4,0,svm_linear,379,opel,opel,
40,4,0,svm_linear,387,van,van,
40,4,0,svm_linear,392,van,van,
40,4,0,svm_linear,400,saab,opel,
40,4,0,svm_linear,402,opel,opel,
40,4,0,svm_linear,413,opel,saab,
40,4,0,svm_linear,429,van,van,
40,4,0,svm_linear,432,saab,opel,
40,4,0,svm_linear,433,bus,bus,
40,4,0,svm_linear,440,saab,saab,
40,4,0,svm_linear,453,bus,bus,
40,4,0,svm_linear,502,opel,opel,
40,4,0,svm_linear,506,saab,opel,
40,4,0,svm_linear,521,van,van,
40,4,0,svm_linear,529,bus,bus,
40,4,0,svm_linear,543,saab,saab,
40,4,0,svm_linear,544,bus,bus,
40,4,0,svm_linear,555,opel,opel,
40,4,0,svm_linear,559,saab,opel,
40,4,0,svm_linear,573,van,van,
40,4,0,svm_linear,601,van,van,
40,4,0,svm_linear,615,opel,opel,
40,4,0,svm_linear,618,van,van,
40,4,0,svm_linear,626,bus,bus,
40,4,0,svm_linear,639,opel,opel,
40,4,0,svm_linear,674,saab,saab,
40,4,0,svm_linear,676,bus,bus,
40,4,0,svm_linear,682,van,van,
40,4,0,svm_linear,689,saab,saab,
40,4,0,svm_linear,694,saab,saab,
40,4,0,svm_linear,699,opel,saab,
40,4,0,svm_linear,704,opel,opel,
40,4,0,svm_linear,712,saab,saab,
40,4,0,svm_linear,726,saab,opel,
40,4,0,svm_linear,738,bus,bus,
40,4,0,svm_linear,780,saab,saab,
40,4,0,svm_linear,781,van,van,
40,4,0,svm_linear,784,van,opel,
40,4,0,svm_linear,787,van,van,
40,4,0,svm_linear,826,opel,opel,
40,4,0,svm_linear,837,saab,saab,
40,4,0,svm_linear,845,van,van,
40,4,0,svm_unscaled,4,bus,bus,
40,4,0,svm_unscaled,15,opel,opel,
40,4,0,svm_unscaled,20,bus,bus,
40,4,0,svm_unscaled,32,opel,saab,
40,4,0,svm_unscaled,35,van,van,
40,4,0,svm_unscaled,74,van,van,
40,4,0,svm_unscaled,85,bus,bus,
40,4,0,svm_unscaled,88,bus,bus,
40,4,0,svm_unscaled,89,opel,opel,
40,4,0,svm_unscaled,90,saab,opel,
40,4,0,svm_unscaled,111,van,van,
40,4,0,svm_unscaled,112,opel,opel,
40,4,0,svm_unscaled,118,bus,bus,
40,4,0,svm_unscaled,120,saab,saab,
40,4,0,svm_unscaled,127,bus,bus,
40,4,0,svm_unscaled,142,opel,opel,
40,4,0,svm_unscaled,144,opel,saab,
40,4,0,svm_unscaled,145,opel,opel,
40,4,0,svm_unscaled,147,bus,bus,
40,4,0,svm_unscaled,156,opel,saab,
40,4,0,svm_unscaled,163,saab,van,
40,4,0,svm_unscaled,172,van,van,
40,4,0,svm_unscaled,185,bus,bus,
40,4,0,svm_unscaled,195,bus,bus,
40,4,0,svm_unscaled,197,bus,bus,
40,4,0,svm_unscaled,232,bus,bus,
40,4,0,svm_unscaled,233,saab,opel,
40,4,0,svm_unscaled,258,saab,opel,
40,4,0,svm_unscaled,268,van,van,
40,4,0,svm_unscaled,275,bus,bus,
40,4,0,svm_unscaled,282,bus,bus,
40,4,0,svm_unscaled,309,opel,saab,
40,4,0,svm_unscaled,316,van,van,
40,4,0,svm_unscaled,317,saab,opel,
40,4,0,svm_unscaled,329,saab,opel,
40,4,0,svm_unscaled,338,van,van,
40,4,0,svm_unscaled,339,bus,bus,
40,4,0,svm_unscaled,342,saab,bus,
40,4,0,svm_unscaled,347,opel,saab,
40,4,0,svm_unscaled,356,bus,bus,
40,4,0,svm_unscaled,363,van,van,
40,4,0,svm_unscaled,365,saab,saab,
40,4,0,svm_unscaled,369,opel,saab,
40,4,0,svm_unscaled,379,opel,opel,
40,4,0,svm_unscaled,387,van,van,
40,4,0,svm_unscaled,392,van,van,
40,4,0,svm_unscaled,400,saab,saab,
40,4,0,svm_unscaled,402,opel,opel,
40,4,0,svm_unscaled,413,opel,saab,
40,4,0,svm_unscaled,429,van,van,
40,4,0,svm_unscaled,432,saab,saab,
40,4,0,svm_unscaled,433,bus,bus,
40,4,0,svm_unscaled,440,saab,saab,
40,4,0,svm_unscaled,453,bus,bus,
40,4,0,svm_unscaled,502,opel,saab,
40,4,0,svm_unscaled,506,saab,opel,
40,4,0,svm_unscaled,521,van,van,
40,4,0,svm_unscaled,529,bus,bus,
40,4,0,svm_unscaled,543,saab,bus,
40,4,0,svm_unscaled,544,bus,bus,
40,4,0,svm_unscaled,555,opel,opel,
40,4,0,svm_unscaled,559,saab,opel,
40,4,0,svm_unscaled,573,van,van,
40,4,0,svm_unscaled,601,van,van,
40,4,0,svm_unscaled,615,opel,saab,
40,4,0,svm_unscaled,618,van,van,
40,4,0,svm_unscaled,626,bus,bus,
40,4,0,svm_unscaled,639,opel,opel,
40,4,0,svm_unscaled,674,saab,saab,
40,4,0,svm_unscaled,676,bus,bus,
40,4,0,svm_unscaled,682,van,van,
40,4,0,svm_unscaled,689,saab,saab,
40,4,0,svm_unscaled,694,saab,saab,
40,4,0,svm_unscaled,699,opel,saab,
40,4,0,svm_unscaled,704,opel,opel,
40,4,0,svm_unscaled,712,saab,saab,
40,4,0,svm_unscaled,726,saab,opel,
40,4,0,svm_unscaled,738,bus,bus,
40,4,0,svm_unscaled,780,saab,saab,
40,4,0,svm_unscaled,781,van,van,
40,4,0,svm_unscaled,784,van,saab,
40,4,0,svm_unscaled,787,van,van,
40,4,0,svm_unscaled,826,opel,opel,
40,4,0,svm_unscaled,837,saab,saab,
40,4,0,svm_unscaled,845,van,van,
41,4,1,centroid,3,van,van,
41,4,1,centroid,6,bus,van,
41,4,1,centroid,25,van,van,
41,4,1,centroid,59,van,van,
41,4,1,centroid,63,bus,van,
41,4,1,centroid,77,saab,van,
41,4,1,centroid,78,bus,opel,
41,4,1,centroid,83,opel,van,
41,4,1,centroid,84,bus,van,
41,4,1,centroid,154,van,van,
41,4,1,centroid,180,saab,opel,
41,4,1,centroid,189,opel,van,
41,4,1,centroid,194,saab,van,
41,4,1,centroid,210,opel,saab,
41,4,1,centroid,219,van,van,
41,4,1,centroid,253,bus,van,
41,4,1,centroid,257,opel,van,
41,4,1,centroid,264,saab,saab,
41,4,1,centroid,270,bus,bus,
41,4,1,centroid,277,opel,van,
41,4,1,centroid,299,bus,saab,
41,4,1,centroid,305,bus,van,
41,4,1,centroid,307,opel,opel,
41,4,1,centroid,311,van,bus,
41,4,1,centroid,323,saab,opel,
41,4,1,centroid,326,opel,saab,
41,4,1,centroid,328,van,van,
41,4,1,centroid,341,opel,van,
41,4,1,centroid,346,saab,saab,
41,4,1,centroid,371,bus,saab,
41,4,1,centroid,386,saab,saab,
41,4,1,centroid,393,bus,bus,
41,4,1,centroid,405,bus,van,
41,4,1,centroid,427,opel,saab,
41,4,1,centroid,434,saab,opel,
41,4,1,centroid,451,opel,van,
41,4,1,centroid,459,saab,saab,
41,4,1,centroid,465,bus,bus,
41,4,1,centroid,467,opel,opel,
41,4,1,centroid,469,van,van,
41,4,1,centroid,478,bus,opel,
41,4,1,centroid,483,van,van,
41,4,1,centroid,509,opel,opel,
41,4,1,centroid,513,saab,saab,
41,4,1,centroid,516,opel,van,
41,4,1,centroid,525,saab,bus,
41,4,1,centroid,534,van,van,
41,4,1,centroid,548,bus,van,
41,4,1,centroid,561,opel,bus,
41,4,1,centroid,565,saab,saab,
41,4,1,centroid,577,opel,opel,
41,4,1,centroid,582,saab,opel,
41,4,1,centroid,599,saab,van,
41,4,1,centroid,609,bus,bus,
41,4,1,centroid,610,opel,opel,
41,4,1,centroid,611,van,bus,
41,4,1,centroid,614,saab,van,
41,4,1,centroid,621,van,bus,
41,4,1,centroid,640,opel,opel,
41,4,1,centroid,649,saab,van,
41,4,1,centroid,655,van,van,
41,4,1,centroid,658,van,van,
41,4,1,centroid,662,saab,van,
41,4,1,centroid,664,van,van,
41,4,1,centroid,669,bus,bus,
41,4,1,centroid,670,opel,opel,
41,4,1,centroid,678,bus,bus,
41,4,1,centroid,684,bus,saab,
41,4,1,centroid,691,bus,van,
41,4,1,centroid,720,opel,bus,
41,4,1,centroid,721,saab,opel,
41,4,1,centroid,725,van,van,
41,4,1,centroid,733,bus,opel,
41,4,1,centroid,743,saab,opel,
41,4,1,centroid,746,van,van,
41,4,1,centroid,748,van,van,
41,4,1,centroid,766,saab,saab,
41,4,1,centroid,788,saab,saab,
41,4,1,centroid,790,bus,bus,
41,4,1,centroid,806,saab,van,
41,4,1,centroid,808,bus,van,
41,4,1,centroid,821,opel,opel,
41,4,1,centroid,823,opel,opel,
41,4,1,centroid,836,van,van,
41,4,1,centroid,839,van,van,
41,4,1,knn,3,van,van,
41,4,1,knn,6,bus,bus,
41,4,1,knn,25,van,van,
41,4,1,knn,59,van,saab,
41,4,1,knn,63,bus,bus,
41,4,1,knn,77,saab,bus,
41,4,1,knn,78,bus,bus,
41,4,1,knn,83,opel,opel,
41,4,1,knn,84,bus,bus,
41,4,1,knn,154,van,bus,
41,4,1,knn,180,saab,saab,
41,4,1,knn,189,opel,saab,
41,4,1,knn,194,saab,saab,
41,4,1,knn,210,opel,saab,
41,4,1,knn,219,van,van,
41,4,1,knn,253,bus,bus,
41,4,1,knn,257,opel,saab,
41,4,1,knn,264,saab,saab,
41,4,1,knn,270,bus,bus,
41,4,1,knn,277,opel,saab,
41,4,1,knn,299,bus,bus,
41,4,1,knn,305,bus,bus,
41,4,1,knn,307,opel,saab,
41,4,1,knn,311,van,van,
41,4,1,knn,323,saab,saab,
41,4,1,knn,326,opel,saab,
41,4,1,knn,328,van,van,
41,4,1,knn,341,opel,saab,
41,4,1,knn,346,saab,saab,
41,4,1,knn,371,bus,bus,
41,4,1,knn,386,saab,opel,
41,4,1,knn,393,bus,bus,
41,4,1,knn,405,bus,bus,
41,4,1,knn,427,opel,saab,
41,4,1,knn,434,saab,opel,
41,4,1,knn,451,opel,saab,
41,4,1,knn,459,saab,saab,
41,4,1,knn,465,bus,bus,
41,4,1,knn,467,opel,opel,
41,4,1,knn,469,van,van,
41,4,1,knn,478,bus,bus,
41,4,1,knn,483,van,van,
41,4,1,knn,509,opel,saab,
41,4,1,knn,513,saab,opel,
41,4,1,knn,516,opel,saab,
41,4,1,knn,525,saab,saab,
41,4,1,knn,534,van,van,
41,4,1,knn,548,bus,bus,
41,4,1,knn,561,opel,saab,
41,4,1,knn,565,saab,saab,
41,4,1,knn,577,opel,saab,
41,4,1,knn,582,saab,saab,
41,4,1,knn,599,saab,van,
41,4,1,knn,609,bus,bus,
41,4,1,knn,610,opel,saab,
41,4,1,knn,611,van,van,
41,4,1,knn,614,saab,opel,
41,4,1,knn,621,van,van,
41,4,1,knn,640,opel,opel,
41,4,1,knn,649,saab,bus,
41,4,1,knn,655,van,van,
41,4,1,knn,658,van,saab,
41,4,1,knn,662,saab,opel,
41,4,1,knn,664,van,van,
41,4,1,knn,669,bus,bus,
41,4,1,knn,670,opel,saab,
41,4,1,knn,678,bus,bus,
41,4,1,knn,684,bus,bus,
41,4,1,knn,691,bus,bus,
41,4,1,knn,720,opel,saab,
41,4,1,knn,721,saab,saab,
41,4,1,knn,725,van,van,
41,4,1,knn,733,bus,bus,
41,4,1,knn,743,saab,opel,
41,4,1,knn,746,van,van,
41,4,1,knn,748,van,van,
41,4,1,knn,766,saab,saab,
41,4,1,knn,788,saab,saab,
41,4,1,knn,790,bus,bus,
41,4,1,knn,806,saab,van,
41,4,1,knn,808,bus,bus,
41,4,1,knn,821,opel,opel,
41,4,1,knn,823,opel,opel,
41,4,1,knn,836,van,van,
41,4,1,knn,839,van,bus,
41,4,1,svm,3,van,van,1.4223412782724727
41,4,1,svm,6,bus,bus,0.31762960143340774
41,4,1,svm,25,van,van,1.4436154480413073
41,4,1,svm,59,van,van,0.2961863550137206
41,4,1,svm,63,bus,bus,1.5419412417801497
41,4,1,svm,77,saab,bus,0.3391732540798558
41,4,1,svm,78,bus,bus,1.0872114030455269
41,4,1,svm,83,opel,opel,1.2644170044936116
41,4,1,svm,84,bus,bus,1.625117852128468
41,4,1,svm,154,van,van,0.9645420365959303
41,4,1,svm,180,saab,saab,1.0419278949250739
41,4,1,svm,189,opel,saab,1.1956610787286674
41,4,1,svm,194,saab,saab,1.9264374631044854
41,4,1,svm,210,opel,opel,0.10819998125969921
41,4,1,svm,219,van,van,0.43737427580172683
41,4,1,svm,253,bus,bus,1.1479993623605795
41,4,1,svm,257,opel,opel,1.1234119133378262
41,4,1,svm,264,saab,saab,0.2226116122651156
41,4,1,svm,270,bus,bus,1.2736580699300037
41,4,1,svm,277,opel,saab,0.35484638658580137
41,4,1,svm,299,bus,bus,1.0929276732502156
41,4,1,svm,305,bus,bus,1.107089831257819
41,4,1,svm,307,opel,opel,1.1436868452136695
41,4,1,svm,311,van,van,1.414944626374862
41,4,1,svm,323,saab,saab,1.054120699951124
41,4,1,svm,326,opel,opel,0.015175297851838687
41,4,1,svm,328,van,van,1.4840670512169503
41,4,1,svm,341,opel,saab,0.5168756187138595
41,4,1,svm,346,saab,saab,1.0516943953874458
41,4,1,svm,371,bus,bus,2.1709761017953917
41,4,1,svm,386,saab,saab,0.362756534027306
41,4,1,svm,393,bus,bus,1.5686828693255752
41,4,1,svm,405,bus,bus,1.6993594600331587
41,4,1,svm,427,opel,saab,0.3783705295644504
41,4,1,svm,434,saab,saab,1.1219734855718095
41,4,1,svm,451,opel,saab,1.1001140146730428
41,4,1,svm,459,saab,saab,0.4283341681829791
41,4,1,svm,465,bus,bus,1.102648515318363
41,4,1,svm,467,opel,opel,1.0592596126447829
41,4,1,svm,469,van,van,1.372348346131214
41,4,1,svm,478,bus,bus,1.3733154949351873
41,4,1,svm,483,van,opel,0.11046937521710787
41,4,1,svm,509,opel,opel,1.0443759540605713
41,4,1,svm,513,saab,opel,1.2931055166739958
41,4,1,svm,516,opel,saab,0.1794255595210097
41,4,1,svm,525,saab,opel,0.19505717773180198
41,4,1,svm,534,van,van,1.1643181923318342
41,4,1,svm,548,bus,bus,1.3189697724941027
41,4,1,svm,561,opel,opel,0.3869946521828817
41,4,1,svm,565,saab,saab,1.3716812486060235
41,4,1,svm,577,opel,saab,0.8083402725981164
41,4,1,svm,582,saab,saab,1.0810114508549349
41,4,1,svm,599,saab,van,0.19090420888367088
41,4,1,svm,609,bus,bus,0.8870750124782036
41,4,1,svm,610,opel,opel,0.5758561146233745
41,4,1,svm,611,van,van,1.949458932127294
41,4,1,svm,614,saab,saab,0.4302782936421248
41,4,1,svm,621,van,van,1.6998804386376527
41,4,1,svm,640,opel,saab,0.45882949384657534
41,4,1,svm,649,saab,saab,1.4304587963874713
41,4,1,svm,655,van,van,0.8357007900853762
41,4,1,svm,658,van,van,0.5480113537873391
41,4,1,svm,662,saab,opel,0.9644792042098539
41,4,1,svm,664,van,van,0.9829236496217726
41,4,1,svm,669,bus,bus,1.3827449486386438
41,4,1,svm,670,opel,opel,0.06277607270163155
41,4,1,svm,678,bus,bus,1.1839715429958704
41,4,1,svm,684,bus,bus,0.990613725919375
41,4,1,svm,691,bus,bus,1.0157816618086126
41,4,1,svm,720,opel,saab,0.7447652128977813
41,4,1,svm,721,saab,saab,0.6662355157201629
41,4,1,svm,725,van,van,0.8403367542419454
41,4,1,svm,733,bus,bus,1.0317898235061924
41,4,1,svm,743,saab,opel,0.9810810397818859
41,4,1,svm,746,van,van,1.3771448671810438
41,4,1,svm,748,van,van,0.8955162867557395
41,4,1,svm,766,saab,saab,1.172512182096706
41,4,1,svm,788,saab,saab,0.9642017780518235
41,4,1,svm,790,bus,bus,1.062434441459098
41,4,1,svm,806,saab,opel,0.5814025552023789
41,4,1,svm,808,bus,bus,1.2818866143463228
41,4,1,svm,821,opel,opel,0.8468127844668116
41,4,1,svm,823,opel,saab,0.17396339803391814
41,4,1,svm,836,van,van,0.9431468627986479
41,4,1,svm,839,van,van,0.6382395435304955
41,4,1,mlp,3,van,van,
41,4,1,mlp,6,bus,bus,
41,4,1,mlp,25,van,van,
41,4,1,mlp,59,van,van,
41,4,1,mlp,63,bus,bus,
41,4,1,mlp,77,saab,bus,
41,4,1,mlp,78,bus,bus,
41,4,1,mlp,83,opel,opel,
41,4,1,mlp,84,bus,bus,
41,4,1,mlp,154,van,van,
41,4,1,mlp,180,saab,saab,
41,4,1,mlp,189,opel,saab,
41,4,1,mlp,194,saab,saab,
41,4,1,mlp,210,opel,opel,
41,4,1,mlp,219,van,van,
41,4,1,mlp,253,bus,bus,
41,4,1,mlp,257,opel,opel,
41,4,1,mlp,264,saab,saab,
41,4,1,mlp,270,bus,bus,
41,4,1,mlp,277,opel,saab,
41,4,1,mlp,299,bus,bus,
41,4,1,mlp,305,bus,bus,
41,4,1,mlp,307,opel,opel,
41,4,1,mlp,311,van,van,
41,4,1,mlp,323,saab,saab,
41,4,1,mlp,326,opel,saab,
41,4,1,mlp,328,van,van,
41,4,1,mlp,341,opel,saab,
41,4,1,mlp,346,saab,saab,
41,4,1,mlp,371,bus,bus,
41,4,1,mlp,386,saab,opel,
41,4,1,mlp,393,bus,bus,
41,4,1,mlp,405,bus,bus,
41,4,1,mlp,427,opel,opel,
41,4,1,mlp,434,saab,saab,
41,4,1,mlp,451,opel,saab,
41,4,1,mlp,459,saab,saab,
41,4,1,mlp,465,bus,bus,
41,4,1,mlp,467,opel,opel,
41,4,1,mlp,469,van,van,
41,4,1,mlp,478,bus,bus,
41,4,1,mlp,483,van,opel,
41,4,1,mlp,509,opel,opel,
41,4,1,mlp,513,saab,saab,
41,4,1,mlp,516,opel,opel,
41,4,1,mlp,525,saab,saab,
41,4,1,mlp,534,van,van,
41,4,1,mlp,548,bus,bus,
41,4,1,mlp,561,opel,opel,
41,4,1,mlp,565,saab,saab,
41,4,1,mlp,577,opel,saab,
41,4,1,mlp,582,saab,saab,
41,4,1,mlp,599,saab,van,
41,4,1,mlp,609,bus,bus,
41,4,1,mlp,610,opel,opel,
41,4,1,mlp,611,van,van,
41,4,1,mlp,614,saab,saab,
41,4,1,mlp,621,van,van,
41,4,1,mlp,640,opel,opel,
41,4,1,mlp,649,saab,saab,
41,4,1,mlp,655,van,van,
41,4,1,mlp,658,van,van,
41,4,1,mlp,662,saab,saab,
41,4,1,mlp,664,van,van,
41,4,1,mlp,669,bus,bus,
41,4,1,mlp,670,opel,opel,
41,4,1,mlp,678,bus,bus,
41,4,1,mlp,684,bus,bus,
41,4,1,mlp,691,bus,bus,
41,4,1,mlp,720,opel,saab,
41,4,1,mlp,721,saab,saab,
41,4,1,mlp,725,van,van,
41,4,1,mlp,733,bus,bus,
41,4,1,mlp,743,saab,opel,
41,4,1,mlp,746,van,van,
41,4,1,mlp,748,van,van,
41,4,1,mlp,766,saab,saab,
41,4,1,mlp,788,saab,saab,
41,4,1,mlp,790,bus,bus,
41,4,1,mlp,806,saab,van,
41,4,1,mlp,808,bus,bus,
41,4,1,mlp,821,opel,opel,
41,4,1,mlp,823,opel,saab,
41,4,1,mlp,836,van,van,
41,4,1,mlp,839,van,van,
41,4,1,rbf,3,van,van,
41,4,1,rbf,6,bus,bus,
41,4,1,rbf,25,van,van,
41,4,1,rbf,59,van,van,
41,4,1,rbf,63,bus,bus,
41,4,1,rbf,77,saab,bus,
41,4,1,rbf,78,bus,bus,
41,4,1,rbf,83,opel,opel,
41,4,1,rbf,84,bus,bus,
41,4,1,rbf,154,van,van,
41,4,1,rbf,180,saab,opel,
41,4,1,rbf,189,opel,saab,
41,4,1,rbf,194,saab,saab,
41,4,1,rbf,210,opel,opel,
41,4,1,rbf,219,van,van,
41,4,1,rbf,253,bus,bus,
41,4,1,rbf,257,opel,opel,
41,4,1,rbf,264,saab,saab,
41,4,1,rbf,270,bus,bus,
41,4,1,rbf,277,opel,van,
41,4,1,rbf,299,bus,bus,
41,4,1,rbf,305,bus,bus,
41,4,1,rbf,307,opel,opel,
41,4,1,rbf,311,van,van,
41,4,1,rbf,323,saab,saab,
41,4,1,rbf,326,opel,saab,
41,4,1,rbf,328,van,van,
41,4,1,rbf,341,opel,bus,
41,4,1,rbf,346,saab,saab,
41,4,1,rbf,371,bus,bus,
41,4,1,rbf,386,saab,saab,
41,4,1,rbf,393,bus,bus,
41,4,1,rbf,405,bus,bus,
41,4,1,rbf,427,opel,saab,
41,4,1,rbf,434,saab,saab,
41,4,1,rbf,451,opel,opel,
41,4,1,rbf,459,saab,opel,
41,4,1,rbf,465,bus,bus,
41,4,1,rbf,467,opel,opel,
41,4,1,rbf,469,van,van,
41,4,1,rbf,478,bus,bus,
41,4,1,rbf,483,van,van,
41,4,1,rbf,509,opel,opel,
41,4,1,rbf,513,saab,saab,
41,4,1,rbf,516,opel,opel,
41,4,1,rbf,525,saab,opel,
41,4,1,rbf,534,van,van,
41,4,1,rbf,548,bus,bus,
41,4,1,rbf,561,opel,bus,
41,4,1,rbf,565,saab,saab,
41,4,1,rbf,577,opel,saab,
41,4,1,rbf,582,saab,saab,
41,4,1,rbf,599,saab,van,
41,4,1,rbf,609,bus,bus,
41,4,1,rbf,610,opel,opel,
41,4,1,rbf,611,van,van,
41,4,1,rbf,614,saab,van,
41,4,1,rbf,621,van,van,
41,4,1,rbf,640,opel,opel,
41,4,1,rbf,649,saab,saab,
41,4,1,rbf,655,van,van,
41,4,1,rbf,658,van,van,
41,4,1,rbf,662,saab,bus,
41,4,1,rbf,664,van,van,
41,4,1,rbf,669,bus,bus,
41,4,1,rbf,670,opel,opel,
41,4,1,rbf,678,bus,bus,
41,4,1,rbf,684,bus,bus,
41,4,1,rbf,691,bus,bus,
41,4,1,rbf,720,opel,saab,
41,4,1,rbf,721,saab,saab,
41,4,1,rbf,725,van,van,
41,4,1,rbf,733,bus,bus,
41,4,1,rbf,743,saab,opel,
41,4,1,rbf,746,van,van,
41,4,1,rbf,748,van,van,
41,4,1,rbf,766,saab,saab,
41,4,1,rbf,788,saab,saab,
41,4,1,rbf,790,bus,bus,
41,4,1,rbf,806,saab,opel,
41,4,1,rbf,808,bus,bus,
41,4,1,rbf,821,opel,opel,
41,4,1,rbf,823,opel,saab,
41,4,1,rbf,836,van,van,
41,4,1,rbf,839,van,van,
41,4,1,svm_linear,3,van,van,
41,4,1,svm_linear,6,bus,bus,
41,4,1,svm_linear,25,van,van,
41,4,1,svm_linear,59,van,opel,
41,4,1,svm_linear,63,bus,bus,
41,4,1,svm_linear,77,saab,bus,
41,4,1,svm_linear,78,bus,bus,
41,4,1,svm_linear,83,opel,saab,
41,4,1,svm_linear,84,bus,bus,
41,4,1,svm_linear,154,van,van,
41,4,1,svm_linear,180,saab,saab,
41,4,1,svm_linear,189,opel,saab,
41,4,1,svm_linear,194,saab,saab,
41,4,1,svm_linear,210,opel,opel,
41,4,1,svm_linear,219,van,van,
41,4,1,svm_linear,253,bus,bus,
41,4,1,svm_linear,257,opel,opel,
41,4,1,svm_linear,264,saab,saab,
41,4,1,svm_linear,270,bus,bus,
41,4,1,svm_linear,277,opel,saab,
41,4,1,svm_linear,299,bus,bus,
41,4,1,svm_linear,305,bus,bus,
41,4,1,svm_linear,307,opel,opel,
41,4,1,svm_linear,311,van,van,
41,4,1,svm_linear,323,saab,saab,
41,4,1,svm_linear,326,opel,opel,
41,4,1,svm_linear,328,van,van,
41,4,1,svm_linear,341,opel,saab,
41,4,1,svm_linear,346,saab,saab,
41,4,1,svm_linear,371,bus,bus,
41,4,1,svm_linear,386,saab,saab,
41,4,1,svm_linear,393,bus,bus,
41,4,1,svm_linear,405,bus,bus,
41,4,1,svm_linear,427,opel,opel,
41,4,1,svm_linear,434,saab,saab,
41,4,1,svm_linear,451,opel,saab,
41,4,1,svm_linear,459,saab,opel,
41,4,1,svm_linear,465,bus,bus,
41,4,1,svm_linear,467,opel,bus,
41,4,1,svm_linear,469,van,van,
41,4,1,svm_linear,478,bus,bus,
41,4,1,svm_linear,483,van,opel,
41,4,1,svm_linear,509,opel,opel,
41,4,1,svm_linear,513,saab,saab,
41,4,1,svm_linear,516,opel,opel,
41,4,1,svm_linear,525,saab,opel,
41,4,1,svm_linear,534,van,opel,
41,4,1,svm_linear,548,bus,bus,
41,4,1,svm_linear,561,opel,saab,
41,4,1,svm_linear,565,saab,saab,
41,4,1,svm_linear,577,opel,saab,
41,4,1,svm_linear,582,saab,saab,
41,4,1,svm_linear,599,saab,saab,
41,4,1,svm_linear,609,bus,saab,
41,4,1,svm_linear,610,opel,opel,
41,4,1,svm_linear,611,van,van,
41,4,1,svm_linear,614,saab,van,
41,4,1,svm_linear,621,van,van,
41,4,1,svm_linear,640,opel,saab,
41,4,1,svm_linear,649,saab,saab,
41,4,1,svm_linear,655,van,opel,
41,4,1,svm_linear,658,van,van,
41,4,1,svm_linear,662,saab,saab,
41,4,1,svm_linear,664,van,van,
41,4,1,svm_linear,669,bus,bus,
41,4,1,svm_linear,670,opel,saab,
41,4,1,svm_linear,678,bus,bus,
41,4,1,svm_linear,684,bus,bus,
41,4,1,svm_linear,691,bus,bus,
41,4,1,svm_linear,720,opel,saab,
41,4,1,svm_linear,721,saab,saab,
41,4,1,svm_linear,725,van,van,
41,4,1,svm_linear,733,bus,bus,
41,4,1,svm_linear,743,saab,opel,
41,4,1,svm_linear,746,van,van,
41,4,1,svm_linear,748,van,van,
41,4,1,svm_linear,766,saab,saab,
41,4,1,svm_linear,788,saab,saab,
41,4,1,svm_linear,790,bus,bus,
41,4,1,svm_linear,806,saab,opel,
41,4,1,svm_linear,808,bus,bus,
41,4,1,svm_linear,821,opel,opel,
41,4,1,svm_linear,823,opel,opel,
41,4,1,svm_linear,836,van,van,
41,4,1,svm_linear,839,van,van,
41,4,1,svm_unscaled,3,van,van,
41,4,1,svm_unscaled,6,bus,bus,
41,4,1,svm_unscaled,25,van,van,
41,4,1,svm_unscaled,59,van,van,
41,4,1,svm_unscaled,63,bus,bus,
41,4,1,svm_unscaled,77,saab,bus,
41,4,1,svm_unscaled,78,bus,bus,
41,4,1,svm_unscaled,83,opel,opel,
41,4,1,svm_unscaled,84,bus,bus,
41,4,1,svm_unscaled,154,van,van,
41,4,1,svm_unscaled,180,saab,saab,
41,4,1,svm_unscaled,189,opel,saab,
41,4,1,svm_unscaled,194,saab,saab,
41,4,1,svm_unscaled,210,opel,opel,
41,4,1,svm_unscaled,219,van,van,
41,4,1,svm_unscaled,253,bus,bus,
41,4,1,svm_unscaled,257,opel,saab,
41,4,1,svm_unscaled,264,saab,saab,
41,4,1,svm_unscaled,270,bus,bus,
41,4,1,svm_unscaled,277,opel,van,
41,4,1,svm_unscaled,299,bus,bus,
41,4,1,svm_unscaled,305,bus,bus,
41,4,1,svm_unscaled,307,opel,opel,
41,4,1,svm_unscaled,311,van,van,
41,4,1,svm_unscaled,323,saab,saab,
41,4,1,svm_unscaled,326,opel,saab,
41,4,1,svm_unscaled,328,van,van,
41,4,1,svm_unscaled,341,opel,saab,
41,4,1,svm_unscaled,346,saab,saab,
41,4,1,svm_unscaled,371,bus,bus,
41,4,1,svm_unscaled,386,saab,saab,
41,4,1,svm_unscaled,393,bus,bus,
41,4,1,svm_unscaled,405,bus,bus,
41,4,1,svm_unscaled,427,opel,saab,
41,4,1,svm_unscaled,434,saab,saab,
41,4,1,svm_unscaled,451,opel,saab,
41,4,1,svm_unscaled,459,saab,opel,
41,4,1,svm_unscaled,465,bus,bus,
41,4,1,svm_unscaled,467,opel,opel,
41,4,1,svm_unscaled,469,van,van,
41,4,1,svm_unscaled,478,bus,bus,
41,4,1,svm_unscaled,483,van,opel,
41,4,1,svm_unscaled,509,opel,opel,
41,4,1,svm_unscaled,513,saab,saab,
41,4,1,svm_unscaled,516,opel,saab,
41,4,1,svm_unscaled,525,saab,saab,
41,4,1,svm_unscaled,534,van,van,
41,4,1,svm_unscaled,548,bus,bus,
41,4,1,svm_unscaled,561,opel,saab,
41,4,1,svm_unscaled,565,saab,saab,
41,4,1,svm_unscaled,577,opel,saab,
41,4,1,svm_unscaled,582,saab,saab,
41,4,1,svm_unscaled,599,saab,van,
41,4,1,svm_unscaled,609,bus,bus,
41,4,1,svm_unscaled,610,opel,opel,
41,4,1,svm_unscaled,611,van,van,
41,4,1,svm_unscaled,614,saab,saab,
41,4,1,svm_unscaled,621,van,van,
41,4,1,svm_unscaled,640,opel,opel,
41,4,1,svm_unscaled,649,saab,saab,
41,4,1,svm_unscaled,655,van,van,
41,4,1,svm_unscaled,658,van,van,
41,4,1,svm_unscaled,662,saab,saab,
41,4,1,svm_unscaled,664,van,van,
41,4,1,svm_unscaled,669,bus,bus,
41,4,1,svm_unscaled,670,opel,saab,
41,4,1,svm_unscaled,678,bus,bus,
41,4,1,svm_unscaled,684,bus,bus,
41,4,1,svm_unscaled,691,bus,bus,
41,4,1,svm_unscaled,720,opel,saab,
41,4,1,svm_unscaled,721,saab,saab,
41,4,1,svm_unscaled,725,van,van,
41,4,1,svm_unscaled,733,bus,bus,
41,4,1,svm_unscaled,743,saab,opel,
41,4,1,svm_unscaled,746,van,van,
41,4,1,svm_unscaled,748,van,van,
41,4,1,svm_unscaled,766,saab,saab,
41,4,1,svm_unscaled,788,saab,saab,
41,4,1,svm_unscaled,790,bus,bus,
41,4,1,svm_unscaled,806,saab,opel,
41,4,1,svm_unscaled,808,bus,bus,
41,4,1,svm_unscaled,821,opel,opel,
41,4,1,svm_unscaled,823,opel,saab,
41,4,1,svm_unscaled,836,van,van,
41,4,1,svm_unscaled,839,van,van,
42,4,2,centroid,26,saab,van,
42,4,2,centroid,39,bus,bus,
42,4,2,centroid,46,van,van,
42,4,2,centroid,54,bus,opel,
42,4,2,centroid,55,van,van,
42,4,2,centroid,80,bus,bus,
42,4,2,centroid,82,van,van,
42,4,2,centroid,93,van,bus,
42,4,2,centroid,97,bus,van,
42,4,2,centroid,109,bus,opel,
42,4,2,centroid,122,van,van,
42,4,2,centroid,138,saab,van,
42,4,2,centroid,139,van,van,
42,4,2,centroid,141,bus,van,
42,4,2,centroid,148,saab,van,
42,4,2,centroid,150,saab,opel,
42,4,2,centroid,159,opel,van,
42,4,2,centroid,179,van,van,
42,4,2,centroid,193,bus,opel,
42,4,2,centroid,211,van,van,
42,4,2,centroid,221,van,van,
42,4,2,centroid,222,bus,opel,
42,4,2,centroid,235,van,bus,
42,4,2,centroid,259,opel,opel,
42,4,2,centroid,286,bus,van,
42,4,2,centroid,295,bus,van,
42,4,2,centroid,297,saab,van,
42,4,2,centroid,314,bus,bus,
42,4,2,centroid,332,opel,opel,
42,4,2,centroid,344,opel,opel,
42,4,2,centroid,366,van,bus,
42,4,2,centroid,367,saab,van,
42,4,2,centroid,368,bus,van,
42,4,2,centroid,388,van,bus,
42,4,2,centroid,394,saab,bus,
42,4,2,centroid,401,opel,van,
42,4,2,centroid,410,saab,opel,
42,4,2,centroid,420,van,van,
42,4,2,centroid,421,opel,opel,
42,4,2,centroid,435,van,van,
42,4,2,centroid,442,van,van,
42,4,2,centroid,447,opel,opel,
42,4,2,centroid,457,van,van,
42,4,2,centroid,463,opel,van,
42,4,2,centroid,468,saab,opel,
42,4,2,centroid,474,opel,van,
42,4,2,centroid,501,opel,opel,
42,4,2,centroid,507,opel,van,
42,4,2,centroid,514,van,van,
42,4,2,centroid,517,saab,opel,
42,4,2,centroid,523,van,van,
42,4,2,centroid,540,bus,bus,
42,4,2,centroid,541,van,van,
42,4,2,centroid,547,bus,van,
42,4,2,centroid,583,saab,opel,
42,4,2,centroid,596,opel,bus,
42,4,2,centroid,608,opel,van,
42,4,2,centroid,616,opel,van,
42,4,2,centroid,624,saab,van,
42,4,2,centroid,637,bus,bus,
42,4,2,centroid,642,saab,opel,
42,4,2,centroid,648,saab,opel,
42,4,2,centroid,673,opel,van,
42,4,2,centroid,688,saab,van,
42,4,2,centroid,690,saab,saab,
42,4,2,centroid,710,bus,opel,
42,4,2,centroid,714,bus,van,
42,4,2,centroid,716,saab,saab,
42,4,2,centroid,741,bus,van,
42,4,2,centroid,753,saab,van,
42,4,2,centroid,761,saab,saab,
42,4,2,centroid,768,opel,opel,
42,4,2,centroid,775,bus,bus,
42,4,2,centroid,779,van,van,
42,4,2,centroid,797,saab,saab,
42,4,2,centroid,798,opel,opel,
42,4,2,centroid,799,bus,van,
42,4,2,centroid,801,opel,van,
42,4,2,centroid,802,opel,saab,
42,4,2,centroid,803,bus,saab,
42,4,2,centroid,811,opel,van,
42,4,2,centroid,815,bus,bus,
42,4,2,centroid,819,saab,saab,
42,4,2,centroid,825,opel,bus,
42,4,2,centroid,843,saab,opel,
42,4,2,knn,26,saab,opel,
42,4,2,knn,39,bus,bus,
42,4,2,knn,46,van,van,
42,4,2,knn,54,bus,bus,
42,4,2,knn,55,van,van,
42,4,2,knn,80,bus,bus,
42,4,2,knn,82,van,van,
42,4,2,knn,93,van,van,
42,4,2,knn,97,bus,bus,
42,4,2,knn,109,bus,bus,
42,4,2,knn,122,van,van,
42,4,2,knn,138,saab,saab,
42,4,2,knn,139,van,van,
42,4,2,knn,141,bus,bus,
42,4,2,knn,148,saab,opel,
42,4,2,knn,150,saab,opel,
42,4,2,knn,159,opel,saab,
42,4,2,knn,179,van,bus,
42,4,2,knn,193,bus,bus,
42,4,2,knn,211,van,opel,
42,4,2,knn,221,van,van,
42,4,2,knn,222,bus,bus,
42,4,2,knn,235,van,van,
42,4,2,knn,259,opel,opel,
42,4,2,knn,286,bus,bus,
42,4,2,knn,295,bus,bus,
42,4,2,knn,297,saab,opel,
42,4,2,knn,314,bus,bus,
42,4,2,knn,332,opel,opel,
42,4,2,knn,344,opel,opel,
42,4,2,knn,366,van,van,
42,4,2,knn,367,saab,opel,
42,4,2,knn,368,bus,bus,
42,4,2,knn,388,van,van,
42,4,2,knn,394,saab,opel,
42,4,2,knn,401,opel,saab,
42,4,2,knn,410,saab,opel,
42,4,2,knn,420,van,van,
42,4,2,knn,421,opel,opel,
42,4,2,knn,435,van,van,
42,4,2,knn,442,van,van,
42,4,2,knn,447,opel,opel,
42,4,2,knn,457,van,bus,
42,4,2,knn,463,opel,bus,
42,4,2,knn,468,saab,saab,
42,4,2,knn,474,opel,opel,
42,4,2,knn,501,opel,opel,
42,4,2,knn,507,opel,saab,
42,4,2,knn,514,van,van,
42,4,2,knn,517,saab,saab,
42,4,2,knn,523,van,van,
42,4,2,knn,540,bus,bus,
42,4,2,knn,541,van,van,
42,4,2,knn,547,bus,bus,
42,4,2,knn,583,saab,saab,
42,4,2,knn,596,opel,saab,
42,4,2,knn,608,opel,opel,
42,4,2,knn,616,opel,saab,
42,4,2,knn,624,saab,saab,
42,4,2,knn,637,bus,bus,
42,4,2,knn,642,saab,opel,
42,4,2,knn,648,saab,saab,
42,4,2,knn,673,opel,opel,
42,4,2,knn,688,saab,van,
42,4,2,knn,690,saab,saab,
42,4,2,knn,710,bus,bus,
42,4,2,knn,714,bus,bus,
42,4,2,knn,716,saab,saab,
42,4,2,knn,741,bus,bus,
42,4,2,knn,753,saab,saab,
42,4,2,knn,761,saab,opel,
42,4,2,knn,768,opel,opel,
42,4,2,knn,775,bus,bus,
42,4,2,knn,779,van,van,
42,4,2,knn,797,saab,saab,
42,4,2,knn,798,opel,opel,
42,4,2,knn,799,bus,bus,
42,4,2,knn,801,opel,van,
42,4,2,knn,802,opel,opel,
42,4,2,knn,803,bus,bus,
42,4,2,knn,811,opel,opel,
42,4,2,knn,815,bus,bus,
42,4,2,knn,819,saab,saab,
42,4,2,knn,825,opel,opel,
42,4,2,knn,843,saab,saab,
42,4,2,svm,26,saab,opel,0.5200562603660543
42,4,2,svm,39,bus,bus,2.118074827564447
42,4,2,svm,46,van,van,2.256560824344122
42,4,2,svm,54,bus,bus,2.283452559782088
42,4,2,svm,55,van,van,1.3856144016278726
42,4,2,svm,80,bus,bus,1.329236127750809
42,4,2,svm,82,van,van,1.1099435003595792
42,4,2,svm,93,van,van,2.7607292092762314
42,4,2,svm,97,bus,bus,1.832803495015085
42,4,2,svm,109,bus,bus,2.5276884798558825
42,4,2,svm,122,van,van,0.6222187626800881
42,4,2,svm,138,saab,saab,0.8058423459011672
42,4,2,svm,139,van,van,1.2733795410698852
42,4,2,svm,141,bus,bus,1.8168235810322013
42,4,2,svm,148,saab,opel,1.510558322562865
42,4,2,svm,150,saab,saab,1.5551203768262312
42,4,2,svm,159,opel,opel,0.16996673556180752
42,4,2,svm,179,van,van,0.4091499107653354
42,4,2,svm,193,bus,bus,1.8343652689177663
42,4,2,svm,211,van,van,0.7272859445914355
42,4,2,svm,221,van,van,1.731498043994737
42,4,2,svm,222,bus,bus,2.0299241799722356
42,4,2,svm,235,van,van,2.245357397301941
42,4,2,svm,259,opel,opel,1.8629574899639252
42,4,2,svm,286,bus,bus,0.922824851070609
42,4,2,svm,295,bus,bus,0.48099371109738875
42,4,2,svm,297,saab,opel,1.219686931835902
42,4,2,svm,314,bus,bus,0.693736885910317
42,4,2,svm,332,opel,opel,1.524102499670036
42,4,2,svm,344,opel,opel,1.5273984054441208
42,4,2,svm,366,van,van,2.1868096771117145
42,4,2,svm,367,saab,opel,0.41697999418633813
42,4,2,svm,368,bus,bus,0.7204607064874917
42,4,2,svm,388,van,opel,0.8930321204230549
42,4,2,svm,394,saab,saab,0.15936648493221384
42,4,2,svm,401,opel,opel,0.024929175193783237
42,4,2,svm,410,saab,bus,0.08900696679577003
42,4,2,svm,420,van,van,1.5090686607227104
42,4,2,svm,421,opel,opel,1.674156966136934
42,4,2,svm,435,van,van,0.19752251369856055
42,4,2,svm,442,van,van,1.8141966889226515
42,4,2,svm,447,opel,opel,2.0647211140688952
42,4,2,svm,457,van,bus,0.35013412649885195
42,4,2,svm,463,opel,saab,0.5944025724901056
42,4,2,svm,468,saab,saab,1.239964113429302
42,4,2,svm,474,opel,opel,0.42080835663359295
42,4,2,svm,501,opel,opel,0.9380269272605357
42,4,2,svm,507,opel,saab,1.2171141783054864
42,4,2,svm,514,van,van,1.1222548474440137
42,4,2,svm,517,saab,saab,1.9225957557487854
42,4,2,svm,523,van,van,1.1049256102504819
42,4,2,svm,540,bus,bus,2.625510726433327
42,4,2,svm,541,van,van,0.4436844109681053
42,4,2,svm,547,bus,van,0.4483817046027659
42,4,2,svm,583,saab,saab,1.2441947531723443
42,4,2,svm,596,opel,saab,0.2867277815480307
42,4,2,svm,608,opel,opel,0.8963115158872945
42,4,2,svm,616,opel,opel,0.15678999524267212
42,4,2,svm,624,saab,saab,0.3013042956637335
42,4,2,svm,637,bus,bus,1.2972096486781917
42,4,2,svm,642,saab,opel,0.11905690845308214
42,4,2,svm,648,saab,saab,1.4145714244010037
42,4,2,svm,673,opel,saab,0.6222843443209403
42,4,2,svm,688,saab,van,0.27061275432656573
42,4,2,svm,690,saab,saab,0.8622323268457208
42,4,2,svm,710,bus,bus,1.8185928171516785
42,4,2,svm,714,bus,bus,1.5373759039221904
42,4,2,svm,716,saab,saab,0.9969488387788417
42,4,2,svm,741,bus,bus,1.3560593077516412
42,4,2,svm,753,saab,saab,1.1796166897153242
42,4,2,svm,761,saab,saab,1.301975568809295
42,4,2,svm,768,opel,saab,0.18657328709391408
42,4,2,svm,775,bus,bus,2.5064280049675656
42,4,2,svm,779,van,van,2.372571614569795
42,4,2,svm,797,saab,saab,1.1721499841191374
42,4,2,svm,798,opel,opel,0.4960795982080981
42,4,2,svm,799,bus,bus,2.187540501253684
42,4,2,svm,801,opel,saab,0.3722099223302493
42,4,2,svm,802,opel,opel,0.03584633218012101
42,4,2,svm,803,bus,bus,1.6925986567084603
42,4,2,svm,811,opel,opel,0.04813747133371038
42,4,2,svm,815,bus,bus,1.5355383072754814
42,4,2,svm,819,saab,saab,1.0691341447953207
42,4,2,svm,825,opel,saab,1.2026995256637534
42,4,2,svm,843,saab,saab,1.156628310797826
42,4,2,mlp,26,saab,opel,
42,4,2,mlp,39,bus,bus,
42,4,2,mlp,46,van,van,
42,4,2,mlp,54,bus,bus,
42,4,2,mlp,55,van,van,
42,4,2,mlp,80,bus,bus,
42,4,2,mlp,82,van,van,
42,4,2,mlp,93,van,van,
42,4,2,mlp,97,bus,bus,
42,4,2,mlp,109,bus,bus,
42,4,2,mlp,122,van,van,
42,4,2,mlp,138,saab,saab,
42,4,2,mlp,139,van,van,
42,4,2,mlp,141,bus,bus,
42,4,2,mlp,148,saab,opel,
42,4,2,mlp,150,saab,saab,
42,4,2,mlp,159,opel,saab,
42,4,2,mlp,179,van,van,
42,4,2,mlp,193,bus,bus,
42,4,2,mlp,211,van,van,
42,4,2,mlp,221,van,van,
42,4,2,mlp,222,bus,bus,
42,4,2,mlp,235,van,van,
42,4,2,mlp,259,opel,opel,
42,4,2,mlp,286,bus,bus,
42,4,2,mlp,295,bus,bus,
42,4,2,mlp,297,saab,opel,
42,4,2,mlp,314,bus,bus,
42,4,2,mlp,332,opel,opel,
42,4,2,mlp,344,opel,opel,
42,4,2,mlp,366,van,van,
42,4,2,mlp,367,saab,opel,
42,4,2,mlp,368,bus,bus,
42,4,2,mlp,388,van,bus,
42,4,2,mlp,394,saab,opel,
42,4,2,mlp,401,opel,opel,
42,4,2,mlp,410,saab,opel,
42,4,2,mlp,420,van,van,
42,4,2,mlp,421,opel,opel,
42,4,2,mlp,435,van,opel,
42,4,2,mlp,442,van,van,
42,4,2,mlp,447,opel,opel,
42,4,2,mlp,457,van,bus,
42,4,2,mlp,463,opel,bus,
42,4,2,mlp,468,saab,saab,
42,4,2,mlp,474,opel,opel,
42,4,2,mlp,501,opel,opel,
42,4,2,mlp,507,opel,saab,
42,4,2,mlp,514,van,van,
42,4,2,mlp,517,saab,saab,
42,4,2,mlp,523,van,van,
42,4,2,mlp,540,bus,bus,
42,4,2,mlp,541,van,van,
42,4,2,mlp,547,bus,van,
42,4,2,mlp,583,saab,saab,
42,4,2,mlp,596,opel,saab,
42,4,2,mlp,608,opel,opel,
42,4,2,mlp,616,opel,opel,
42,4,2,mlp,624,saab,opel,
42,4,2,mlp,637,bus,bus,
42,4,2,mlp,642,saab,opel,
42,4,2,mlp,648,saab,saab,
42,4,2,mlp,673,opel,saab,
42,4,2,mlp,688,saab,van,
42,4,2,mlp,690,saab,opel,
42,4,2,mlp,710,bus,bus,
42,4,2,mlp,714,bus,bus,
42,4,2,mlp,716,saab,saab,
42,4,2,mlp,741,bus,bus,
42,4,2,mlp,753,saab,saab,
42,4,2,mlp,761,saab,saab,
42,4,2,mlp,768,opel,opel,
42,4,2,mlp,775,bus,bus,
42,4,2,mlp,779,van,van,
42,4,2,mlp,797,saab,saab,
42,4,2,mlp,798,opel,opel,
42,4,2,mlp,799,bus,bus,
42,4,2,mlp,801,opel,saab,
42,4,2,mlp,802,opel,saab,
42,4,2,mlp,803,bus,bus,
42,4,2,mlp,811,opel,saab,
42,4,2,mlp,815,bus,bus,
42,4,2,mlp,819,saab,saab,
42,4,2,mlp,825,opel,opel,
42,4,2,mlp,843,saab,saab,
42,4,2,rbf,26,saab,van,
42,4,2,rbf,39,bus,bus,
42,4,2,rbf,46,van,van,
42,4,2,rbf,54,bus,bus,
42,4,2,rbf,55,van,van,
42,4,2,rbf,80,bus,bus,
42,4,2,rbf,82,van,van,
42,4,2,rbf,93,van,van,
42,4,2,rbf,97,bus,bus,
42,4,2,rbf,109,bus,bus,
42,4,2,rbf,122,van,van,
42,4,2,rbf,138,saab,van,
42,4,2,rbf,139,van,van,
42,4,2,rbf,141,bus,bus,
42,4,2,rbf,148,saab,opel,
42,4,2,rbf,150,saab,saab,
42,4,2,rbf,159,opel,opel,
42,4,2,rbf,179,van,van,
42,4,2,rbf,193,bus,bus,
42,4,2,rbf,211,van,van,
42,4,2,rbf,221,van,van,
42,4,2,rbf,222,bus,bus,
42,4,2,rbf,235,van,van,
42,4,2,rbf,259,opel,opel,
42,4,2,rbf,286,bus,bus,
42,4,2,rbf,295,bus,bus,
42,4,2,rbf,297,saab,opel,
42,4,2,rbf,314,bus,bus,
42,4,2,rbf,332,opel,opel,
42,4,2,rbf,344,opel,opel,
42,4,2,rbf,366,van,van,
42,4,2,rbf,367,saab,bus,
42,4,2,rbf,368,bus,bus,
42,4,2,rbf,388,van,opel,
42,4,2,rbf,394,saab,bus,
42,4,2,rbf,401,opel,saab,
42,4,2,rbf,410,saab,bus,
42,4,2,rbf,420,van,van,
42,4,2,rbf,421,opel,saab,
42,4,2,rbf,435,van,van,
42,4,2,rbf,442,van,van,
42,4,2,rbf,447,opel,opel,
42,4,2,rbf,457,van,bus,
42,4,2,rbf,463,opel,bus,
42,4,2,rbf,468,saab,saab,
42,4,2,rbf,474,opel,saab,
42,4,2,rbf,501,opel,opel,
42,4,2,rbf,507,opel,saab,
42,4,2,rbf,514,van,van,
42,4,2,rbf,517,saab,saab,
42,4,2,rbf,523,van,van,
42,4,2,rbf,540,bus,bus,
42,4,2,rbf,541,van,van,
42,4,2,rbf,547,bus,van,
42,4,2,rbf,583,saab,opel,
42,4,2,rbf,596,opel,saab,
42,4,2,rbf,608,opel,van,
42,4,2,rbf,616,opel,van,
42,4,2,rbf,624,saab,opel,
42,4,2,rbf,637,bus,bus,
42,4,2,rbf,642,saab,opel,
42,4,2,rbf,648,saab,opel,
42,4,2,rbf,673,opel,van,
42,4,2,rbf,688,saab,van,
42,4,2,rbf,690,saab,opel,
42,4,2,rbf,710,bus,bus,
42,4,2,rbf,714,bus,bus,
42,4,2,rbf,716,saab,saab,
42,4,2,rbf,741,bus,bus,
42,4,2,rbf,753,saab,saab,
42,4,2,rbf,761,saab,saab,
42,4,2,rbf,768,opel,opel,
42,4,2,rbf,775,bus,bus,
42,4,2,rbf,779,van,van,
42,4,2,rbf,797,saab,saab,
42,4,2,rbf,798,opel,opel,
42,4,2,rbf,799,bus,bus,
42,4,2,rbf,801,opel,van,
42,4,2,rbf,802,opel,bus,
42,4,2,rbf,803,bus,bus,
42,4,2,rbf,811,opel,opel,
42,4,2,rbf,815,bus,van,
42,4,2,rbf,819,saab,saab,
42,4,2,rbf,825,opel,opel,
42,4,2,rbf,843,saab,opel,
42,4,2,svm_linear,26,saab,saab,
42,4,2,svm_linear,39,bus,bus,
42,4,2,svm_linear,46,van,van,
42,4,2,svm_linear,54,bus,bus,
42,4,2,svm_linear,55,van,van,
42,4,2,svm_linear,80,bus,bus,
42,4,2,svm_linear,82,van,van,
42,4,2,svm_linear,93,van,van,
42,4,2,svm_linear,97,bus,bus,
42,4,2,svm_linear,109,bus,bus,
42,4,2,svm_linear,122,van,van,
42,4,2,svm_linear,138,saab,saab,
42,4,2,svm_linear,139,van,van,
42,4,2,svm_linear,141,bus,bus,
42,4,2,svm_linear,148,saab,opel,
42,4,2,svm_linear,150,saab,saab,
42,4,2,svm_linear,159,opel,saab,
42,4,2,svm_linear,179,van,van,
42,4,2,svm_linear,193,bus,bus,
42,4,2,svm_linear,211,van,van,
42,4,2,svm_linear,221,van,van,
42,4,2,svm_linear,222,bus,bus,
42,4,2,svm_linear,235,van,van,
42,4,2,svm_linear,259,opel,opel,
42,4,2,svm_linear,286,bus,bus,
42,4,2,svm_linear,295,bus,saab,
42,4,2,svm_linear,297,saab,opel,
42,4,2,svm_linear,314,bus,bus,
42,4,2,svm_linear,332,opel,opel,
42,4,2,svm_linear,344,opel,opel,
42,4,2,svm_linear,366,van,van,
42,4,2,svm_linear,367,saab,saab,
42,4,2,svm_linear,368,bus,bus,
42,4,2,svm_linear,388,van,van,
42,4,2,svm_linear,394,saab,saab,
42,4,2,svm_linear,401,opel,opel,
42,4,2,svm_linear,410,saab,opel,
42,4,2,svm_linear,420,van,van,
42,4,2,svm_linear,421,opel,opel,
42,4,2,svm_linear,435,van,opel,
42,4,2,svm_linear,442,van,van,
42,4,2,svm_linear,447,opel,opel,
42,4,2,svm_linear,457,van,bus,
42,4,2,svm_linear,463,opel,saab,
42,4,2,svm_linear,468,saab,saab,
42,4,2,svm_linear,474,opel,opel,
42,4,2,svm_linear,501,opel,opel,
42,4,2,svm_linear,507,opel,saab,
42,4,2,svm_linear,514,van,van,
42,4,2,svm_linear,517,saab,saab,
42,4,2,svm_linear,523,van,van,
42,4,2,svm_linear,540,bus,bus,
42,4,2,svm_linear,541,van,van,
42,4,2,svm_linear,547,bus,bus,
42,4,2,svm_linear,583,saab,saab,
42,4,2,svm_linear,596,opel,opel,
42,4,2,svm_linear,608,opel,opel,
42,4,2,svm_linear,616,opel,opel,
42,4,2,svm_linear,624,saab,opel,
42,4,2,svm_linear,637,bus,bus,
42,4,2,svm_linear,642,saab,opel,
42,4,2,svm_linear,648,saab,saab,
42,4,2,svm_linear,673,opel,saab,
42,4,2,svm_linear,688,saab,van,
42,4,2,svm_linear,690,saab,saab,
42,4,2,svm_linear,710,bus,bus,
42,4,2,svm_linear,714,bus,bus,
42,4,2,svm_linear,716,saab,saab,
42,4,2,svm_linear,741,bus,bus,
42,4,2,svm_linear,753,saab,saab,
42,4,2,svm_linear,761,saab,saab,
42,4,2,svm_linear,768,opel,saab,
42,4,2,svm_linear,775,bus,bus,
42,4,2,svm_linear,779,van,van,
42,4,2,svm_linear,797,saab,saab,
42,4,2,svm_linear,798,opel,opel,
42,4,2,svm_linear,799,bus,bus,
42,4,2,svm_linear,801,opel,opel,
42,4,2,svm_linear,802,opel,opel,
42,4,2,svm_linear,803,bus,bus,
42,4,2,svm_linear,811,opel,opel,
42,4,2,svm_linear,815,bus,bus,
42,4,2,svm_linear,819,saab,saab,
42,4,2,svm_linear,825,opel,saab,
42,4,2,svm_linear,843,saab,saab,
42,4,2,svm_unscaled,26,saab,opel,
42,4,2,svm_unscaled,39,bus,bus,
42,4,2,svm_unscaled,46,van,van,
42,4,2,svm_unscaled,54,bus,bus,
42,4,2,svm_unscaled,55,van,van,
42,4,2,svm_unscaled,80,bus,bus,
42,4,2,svm_unscaled,82,van,van,
42,4,2,svm_unscaled,93,van,van,
42,4,2,svm_unscaled,97,bus,bus,
42,4,2,svm_unscaled,109,bus,bus,
42,4,2,svm_unscaled,122,van,van,
42,4,2,svm_unscaled,138,saab,van,
42,4,2,svm_unscaled,139,van,van,
42,4,2,svm_unscaled,141,bus,bus,
42,4,2,svm_unscaled,148,saab,opel,
42,4,2,svm_unscaled,150,saab,saab,
42,4,2,svm_unscaled,159,opel,saab,
42,4,2,svm_unscaled,179,van,van,
42,4,2,svm_unscaled,193,bus,bus,
42,4,2,svm_unscaled,211,van,van,
42,4,2,svm_unscaled,221,van,van,
42,4,2,svm_unscaled,222,bus,bus,
42,4,2,svm_unscaled,235,van,van,
42,4,2,svm_unscaled,259,opel,opel,
42,4,2,svm_unscaled,286,bus,bus,
42,4,2,svm_unscaled,295,bus,bus,
42,4,2,svm_unscaled,297,saab,opel,
42,4,2,svm_unscaled,314,bus,bus,
42,4,2,svm_unscaled,332,opel,opel,
42,4,2,svm_unscaled,344,opel,opel,
42,4,2,svm_unscaled,366,van,van,
42,4,2,svm_unscaled,367,saab,saab,
42,4,2,svm_unscaled,368,bus,bus,
42,4,2,svm_unscaled,388,van,van,
42,4,2,svm_unscaled,394,saab,opel,
42,4,2,svm_unscaled,401,opel,saab,
42,4,2,svm_unscaled,410,saab,opel,
42,4,2,svm_unscaled,420,van,van,
42,4,2,svm_unscaled,421,opel,opel,
42,4,2,svm_unscaled,435,van,van,
42,4,2,svm_unscaled,442,van,van,
42,4,2,svm_unscaled,447,opel,opel,
42,4,2,svm_unscaled,457,van,bus,
42,4,2,svm_unscaled,463,opel,bus,
42,4,2,svm_unscaled,468,saab,saab,
42,4,2,svm_unscaled,474,opel,saab,
42,4,2,svm_unscaled,501,opel,opel,
42,4,2,svm_unscaled,507,opel,saab,
42,4,2,svm_unscaled,514,van,van,
42,4,2,svm_unscaled,517,saab,saab,
42,4,2,svm_unscaled,523,van,van,
42,4,2,svm_unscaled,540,bus,bus,
42,4,2,svm_unscaled,541,van,van,
42,4,2,svm_unscaled,547,bus,van,
42,4,2,svm_unscaled,583,saab,saab,
42,4,2,svm_unscaled,596,opel,saab,
42,4,2,svm_unscaled,608,opel,van,
42,4,2,svm_unscaled,616,opel,saab,
42,4,2,svm_unscaled,624,saab,saab,
42,4,2,svm_unscaled,637,bus,bus,
42,4,2,svm_unscaled,642,saab,opel,
42,4,2,svm_unscaled,648,saab,saab,
42,4,2,svm_unscaled,673,opel,saab,
42,4,2,svm_unscaled,688,saab,van,
42,4,2,svm_unscaled,690,saab,opel,
42,4,2,svm_unscaled,710,bus,bus,
42,4,2,svm_unscaled,714,bus,bus,
42,4,2,svm_unscaled,716,saab,saab,
42,4,2,svm_unscaled,741,bus,bus,
42,4,2,svm_unscaled,753,saab,saab,
42,4,2,svm_unscaled,761,saab,saab,
42,4,2,svm_unscaled,768,opel,opel,
42,4,2,svm_unscaled,775,bus,bus,
42,4,2,svm_unscaled,779,van,van,
42,4,2,svm_unscaled,797,saab,saab,
42,4,2,svm_unscaled,798,opel,opel,
42,4,2,svm_unscaled,799,bus,bus,
42,4,2,svm_unscaled,801,opel,opel,
42,4,2,svm_unscaled,802,opel,saab,
42,4,2,svm_unscaled,803,bus,bus,
42,4,2,svm_unscaled,811,opel,saab,
42,4,2,svm_unscaled,815,bus,bus,
42,4,2,svm_unscaled,819,saab,saab,
42,4,2,svm_unscaled,825,opel,saab,
42,4,2,svm_unscaled,843,saab,opel,
43,4,3,centroid,5,bus,opel,
43,4,3,centroid,12,bus,bus,
43,4,3,centroid,27,saab,opel,
43,4,3,centroid,29,saab,van,
43,4,3,centroid,36,bus,bus,
43,4,3,centroid,45,van,bus,
43,4,3,centroid,66,bus,van,
43,4,3,centroid,67,opel,opel,
43,4,3,centroid,76,saab,bus,
43,4,3,centroid,99,bus,bus,
43,4,3,centroid,100,bus,bus,
43,4,3,centroid,103,van,van,
43,4,3,centroid,107,opel,van,
43,4,3,centroid,110,van,van,
43,4,3,centroid,115,van,saab,
43,4,3,centroid,136,van,bus,
43,4,3,centroid,157,van,van,
43,4,3,centroid,183,saab,van,
43,4,3,centroid,184,saab,saab,
43,4,3,centroid,217,opel,opel,
43,4,3,centroid,248,opel,opel,
43,4,3,centroid,251,opel,opel,
43,4,3,centroid,266,bus,bus,
43,4,3,centroid,269,van,van,
43,4,3,centroid,271,saab,opel,
43,4,3,centroid,273,van,van,
43,4,3,centroid,278,saab,saab,
43,4,3,centroid,280,opel,opel,
43,4,3,centroid,284,van,van,
43,4,3,centroid,290,van,van,
43,4,3,centroid,293,van,van,
43,4,3,centroid,331,opel,saab,
43,4,3,centroid,333,bus,bus,
43,4,3,centroid,340,bus,van,
43,4,3,centroid,352,van,van,
43,4,3,centroid,373,bus,saab,
43,4,3,centroid,385,van,bus,
43,4,3,centroid,390,bus,van,
43,4,3,centroid,398,bus,saab,
43,4,3,centroid,424,opel,saab,
43,4,3,centroid,448,bus,opel,
43,4,3,centroid,456,van,van,
43,4,3,centroid,462,opel,saab,
43,4,3,centroid,464,bus,saab,
43,4,3,centroid,486,opel,opel,
43,4,3,centroid,488,opel,van,
43,4,3,centroid,489,opel,opel,
43,4,3,centroid,496,opel,opel,
43,4,3,centroid,508,van,saab,
43,4,3,centroid,530,saab,opel,
43,4,3,centroid,531,bus,opel,
43,4,3,centroid,532,saab,opel,
43,4,3,centroid,535,van,saab,
43,4,3,centroid,537,van,van,
43,4,3,centroid,552,saab,saab,
43,4,3,centroid,570,saab,saab,
43,4,3,centroid,574,opel,opel,
43,4,3,centroid,576,saab,opel,
43,4,3,centroid,587,opel,van,
43,4,3,centroid,594,van,van,
43,4,3,centroid,600,bus,saab,
43,4,3,centroid,620,saab,opel,
43,4,3,centroid,625,saab,opel,
43,4,3,centroid,630,saab,van,
43,4,3,centroid,636,saab,van,
43,4,3,centroid,643,bus,saab,
43,4,3,centroid,645,opel,van,
43,4,3,centroid,651,saab,van,
43,4,3,centroid,671,opel,saab,
43,4,3,centroid,679,bus,bus,
43,4,3,centroid,681,bus,saab,
43,4,3,centroid,685,bus,van,
43,4,3,centroid,693,van,bus,
43,4,3,centroid,705,saab,saab,
43,4,3,centroid,728,opel,van,
43,4,3,centroid,729,opel,opel,
43,4,3,centroid,732,van,van,
43,4,3,centroid,752,bus,saab,
43,4,3,centroid,758,bus,bus,
43,4,3,centroid,763,opel,opel,
43,4,3,centroid,772,opel,opel,
43,4,3,centroid,778,saab,saab,
43,4,3,centroid,786,saab,opel,
43,4,3,centroid,820,saab,van,
43,4,3,centroid,832,saab,saab,
43,4,3,knn,5,bus,bus,
43,4,3,knn,12,bus,bus,
43,4,3,knn,27,saab,saab,
43,4,3,knn,29,saab,bus,
43,4,3,knn,36,bus,bus,
43,4,3,knn,45,van,van,
43,4,3,knn,66,bus,bus,
43,4,3,knn,67,opel,opel,
43,4,3,knn,76,saab,opel,
43,4,3,knn,99,bus,bus,
43,4,3,knn,100,bus,van,
43,4,3,knn,103,van,van,
43,4,3,knn,107,opel,opel,
43,4,3,knn,110,van,van,
43,4,3,knn,115,van,van,
43,4,3,knn,136,van,van,
43,4,3,knn,157,van,van,
43,4,3,knn,183,saab,opel,
43,4,3,knn,184,saab,saab,
43,4,3,knn,217,opel,saab,
43,4,3,knn,248,opel,saab,
43,4,3,knn,251,opel,opel,
43,4,3,knn,266,bus,bus,
43,4,3,knn,269,van,saab,
43,4,3,knn,271,saab,bus,
43,4,3,knn,273,van,van,
43,4,3,knn,278,saab,saab,
43,4,3,knn,280,opel,saab,
43,4,3,knn,284,van,van,
43,4,3,knn,290,van,van,
43,4,3,knn,293,van,opel,
43,4,3,knn,331,opel,saab,
43,4,3,knn,333,bus,bus,
43,4,3,knn,340,bus,bus,
43,4,3,knn,352,van,saab,
43,4,3,knn,373,bus,bus,
43,4,3,knn,385,van,van,
43,4,3,knn,390,bus,bus,
43,4,3,knn,398,bus,bus,
43,4,3,knn,424,opel,saab,
43,4,3,knn,448,bus,bus,
43,4,3,knn,456,van,bus,
43,4,3,knn,462,opel,saab,
43,4,3,knn,464,bus,bus,
43,4,3,knn,486,opel,opel,
43,4,3,knn,488,opel,saab,
43,4,3,knn,489,opel,opel,
43,4,3,knn,496,opel,saab,
43,4,3,knn,508,van,van,
43,4,3,knn,530,saab,saab,
43,4,3,knn,531,bus,bus,
43,4,3,knn,532,saab,opel,
43,4,3,knn,535,van,van,
43,4,3,knn,537,van,van,
43,4,3,knn,552,saab,saab,
43,4,3,knn,570,saab,saab,
43,4,3,knn,574,opel,saab,
43,4,3,knn,576,saab,saab,
43,4,3,knn,587,opel,saab,
43,4,3,knn,594,van,opel,
43,4,3,knn,600,bus,bus,
43,4,3,knn,620,saab,opel,
43,4,3,knn,625,saab,opel,
43,4,3,knn,630,saab,opel,
43,4,3,knn,636,saab,saab,
43,4,3,knn,643,bus,bus,
43,4,3,knn,645,opel,bus,
43,4,3,knn,651,saab,saab,
43,4,3,knn,671,opel,saab,
43,4,3,knn,679,bus,bus,
43,4,3,knn,681,bus,bus,
43,4,3,knn,685,bus,bus,
43,4,3,knn,693,van,van,
43,4,3,knn,705,saab,saab,
43,4,3,knn,728,opel,opel,
43,4,3,knn,729,opel,opel,
43,4,3,knn,732,van,van,
43,4,3,knn,752,bus,bus,
43,4,3,knn,758,bus,bus,
43,4,3,knn,763,opel,saab,
43,4,3,knn,772,opel,saab,
43,4,3,knn,778,saab,saab,
43,4,3,knn,786,saab,saab,
43,4,3,knn,820,saab,saab,
43,4,3,knn,832,saab,saab,
43,4,3,svm,5,bus,bus,1.1158735929426693
43,4,3,svm,12,bus,bus,1.1790833758329262
43,4,3,svm,27,saab,saab,0.9748735999855009
43,4,3,svm,29,saab,saab,0.967180240913777
43,4,3,svm,36,bus,bus,1.0063953430280113
43,4,3,svm,45,van,van,2.096804528960953
43,4,3,svm,66,bus,bus,1.4380924054965003
43,4,3,svm,67,opel,opel,1.161960547963505
43,4,3,svm,76,saab,opel,0.534401127083322
43,4,3,svm,99,bus,bus,1.7820725578716876
43,4,3,svm,100,bus,van,0.3406009532689441
43,4,3,svm,103,van,van,2.8773413743748435
43,4,3,svm,107,opel,opel,0.39565072513955823
43,4,3,svm,110,van,van,1.4268845847599672
43,4,3,svm,115,van,van,1.7407536437733868
43,4,3,svm,136,van,van,1.3069087110864939
43,4,3,svm,157,van,van,3.1792179632815625
43,4,3,svm,183,saab,opel,0.08005200285830183
43,4,3,svm,184,saab,saab,1.1646649798497373
43,4,3,svm,217,opel,opel,0.5467124884601504
43,4,3,svm,248,opel,opel,1.223584341756374
43,4,3,svm,251,opel,opel,1.0922927430436657
43,4,3,svm,266,bus,bus,0.9442988888447706
43,4,3,svm,269,van,van,0.415084900943296
43,4,3,svm,271,saab,saab,0.2937064885894114
43,4,3,svm,273,van,van,0.9469497453470617
43,4,3,svm,278,saab,saab,0.9328106120877453
43,4,3,svm,280,opel,opel,1.5918317636196253
43,4,3,svm,284,van,van,1.6127604829084683
43,4,3,svm,290,van,van,1.158780376536311
43,4,3,svm,293,van,van,0.322011214821891
43,4,3,svm,331,opel,opel,0.6115095209320152
43,4,3,svm,333,bus,bus,0.7751158401271666
43,4,3,svm,340,bus,bus,0.9908039231539855
43,4,3,svm,352,van,van,0.6808926069541499
43,4,3,svm,373,bus,bus,1.919871724095752
43,4,3,svm,385,van,van,1.620958404308112
43,4,3,svm,390,bus,bus,1.1067886877568565
43,4,3,svm,398,bus,bus,1.7086434690035839
43,4,3,svm,424,opel,opel,0.3764304706838568
43,4,3,svm,448,bus,bus,1.103591296468699
43,4,3,svm,456,van,van,0.8833858047168308
43,4,3,svm,462,opel,saab,0.5654251263579937
43,4,3,svm,464,bus,bus,1.9194851470142236
43,4,3,svm,486,opel,opel,1.0150727037734624
43,4,3,svm,488,opel,opel,1.0311595387498467
43,4,3,svm,489,opel,opel,1.5388574519827578
43,4,3,svm,496,opel,saab,0.7930826392571046
43,4,3,svm,508,van,van,2.0286167860366224
43,4,3,svm,530,saab,opel,1.7871937873218915
43,4,3,svm,531,bus,bus,0.7588013173494157
43,4,3,svm,532,saab,saab,0.33768469167367066
43,4,3,svm,535,van,van,1.1506274321996692
43,4,3,svm,537,van,van,1.5036548335966808
43,4,3,svm,552,saab,saab,0.7641394023168933
43,4,3,svm,570,saab,saab,0.4899566941223812
43,4,3,svm,574,opel,opel,0.3211236925302985
43,4,3,svm,576,saab,saab,0.5162477265865024
43,4,3,svm,587,opel,opel,0.9339269060235875
43,4,3,svm,594,van,van,0.817509210985033
43,4,3,svm,600,bus,bus,1.1274850430199472
43,4,3,svm,620,saab,saab,0.7141861789266217
43,4,3,svm,625,saab,saab,1.0207092227693422
43,4,3,svm,630,saab,saab,0.6040319820919149
43,4,3,svm,636,saab,saab,1.1386988198990777
43,4,3,svm,643,bus,bus,0.9299547277568044
43,4,3,svm,645,opel,opel,0.03332833529114643
43,4,3,svm,651,saab,saab,0.7668114204839007
43,4,3,svm,671,opel,opel,0.8457574144734354
43,4,3,svm,679,bus,bus,1.7149773926845109
43,4,3,svm,681,bus,bus,1.1057685535448618
43,4,3,svm,685,bus,bus,0.5938554981724085
43,4,3,svm,693,van,van,1.4492960346161172
43,4,3,svm,705,saab,saab,1.1992226277513427
43,4,3,svm,728,opel,opel,0.8535840127572378
43,4,3,svm,729,opel,opel,1.0089175180835064
43,4,3,svm,732,van,van,1.8662192544221512
43,4,3,svm,752,bus,bus,1.3242288558642912
43,4,3,svm,758,bus,bus,1.7383234312854463
43,4,3,svm,763,opel,saab,0.2797769502990439
43,4,3,svm,772,opel,saab,0.7375844189267995
43,4,3,svm,778,saab,saab,0.8544162127293369
43,4,3,svm,786,saab,saab,0.4751773233184111
43,4,3,svm,820,saab,opel,0.8208271199602062
43,4,3,svm,832,saab,saab,1.3038426625931177
43,4,3,mlp,5,bus,bus,
43,4,3,mlp,12,bus,bus,
43,4,3,mlp,27,saab,saab,
43,4,3,mlp,29,saab,opel,
43,4,3,mlp,36,bus,bus,
43,4,3,mlp,45,van,van,
43,4,3,mlp,66,bus,bus,
43,4,3,mlp,67,opel,opel,
43,4,3,mlp,76,saab,opel,
43,4,3,mlp,99,bus,bus,
43,4,3,mlp,100,bus,bus,
43,4,3,mlp,103,van,van,
43,4,3,mlp,107,opel,opel,
43,4,3,mlp,110,van,van,
43,4,3,mlp,115,van,van,
43,4,3,mlp,136,van,van,
43,4,3,mlp,157,van,van,
43,4,3,mlp,183,saab,saab,
43,4,3,mlp,184,saab,saab,
43,4,3,mlp,217,opel,opel,
43,4,3,mlp,248,opel,saab,
43,4,3,mlp,251,opel,saab,
43,4,3,mlp,266,bus,bus,
43,4,3,mlp,269,van,van,
43,4,3,mlp,271,saab,saab,
43,4,3,mlp,273,van,van,
43,4,3,mlp,278,saab,saab,
43,4,3,mlp,280,opel,opel,
43,4,3,mlp,284,van,van,
43,4,3,mlp,290,van,van,
43,4,3,mlp,293,van,van,
43,4,3,mlp,331,opel,saab,
43,4,3,mlp,333,bus,bus,
43,4,3,mlp,340,bus,bus,
43,4,3,mlp,352,van,van,
43,4,3,mlp,373,bus,bus,
43,4,3,mlp,385,van,van,
43,4,3,mlp,390,bus,bus,
43,4,3,mlp,398,bus,bus,
43,4,3,mlp,424,opel,opel,
43,4,3,mlp,448,bus,bus,
43,4,3,mlp,456,van,van,
43,4,3,mlp,462,opel,saab,
43,4,3,mlp,464,bus,bus,
43,4,3,mlp,486,opel,opel,
43,4,3,mlp,488,opel,opel,
43,4,3,mlp,489,opel,opel,
43,4,3,mlp,496,opel,saab,
43,4,3,mlp,508,van,van,
43,4,3,mlp,530,saab,opel,
43,4,3,mlp,531,bus,bus,
43,4,3,mlp,532,saab,saab,
43,4,3,mlp,535,van,van,
43,4,3,mlp,537,van,van,
43,4,3,mlp,552,saab,saab,
43,4,3,mlp,570,saab,saab,
43,4,3,mlp,574,opel,saab,
43,4,3,mlp,576,saab,saab,
43,4,3,mlp,587,opel,saab,
43,4,3,mlp,594,van,van,
43,4,3,mlp,600,bus,bus,
43,4,3,mlp,620,saab,saab,
43,4,3,mlp,625,saab,opel,
43,4,3,mlp,630,saab,opel,
43,4,3,mlp,636,saab,saab,
43,4,3,mlp,643,bus,bus,
43,4,3,mlp,645,opel,opel,
43,4,3,mlp,651,saab,bus,
43,4,3,mlp,671,opel,saab,
43,4,3,mlp,679,bus,bus,
43,4,3,mlp,681,bus,bus,
43,4,3,mlp,685,bus,bus,
43,4,3,mlp,693,van,van,
43,4,3,mlp,705,saab,saab,
43,4,3,mlp,728,opel,saab,
43,4,3,mlp,729,opel,opel,
43,4,3,mlp,732,van,bus,
43,4,3,mlp,752,bus,bus,
43,4,3,mlp,758,bus,bus,
43,4,3,mlp,763,opel,opel,
43,4,3,mlp,772,opel,opel,
43,4,3,mlp,778,saab,saab,
43,4,3,mlp,786,saab,saab,
43,4,3,mlp,820,saab,opel,
43,4,3,mlp,832,saab,saab,
43,4,3,rbf,5,bus,bus,
43,4,3,rbf,12,bus,bus,
43,4,3,rbf,27,saab,opel,
43,4,3,rbf,29,saab,bus,
43,4,3,rbf,36,bus,bus,
43,4,3,rbf,45,van,van,
43,4,3,rbf,66,bus,bus,
43,4,3,rbf,67,opel,opel,
43,4,3,rbf,76,saab,saab,
43,4,3,rbf,99,bus,bus,
43,4,3,rbf,100,bus,van,
43,4,3,rbf,103,van,van,
43,4,3,rbf,107,opel,opel,
43,4,3,rbf,110,van,van,
43,4,3,rbf,115,van,van,
43,4,3,rbf,136,van,van,
43,4,3,rbf,157,van,van,
43,4,3,rbf,183,saab,opel,
43,4,3,rbf,184,saab,saab,
43,4,3,rbf,217,opel,opel,
43,4,3,rbf,248,opel,saab,
43,4,3,rbf,251,opel,saab,
43,4,3,rbf,266,bus,bus,
43,4,3,rbf,269,van,van,
43,4,3,rbf,271,saab,saab,
43,4,3,rbf,273,van,van,
43,4,3,rbf,278,saab,saab,
43,4,3,rbf,280,opel,opel,
43,4,3,rbf,284,van,van,
43,4,3,rbf,290,van,van,
43,4,3,rbf,293,van,van,
43,4,3,rbf,331,opel,saab,
43,4,3,rbf,333,bus,bus,
43,4,3,rbf,340,bus,bus,
43,4,3,rbf,352,van,van,
43,4,3,rbf,373,bus,bus,
43,4,3,rbf,385,van,van,
43,4,3,rbf,390,bus,bus,
43,4,3,rbf,398,bus,bus,
43,4,3,rbf,424,opel,opel,
43,4,3,rbf,448,bus,bus,
43,4,3,rbf,456,van,van,
43,4,3,rbf,462,opel,saab,
43,4,3,rbf,464,bus,bus,
43,4,3,rbf,486,opel,opel,
43,4,3,rbf,488,opel,opel,
43,4,3,rbf,489,opel,opel,
43,4,3,rbf,496,opel,opel,
43,4,3,rbf,508,van,van,
43,4,3,rbf,530,saab,opel,
43,4,3,rbf,531,bus,bus,
43,4,3,rbf,532,saab,saab,
43,4,3,rbf,535,van,van,
43,4,3,rbf,537,van,van,
43,4,3,rbf,552,saab,opel,
43,4,3,rbf,570,saab,saab,
43,4,3,rbf,574,opel,saab,
43,4,3,rbf,576,saab,saab,
43,4,3,rbf,587,opel,saab,
43,4,3,rbf,594,van,van,
43,4,3,rbf,600,bus,bus,
43,4,3,rbf,620,saab,saab,
43,4,3,rbf,625,saab,saab,
43,4,3,rbf,630,saab,van,
43,4,3,rbf,636,saab,van,
43,4,3,rbf,643,bus,bus,
43,4,3,rbf,645,opel,opel,
43,4,3,rbf,651,saab,bus,
43,4,3,rbf,671,opel,saab,
43,4,3,rbf,679,bus,bus,
43,4,3,rbf,681,bus,bus,
43,4,3,rbf,685,bus,bus,
43,4,3,rbf,693,van,van,
43,4,3,rbf,705,saab,saab,
43,4,3,rbf,728,opel,opel,
43,4,3,rbf,729,opel,saab,
43,4,3,rbf,732,van,bus,
43,4,3,rbf,752,bus,bus,
43,4,3,rbf,758,bus,bus,
43,4,3,rbf,763,opel,opel,
43,4,3,rbf,772,opel,saab,
43,4,3,rbf,778,saab,saab,
43,4,3,rbf,786,saab,saab,
43,4,3,rbf,820,saab,saab,
43,4,3,rbf,832,saab,saab,
43,4,3,svm_linear,5,bus,bus,
43,4,3,svm_linear,12,bus,bus,
43,4,3,svm_linear,27,saab,saab,
43,4,3,svm_linear,29,saab,bus,
43,4,3,svm_linear,36,bus,bus,
43,4,3,svm_linear,45,van,van,
43,4,3,svm_linear,66,bus,bus,
43,4,3,svm_linear,67,opel,opel,
43,4,3,svm_linear,76,saab,saab,
43,4,3,svm_linear,99,bus,bus,
43,4,3,svm_linear,100,bus,bus,
43,4,3,svm_linear,103,van,van,
43,4,3,svm_linear,107,opel,opel,
43,4,3,svm_linear,110,van,van,
43,4,3,svm_linear,115,van,van,
43,4,3,svm_linear,136,van,van,
43,4,3,svm_linear,157,van,van,
43,4,3,svm_linear,183,saab,saab,
43,4,3,svm_linear,184,saab,saab,
43,4,3,svm_linear,217,opel,opel,
43,4,3,svm_linear,248,opel,saab,
43,4,3,svm_linear,251,opel,opel,
43,4,3,svm_linear,266,bus,bus,
43,4,3,svm_linear,269,van,van,
43,4,3,svm_linear,271,saab,saab,
43,4,3,svm_linear,273,van,van,
43,4,3,svm_linear,278,saab,saab,
43,4,3,svm_linear,280,opel,opel,
43,4,3,svm_linear,284,van,van,
43,4,3,svm_linear,290,van,van,
43,4,3,svm_linear,293,van,van,
43,4,3,svm_linear,331,opel,saab,
43,4,3,svm_linear,333,bus,bus,
43,4,3,svm_linear,340,bus,bus,
43,4,3,svm_linear,352,van,van,
43,4,3,svm_linear,373,bus,bus,
43,4,3,svm_linear,385,van,van,
43,4,3,svm_linear,390,bus,bus,
43,4,3,svm_linear,398,bus,bus,
43,4,3,svm_linear,424,opel,opel,
43,4,3,svm_linear,448,bus,bus,
43,4,3,svm_linear,456,van,van,
43,4,3,svm_linear,462,opel,saab,
43,4,3,svm_linear,464,bus,bus,
43,4,3,svm_linear,486,opel,opel,
43,4,3,svm_linear,488,opel,opel,
43,4,3,svm_linear,489,opel,opel,
43,4,3,svm_linear,496,opel,saab,
43,4,3,svm_linear,508,van,van,
43,4,3,svm_linear,530,saab,opel,
43,4,3,svm_linear,531,bus,bus,
43,4,3,svm_linear,532,saab,saab,
43,4,3,svm_linear,535,van,van,
43,4,3,svm_linear,537,van,van,
43,4,3,svm_linear,552,saab,opel,
43,4,3,svm_linear,570,saab,saab,
43,4,3,svm_linear,574,opel,opel,
43,4,3,svm_linear,576,saab,saab,
43,4,3,svm_linear,587,opel,opel,
43,4,3,svm_linear,594,van,van,
43,4,3,svm_linear,600,bus,bus,
43,4,3,svm_linear,620,saab,saab,
43,4,3,svm_linear,625,saab,opel,
43,4,3,svm_linear,630,saab,saab,
43,4,3,svm_linear,636,saab,saab,
43,4,3,svm_linear,643,bus,bus,
43,4,3,svm_linear,645,opel,opel,
43,4,3,svm_linear,651,saab,bus,
43,4,3,svm_linear,671,opel,saab,
43,4,3,svm_linear,679,bus,bus,
43,4,3,svm_linear,681,bus,bus,
43,4,3,svm_linear,685,bus,bus,
43,4,3,svm_linear,693,van,van,
43,4,3,svm_linear,705,saab,saab,
43,4,3,svm_linear,728,opel,saab,
43,4,3,svm_linear,729,opel,saab,
43,4,3,svm_linear,732,van,van,
43,4,3,svm_linear,752,bus,bus,
43,4,3,svm_linear,758,bus,bus,
43,4,3,svm_linear,763,opel,opel,
43,4,3,svm_linear,772,opel,opel,
43,4,3,svm_linear,778,saab,saab,
43,4,3,svm_linear,786,saab,saab,
43,4,3,svm_linear,820,saab,saab,
43,4,3,svm_linear,832,saab,saab,
43,4,3,svm_unscaled,5,bus,bus,
43,4,3,svm_unscaled,12,bus,bus,
43,4,3,svm_unscaled,27,saab,saab,
43,4,3,svm_unscaled,29,saab,saab,
43,4,3,svm_unscaled,36,bus,bus,
43,4,3,svm_unscaled,45,van,van,
43,4,3,svm_unscaled,66,bus,bus,
43,4,3,svm_unscaled,67,opel,opel,
43,4,3,svm_unscaled,76,saab,saab,
43,4,3,svm_unscaled,99,bus,bus,
43,4,3,svm_unscaled,100,bus,bus,
43,4,3,svm_unscaled,103,van,van,
43,4,3,svm_unscaled,107,opel,saab,
43,4,3,svm_unscaled,110,van,van,
43,4,3,svm_unscaled,115,van,van,
43,4,3,svm_unscaled,136,van,van,
43,4,3,svm_unscaled,157,van,van,
43,4,3,svm_unscaled,183,saab,opel,
43,4,3,svm_unscaled,184,saab,saab,
43,4,3,svm_unscaled,217,opel,opel,
43,4,3,svm_unscaled,248,opel,saab,
43,4,3,svm_unscaled,251,opel,saab,
43,4,3,svm_unscaled,266,bus,bus,
43,4,3,svm_unscaled,269,van,van,
43,4,3,svm_unscaled,271,saab,saab,
43,4,3,svm_unscaled,273,van,van,
43,4,3,svm_unscaled,278,saab,saab,
43,4,3,svm_unscaled,280,opel,opel,
43,4,3,svm_unscaled,284,van,van,
43,4,3,svm_unscaled,290,van,van,
43,4,3,svm_unscaled,293,van,van,
43,4,3,svm_unscaled,331,opel,saab,
43,4,3,svm_unscaled,333,bus,bus,
43,4,3,svm_unscaled,340,bus,bus,
43,4,3,svm_unscaled,352,van,van,
43,4,3,svm_unscaled,373,bus,bus,
43,4,3,svm_unscaled,385,van,van,
43,4,3,svm_unscaled,390,bus,bus,
43,4,3,svm_unscaled,398,bus,bus,
43,4,3,svm_unscaled,424,opel,opel,
43,4,3,svm_unscaled,448,bus,bus,
43,4,3,svm_unscaled,456,van,van,
43,4,3,svm_unscaled,462,opel,saab,
43,4,3,svm_unscaled,464,bus,bus,
43,4,3,svm_unscaled,486,opel,opel,
43,4,3,svm_unscaled,488,opel,opel,
43,4,3,svm_unscaled,489,opel,opel,
43,4,3,svm_unscaled,496,opel,saab,
43,4,3,svm_unscaled,508,van,van,
43,4,3,svm_unscaled,530,saab,opel,
43,4,3,svm_unscaled,531,bus,bus,
43,4,3,svm_unscaled,532,saab,opel,
43,4,3,svm_unscaled,535,van,van,
43,4,3,svm_unscaled,537,van,van,
43,4,3,svm_unscaled,552,saab,saab,
43,4,3,svm_unscaled,570,saab,saab,
43,4,3,svm_unscaled,574,opel,saab,
43,4,3,svm_unscaled,576,saab,saab,
43,4,3,svm_unscaled,587,opel,opel,
43,4,3,svm_unscaled,594,van,van,
43,4,3,svm_unscaled,600,bus,bus,
43,4,3,svm_unscaled,620,saab,opel,
43,4,3,svm_unscaled,625,saab,opel,
43,4,3,svm_unscaled,630,saab,opel,
43,4,3,svm_unscaled,636,saab,van,
43,4,3,svm_unscaled,643,bus,bus,
43,4,3,svm_unscaled,645,opel,opel,
43,4,3,svm_unscaled,651,saab,bus,
43,4,3,svm_unscaled,671,opel,saab,
43,4,3,svm_unscaled,679,bus,bus,
43,4,3,svm_unscaled,681,bus,bus,
43,4,3,svm_unscaled,685,bus,bus,
43,4,3,svm_unscaled,693,van,van,
43,4,3,svm_unscaled,705,saab,saab,
43,4,3,svm_unscaled,728,opel,opel,
43,4,3,svm_unscaled,729,opel,opel,
43,4,3,svm_unscaled,732,van,van,
43,4,3,svm_unscaled,752,bus,bus,
43,4,3,svm_unscaled,758,bus,bus,
43,4,3,svm_unscaled,763,opel,opel,
43,4,3,svm_unscaled,772,opel,saab,
43,4,3,svm_unscaled,778,saab,saab,
43,4,3,svm_unscaled,786,saab,saab,
43,4,3,svm_unscaled,820,saab,saab,
43,4,3,svm_unscaled,832,saab,saab,
44,4,4,centroid,2,saab,opel,
44,4,4,centroid,16,van,van,
44,4,4,centroid,17,bus,saab,
44,4,4,centroid,24,saab,opel,
44,4,4,centroid,40,opel,opel,
44,4,4,centroid,60,opel,opel,
44,4,4,centroid,68,van,van,
44,4,4,centroid,69,bus,opel,
44,4,4,centroid,81,bus,opel,
44,4,4,centroid,92,saab,opel,
44,4,4,centroid,94,bus,van,
44,4,4,centroid,117,saab,opel,
44,4,4,centroid,130,saab,saab,
44,4,4,centroid,131,saab,van,
44,4,4,centroid,137,van,van,
44,4,4,centroid,140,saab,van,
44,4,4,centroid,155,bus,opel,
44,4,4,centroid,158,saab,van,
44,4,4,centroid,166,saab,van,
44,4,4,centroid,170,opel,opel,
44,4,4,centroid,174,van,bus,
44,4,4,centroid,176,opel,opel,
44,4,4,centroid,187,opel,saab,
44,4,4,centroid,198,bus,bus,
44,4,4,centroid,204,van,van,
44,4,4,centroid,249,saab,van,
44,4,4,centroid,288,opel,opel,
44,4,4,centroid,301,opel,van,
44,4,4,centroid,303,van,van,
44,4,4,centroid,319,bus,opel,
44,4,4,centroid,325,bus,bus,
44,4,4,centroid,330,van,van,
44,4,4,centroid,336,van,van,
44,4,4,centroid,345,bus,opel,
44,4,4,centroid,354,saab,saab,
44,4,4,centroid,355,opel,opel,
44,4,4,centroid,360,saab,opel,
44,4,4,centroid,374,van,van,
44,4,4,centroid,375,bus,opel,
44,4,4,centroid,378,saab,van,
44,4,4,centroid,384,opel,van,
44,4,4,centroid,395,opel,bus,
44,4,4,centroid,397,bus,van,
44,4,4,centroid,399,van,van,
44,4,4,centroid,406,opel,van,
44,4,4,centroid,407,saab,van,
44,4,4,centroid,409,saab,saab,
44,4,4,centroid,411,opel,van,
44,4,4,centroid,431,bus,opel,
44,4,4,centroid,458,opel,opel,
44,4,4,centroid,471,opel,opel,
44,4,4,centroid,480,saab,opel,
44,4,4,centroid,481,opel,opel,
44,4,4,centroid,485,bus,bus,
44,4,4,centroid,498,van,van,
44,4,4,centroid,510,bus,bus,
44,4,4,centroid,519,van,van,
44,4,4,centroid,564,bus,van,
44,4,4,centroid,572,van,van,
44,4,4,centroid,579,opel,van,
44,4,4,centroid,592,bus,bus,
44,4,4,centroid,607,van,van,
44,4,4,centroid,613,bus,van,
44,4,4,centroid,619,opel,opel,
44,4,4,centroid,656,bus,van,
44,4,4,centroid,675,opel,opel,
44,4,4,centroid,680,van,bus,
44,4,4,centroid,683,bus,opel,
44,4,4,centroid,695,van,van,
44,4,4,centroid,701,saab,opel,
44,4,4,centroid,715,opel,opel,
44,4,4,centroid,719,saab,opel,
44,4,4,centroid,736,saab,opel,
44,4,4,centroid,756,saab,opel,
44,4,4,centroid,759,van,bus,
44,4,4,centroid,765,bus,bus,
44,4,4,centroid,776,saab,opel,
44,4,4,centroid,777,bus,opel,
44,4,4,centroid,791,van,van,
44,4,4,centroid,810,opel,opel,
44,4,4,centroid,817,saab,opel,
44,4,4,centroid,818,opel,opel,
44,4,4,centroid,828,van,van,
44,4,4,centroid,840,opel,van,
44,4,4,centroid,842,van,bus,
44,4,4,knn,2,saab,saab,
44,4,4,knn,16,van,van,
44,4,4,knn,17,bus,bus,
44,4,4,knn,24,saab,saab,
44,4,4,knn,40,opel,opel,
44,4,4,knn,60,opel,opel,
44,4,4,knn,68,van,van,
44,4,4,knn,69,bus,bus,
44,4,4,knn,81,bus,bus,
44,4,4,knn,92,saab,saab,
44,4,4,knn,94,bus,bus,
44,4,4,knn,117,saab,saab,
44,4,4,knn,130,saab,saab,
44,4,4,knn,131,saab,saab,
44,4,4,knn,137,van,van,
44,4,4,knn,140,saab,saab,
44,4,4,knn,155,bus,bus,
44,4,4,knn,158,saab,saab,
44,4,4,knn,166,saab,opel,
44,4,4,knn,170,opel,saab,
44,4,4,knn,174,van,van,
44,4,4,knn,176,opel,opel,
44,4,4,knn,187,opel,saab,
44,4,4,knn,198,bus,bus,
44,4,4,knn,204,van,van,
44,4,4,knn,249,saab,saab,
44,4,4,knn,288,opel,opel,
44,4,4,knn,301,opel,saab,
44,4,4,knn,303,van,van,
44,4,4,knn,319,bus,bus,
44,4,4,knn,325,bus,bus,
44,4,4,knn,330,van,van,
44,4,4,knn,336,van,van,
44,4,4,knn,345,bus,bus,
44,4,4,knn,354,saab,opel,
44,4,4,knn,355,opel,saab,
44,4,4,knn,360,saab,saab,
44,4,4,knn,374,van,van,
44,4,4,knn,375,bus,bus,
44,4,4,knn,378,saab,opel,
44,4,4,knn,384,opel,van,
44,4,4,knn,395,opel,saab,
44,4,4,knn,397,bus,bus,
44,4,4,knn,399,van,van,
44,4,4,knn,406,opel,opel,
44,4,4,knn,407,saab,opel,
44,4,4,knn,409,saab,opel,
44,4,4,knn,411,opel,opel,
44,4,4,knn,431,bus,bus,
44,4,4,knn,458,opel,saab,
44,4,4,knn,471,opel,saab,
44,4,4,knn,480,saab,opel,
44,4,4,knn,481,opel,saab,
44,4,4,knn,485,bus,bus,
44,4,4,knn,498,van,van,
44,4,4,knn,510,bus,bus,
44,4,4,knn,519,van,van,
44,4,4,knn,564,bus,bus,
44,4,4,knn,572,van,van,
44,4,4,knn,579,opel,saab,
44,4,4,knn,592,bus,bus,
44,4,4,knn,607,van,van,
44,4,4,knn,613,bus,bus,
44,4,4,knn,619,opel,opel,
44,4,4,knn,656,bus,bus,
44,4,4,knn,675,opel,saab,
44,4,4,knn,680,van,van,
44,4,4,knn,683,bus,bus,
44,4,4,knn,695,van,van,
44,4,4,knn,701,saab,saab,
44,4,4,knn,715,opel,opel,
44,4,4,knn,719,saab,saab,
44,4,4,knn,736,saab,opel,
44,4,4,knn,756,saab,opel,
44,4,4,knn,759,van,van,
44,4,4,knn,765,bus,bus,
44,4,4,knn,776,saab,opel,
44,4,4,knn,777,bus,bus,
44,4,4,knn,791,van,van,
44,4,4,knn,810,opel,opel,
44,4,4,knn,817,saab,saab,
44,4,4,knn,818,opel,opel,
44,4,4,knn,828,van,saab,
44,4,4,knn,840,opel,opel,
44,4,4,knn,842,van,van,
44,4,4,svm,2,saab,saab,1.561677646961849
44,4,4,svm,16,van,van,1.7060625776136007
44,4,4,svm,17,bus,bus,2.609118526505974
44,4,4,svm,24,saab,saab,0.08636335505154058
44,4,4,svm,40,opel,opel,1.4307082917683243
44,4,4,svm,60,opel,opel,2.536628827364984
44,4,4,svm,68,van,van,1.8524516707447094
44,4,4,svm,69,bus,bus,2.4261115351731637
44,4,4,svm,81,bus,bus,2.4066936373694525
44,4,4,svm,92,saab,opel,0.04753444274088103
44,4,4,svm,94,bus,bus,1.0676873031853398
44,4,4,svm,117,saab,saab,0.7565126199818765
44,4,4,svm,130,saab,saab,1.4610609952634008
44,4,4,svm,131,saab,opel,0.6415583102639868
44,4,4,svm,137,van,van,1.6428889272264473
44,4,4,svm,140,saab,opel,0.09187869531478832
44,4,4,svm,155,bus,bus,2.39649202133382
44,4,4,svm,158,saab,saab,0.5404912790998271
44,4,4,svm,166,saab,saab,0.13245758147201236
44,4,4,svm,170,opel,saab,0.1912588156687125
44,4,4,svm,174,van,van,3.1483037942222434
44,4,4,svm,176,opel,opel,2.4045807060985727
44,4,4,svm,187,opel,saab,1.448420633013518
44,4,4,svm,198,bus,bus,1.646259624732187
44,4,4,svm,204,van,van,2.2341183630563872
44,4,4,svm,249,saab,saab,0.3493286361215855
44,4,4,svm,288,opel,opel,0.5057177739706002
44,4,4,svm,301,opel,saab,0.2555338467562951
44,4,4,svm,303,van,van,1.0969468657510024
44,4,4,svm,319,bus,bus,2.4298852080346323
44,4,4,svm,325,bus,bus,1.2876773830546662
44,4,4,svm,330,van,van,0.8861537844517517
44,4,4,svm,336,van,van,1.1779741504570391
44,4,4,svm,345,bus,bus,1.7684099087669747
44,4,4,svm,354,saab,saab,0.22642752504357766
44,4,4,svm,355,opel,saab,0.29339901090188114
44,4,4,svm,360,saab,saab,1.2569321942818679
44,4,4,svm,374,van,van,0.6813865608943316
44,4,4,svm,375,bus,bus,2.809639134073201
44,4,4,svm,378,saab,opel,0.546740966007091
44,4,4,svm,384,opel,saab,0.6360150156451497
44,4,4,svm,395,opel,saab,0.997307347942014
44,4,4,svm,397,bus,bus,1.0675907837716405
44,4,4,svm,399,van,van,1.5824181553876637
44,4,4,svm,406,opel,opel,1.858580011519562
44,4,4,svm,407,saab,saab,1.8936451264604006
44,4,4,svm,409,saab,opel,0.6831147004478151
44,4,4,svm,411,opel,opel,0.8402311144772039
44,4,4,svm,431,bus,bus,3.2125102750546124
44,4,4,svm,458,opel,opel,0.938211379566324
44,4,4,svm,471,opel,opel,0.8363122013781048
44,4,4,svm,480,saab,saab,0.6221694512967151
44,4,4,svm,481,opel,opel,0.6051086651807989
44,4,4,svm,485,bus,bus,2.4623044177204982
44,4,4,svm,498,van,van,1.7498059503798729
44,4,4,svm,510,bus,bus,1.137703870461849
44,4,4,svm,519,van,van,1.735722964142599
44,4,4,svm,564,bus,bus,1.4848971519219023
44,4,4,svm,572,van,van,1.8590459641655386
44,4,4,svm,579,opel,van,0.49585830059728586
44,4,4,svm,592,bus,bus,1.7939067238248558
44,4,4,svm,607,van,van,2.7740972709496265
44,4,4,svm,613,bus,bus,1.314397165028542
44,4,4,svm,619,opel,opel,1.754136499781037
44,4,4,svm,656,bus,bus,1.2579636832163392
44,4,4,svm,675,opel,opel,1.010280830314036
44,4,4,svm,680,van,van,0.7237258207090433
44,4,4,svm,683,bus,bus,1.5821658720735319
44,4,4,svm,695,van,van,1.2548182221760995
44,4,4,svm,701,saab,saab,1.5955890088869342
44,4,4,svm,715,opel,opel,1.32849235132589
44,4,4,svm,719,saab,saab,1.6224481298685944
44,4,4,svm,736,saab,opel,0.41513025050896424
44,4,4,svm,756,saab,opel,0.5630234658127957
44,4,4,svm,759,van,van,3.6915251188600475
44,4,4,svm,765,bus,bus,1.3439276605646637
44,4,4,svm,776,saab,saab,0.2735792895946805
44,4,4,svm,777,bus,bus,2.752696304684358
44,4,4,svm,791,van,van,1.2186249749857399
44,4,4,svm,810,opel,opel,1.7298486058887992
44,4,4,svm,817,saab,saab,1.0694116604095498
44,4,4,svm,818,opel,opel,1.2355390524916725
44,4,4,svm,828,van,van,1.2699090534993687
44,4,4,svm,840,opel,opel,0.21183560516975142
44,4,4,svm,842,van,van,1.661930390541046
44,4,4,mlp,2,saab,saab,
44,4,4,mlp,16,van,van,
44,4,4,mlp,17,bus,bus,
44,4,4,mlp,24,saab,opel,
44,4,4,mlp,40,opel,opel,
44,4,4,mlp,60,opel,opel,
44,4,4,mlp,68,van,van,
44,4,4,mlp,69,bus,bus,
44,4,4,mlp,81,bus,bus,
44,4,4,mlp,92,saab,saab,
44,4,4,mlp,94,bus,bus,
44,4,4,mlp,117,saab,saab,
44,4,4,mlp,130,saab,saab,
44,4,4,mlp,131,saab,opel,
44,4,4,mlp,137,van,van,
44,4,4,mlp,140,saab,opel,
44,4,4,mlp,155,bus,bus,
44,4,4,mlp,158,saab,saab,
44,4,4,mlp,166,saab,opel,
44,4,4,mlp,170,opel,saab,
44,4,4,mlp,174,van,van,
44,4,4,mlp,176,opel,opel,
44,4,4,mlp,187,opel,saab,
44,4,4,mlp,198,bus,bus,
44,4,4,mlp,204,van,van,
44,4,4,mlp,249,saab,opel,
44,4,4,mlp,288,opel,opel,
44,4,4,mlp,301,opel,saab,
44,4,4,mlp,303,van,van,
44,4,4,mlp,319,bus,bus,
44,4,4,mlp,325,bus,bus,
44,4,4,mlp,330,van,van,
44,4,4,mlp,336,van,van,
44,4,4,mlp,345,bus,bus,
44,4,4,mlp,354,saab,saab,
44,4,4,mlp,355,opel,saab,
44,4,4,mlp,360,saab,saab,
44,4,4,mlp,374,van,van,
44,4,4,mlp,375,bus,bus,
44,4,4,mlp,378,saab,opel,
44,4,4,mlp,384,opel,saab,
44,4,4,mlp,395,opel,saab,
44,4,4,mlp,397,bus,bus,
44,4,4,mlp,399,van,van,
44,4,4,mlp,406,opel,opel,
44,4,4,mlp,407,saab,saab,
44,4,4,mlp,409,saab,opel,
44,4,4,mlp,411,opel,opel,
44,4,4,mlp,431,bus,bus,
44,4,4,mlp,458,opel,opel,
44,4,4,mlp,471,opel,opel,
44,4,4,mlp,480,saab,opel,
44,4,4,mlp,481,opel,opel,
44,4,4,mlp,485,bus,bus,
44,4,4,mlp,498,van,van,
44,4,4,mlp,510,bus,bus,
44,4,4,mlp,519,van,van,
44,4,4,mlp,564,bus,bus,
44,4,4,mlp,572,van,van,
44,4,4,mlp,579,opel,van,
44,4,4,mlp,592,bus,bus,
44,4,4,mlp,607,van,van,
44,4,4,mlp,613,bus,bus,
44,4,4,mlp,619,opel,opel,
44,4,4,mlp,656,bus,bus,
44,4,4,mlp,675,opel,opel,
44,4,4,mlp,680,van,van,
44,4,4,mlp,683,bus,bus,
44,4,4,mlp,695,van,van,
44,4,4,mlp,701,saab,saab,
44,4,4,mlp,715,opel,opel,
44,4,4,mlp,719,saab,saab,
44,4,4,mlp,736,saab,opel,
44,4,4,mlp,756,saab,opel,
44,4,4,mlp,759,van,van,
44,4,4,mlp,765,bus,bus,
44,4,4,mlp,776,saab,opel,
44,4,4,mlp,777,bus,bus,
44,4,4,mlp,791,van,van,
44,4,4,mlp,810,opel,opel,
44,4,4,mlp,817,saab,saab,
44,4,4,mlp,818,opel,opel,
44,4,4,mlp,828,van,van,
44,4,4,mlp,840,opel,opel,
44,4,4,mlp,842,van,van,
44,4,4,rbf,2,saab,saab,
44,4,4,rbf,16,van,van,
44,4,4,rbf,17,bus,bus,
44,4,4,rbf,24,saab,opel,
44,4,4,rbf,40,opel,saab,
44,4,4,rbf,60,opel,opel,
44,4,4,rbf,68,van,van,
44,4,4,rbf,69,bus,bus,
44,4,4,rbf,81,bus,bus,
44,4,4,rbf,92,saab,saab,
44,4,4,rbf,94,bus,bus,
44,4,4,rbf,117,saab,saab,
44,4,4,rbf,130,saab,saab,
44,4,4,rbf,131,saab,opel,
44,4,4,rbf,137,van,van,
44,4,4,rbf,140,saab,opel,
44,4,4,rbf,155,bus,bus,
44,4,4,rbf,158,saab,saab,
44,4,4,rbf,166,saab,opel,
44,4,4,rbf,170,opel,saab,
44,4,4,rbf,174,van,van,
44,4,4,rbf,176,opel,opel,
44,4,4,rbf,187,opel,van,
44,4,4,rbf,198,bus,bus,
44,4,4,rbf,204,van,van,
44,4,4,rbf,249,saab,van,
44,4,4,rbf,288,opel,saab,
44,4,4,rbf,301,opel,saab,
44,4,4,rbf,303,van,van,
44,4,4,rbf,319,bus,bus,
44,4,4,rbf,325,bus,bus,
44,4,4,rbf,330,van,van,
44,4,4,rbf,336,van,van,
44,4,4,rbf,345,bus,bus,
44,4,4,rbf,354,saab,saab,
44,4,4,rbf,355,opel,saab,
44,4,4,rbf,360,saab,saab,
44,4,4,rbf,374,van,van,
44,4,4,rbf,375,bus,bus,
44,4,4,rbf,378,saab,van,
44,4,4,rbf,384,opel,van,
44,4,4,rbf,395,opel,saab,
44,4,4,rbf,397,bus,bus,
44,4,4,rbf,399,van,van,
44,4,4,rbf,406,opel,opel,
44,4,4,rbf,407,saab,saab,
44,4,4,rbf,409,saab,opel,
44,4,4,rbf,411,opel,opel,
44,4,4,rbf,431,bus,bus,
44,4,4,rbf,458,opel,opel,
44,4,4,rbf,471,opel,saab,
44,4,4,rbf,480,saab,opel,
44,4,4,rbf,481,opel,opel,
44,4,4,rbf,485,bus,bus,
44,4,4,rbf,498,van,van,
44,4,4,rbf,510,bus,bus,
44,4,4,rbf,519,van,van,
44,4,4,rbf,564,bus,bus,
44,4,4,rbf,572,van,van,
44,4,4,rbf,579,opel,van,
44,4,4,rbf,592,bus,bus,
44,4,4,rbf,607,van,van,
44,4,4,rbf,613,bus,bus,
44,4,4,rbf,619,opel,opel,
44,4,4,rbf,656,bus,bus,
44,4,4,rbf,675,opel,opel,
44,4,4,rbf,680,van,van,
44,4,4,rbf,683,bus,bus,
44,4,4,rbf,695,van,van,
44,4,4,rbf,701,saab,saab,
44,4,4,rbf,715,opel,opel,
44,4,4,rbf,719,saab,saab,
44,4,4,rbf,736,saab,saab,
44,4,4,rbf,756,saab,opel,
44,4,4,rbf,759,van,van,
44,4,4,rbf,765,bus,bus,
44,4,4,rbf,776,saab,saab,
44,4,4,rbf,777,bus,bus,
44,4,4,rbf,791,van,van,
44,4,4,rbf,810,opel,opel,
44,4,4,rbf,817,saab,opel,
44,4,4,rbf,818,opel,saab,
44,4,4,rbf,828,van,van,
44,4,4,rbf,840,opel,opel,
44,4,4,rbf,842,van,van,
44,4,4,svm_linear,2,saab,saab,
44,4,4,svm_linear,16,van,van,
44,4,4,svm_linear,17,bus,bus,
44,4,4,svm_linear,24,saab,opel,
44,4,4,svm_linear,40,opel,opel,
44,4,4,svm_linear,60,opel,opel,
44,4,4,svm_linear,68,van,van,
44,4,4,svm_linear,69,bus,bus,
44,4,4,svm_linear,81,bus,bus,
44,4,4,svm_linear,92,saab,saab,
44,4,4,svm_linear,94,bus,bus,
44,4,4,svm_linear,117,saab,saab,
44,4,4,svm_linear,130,saab,saab,
44,4,4,svm_linear,131,saab,opel,
44,4,4,svm_linear,137,van,van,
44,4,4,svm_linear,140,saab,opel,
44,4,4,svm_linear,155,bus,bus,
44,4,4,svm_linear,158,saab,saab,
44,4,4,svm_linear,166,saab,opel,
44,4,4,svm_linear,170,opel,saab,
44,4,4,svm_linear,174,van,van,
44,4,4,svm_linear,176,opel,opel,
44,4,4,svm_linear,187,opel,saab,
44,4,4,svm_linear,198,bus,bus,
44,4,4,svm_linear,204,van,van,
44,4,4,svm_linear,249,saab,opel,
44,4,4,svm_linear,288,opel,saab,
44,4,4,svm_linear,301,opel,saab,
44,4,4,svm_linear,303,van,van,
44,4,4,svm_linear,319,bus,bus,
44,4,4,svm_linear,325,bus,bus,
44,4,4,svm_linear,330,van,van,
44,4,4,svm_linear,336,van,van,
44,4,4,svm_linear,345,bus,bus,
44,4,4,svm_linear,354,saab,saab,
44,4,4,svm_linear,355,opel,opel,
44,4,4,svm_linear,360,saab,saab,
44,4,4,svm_linear,374,van,van,
44,4,4,svm_linear,375,bus,bus,
44,4,4,svm_linear,378,saab,opel,
44,4,4,svm_linear,384,opel,saab,
44,4,4,svm_linear,395,opel,saab,
44,4,4,svm_linear,397,bus,bus,
44,4,4,svm_linear,399,van,van,
44,4,4,svm_linear,406,opel,opel,
44,4,4,svm_linear,407,saab,saab,
44,4,4,svm_linear,409,saab,opel,
44,4,4,svm_linear,411,opel,saab,
44,4,4,svm_linear,431,bus,bus,
44,4,4,svm_linear,458,opel,opel,
44,4,4,svm_linear,471,opel,opel,
44,4,4,svm_linear,480,saab,saab,
44,4,4,svm_linear,481,opel,opel,
44,4,4,svm_linear,485,bus,bus,
44,4,4,svm_linear,498,van,van,
44,4,4,svm_linear,510,bus,bus,
44,4,4,svm_linear,519,van,van,
44,4,4,svm_linear,564,bus,bus,
44,4,4,svm_linear,572,van,van,
44,4,4,svm_linear,579,opel,opel,
44,4,4,svm_linear,592,bus,bus,
44,4,4,svm_linear,607,van,van,
44,4,4,svm_linear,613,bus,bus,
44,4,4,svm_linear,619,opel,opel,
44,4,4,svm_linear,656,bus,bus,
44,4,4,svm_linear,675,opel,opel,
44,4,4,svm_linear,680,van,van,
44,4,4,svm_linear,683,bus,bus,
44,4,4,svm_linear,695,van,van,
44,4,4,svm_linear,701,saab,saab,
44,4,4,svm_linear,715,opel,opel,
44,4,4,svm_linear,719,saab,saab,
44,4,4,svm_linear,736,saab,opel,
44,4,4,svm_linear,756,saab,opel,
44,4,4,svm_linear,759,van,van,
44,4,4,svm_linear,765,bus,bus,
44,4,4,svm_linear,776,saab,saab,
44,4,4,svm_linear,777,bus,bus,
44,4,4,svm_linear,791,van,van,
44,4,4,svm_linear,810,opel,opel,
44,4,4,svm_linear,817,saab,saab,
44,4,4,svm_linear,818,opel,opel,
44,4,4,svm_linear,828,van,van,
44,4,4,svm_linear,840,opel,opel,
44,4,4,svm_linear,842,van,van,
44,4,4,svm_unscaled,2,saab,saab,
44,4,4,svm_unscaled,16,van,van,
44,4,4,svm_unscaled,17,bus,bus,
44,4,4,svm_unscaled,24,saab,opel,
44,4,4,svm_unscaled,40,opel,opel,
44,4,4,svm_unscaled,60,opel,opel,
44,4,4,svm_unscaled,68,van,van,
44,4,4,svm_unscaled,69,bus,bus,
44,4,4,svm_unscaled,81,bus,bus,
44,4,4,svm_unscaled,92,saab,saab,
44,4,4,svm_unscaled,94,bus,bus,
44,4,4,svm_unscaled,117,saab,saab,
44,4,4,svm_unscaled,130,saab,saab,
44,4,4,svm_unscaled,131,saab,opel,
44,4,4,svm_unscaled,137,van,van,
44,4,4,svm_unscaled,140,saab,opel,
44,4,4,svm_unscaled,155,bus,bus,
44,4,4,svm_unscaled,158,saab,saab,
44,4,4,svm_unscaled,166,saab,opel,
44,4,4,svm_unscaled,170,opel,saab,
44,4,4,svm_unscaled,174,van,van,
44,4,4,svm_unscaled,176,opel,opel,
44,4,4,svm_unscaled,187,opel,saab,
44,4,4,svm_unscaled,198,bus,bus,
44,4,4,svm_unscaled,204,van,van,
44,4,4,svm_unscaled,249,saab,saab,
44,4,4,svm_unscaled,288,opel,opel,
44,4,4,svm_unscaled,301,opel,saab,
44,4,4,svm_unscaled,303,van,van,
44,4,4,svm_unscaled,319,bus,bus,
44,4,4,svm_unscaled,325,bus,bus,
44,4,4,svm_unscaled,330,van,van,
44,4,4,svm_unscaled,336,van,van,
44,4,4,svm_unscaled,345,bus,bus,
44,4,4,svm_unscaled,354,saab,saab,
44,4,4,svm_unscaled,355,opel,opel,
44,4,4,svm_unscaled,360,saab,saab,
44,4,4,svm_unscaled,374,van,van,
44,4,4,svm_unscaled,375,bus,bus,
44,4,4,svm_unscaled,378,saab,van,
44,4,4,svm_unscaled,384,opel,saab,
44,4,4,svm_unscaled,395,opel,saab,
44,4,4,svm_unscaled,397,bus,bus,
44,4,4,svm_unscaled,399,van,van,
44,4,4,svm_unscaled,406,opel,opel,
44,4,4,svm_unscaled,407,saab,saab,
44,4,4,svm_unscaled,409,saab,opel,
44,4,4,svm_unscaled,411,opel,van,
44,4,4,svm_unscaled,431,bus,bus,
44,4,4,svm_unscaled,458,opel,opel,
44,4,4,svm_unscaled,471,opel,saab,
44,4,4,svm_unscaled,480,saab,opel,
44,4,4,svm_unscaled,481,opel,opel,
44,4,4,svm_unscaled,485,bus,bus,
44,4,4,svm_unscaled,498,van,van,
44,4,4,svm_unscaled,510,bus,bus,
44,4,4,svm_unscaled,519,van,van,
44,4,4,svm_unscaled,564,bus,bus,
44,4,4,svm_unscaled,572,van,van,
44,4,4,svm_unscaled,579,opel,van,
44,4,4,svm_unscaled,592,bus,bus,
44,4,4,svm_unscaled,607,van,van,
44,4,4,svm_unscaled,613,bus,bus,
44,4,4,svm_unscaled,619,opel,opel,
44,4,4,svm_unscaled,656,bus,bus,
44,4,4,svm_unscaled,675,opel,opel,
44,4,4,svm_unscaled,680,van,van,
44,4,4,svm_unscaled,683,bus,bus,
44,4,4,svm_unscaled,695,van,van,
44,4,4,svm_unscaled,701,saab,saab,
44,4,4,svm_unscaled,715,opel,opel,
44,4,4,svm_unscaled,719,saab,saab,
44,4,4,svm_unscaled,736,saab,opel,
44,4,4,svm_unscaled,756,saab,opel,
44,4,4,svm_unscaled,759,van,van,
44,4,4,svm_unscaled,765,bus,bus,
44,4,4,svm_unscaled,776,saab,saab,
44,4,4,svm_unscaled,777,bus,bus,
44,4,4,svm_unscaled,791,van,van,
44,4,4,svm_unscaled,810,opel,opel,
44,4,4,svm_unscaled,817,saab,saab,
44,4,4,svm_unscaled,818,opel,opel,
44,4,4,svm_unscaled,828,van,van,
44,4,4,svm_unscaled,840,opel,opel,
44,4,4,svm_unscaled,842,van,van,
45,4,5,centroid,10,van,van,
45,4,5,centroid,47,bus,bus,
45,4,5,centroid,49,saab,saab,
45,4,5,centroid,50,saab,van,
45,4,5,centroid,52,opel,opel,
45,4,5,centroid,65,opel,van,
45,4,5,centroid,72,opel,saab,
45,4,5,centroid,75,opel,opel,
45,4,5,centroid,86,van,van,
45,4,5,centroid,87,van,van,
45,4,5,centroid,119,bus,opel,
45,4,5,centroid,126,bus,van,
45,4,5,centroid,134,opel,opel,
45,4,5,centroid,135,van,bus,
45,4,5,centroid,164,opel,opel,
45,4,5,centroid,173,bus,opel,
45,4,5,centroid,188,opel,opel,
45,4,5,centroid,201,saab,van,
45,4,5,centroid,203,opel,opel,
45,4,5,centroid,206,opel,bus,
45,4,5,centroid,207,bus,van,
45,4,5,centroid,212,bus,van,
45,4,5,centroid,213,bus,opel,
45,4,5,centroid,214,opel,van,
45,4,5,centroid,223,bus,bus,
45,4,5,centroid,225,van,van,
45,4,5,centroid,228,saab,opel,
45,4,5,centroid,230,van,van,
45,4,5,centroid,234,van,van,
45,4,5,centroid,239,bus,bus,
45,4,5,centroid,241,opel,saab,
45,4,5,centroid,243,saab,opel,
45,4,5,centroid,254,van,bus,
45,4,5,centroid,262,van,van,
45,4,5,centroid,285,saab,saab,
45,4,5,centroid,289,saab,van,
45,4,5,centroid,298,saab,saab,
45,4,5,centroid,321,bus,opel,
45,4,5,centroid,351,saab,van,
45,4,5,centroid,370,bus,bus,
45,4,5,centroid,372,van,saab,
45,4,5,centroid,391,van,van,
45,4,5,centroid,404,opel,saab,
45,4,5,centroid,415,opel,opel,
45,4,5,centroid,417,bus,van,
45,4,5,centroid,422,saab,van,
45,4,5,centroid,430,saab,opel,
45,4,5,centroid,452,opel,saab,
45,4,5,centroid,455,bus,bus,
45,4,5,centroid,472,bus,opel,
45,4,5,centroid,475,saab,opel,
45,4,5,centroid,477,van,van,
45,4,5,centroid,492,bus,bus,
45,4,5,centroid,499,opel,opel,
45,4,5,centroid,504,opel,opel,
45,4,5,centroid,505,saab,saab,
45,4,5,centroid,549,saab,opel,
45,4,5,centroid,553,bus,bus,
45,4,5,centroid,571,saab,van,
45,4,5,centroid,575,saab,opel,
45,4,5,centroid,588,opel,van,
45,4,5,centroid,590,bus,bus,
45,4,5,centroid,593,saab,van,
45,4,5,centroid,612,opel,van,
45,4,5,centroid,629,van,van,
45,4,5,centroid,635,van,van,
45,4,5,centroid,638,bus,opel,
45,4,5,centroid,647,saab,van,
45,4,5,centroid,652,opel,saab,
45,4,5,centroid,666,opel,saab,
45,4,5,centroid,677,bus,opel,
45,4,5,centroid,697,bus,van,
45,4,5,centroid,707,van,van,
45,4,5,centroid,711,saab,opel,
45,4,5,centroid,713,saab,opel,
45,4,5,centroid,742,opel,van,
45,4,5,centroid,749,saab,opel,
45,4,5,centroid,751,van,van,
45,4,5,centroid,754,van,van,
45,4,5,centroid,770,bus,van,
45,4,5,centroid,771,opel,opel,
45,4,5,centroid,774,van,van,
45,4,5,centroid,795,van,van,
45,4,5,centroid,822,van,van,
45,4,5,centroid,834,saab,van,
45,4,5,knn,10,van,opel,
45,4,5,knn,47,bus,bus,
45,4,5,knn,49,saab,saab,
45,4,5,knn,50,saab,saab,
45,4,5,knn,52,opel,saab,
45,4,5,knn,65,opel,opel,
45,4,5,knn,72,opel,saab,
45,4,5,knn,75,opel,saab,
45,4,5,knn,86,van,van,
45,4,5,knn,87,van,van,
45,4,5,knn,119,bus,bus,
45,4,5,knn,126,bus,bus,
45,4,5,knn,134,opel,opel,
45,4,5,knn,135,van,van,
45,4,5,knn,164,opel,opel,
45,4,5,knn,173,bus,bus,
45,4,5,knn,188,opel,opel,
45,4,5,knn,201,saab,saab,
45,4,5,knn,203,opel,saab,
45,4,5,knn,206,opel,saab,
45,4,5,knn,207,bus,bus,
45,4,5,knn,212,bus,bus,
45,4,5,knn,213,bus,bus,
45,4,5,knn,214,opel,van,
45,4,5,knn,223,bus,bus,
45,4,5,knn,225,van,van,
45,4,5,knn,228,saab,saab,
45,4,5,knn,230,van,van,
45,4,5,knn,234,van,van,
45,4,5,knn,239,bus,bus,
45,4,5,knn,241,opel,opel,
45,4,5,knn,243,saab,saab,
45,4,5,knn,254,van,van,
45,4,5,knn,262,van,van,
45,4,5,knn,285,saab,opel,
45,4,5,knn,289,saab,saab,
45,4,5,knn,298,saab,saab,
45,4,5,knn,321,bus,bus,
45,4,5,knn,351,saab,opel,
45,4,5,knn,370,bus,bus,
45,4,5,knn,372,van,van,
45,4,5,knn,391,van,van,
45,4,5,knn,404,opel,opel,
45,4,5,knn,415,opel,opel,
45,4,5,knn,417,bus,bus,
45,4,5,knn,422,saab,van,
45,4,5,knn,430,saab,opel,
45,4,5,knn,452,opel,saab,
45,4,5,knn,455,bus,bus,
45,4,5,knn,472,bus,bus,
45,4,5,knn,475,saab,saab,
45,4,5,knn,477,van,van,
45,4,5,knn,492,bus,bus,
45,4,5,knn,499,opel,opel,
45,4,5,knn,504,opel,opel,
45,4,5,knn,505,saab,saab,
45,4,5,knn,549,saab,saab,
45,4,5,knn,553,bus,bus,
45,4,5,knn,571,saab,saab,
45,4,5,knn,575,saab,saab,
45,4,5,knn,588,opel,saab,
45,4,5,knn,590,bus,bus,
45,4,5,knn,593,saab,opel,
45,4,5,knn,612,opel,van,
45,4,5,knn,629,van,van,
45,4,5,knn,635,van,van,
45,4,5,knn,638,bus,bus,
45,4,5,knn,647,saab,saab,
45,4,5,knn,652,opel,opel,
45,4,5,knn,666,opel,saab,
45,4,5,knn,677,bus,bus,
45,4,5,knn,697,bus,bus,
45,4,5,knn,707,van,van,
45,4,5,knn,711,saab,opel,
45,4,5,knn,713,saab,saab,
45,4,5,knn,742,opel,van,
45,4,5,knn,749,saab,saab,
45,4,5,knn,751,van,van,
45,4,5,knn,754,van,van,
45,4,5,knn,770,bus,bus,
45,4,5,knn,771,opel,opel,
45,4,5,knn,774,van,van,
45,4,5,knn,795,van,opel,
45,4,5,knn,822,van,van,
45,4,5,knn,834,saab,opel,
45,4,5,svm,10,van,van,1.1418011132708097
45,4,5,svm,47,bus,bus,1.4550265972718732
45,4,5,svm,49,saab,saab,1.1125941463580382
45,4,5,svm,50,saab,opel,0.6178789247669378
45,4,5,svm,52,opel,opel,0.6112387619798945
45,4,5,svm,65,opel,saab,0.08897113378307964
45,4,5,svm,72,opel,saab,0.8469779103345765
45,4,5,svm,75,opel,opel,0.732843418709276
45,4,5,svm,86,van,van,1.7547692603242604
45,4,5,svm,87,van,van,1.4923940247418628
45,4,5,svm,119,bus,bus,1.629506613509986
45,4,5,svm,126,bus,bus,0.7581010040921212
45,4,5,svm,134,opel,opel,0.9719885790351475
45,4,5,svm,135,van,van,1.2185384340813217
45,4,5,svm,164,opel,opel,1.3254753452273924
45,4,5,svm,173,bus,bus,0.8492781271026477
45,4,5,svm,188,opel,saab,0.560733442917698
45,4,5,svm,201,saab,opel,0.2473912649301262
45,4,5,svm,203,opel,opel,1.2014010863439033
45,4,5,svm,206,opel,saab,0.15235003972475147
45,4,5,svm,207,bus,bus,1.4334130550511075
45,4,5,svm,212,bus,bus,1.483686121993957
45,4,5,svm,213,bus,bus,2.2771883048171206
45,4,5,svm,214,opel,saab,0.5575202073104357
45,4,5,svm,223,bus,bus,1.950771928706698
45,4,5,svm,225,van,van,2.2698077416221922
45,4,5,svm,228,saab,saab,0.8854807278125385
45,4,5,svm,230,van,van,1.0346154771030243
45,4,5,svm,234,van,van,1.237795485709559
45,4,5,svm,239,bus,bus,1.8334966717356231
45,4,5,svm,241,opel,saab,0.03965482674935927
45,4,5,svm,243,saab,opel,0.018045022877654304
45,4,5,svm,254,van,van,3.424312776497149
45,4,5,svm,262,van,van,1.4953577405012553
45,4,5,svm,285,saab,opel,2.0516719482412746
45,4,5,svm,289,saab,saab,0.9794584778660821
45,4,5,svm,298,saab,saab,0.7532606998071181
45,4,5,svm,321,bus,bus,0.5699843598253684
45,4,5,svm,351,saab,saab,0.5403144185741551
45,4,5,svm,370,bus,bus,2.7966827429351895
45,4,5,svm,372,van,van,0.6838189899966212
45,4,5,svm,391,van,van,2.530044915379041
45,4,5,svm,404,opel,opel,0.024564938559205274
45,4,5,svm,415,opel,opel,1.9686961794140991
45,4,5,svm,417,bus,bus,2.072216970279107
45,4,5,svm,422,saab,opel,0.4415334766698571
45,4,5,svm,430,saab,saab,1.4684687716218185
45,4,5,svm,452,opel,saab,0.25608239726756565
45,4,5,svm,455,bus,bus,1.936725781331627
45,4,5,svm,472,bus,bus,2.955130437899842
45,4,5,svm,475,saab,opel,0.42077284992322816
45,4,5,svm,477,van,van,1.3709530607611784
45,4,5,svm,492,bus,bus,1.8633236712871286
45,4,5,svm,499,opel,opel,1.2020083070812255
45,4,5,svm,504,opel,saab,0.4794949042607932
45,4,5,svm,505,saab,saab,1.8584973266116478
45,4,5,svm,549,saab,saab,1.1886168241197161
45,4,5,svm,553,bus,bus,1.515474925972394
45,4,5,svm,571,saab,saab,0.9153221070966318
45,4,5,svm,575,saab,saab,1.7019236915983136
45,4,5,svm,588,opel,saab,0.9817084611271447
45,4,5,svm,590,bus,bus,1.3329374443358573
45,4,5,svm,593,saab,saab,0.3884935948220267
45,4,5,svm,612,opel,opel,0.06669997230342428
45,4,5,svm,629,van,van,0.7184216973371855
45,4,5,svm,635,van,van,2.2490963107155935
45,4,5,svm,638,bus,bus,3.088369777705469
45,4,5,svm,647,saab,saab,0.4589952353674853
45,4,5,svm,652,opel,opel,0.8841700233691006
45,4,5,svm,666,opel,saab,0.5630746148645933
45,4,5,svm,677,bus,bus,2.8604825130388436
45,4,5,svm,697,bus,bus,2.2944766113246855
45,4,5,svm,707,van,van,1.6305236787500306
45,4,5,svm,711,saab,saab,1.1843932523400618
45,4,5,svm,713,saab,saab,1.3505418019258393
45,4,5,svm,742,opel,saab,0.043816471926696576
45,4,5,svm,749,saab,opel,0.38610910834244194
45,4,5,svm,751,van,van,0.7490343685445255
45,4,5,svm,754,van,van,1.9820570074370751
45,4,5,svm,770,bus,bus,1.4245092962847317
45,4,5,svm,771,opel,opel,1.0727710834963453
45,4,5,svm,774,van,van,1.8473554063455069
45,4,5,svm,795,van,van,0.7757193791866976
45,4,5,svm,822,van,van,1.7335949139136106
45,4,5,svm,834,saab,opel,0.045999473852045725
45,4,5,mlp,10,van,van,
45,4,5,mlp,47,bus,bus,
45,4,5,mlp,49,saab,saab,
45,4,5,mlp,50,saab,opel,
45,4,5,mlp,52,opel,saab,
45,4,5,mlp,65,opel,opel,
45,4,5,mlp,72,opel,opel,
45,4,5,mlp,75,opel,saab,
45,4,5,mlp,86,van,van,
45,4,5,mlp,87,van,van,
45,4,5,mlp,119,bus,bus,
45,4,5,mlp,126,bus,bus,
45,4,5,mlp,134,opel,opel,
45,4,5,mlp,135,van,van,
45,4,5,mlp,164,opel,opel,
45,4,5,mlp,173,bus,bus,
45,4,5,mlp,188,opel,saab,
45,4,5,mlp,201,saab,opel,
45,4,5,mlp,203,opel,opel,
45,4,5,mlp,206,opel,bus,
45,4,5,mlp,207,bus,bus,
45,4,5,mlp,212,bus,bus,
45,4,5,mlp,213,bus,bus,
45,4,5,mlp,214,opel,van,
45,4,5,mlp,223,bus,bus,
45,4,5,mlp,225,van,van,
45,4,5,mlp,228,saab,saab,
45,4,5,mlp,230,van,van,
45,4,5,mlp,234,van,van,
45,4,5,mlp,239,bus,bus,
45,4,5,mlp,241,opel,opel,
45,4,5,mlp,243,saab,opel,
45,4,5,mlp,254,van,van,
45,4,5,mlp,262,van,van,
45,4,5,mlp,285,saab,opel,
45,4,5,mlp,289,saab,saab,
45,4,5,mlp,298,saab,opel,
45,4,5,mlp,321,bus,bus,
45,4,5,mlp,351,saab,bus,
45,4,5,mlp,370,bus,bus,
45,4,5,mlp,372,van,van,
45,4,5,mlp,391,van,van,
45,4,5,mlp,404,opel,opel,
45,4,5,mlp,415,opel,opel,
45,4,5,mlp,417,bus,bus,
45,4,5,mlp,422,saab,opel,
45,4,5,mlp,430,saab,saab,
45,4,5,mlp,452,opel,opel,
45,4,5,mlp,455,bus,bus,
45,4,5,mlp,472,bus,bus,
45,4,5,mlp,475,saab,opel,
45,4,5,mlp,477,van,van,
45,4,5,mlp,492,bus,bus,
45,4,5,mlp,499,opel,opel,
45,4,5,mlp,504,opel,saab,
45,4,5,mlp,505,saab,saab,
45,4,5,mlp,549,saab,saab,
45,4,5,mlp,553,bus,bus,
45,4,5,mlp,571,saab,opel,
45,4,5,mlp,575,saab,saab,
45,4,5,mlp,588,opel,saab,
45,4,5,mlp,590,bus,bus,
45,4,5,mlp,593,saab,van,
45,4,5,mlp,612,opel,van,
45,4,5,mlp,629,van,van,
45,4,5,mlp,635,van,van,
45,4,5,mlp,638,bus,bus,
45,4,5,mlp,647,saab,saab,
45,4,5,mlp,652,opel,saab,
45,4,5,mlp,666,opel,saab,
45,4,5,mlp,677,bus,bus,
45,4,5,mlp,697,bus,bus,
45,4,5,mlp,707,van,van,
45,4,5,mlp,711,saab,saab,
45,4,5,mlp,713,saab,saab,
45,4,5,mlp,742,opel,van,
45,4,5,mlp,749,saab,opel,
45,4,5,mlp,751,van,van,
45,4,5,mlp,754,van,van,
45,4,5,mlp,770,bus,bus,
45,4,5,mlp,771,opel,opel,
45,4,5,mlp,774,van,van,
45,4,5,mlp,795,van,van,
45,4,5,mlp,822,van,van,
45,4,5,mlp,834,saab,opel,
45,4,5,rbf,10,van,van,
45,4,5,rbf,47,bus,bus,
45,4,5,rbf,49,saab,opel,
45,4,5,rbf,50,saab,opel,
45,4,5,rbf,52,opel,opel,
45,4,5,rbf,65,opel,opel,
45,4,5,rbf,72,opel,opel,
45,4,5,rbf,75,opel,saab,
45,4,5,rbf,86,van,van,
45,4,5,rbf,87,van,van,
45,4,5,rbf,119,bus,bus,
45,4,5,rbf,126,bus,bus,
45,4,5,rbf,134,opel,opel,
45,4,5,rbf,135,van,van,
45,4,5,rbf,164,opel,opel,
45,4,5,rbf,173,bus,bus,
45,4,5,rbf,188,opel,saab,
45,4,5,rbf,201,saab,saab,
45,4,5,rbf,203,opel,opel,
45,4,5,rbf,206,opel,bus,
45,4,5,rbf,207,bus,bus,
45,4,5,rbf,212,bus,bus,
45,4,5,rbf,213,bus,bus,
45,4,5,rbf,214,opel,van,
45,4,5,rbf,223,bus,bus,
45,4,5,rbf,225,van,van,
45,4,5,rbf,228,saab,saab,
45,4,5,rbf,230,van,van,
45,4,5,rbf,234,van,van,
45,4,5,rbf,239,bus,bus,
45,4,5,rbf,241,opel,saab,
45,4,5,rbf,243,saab,opel,
45,4,5,rbf,254,van,van,
45,4,5,rbf,262,van,van,
45,4,5,rbf,285,saab,opel,
45,4,5,rbf,289,saab,saab,
45,4,5,rbf,298,saab,saab,
45,4,5,rbf,321,bus,bus,
45,4,5,rbf,351,saab,bus,
45,4,5,rbf,370,bus,bus,
45,4,5,rbf,372,van,van,
45,4,5,rbf,391,van,van,
45,4,5,rbf,404,opel,saab,
45,4,5,rbf,415,opel,opel,
45,4,5,rbf,417,bus,bus,
45,4,5,rbf,422,saab,van,
45,4,5,rbf,430,saab,opel,
45,4,5,rbf,452,opel,saab,
45,4,5,rbf,455,bus,bus,
45,4,5,rbf,472,bus,bus,
45,4,5,rbf,475,saab,opel,
45,4,5,rbf,477,van,van,
45,4,5,rbf,492,bus,bus,
45,4,5,rbf,499,opel,opel,
45,4,5,rbf,504,opel,saab,
45,4,5,rbf,505,saab,saab,
45,4,5,rbf,549,saab,saab,
45,4,5,rbf,553,bus,bus,
45,4,5,rbf,571,saab,saab,
45,4,5,rbf,575,saab,saab,
45,4,5,rbf,588,opel,saab,
45,4,5,rbf,590,bus,bus,
45,4,5,rbf,593,saab,van,
45,4,5,rbf,612,opel,van,
45,4,5,rbf,629,van,van,
45,4,5,rbf,635,van,van,
45,4,5,rbf,638,bus,bus,
45,4,5,rbf,647,saab,opel,
45,4,5,rbf,652,opel,bus,
45,4,5,rbf,666,opel,saab,
45,4,5,rbf,677,bus,bus,
45,4,5,rbf,697,bus,bus,
45,4,5,rbf,707,van,van,
45,4,5,rbf,711,saab,saab,
45,4,5,rbf,713,saab,saab,
45,4,5,rbf,742,opel,van,
45,4,5,rbf,749,saab,opel,
45,4,5,rbf,751,van,van,
45,4,5,rbf,754,van,van,
45,4,5,rbf,770,bus,bus,
45,4,5,rbf,771,opel,opel,
45,4,5,rbf,774,van,van,
45,4,5,rbf,795,van,van,
45,4,5,rbf,822,van,van,
45,4,5,rbf,834,saab,opel,
45,4,5,svm_linear,10,van,van,
45,4,5,svm_linear,47,bus,bus,
45,4,5,svm_linear,49,saab,opel,
45,4,5,svm_linear,50,saab,opel,
45,4,5,svm_linear,52,opel,opel,
45,4,5,svm_linear,65,opel,saab,
45,4,5,svm_linear,72,opel,saab,
45,4,5,svm_linear,75,opel,opel,
45,4,5,svm_linear,86,van,van,
45,4,5,svm_linear,87,van,van,
45,4,5,svm_linear,119,bus,bus,
45,4,5,svm_linear,126,bus,bus,
45,4,5,svm_linear,134,opel,opel,
45,4,5,svm_linear,135,van,van,
45,4,5,svm_linear,164,opel,opel,
45,4,5,svm_linear,173,bus,bus,
45,4,5,svm_linear,188,opel,saab,
45,4,5,svm_linear,201,saab,opel,
45,4,5,svm_linear,203,opel,opel,
45,4,5,svm_linear,206,opel,saab,
45,4,5,svm_linear,207,bus,bus,
45,4,5,svm_linear,212,bus,bus,
45,4,5,svm_linear,213,bus,bus,
45,4,5,svm_linear,214,opel,saab,
45,4,5,svm_linear,223,bus,bus,
45,4,5,svm_linear,225,van,van,
45,4,5,svm_linear,228,saab,saab,
45,4,5,svm_linear,230,van,van,
45,4,5,svm_linear,234,van,van,
45,4,5,svm_linear,239,bus,bus,
45,4,5,svm_linear,241,opel,opel,
45,4,5,svm_linear,243,saab,opel,
45,4,5,svm_linear,254,van,van,
45,4,5,svm_linear,262,van,van,
45,4,5,svm_linear,285,saab,opel,
45,4,5,svm_linear,289,saab,saab,
45,4,5,svm_linear,298,saab,saab,
45,4,5,svm_linear,321,bus,bus,
45,4,5,svm_linear,351,saab,bus,
45,4,5,svm_linear,370,bus,bus,
45,4,5,svm_linear,372,van,van,
45,4,5,svm_linear,391,van,van,
45,4,5,svm_linear,404,opel,opel,
45,4,5,svm_linear,415,opel,opel,
45,4,5,svm_linear,417,bus,bus,
45,4,5,svm_linear,422,saab,saab,
45,4,5,svm_linear,430,saab,saab,
45,4,5,svm_linear,452,opel,saab,
45,4,5,svm_linear,455,bus,bus,
45,4,5,svm_linear,472,bus,bus,
45,4,5,svm_linear,475,saab,opel,
45,4,5,svm_linear,477,van,van,
45,4,5,svm_linear,492,bus,bus,
45,4,5,svm_linear,499,opel,opel,
45,4,5,svm_linear,504,opel,saab,
45,4,5,svm_linear,505,saab,saab,
45,4,5,svm_linear,549,saab,saab,
45,4,5,svm_linear,553,bus,bus,
45,4,5,svm_linear,571,saab,saab,
45,4,5,svm_linear,575,saab,saab,
45,4,5,svm_linear,588,opel,saab,
45,4,5,svm_linear,590,bus,bus,
45,4,5,svm_linear,593,saab,saab,
45,4,5,svm_linear,612,opel,van,
45,4,5,svm_linear,629,van,van,
45,4,5,svm_linear,635,van,van,
45,4,5,svm_linear,638,bus,bus,
45,4,5,svm_linear,647,saab,opel,
45,4,5,svm_linear,652,opel,saab,
45,4,5,svm_linear,666,opel,saab,
45,4,5,svm_linear,677,bus,bus,
45,4,5,svm_linear,697,bus,bus,
45,4,5,svm_linear,707,van,van,
45,4,5,svm_linear,711,saab,saab,
45,4,5,svm_linear,713,saab,saab,
45,4,5,svm_linear,742,opel,van,
45,4,5,svm_linear,749,saab,saab,
45,4,5,svm_linear,751,van,van,
45,4,5,svm_linear,754,van,van,
45,4,5,svm_linear,770,bus,bus,
45,4,5,svm_linear,771,opel,opel,
45,4,5,svm_linear,774,van,van,
45,4,5,svm_linear,795,van,van,
45,4,5,svm_linear,822,van,van,
45,4,5,svm_linear,834,saab,bus,
45,4,5,svm_unscaled,10,van,van,
45,4,5,svm_unscaled,47,bus,bus,
45,4,5,svm_unscaled,49,saab,saab,
45,4,5,svm_unscaled,50,saab,opel,
45,4,5,svm_unscaled,52,opel,opel,
45,4,5,svm_unscaled,65,opel,saab,
45,4,5,svm_unscaled,72,opel,saab,
45,4,5,svm_unscaled,75,opel,saab,
45,4,5,svm_unscaled,86,van,van,
45,4,5,svm_unscaled,87,van,van,
45,4,5,svm_unscaled,119,bus,bus,
45,4,5,svm_unscaled,126,bus,bus,
45,4,5,svm_unscaled,134,opel,opel,
45,4,5,svm_unscaled,135,van,van,
45,4,5,svm_unscaled,164,opel,opel,
45,4,5,svm_unscaled,173,bus,bus,
45,4,5,svm_unscaled,188,opel,saab,
45,4,5,svm_unscaled,201,saab,saab,
45,4,5,svm_unscaled,203,opel,opel,
45,4,5,svm_unscaled,206,opel,bus,
45,4,5,svm_unscaled,207,bus,bus,
45,4,5,svm_unscaled,212,bus,bus,
45,4,5,svm_unscaled,213,bus,bus,
45,4,5,svm_unscaled,214,opel,saab,
45,4,5,svm_unscaled,223,bus,bus,
45,4,5,svm_unscaled,225,van,van,
45,4,5,svm_unscaled,228,saab,saab,
45,4,5,svm_unscaled,230,van,van,
45,4,5,svm_unscaled,234,van,van,
45,4,5,svm_unscaled,239,bus,bus,
45,4,5,svm_unscaled,241,opel,saab,
45,4,5,svm_unscaled,243,saab,opel,
45,4,5,svm_unscaled,254,van,van,
45,4,5,svm_unscaled,262,van,van,
45,4,5,svm_unscaled,285,saab,opel,
45,4,5,svm_unscaled,289,saab,saab,
45,4,5,svm_unscaled,298,saab,saab,
45,4,5,svm_unscaled,321,bus,bus,
45,4,5,svm_unscaled,351,saab,bus,
45,4,5,svm_unscaled,370,bus,bus,
45,4,5,svm_unscaled,372,van,van,
45,4,5,svm_unscaled,391,van,van,
45,4,5,svm_unscaled,404,opel,opel,
45,4,5,svm_unscaled,415,opel,opel,
45,4,5,svm_unscaled,417,bus,bus,
45,4,5,svm_unscaled,422,saab,saab,
45,4,5,svm_unscaled,430,saab,opel,
45,4,5,svm_unscaled,452,opel,saab,
45,4,5,svm_unscaled,455,bus,bus,
45,4,5,svm_unscaled,472,bus,bus,
45,4,5,svm_unscaled,475,saab,opel,
45,4,5,svm_unscaled,477,van,van,
45,4,5,svm_unscaled,492,bus,bus,
45,4,5,svm_unscaled,499,opel,opel,
45,4,5,svm_unscaled,504,opel,opel,
45,4,5,svm_unscaled,505,saab,saab,
45,4,5,svm_unscaled,549,saab,saab,
45,4,5,svm_unscaled,553,bus,bus,
45,4,5,svm_unscaled,571,saab,saab,
45,4,5,svm_unscaled,575,saab,saab,
45,4,5,svm_unscaled,588,opel,saab,
45,4,5,svm_unscaled,590,bus,bus,
45,4,5,svm_unscaled,593,saab,van,
45,4,5,svm_unscaled,612,opel,van,
45,4,5,svm_unscaled,629,van,van,
45,4,5,svm_unscaled,635,van,van,
45,4,5,svm_unscaled,638,bus,bus,
45,4,5,svm_unscaled,647,saab,saab,
45,4,5,svm_unscaled,652,opel,saab,
45,4,5,svm_unscaled,666,opel,saab,
45,4,5,svm_unscaled,677,bus,bus,
45,4,5,svm_unscaled,697,bus,bus,
45,4,5,svm_unscaled,707,van,van,
45,4,5,svm_unscaled,711,saab,saab,
45,4,5,svm_unscaled,713,saab,saab,
45,4,5,svm_unscaled,742,opel,van,
45,4,5,svm_unscaled,749,saab,opel,
45,4,5,svm_unscaled,751,van,van,
45,4,5,svm_unscaled,754,van,van,
45,4,5,svm_unscaled,770,bus,bus,
45,4,5,svm_unscaled,771,opel,opel,
45,4,5,svm_unscaled,774,van,van,
45,4,5,svm_unscaled,795,van,van,
45,4,5,svm_unscaled,822,van,van,
45,4,5,svm_unscaled,834,saab,opel,
46,4,6,centroid,1,van,van,
46,4,6,centroid,18,saab,opel,
46,4,6,centroid,23,bus,van,
46,4,6,centroid,28,bus,saab,
46,4,6,centroid,33,opel,saab,
46,4,6,centroid,37,van,bus,
46,4,6,centroid,42,van,bus,
46,4,6,centroid,44,saab,saab,
46,4,6,centroid,102,van,van,
46,4,6,centroid,106,opel,opel,
46,4,6,centroid,114,van,van,
46,4,6,centroid,121,van,bus,
46,4,6,centroid,143,bus,bus,
46,4,6,centroid,146,van,saab,
46,4,6,centroid,175,bus,bus,
46,4,6,centroid,205,van,van,
46,4,6,centroid,224,saab,van,
46,4,6,centroid,245,van,van,
46,4,6,centroid,247,saab,saab,
46,4,6,centroid,255,saab,saab,
46,4,6,centroid,274,bus,opel,
46,4,6,centroid,276,bus,van,
46,4,6,centroid,283,saab,saab,
46,4,6,centroid,294,bus,opel,
46,4,6,centroid,300,saab,opel,
46,4,6,centroid,306,saab,saab,
46,4,6,centroid,322,bus,bus,
46,4,6,centroid,327,opel,van,
46,4,6,centroid,343,opel,opel,
46,4,6,centroid,359,opel,saab,
46,4,6,centroid,376,saab,saab,
46,4,6,centroid,382,bus,bus,
46,4,6,centroid,383,opel,opel,
46,4,6,centroid,412,bus,bus,
46,4,6,centroid,416,bus,van,
46,4,6,centroid,419,saab,van,
46,4,6,centroid,423,bus,bus,
46,4,6,centroid,425,opel,van,
46,4,6,centroid,426,opel,opel,
46,4,6,centroid,438,opel,opel,
46,4,6,centroid,441,van,bus,
46,4,6,centroid,445,van,bus,
46,4,6,centroid,461,opel,saab,
46,4,6,centroid,466,bus,bus,
46,4,6,centroid,484,van,bus,
46,4,6,centroid,493,opel,opel,
46,4,6,centroid,494,bus,opel,
46,4,6,centroid,497,van,van,
46,4,6,centroid,520,saab,saab,
46,4,6,centroid,522,saab,van,
46,4,6,centroid,526,saab,saab,
46,4,6,centroid,539,bus,opel,
46,4,6,centroid,542,saab,saab,
46,4,6,centroid,546,van,van,
46,4,6,centroid,551,opel,van,
46,4,6,centroid,557,saab,van,
46,4,6,centroid,558,bus,bus,
46,4,6,centroid,567,saab,bus,
46,4,6,centroid,569,van,van,
46,4,6,centroid,586,opel,opel,
46,4,6,centroid,606,van,van,
46,4,6,centroid,617,van,van,
46,4,6,centroid,634,opel,van,
46,4,6,centroid,653,opel,saab,
46,4,6,centroid,661,saab,saab,
46,4,6,centroid,663,saab,bus,
46,4,6,centroid,667,saab,saab,
46,4,6,centroid,706,van,van,
46,4,6,centroid,709,opel,saab,
46,4,6,centroid,717,bus,saab,
46,4,6,centroid,723,opel,saab,
46,4,6,centroid,724,van,van,
46,4,6,centroid,731,bus,opel,
46,4,6,centroid,735,opel,van,
46,4,6,centroid,737,bus,opel,
46,4,6,centroid,762,van,van,
46,4,6,centroid,792,opel,opel,
46,4,6,centroid,793,bus,opel,
46,4,6,centroid,824,opel,opel,
46,4,6,centroid,827,opel,opel,
46,4,6,centroid,831,bus,saab,
46,4,6,centroid,833,saab,bus,
46,4,6,centroid,835,bus,opel,
46,4,6,centroid,844,saab,van,
46,4,6,knn,1,van,van,
46,4,6,knn,18,saab,opel,
46,4,6,knn,23,bus,opel,
46,4,6,knn,28,bus,bus,
46,4,6,knn,33,opel,opel,
46,4,6,knn,37,van,van,
46,4,6,knn,42,van,van,
46,4,6,knn,44,saab,saab,
46,4,6,knn,102,van,van,
46,4,6,knn,106,opel,saab,
46,4,6,knn,114,van,van,
46,4,6,knn,121,van,van,
46,4,6,knn,143,bus,bus,
46,4,6,knn,146,van,van,
46,4,6,knn,175,bus,bus,
46,4,6,knn,205,van,van,
46,4,6,knn,224,saab,opel,
46,4,6,knn,245,van,van,
46,4,6,knn,247,saab,saab,
46,4,6,knn,255,saab,saab,
46,4,6,knn,274,bus,bus,
46,4,6,knn,276,bus,bus,
46,4,6,knn,283,saab,saab,
46,4,6,knn,294,bus,bus,
46,4,6,knn,300,saab,opel,
46,4,6,knn,306,saab,saab,
46,4,6,knn,322,bus,bus,
46,4,6,knn,327,opel,opel,
46,4,6,knn,343,opel,saab,
46,4,6,knn,359,opel,opel,
46,4,6,knn,376,saab,saab,
46,4,6,knn,382,bus,bus,
46,4,6,knn,383,opel,opel,
46,4,6,knn,412,bus,bus,
46,4,6,knn,416,bus,bus,
46,4,6,knn,419,saab,opel,
46,4,6,knn,423,bus,bus,
46,4,6,knn,425,opel,saab,
46,4,6,knn,426,opel,saab,
46,4,6,knn,438,opel,saab,
46,4,6,knn,441,van,van,
46,4,6,knn,445,van,van,
46,4,6,knn,461,opel,saab,
46,4,6,knn,466,bus,bus,
46,4,6,knn,484,van,van,
46,4,6,knn,493,opel,opel,
46,4,6,knn,494,bus,bus,
46,4,6,knn,497,van,van,
46,4,6,knn,520,saab,saab,
46,4,6,knn,522,saab,opel,
46,4,6,knn,526,saab,saab,
46,4,6,knn,539,bus,bus,
46,4,6,knn,542,saab,saab,
46,4,6,knn,546,van,van,
46,4,6,knn,551,opel,saab,
46,4,6,knn,557,saab,opel,
46,4,6,knn,558,bus,bus,
46,4,6,knn,567,saab,saab,
46,4,6,knn,569,van,van,
46,4,6,knn,586,opel,opel,
46,4,6,knn,606,van,van,
46,4,6,knn,617,van,van,
46,4,6,knn,634,opel,van,
46,4,6,knn,653,opel,saab,
46,4,6,knn,661,saab,opel,
46,4,6,knn,663,saab,opel,
46,4,6,knn,667,saab,saab,
46,4,6,knn,706,van,van,
46,4,6,knn,709,opel,saab,
46,4,6,knn,717,bus,bus,
46,4,6,knn,723,opel,saab,
46,4,6,knn,724,van,van,
46,4,6,knn,731,bus,bus,
46,4,6,knn,735,opel,opel,
46,4,6,knn,737,bus,bus,
46,4,6,knn,762,van,bus,
46,4,6,knn,792,opel,opel,
46,4,6,knn,793,bus,opel,
46,4,6,knn,824,opel,opel,
46,4,6,knn,827,opel,opel,
46,4,6,knn,831,bus,bus,
46,4,6,knn,833,saab,opel,
46,4,6,knn,835,bus,bus,
46,4,6,knn,844,saab,opel,
46,4,6,svm,1,van,van,1.5286823554580322
46,4,6,svm,18,saab,saab,0.9531481299914679
46,4,6,svm,23,bus,van,0.44825906595738507
46,4,6,svm,28,bus,bus,2.3129781868156707
46,4,6,svm,33,opel,saab,0.28642242979385113
46,4,6,svm,37,van,van,0.6356773929416999
46,4,6,svm,42,van,van,2.503887010847002
46,4,6,svm,44,saab,saab,1.3878162715804998
46,4,6,svm,102,van,van,2.2851228401761587
46,4,6,svm,106,opel,opel,0.23456874620487955
46,4,6,svm,114,van,van,2.7596191770197875
46,4,6,svm,121,van,van,1.3352562070640324
46,4,6,svm,143,bus,bus,1.8262616348475036
46,4,6,svm,146,van,van,2.8156546726626175
46,4,6,svm,175,bus,bus,2.7091120939915068
46,4,6,svm,205,van,van,2.0432256727953244
46,4,6,svm,224,saab,saab,0.28830803992297316
46,4,6,svm,245,van,van,1.1375428801321745
46,4,6,svm,247,saab,opel,0.7320574955511825
46,4,6,svm,255,saab,saab,2.3211805691803407
46,4,6,svm,274,bus,bus,1.5338437958184605
46,4,6,svm,276,bus,bus,0.6780429718834933
46,4,6,svm,283,saab,saab,1.5256178430341607
46,4,6,svm,294,bus,bus,2.3935432820933653
46,4,6,svm,300,saab,opel,0.2423073125545665
46,4,6,svm,306,saab,saab,2.4814634536627045
46,4,6,svm,322,bus,bus,1.4409731358788975
46,4,6,svm,327,opel,opel,0.6219375553599145
46,4,6,svm,343,opel,opel,1.9698917112485725
46,4,6,svm,359,opel,opel,0.44658220012012695
46,4,6,svm,376,saab,saab,0.6283713607163071
46,4,6,svm,382,bus,bus,2.2591430762079185
46,4,6,svm,383,opel,opel,1.090860146105137
46,4,6,svm,412,bus,bus,1.7841345472669228
46,4,6,svm,416,bus,bus,0.3284198472718365
46,4,6,svm,419,saab,saab,0.5247543236085255
46,4,6,svm,423,bus,bus,1.1172655371008533
46,4,6,svm,425,opel,saab,0.05331711196918487
46,4,6,svm,426,opel,opel,0.8563794611511435
46,4,6,svm,438,opel,opel,1.07263308704976
46,4,6,svm,441,van,bus,0.07015628012906783
46,4,6,svm,445,van,van,0.808114835419063
46,4,6,svm,461,opel,opel,1.4827826761901344
46,4,6,svm,466,bus,bus,1.7067784179474503
46,4,6,svm,484,van,van,1.6062585745105493
46,4,6,svm,493,opel,opel,0.49759070129540195
46,4,6,svm,494,bus,bus,1.9526616943414274
46,4,6,svm,497,van,van,1.9422920577833906
46,4,6,svm,520,saab,opel,0.5071886720002903
46,4,6,svm,522,saab,opel,0.07423406036884561
46,4,6,svm,526,saab,saab,0.4872262277968167
46,4,6,svm,539,bus,bus,2.247402398766519
46,4,6,svm,542,saab,opel,0.34121459470439053
46,4,6,svm,546,van,van,1.1167052218002929
46,4,6,svm,551,opel,opel,0.6494699767036787
46,4,6,svm,557,saab,opel,0.15731254992005805
46,4,6,svm,558,bus,bus,1.4225485372030513
46,4,6,svm,567,saab,saab,0.16657496335525135
46,4,6,svm,569,van,van,2.129179936175163
46,4,6,svm,586,opel,opel,2.6046905954572432
46,4,6,svm,606,van,van,1.214628312537812
46,4,6,svm,617,van,van,0.4396112635229925
46,4,6,svm,634,opel,saab,0.22782029866069475
46,4,6,svm,653,opel,opel,0.2765431207249742
46,4,6,svm,661,saab,saab,0.5451169551666544
46,4,6,svm,663,saab,opel,0.37468984612203204
46,4,6,svm,667,saab,saab,2.0525205239005957
46,4,6,svm,706,van,van,0.05661923780772948
46,4,6,svm,709,opel,opel,0.8978996496328131
46,4,6,svm,717,bus,bus,2.4619229299437344
46,4,6,svm,723,opel,opel,0.4152042077096434
46,4,6,svm,724,van,van,1.8094277234735685
46,4,6,svm,731,bus,bus,1.8454165765621986
46,4,6,svm,735,opel,saab,0.3723699818069326
46,4,6,svm,737,bus,bus,1.8712352195446629
46,4,6,svm,762,van,van,1.325366002436263
46,4,6,svm,792,opel,opel,1.981398280636875
46,4,6,svm,793,bus,bus,0.32422482617262904
46,4,6,svm,824,opel,opel,0.2780211645465238
46,4,6,svm,827,opel,opel,1.2884425597684208
46,4,6,svm,831,bus,bus,2.497287269496321
46,4,6,svm,833,saab,opel,0.12742276904719407
46,4,6,svm,835,bus,bus,1.5223667677898223
46,4,6,svm,844,saab,opel,0.13235028467512056
46,4,6,mlp,1,van,van,
46,4,6,mlp,18,saab,opel,
46,4,6,mlp,23,bus,van,
46,4,6,mlp,28,bus,bus,
46,4,6,mlp,33,opel,saab,
46,4,6,mlp,37,van,van,
46,4,6,mlp,42,van,van,
46,4,6,mlp,44,saab,saab,
46,4,6,mlp,102,van,van,
46,4,6,mlp,106,opel,opel,
46,4,6,mlp,114,van,van,
46,4,6,mlp,121,van,van,
46,4,6,mlp,143,bus,bus,
46,4,6,mlp,146,van,van,
46,4,6,mlp,175,bus,bus,
46,4,6,mlp,205,van,van,
46,4,6,mlp,224,saab,saab,
46,4,6,mlp,245,van,van,
46,4,6,mlp,247,saab,saab,
46,4,6,mlp,255,saab,saab,
46,4,6,mlp,274,bus,bus,
46,4,6,mlp,276,bus,bus,
46,4,6,mlp,283,saab,saab,
46,4,6,mlp,294,bus,bus,
46,4,6,mlp,300,saab,opel,
46,4,6,mlp,306,saab,saab,
46,4,6,mlp,322,bus,bus,
46,4,6,mlp,327,opel,saab,
46,4,6,mlp,343,opel,opel,
46,4,6,mlp,359,opel,opel,
46,4,6,mlp,376,saab,opel,
46,4,6,mlp,382,bus,bus,
46,4,6,mlp,383,opel,opel,
46,4,6,mlp,412,bus,bus,
46,4,6,mlp,416,bus,bus,
46,4,6,mlp,419,saab,saab,
46,4,6,mlp,423,bus,bus,
46,4,6,mlp,425,opel,saab,
46,4,6,mlp,426,opel,opel,
46,4,6,mlp,438,opel,opel,
46,4,6,mlp,441,van,van,
46,4,6,mlp,445,van,van,
46,4,6,mlp,461,opel,opel,
46,4,6,mlp,466,bus,bus,
46,4,6,mlp,484,van,van,
46,4,6,mlp,493,opel,opel,
46,4,6,mlp,494,bus,bus,
46,4,6,mlp,497,van,van,
46,4,6,mlp,520,saab,saab,
46,4,6,mlp,522,saab,opel,
46,4,6,mlp,526,saab,opel,
46,4,6,mlp,539,bus,bus,
46,4,6,mlp,542,saab,saab,
46,4,6,mlp,546,van,van,
46,4,6,mlp,551,opel,opel,
46,4,6,mlp,557,saab,saab,
46,4,6,mlp,558,bus,bus,
46,4,6,mlp,567,saab,saab,
46,4,6,mlp,569,van,van,
46,4,6,mlp,586,opel,opel,
46,4,6,mlp,606,van,van,
46,4,6,mlp,617,van,van,
46,4,6,mlp,634,opel,saab,
46,4,6,mlp,653,opel,opel,
46,4,6,mlp,661,saab,opel,
46,4,6,mlp,663,saab,opel,
46,4,6,mlp,667,saab,saab,
46,4,6,mlp,706,van,van,
46,4,6,mlp,709,opel,opel,
46,4,6,mlp,717,bus,bus,
46,4,6,mlp,723,opel,opel,
46,4,6,mlp,724,van,van,
46,4,6,mlp,731,bus,bus,
46,4,6,mlp,735,opel,saab,
46,4,6,mlp,737,bus,bus,
46,4,6,mlp,762,van,van,
46,4,6,mlp,792,opel,opel,
46,4,6,mlp,793,bus,bus,
46,4,6,mlp,824,opel,opel,
46,4,6,mlp,827,opel,opel,
46,4,6,mlp,831,bus,bus,
46,4,6,mlp,833,saab,opel,
46,4,6,mlp,835,bus,bus,
46,4,6,mlp,844,saab,saab,
46,4,6,rbf,1,van,van,
46,4,6,rbf,18,saab,opel,
46,4,6,rbf,23,bus,van,
46,4,6,rbf,28,bus,bus,
46,4,6,rbf,33,opel,saab,
46,4,6,rbf,37,van,van,
46,4,6,rbf,42,van,van,
46,4,6,rbf,44,saab,saab,
46,4,6,rbf,102,van,van,
46,4,6,rbf,106,opel,saab,
46,4,6,rbf,114,van,van,
46,4,6,rbf,121,van,van,
46,4,6,rbf,143,bus,bus,
46,4,6,rbf,146,van,van,
46,4,6,rbf,175,bus,bus,
46,4,6,rbf,205,van,van,
46,4,6,rbf,224,saab,bus,
46,4,6,rbf,245,van,van,
46,4,6,rbf,247,saab,opel,
46,4,6,rbf,255,saab,saab,
46,4,6,rbf,274,bus,bus,
46,4,6,rbf,276,bus,bus,
46,4,6,rbf,283,saab,saab,
46,4,6,rbf,294,bus,bus,
46,4,6,rbf,300,saab,opel,
46,4,6,rbf,306,saab,saab,
46,4,6,rbf,322,bus,bus,
46,4,6,rbf,327,opel,opel,
46,4,6,rbf,343,opel,opel,
46,4,6,rbf,359,opel,saab,
46,4,6,rbf,376,saab,saab,
46,4,6,rbf,382,bus,bus,
46,4,6,rbf,383,opel,saab,
46,4,6,rbf,412,bus,bus,
46,4,6,rbf,416,bus,bus,
46,4,6,rbf,419,saab,saab,
46,4,6,rbf,423,bus,bus,
46,4,6,rbf,425,opel,saab,
46,4,6,rbf,426,opel,saab,
46,4,6,rbf,438,opel,opel,
46,4,6,rbf,441,van,van,
46,4,6,rbf,445,van,van,
46,4,6,rbf,461,opel,saab,
46,4,6,rbf,466,bus,bus,
46,4,6,rbf,484,van,van,
46,4,6,rbf,493,opel,opel,
46,4,6,rbf,494,bus,bus,
46,4,6,rbf,497,van,van,
46,4,6,rbf,520,saab,opel,
46,4,6,rbf,522,saab,saab,
46,4,6,rbf,526,saab,saab,
46,4,6,rbf,539,bus,bus,
46,4,6,rbf,542,saab,opel,
46,4,6,rbf,546,van,van,
46,4,6,rbf,551,opel,saab,
46,4,6,rbf,557,saab,bus,
46,4,6,rbf,558,bus,bus,
46,4,6,rbf,567,saab,saab,
46,4,6,rbf,569,van,van,
46,4,6,rbf,586,opel,opel,
46,4,6,rbf,606,van,van,
46,4,6,rbf,617,van,van,
46,4,6,rbf,634,opel,saab,
46,4,6,rbf,653,opel,saab,
46,4,6,rbf,661,saab,saab,
46,4,6,rbf,663,saab,opel,
46,4,6,rbf,667,saab,saab,
46,4,6,rbf,706,van,bus,
46,4,6,rbf,709,opel,opel,
46,4,6,rbf,717,bus,bus,
46,4,6,rbf,723,opel,saab,
46,4,6,rbf,724,van,van,
46,4,6,rbf,731,bus,bus,
46,4,6,rbf,735,opel,opel,
46,4,6,rbf,737,bus,bus,
46,4,6,rbf,762,van,van,
46,4,6,rbf,792,opel,opel,
46,4,6,rbf,793,bus,bus,
46,4,6,rbf,824,opel,opel,
46,4,6,rbf,827,opel,opel,
46,4,6,rbf,831,bus,bus,
46,4,6,rbf,833,saab,opel,
46,4,6,rbf,835,bus,bus,
46,4,6,rbf,844,saab,saab,
46,4,6,svm_linear,1,van,van,
46,4,6,svm_linear,18,saab,bus,
46,4,6,svm_linear,23,bus,van,
46,4,6,svm_linear,28,bus,bus,
46,4,6,svm_linear,33,opel,saab,
46,4,6,svm_linear,37,van,van,
46,4,6,svm_linear,42,van,van,
46,4,6,svm_linear,44,saab,saab,
46,4,6,svm_linear,102,van,van,
46,4,6,svm_linear,106,opel,opel,
46,4,6,svm_linear,114,van,van,
46,4,6,svm_linear,121,van,van,
46,4,6,svm_linear,143,bus,bus,
46,4,6,svm_linear,146,van,van,
46,4,6,svm_linear,175,bus,bus,
46,4,6,svm_linear,205,van,van,
46,4,6,svm_linear,224,saab,saab,
46,4,6,svm_linear,245,van,van,
46,4,6,svm_linear,247,saab,opel,
46,4,6,svm_linear,255,saab,saab,
46,4,6,svm_linear,274,bus,bus,
46,4,6,svm_linear,276,bus,bus,
46,4,6,svm_linear,283,saab,saab,
46,4,6,svm_linear,294,bus,bus,
46,4,6,svm_linear,300,saab,saab,
46,4,6,svm_linear,306,saab,saab,
46,4,6,svm_linear,322,bus,bus,
46,4,6,svm_linear,327,opel,opel,
46,4,6,svm_linear,343,opel,opel,
46,4,6,svm_linear,359,opel,opel,
46,4,6,svm_linear,376,saab,opel,
46,4,6,svm_linear,382,bus,bus,
46,4,6,svm_linear,383,opel,opel,
46,4,6,svm_linear,412,bus,bus,
46,4,6,svm_linear,416,bus,bus,
46,4,6,svm_linear,419,saab,saab,
46,4,6,svm_linear,423,bus,bus,
46,4,6,svm_linear,425,opel,saab,
46,4,6,svm_linear,426,opel,opel,
46,4,6,svm_linear,438,opel,opel,
46,4,6,svm_linear,441,van,bus,
46,4,6,svm_linear,445,van,van,
46,4,6,svm_linear,461,opel,opel,
46,4,6,svm_linear,466,bus,bus,
46,4,6,svm_linear,484,van,van,
46,4,6,svm_linear,493,opel,saab,
46,4,6,svm_linear,494,bus,bus,
46,4,6,svm_linear,497,van,van,
46,4,6,svm_linear,520,saab,opel,
46,4,6,svm_linear,522,saab,saab,
46,4,6,svm_linear,526,saab,saab,
46,4,6,svm_linear,539,bus,bus,
46,4,6,svm_linear,542,saab,opel,
46,4,6,svm_linear,546,van,van,
46,4,6,svm_linear,551,opel,opel,
46,4,6,svm_linear,557,saab,bus,
46,4,6,svm_linear,558,bus,bus,
46,4,6,svm_linear,567,saab,saab,
46,4,6,svm_linear,569,van,van,
46,4,6,svm_linear,586,opel,opel,
46,4,6,svm_linear,606,van,van,
46,4,6,svm_linear,617,van,van,
46,4,6,svm_linear,634,opel,saab,
46,4,6,svm_linear,653,opel,opel,
46,4,6,svm_linear,661,saab,saab,
46,4,6,svm_linear,663,saab,opel,
46,4,6,svm_linear,667,saab,saab,
46,4,6,svm_linear,706,van,van,
46,4,6,svm_linear,709,opel,opel,
46,4,6,svm_linear,717,bus,bus,
46,4,6,svm_linear,723,opel,saab,
46,4,6,svm_linear,724,van,van,
46,4,6,svm_linear,731,bus,bus,
46,4,6,svm_linear,735,opel,opel,
46,4,6,svm_linear,737,bus,bus,
46,4,6,svm_linear,762,van,van,
46,4,6,svm_linear,792,opel,opel,
46,4,6,svm_linear,793,bus,bus,
46,4,6,svm_linear,824,opel,opel,
46,4,6,svm_linear,827,opel,opel,
46,4,6,svm_linear,831,bus,bus,
46,4,6,svm_linear,833,saab,saab,
46,4,6,svm_linear,835,bus,bus,
46,4,6,svm_linear,844,saab,opel,
46,4,6,svm_unscaled,1,van,van,
46,4,6,svm_unscaled,18,saab,opel,
46,4,6,svm_unscaled,23,bus,van,
46,4,6,svm_unscaled,28,bus,bus,
46,4,6,svm_unscaled,33,opel,saab,
46,4,6,svm_unscaled,37,van,van,
46,4,6,svm_unscaled,42,van,van,
46,4,6,svm_unscaled,44,saab,saab,
46,4,6,svm_unscaled,102,van,van,
46,4,6,svm_unscaled,106,opel,opel,
46,4,6,svm_unscaled,114,van,van,
46,4,6,svm_unscaled,121,van,van,
46,4,6,svm_unscaled,143,bus,bus,
46,4,6,svm_unscaled,146,van,van,
46,4,6,svm_unscaled,175,bus,bus,
46,4,6,svm_unscaled,205,van,van,
46,4,6,svm_unscaled,224,saab,saab,
46,4,6,svm_unscaled,245,van,van,
46,4,6,svm_unscaled,247,saab,saab,
46,4,6,svm_unscaled,255,saab,saab,
46,4,6,svm_unscaled,274,bus,bus,
46,4,6,svm_unscaled,276,bus,bus,
46,4,6,svm_unscaled,283,saab,saab,
46,4,6,svm_unscaled,294,bus,bus,
46,4,6,svm_unscaled,300,saab,saab,
46,4,6,svm_unscaled,306,saab,saab,
46,4,6,svm_unscaled,322,bus,bus,
46,4,6,svm_unscaled,327,opel,opel,
46,4,6,svm_unscaled,343,opel,opel,
46,4,6,svm_unscaled,359,opel,saab,
46,4,6,svm_unscaled,376,saab,opel,
46,4,6,svm_unscaled,382,bus,bus,
46,4,6,svm_unscaled,383,opel,opel,
46,4,6,svm_unscaled,412,bus,bus,
46,4,6,svm_unscaled,416,bus,van,
46,4,6,svm_unscaled,419,saab,opel,
46,4,6,svm_unscaled,423,bus,bus,
46,4,6,svm_unscaled,425,opel,saab,
46,4,6,svm_unscaled,426,opel,opel,
46,4,6,svm_unscaled,438,opel,opel,
46,4,6,svm_unscaled,441,van,bus,
46,4,6,svm_unscaled,445,van,van,
46,4,6,svm_unscaled,461,opel,saab,
46,4,6,svm_unscaled,466,bus,bus,
46,4,6,svm_unscaled,484,van,van,
46,4,6,svm_unscaled,493,opel,opel,
46,4,6,svm_unscaled,494,bus,bus,
46,4,6,svm_unscaled,497,van,van,
46,4,6,svm_unscaled,520,saab,opel,
46,4,6,svm_unscaled,522,saab,saab,
46,4,6,svm_unscaled,526,saab,saab,
46,4,6,svm_unscaled,539,bus,bus,
46,4,6,svm_unscaled,542,saab,saab,
46,4,6,svm_unscaled,546,van,van,
46,4,6,svm_unscaled,551,opel,opel,
46,4,6,svm_unscaled,557,saab,saab,
46,4,6,svm_unscaled,558,bus,bus,
46,4,6,svm_unscaled,567,saab,saab,
46,4,6,svm_unscaled,569,van,van,
46,4,6,svm_unscaled,586,opel,opel,
46,4,6,svm_unscaled,606,van,van,
46,4,6,svm_unscaled,617,van,saab,
46,4,6,svm_unscaled,634,opel,saab,
46,4,6,svm_unscaled,653,opel,opel,
46,4,6,svm_unscaled,661,saab,saab,
46,4,6,svm_unscaled,663,saab,saab,
46,4,6,svm_unscaled,667,saab,saab,
46,4,6,svm_unscaled,706,van,van,
46,4,6,svm_unscaled,709,opel,saab,
46,4,6,svm_unscaled,717,bus,bus,
46,4,6,svm_unscaled,723,opel,saab,
46,4,6,svm_unscaled,724,van,van,
46,4,6,svm_unscaled,731,bus,bus,
46,4,6,svm_unscaled,735,opel,opel,
46,4,6,svm_unscaled,737,bus,bus,
46,4,6,svm_unscaled,762,van,van,
46,4,6,svm_unscaled,792,opel,opel,
46,4,6,svm_unscaled,793,bus,bus,
46,4,6,svm_unscaled,824,opel,opel,
46,4,6,svm_unscaled,827,opel,opel,
46,4,6,svm_unscaled,831,bus,bus,
46,4,6,svm_unscaled,833,saab,saab,
46,4,6,svm_unscaled,835,bus,bus,
46,4,6,svm_unscaled,844,saab,opel,
47,4,7,centroid,22,bus,van,
47,4,7,centroid,30,van,van,
47,4,7,centroid,31,saab,van,
47,4,7,centroid,43,saab,van,
47,4,7,centroid,51,saab,van,
47,4,7,centroid,58,opel,opel,
47,4,7,centroid,62,van,van,
47,4,7,centroid,71,opel,opel,
47,4,7,centroid,91,opel,saab,
47,4,7,centroid,98,opel,saab,
47,4,7,centroid,105,saab,saab,
47,4,7,centroid,108,bus,van,
47,4,7,centroid,124,van,van,
47,4,7,centroid,133,van,van,
47,4,7,centroid,152,opel,van,
47,4,7,centroid,160,opel,van,
47,4,7,centroid,162,saab,saab,
47,4,7,centroid,168,bus,bus,
47,4,7,centroid,192,saab,van,
47,4,7,centroid,200,van,bus,
47,4,7,centroid,208,bus,bus,
47,4,7,centroid,220,opel,opel,
47,4,7,centroid,237,bus,bus,
47,4,7,centroid,242,bus,van,
47,4,7,centroid,250,van,van,
47,4,7,centroid,256,saab,van,
47,4,7,centroid,260,saab,van,
47,4,7,centroid,263,van,van,
47,4,7,centroid,265,bus,van,
47,4,7,centroid,267,saab,saab,
47,4,7,centroid,272,van,van,
47,4,7,centroid,287,van,van,
47,4,7,centroid,291,van,bus,
47,4,7,centroid,304,bus,bus,
47,4,7,centroid,310,saab,opel,
47,4,7,centroid,312,bus,van,
47,4,7,centroid,313,opel,saab,
47,4,7,centroid,334,bus,opel,
47,4,7,centroid,348,van,van,
47,4,7,centroid,350,opel,opel,
47,4,7,centroid,357,saab,saab,
47,4,7,centroid,358,opel,van,
47,4,7,centroid,408,bus,van,
47,4,7,centroid,436,van,van,
47,4,7,centroid,437,opel,van,
47,4,7,centroid,449,van,van,
47,4,7,centroid,470,van,van,
47,4,7,centroid,476,opel,opel,
47,4,7,centroid,479,bus,bus,
47,4,7,centroid,482,opel,saab,
47,4,7,centroid,490,saab,saab,
47,4,7,centroid,491,saab,saab,
47,4,7,centroid,500,opel,opel,
47,4,7,centroid,503,saab,van,
47,4,7,centroid,515,opel,van,
47,4,7,centroid,518,saab,van,
47,4,7,centroid,524,opel,opel,
47,4,7,centroid,536,saab,opel,
47,4,7,centroid,550,van,van,
47,4,7,centroid,562,saab,saab,
47,4,7,centroid,568,bus,bus,
47,4,7,centroid,585,van,van,
47,4,7,centroid,589,opel,opel,
47,4,7,centroid,604,opel,opel,
47,4,7,centroid,623,saab,saab,
47,4,7,centroid,632,bus,bus,
47,4,7,centroid,657,van,van,
47,4,7,centroid,660,van,van,
47,4,7,centroid,672,bus,opel,
47,4,7,centroid,696,saab,van,
47,4,7,centroid,718,opel,opel,
47,4,7,centroid,727,bus,van,
47,4,7,centroid,730,opel,opel,
47,4,7,centroid,734,van,van,
47,4,7,centroid,745,bus,bus,
47,4,7,centroid,760,opel,saab,
47,4,7,centroid,767,bus,van,
47,4,7,centroid,773,bus,van,
47,4,7,centroid,783,saab,opel,
47,4,7,centroid,794,bus,van,
47,4,7,centroid,812,bus,bus,
47,4,7,centroid,813,van,bus,
47,4,7,centroid,830,bus,van,
47,4,7,centroid,841,saab,saab,
47,4,7,knn,22,bus,bus,
47,4,7,knn,30,van,van,
47,4,7,knn,31,saab,opel,
47,4,7,knn,43,saab,saab,
47,4,7,knn,51,saab,bus,
47,4,7,knn,58,opel,saab,
47,4,7,knn,62,van,van,
47,4,7,knn,71,opel,opel,
47,4,7,knn,91,opel,saab,
47,4,7,knn,98,opel,saab,
47,4,7,knn,105,saab,saab,
47,4,7,knn,108,bus,bus,
47,4,7,knn,124,van,bus,
47,4,7,knn,133,van,van,
47,4,7,knn,152,opel,opel,
47,4,7,knn,160,opel,saab,
47,4,7,knn,162,saab,opel,
47,4,7,knn,168,bus,bus,
47,4,7,knn,192,saab,opel,
47,4,7,knn,200,van,van,
47,4,7,knn,208,bus,bus,
47,4,7,knn,220,opel,opel,
47,4,7,knn,237,bus,bus,
47,4,7,knn,242,bus,bus,
47,4,7,knn,250,van,van,
47,4,7,knn,256,saab,opel,
47,4,7,knn,260,saab,saab,
47,4,7,knn,263,van,van,
47,4,7,knn,265,bus,bus,
47,4,7,knn,267,saab,opel,
47,4,7,knn,272,van,van,
47,4,7,knn,287,van,van,
47,4,7,knn,291,van,van,
47,4,7,knn,304,bus,bus,
47,4,7,knn,310,saab,opel,
47,4,7,knn,312,bus,bus,
47,4,7,knn,313,opel,opel,
47,4,7,knn,334,bus,bus,
47,4,7,knn,348,van,van,
47,4,7,knn,350,opel,opel,
47,4,7,knn,357,saab,saab,
47,4,7,knn,358,opel,van,
47,4,7,knn,408,bus,bus,
47,4,7,knn,436,van,van,
47,4,7,knn,437,opel,bus,
47,4,7,knn,449,van,van,
47,4,7,knn,470,van,van,
47,4,7,knn,476,opel,opel,
47,4,7,knn,479,bus,bus,
47,4,7,knn,482,opel,opel,
47,4,7,knn,490,saab,saab,
47,4,7,knn,491,saab,opel,
47,4,7,knn,500,opel,opel,
47,4,7,knn,503,saab,saab,
47,4,7,knn,515,opel,opel,
47,4,7,knn,518,saab,bus,
47,4,7,knn,524,opel,saab,
47,4,7,knn,536,saab,opel,
47,4,7,knn,550,van,van,
47,4,7,knn,562,saab,opel,
47,4,7,knn,568,bus,bus,
47,4,7,knn,585,van,van,
47,4,7,knn,589,opel,opel,
47,4,7,knn,604,opel,saab,
47,4,7,knn,623,saab,saab,
47,4,7,knn,632,bus,bus,
47,4,7,knn,657,van,van,
47,4,7,knn,660,van,van,
47,4,7,knn,672,bus,bus,
47,4,7,knn,696,saab,opel,
47,4,7,knn,718,opel,saab,
47,4,7,knn,727,bus,bus,
47,4,7,knn,730,opel,saab,
47,4,7,knn,734,van,bus,
47,4,7,knn,745,bus,bus,
47,4,7,knn,760,opel,opel,
47,4,7,knn,767,bus,bus,
47,4,7,knn,773,bus,bus,
47,4,7,knn,783,saab,saab,
47,4,7,knn,794,bus,bus,
47,4,7,knn,812,bus,bus,
47,4,7,knn,813,van,van,
47,4,7,knn,830,bus,bus,
47,4,7,knn,841,saab,saab,
47,4,7,svm,22,bus,bus,2.2296662941186347
47,4,7,svm,30,van,van,1.6155408013236574
47,4,7,svm,31,saab,van,0.237621431174329
47,4,7,svm,43,saab,saab,0.34678598631129187
47,4,7,svm,51,saab,saab,0.02381277865920861
47,4,7,svm,58,opel,saab,0.7239506440334322
47,4,7,svm,62,van,van,2.5329076058915216
47,4,7,svm,71,opel,opel,1.7392192998923903
47,4,7,svm,91,opel,saab,0.3919797636085631
47,4,7,svm,98,opel,saab,0.039900747477790155
47,4,7,svm,105,saab,saab,1.7429542308284218
47,4,7,svm,108,bus,bus,1.5099571269940637
47,4,7,svm,124,van,van,0.22819744880537013
47,4,7,svm,133,van,van,2.0140819715923026
47,4,7,svm,152,opel,opel,0.3233363648404408
47,4,7,svm,160,opel,opel,0.14177895010240338
47,4,7,svm,162,saab,saab,0.5618543567141954
47,4,7,svm,168,bus,bus,2.022892135244741
47,4,7,svm,192,saab,saab,0.3883890096434923
47,4,7,svm,200,van,van,2.826364927700164
47,4,7,svm,208,bus,bus,1.2479590448277211
47,4,7,svm,220,opel,opel,1.5395678859882098
47,4,7,svm,237,bus,bus,1.6323100820030754
47,4,7,svm,242,bus,bus,0.9534822044661523
47,4,7,svm,250,van,van,1.8649880374453411
47,4,7,svm,256,saab,opel,0.3583528314916409
47,4,7,svm,260,saab,saab,1.4982385484692478
47,4,7,svm,263,van,van,2.0605272774627217
47,4,7,svm,265,bus,bus,1.3868578297333418
47,4,7,svm,267,saab,saab,1.024331930059165
47,4,7,svm,272,van,van,2.5479667494575544
47,4,7,svm,287,van,van,1.7133224602886763
47,4,7,svm,291,van,van,0.7140703027007909
47,4,7,svm,304,bus,bus,1.3216244912962172
47,4,7,svm,310,saab,opel,1.0138764122320767
47,4,7,svm,312,bus,bus,0.5328842448073541
47,4,7,svm,313,opel,opel,0.21704705072206298
47,4,7,svm,334,bus,bus,0.3256204218593961
47,4,7,svm,348,van,van,1.871701053417258
47,4,7,svm,350,opel,opel,0.32098725363009084
47,4,7,svm,357,saab,saab,2.611878509638866
47,4,7,svm,358,opel,opel,0.8539560706867722
47,4,7,svm,408,bus,bus,0.9751182532752811
47,4,7,svm,436,van,van,1.7537289597724859
47,4,7,svm,437,opel,opel,0.1378114986489125
47,4,7,svm,449,van,van,1.1654580345533496
47,4,7,svm,470,van,van,0.902107866265214
47,4,7,svm,476,opel,opel,1.3428535739956162
47,4,7,svm,479,bus,bus,1.3766906444499
47,4,7,svm,482,opel,saab,0.7130117664306708
47,4,7,svm,490,saab,saab,1.046571583336056
47,4,7,svm,491,saab,saab,0.5030841394688563
47,4,7,svm,500,opel,opel,1.5574111242830684
47,4,7,svm,503,saab,saab,1.3016038111468495
47,4,7,svm,515,opel,opel,0.8172542855628651
47,4,7,svm,518,saab,saab,0.48100502110637233
47,4,7,svm,524,opel,opel,0.22580697200086508
47,4,7,svm,536,saab,opel,0.3275510262836976
47,4,7,svm,550,van,van,1.4514023682992823
47,4,7,svm,562,saab,opel,0.16993488188179828
47,4,7,svm,568,bus,bus,1.593652566551731
47,4,7,svm,585,van,van,1.2453950860212437
47,4,7,svm,589,opel,opel,0.3801053033681585
47,4,7,svm,604,opel,saab,0.7870967637515234
47,4,7,svm,623,saab,saab,1.312157977359034
47,4,7,svm,632,bus,bus,1.5387940154802657
47,4,7,svm,657,van,van,1.8849266422203605
47,4,7,svm,660,van,van,1.245323682700171
47,4,7,svm,672,bus,bus,0.20014941587923352
47,4,7,svm,696,saab,opel,1.3509658053027467
47,4,7,svm,718,opel,opel,0.04793355873852523
47,4,7,svm,727,bus,bus,2.921666935682436
47,4,7,svm,730,opel,opel,0.7951450861771905
47,4,7,svm,734,van,van,1.221497791713477
47,4,7,svm,745,bus,bus,2.1139492556558186
47,4,7,svm,760,opel,saab,0.008106359604030722
47,4,7,svm,767,bus,bus,0.8513026593126144
47,4,7,svm,773,bus,bus,1.1186628263536798
47,4,7,svm,783,saab,opel,0.22956837934716834
47,4,7,svm,794,bus,bus,0.5993096995208737
47,4,7,svm,812,bus,bus,2.41229789572234
47,4,7,svm,813,van,van,2.0753482624373825
47,4,7,svm,830,bus,bus,1.4125603897694288
47,4,7,svm,841,saab,saab,0.454230234400927
47,4,7,mlp,22,bus,bus,
47,4,7,mlp,30,van,van,
47,4,7,mlp,31,saab,van,
47,4,7,mlp,43,saab,saab,
47,4,7,mlp,51,saab,saab,
47,4,7,mlp,58,opel,saab,
47,4,7,mlp,62,van,van,
47,4,7,mlp,71,opel,opel,
47,4,7,mlp,91,opel,saab,
47,4,7,mlp,98,opel,saab,
47,4,7,mlp,105,saab,saab,
47,4,7,mlp,108,bus,bus,
47,4,7,mlp,124,van,van,
47,4,7,mlp,133,van,van,
47,4,7,mlp,152,opel,saab,
47,4,7,mlp,160,opel,bus,
47,4,7,mlp,162,saab,saab,
47,4,7,mlp,168,bus,bus,
47,4,7,mlp,192,saab,saab,
47,4,7,mlp,200,van,van,
47,4,7,mlp,208,bus,bus,
47,4,7,mlp,220,opel,opel,
47,4,7,mlp,237,bus,bus,
47,4,7,mlp,242,bus,bus,
47,4,7,mlp,250,van,van,
47,4,7,mlp,256,saab,saab,
47,4,7,mlp,260,saab,saab,
47,4,7,mlp,263,van,van,
47,4,7,mlp,265,bus,bus,
47,4,7,mlp,267,saab,saab,
47,4,7,mlp,272,van,van,
47,4,7,mlp,287,van,van,
47,4,7,mlp,291,van,van,
47,4,7,mlp,304,bus,bus,
47,4,7,mlp,310,saab,saab,
47,4,7,mlp,312,bus,opel,
47,4,7,mlp,313,opel,saab,
47,4,7,mlp,334,bus,opel,
47,4,7,mlp,348,van,van,
47,4,7,mlp,350,opel,saab,
47,4,7,mlp,357,saab,saab,
47,4,7,mlp,358,opel,bus,
47,4,7,mlp,408,bus,bus,
47,4,7,mlp,436,van,van,
47,4,7,mlp,437,opel,opel,
47,4,7,mlp,449,van,van,
47,4,7,mlp,470,van,van,
47,4,7,mlp,476,opel,opel,
47,4,7,mlp,479,bus,bus,
47,4,7,mlp,482,opel,saab,
47,4,7,mlp,490,saab,saab,
47,4,7,mlp,491,saab,saab,
47,4,7,mlp,500,opel,opel,
47,4,7,mlp,503,saab,saab,
47,4,7,mlp,515,opel,bus,
47,4,7,mlp,518,saab,opel,
47,4,7,mlp,524,opel,saab,
47,4,7,mlp,536,saab,opel,
47,4,7,mlp,550,van,van,
47,4,7,mlp,562,saab,opel,
47,4,7,mlp,568,bus,bus,
47,4,7,mlp,585,van,van,
47,4,7,mlp,589,opel,opel,
47,4,7,mlp,604,opel,saab,
47,4,7,mlp,623,saab,saab,
47,4,7,mlp,632,bus,bus,
47,4,7,mlp,657,van,van,
47,4,7,mlp,660,van,van,
47,4,7,mlp,672,bus,bus,
47,4,7,mlp,696,saab,saab,
47,4,7,mlp,718,opel,opel,
47,4,7,mlp,727,bus,bus,
47,4,7,mlp,730,opel,opel,
47,4,7,mlp,734,van,van,
47,4,7,mlp,745,bus,bus,
47,4,7,mlp,760,opel,saab,
47,4,7,mlp,767,bus,bus,
47,4,7,mlp,773,bus,bus,
47,4,7,mlp,783,saab,opel,
47,4,7,mlp,794,bus,bus,
47,4,7,mlp,812,bus,bus,
47,4,7,mlp,813,van,van,
47,4,7,mlp,830,bus,bus,
47,4,7,mlp,841,saab,saab,
47,4,7,rbf,22,bus,bus,
47,4,7,rbf,30,van,van,
47,4,7,rbf,31,saab,van,
47,4,7,rbf,43,saab,opel,
47,4,7,rbf,51,saab,bus,
47,4,7,rbf,58,opel,saab,
47,4,7,rbf,62,van,van,
47,4,7,rbf,71,opel,opel,
47,4,7,rbf,91,opel,opel,
47,4,7,rbf,98,opel,saab,
47,4,7,rbf,105,saab,saab,
47,4,7,rbf,108,bus,bus,
47,4,7,rbf,124,van,van,
47,4,7,rbf,133,van,van,
47,4,7,rbf,152,opel,saab,
47,4,7,rbf,160,opel,bus,
47,4,7,rbf,162,saab,saab,
47,4,7,rbf,168,bus,bus,
47,4,7,rbf,192,saab,saab,
47,4,7,rbf,200,van,van,
47,4,7,rbf,208,bus,bus,
47,4,7,rbf,220,opel,opel,
47,4,7,rbf,237,bus,bus,
47,4,7,rbf,242,bus,bus,
47,4,7,rbf,250,van,van,
47,4,7,rbf,256,saab,opel,
47,4,7,rbf,260,saab,saab,
47,4,7,rbf,263,van,van,
47,4,7,rbf,265,bus,bus,
47,4,7,rbf,267,saab,saab,
47,4,7,rbf,272,van,van,
47,4,7,rbf,287,van,van,
47,4,7,rbf,291,van,van,
47,4,7,rbf,304,bus,bus,
47,4,7,rbf,310,saab,opel,
47,4,7,rbf,312,bus,bus,
47,4,7,rbf,313,opel,saab,
47,4,7,rbf,334,bus,bus,
47,4,7,rbf,348,van,van,
47,4,7,rbf,350,opel,saab,
47,4,7,rbf,357,saab,saab,
47,4,7,rbf,358,opel,opel,
47,4,7,rbf,408,bus,bus,
47,4,7,rbf,436,van,van,
47,4,7,rbf,437,opel,saab,
47,4,7,rbf,449,van,van,
47,4,7,rbf,470,van,van,
47,4,7,rbf,476,opel,opel,
47,4,7,rbf,479,bus,bus,
47,4,7,rbf,482,opel,saab,
47,4,7,rbf,490,saab,saab,
47,4,7,rbf,491,saab,opel,
47,4,7,rbf,500,opel,opel,
47,4,7,rbf,503,saab,saab,
47,4,7,rbf,515,opel,bus,
47,4,7,rbf,518,saab,saab,
47,4,7,rbf,524,opel,opel,
47,4,7,rbf,536,saab,opel,
47,4,7,rbf,550,van,van,
47,4,7,rbf,562,saab,saab,
47,4,7,rbf,568,bus,bus,
47,4,7,rbf,585,van,van,
47,4,7,rbf,589,opel,opel,
47,4,7,rbf,604,opel,opel,
47,4,7,rbf,623,saab,saab,
47,4,7,rbf,632,bus,bus,
47,4,7,rbf,657,van,van,
47,4,7,rbf,660,van,van,
47,4,7,rbf,672,bus,bus,
47,4,7,rbf,696,saab,opel,
47,4,7,rbf,718,opel,saab,
47,4,7,rbf,727,bus,bus,
47,4,7,rbf,730,opel,opel,
47,4,7,rbf,734,van,van,
47,4,7,rbf,745,bus,bus,
47,4,7,rbf,760,opel,saab,
47,4,7,rbf,767,bus,bus,
47,4,7,rbf,773,bus,bus,
47,4,7,rbf,783,saab,opel,
47,4,7,rbf,794,bus,bus,
47,4,7,rbf,812,bus,bus,
47,4,7,rbf,813,van,van,
47,4,7,rbf,830,bus,bus,
47,4,7,rbf,841,saab,saab,
47,4,7,svm_linear,22,bus,bus,
47,4,7,svm_linear,30,van,van,
47,4,7,svm_linear,31,saab,van,
47,4,7,svm_linear,43,saab,saab,
47,4,7,svm_linear,51,saab,opel,
47,4,7,svm_linear,58,opel,saab,
47,4,7,svm_linear,62,van,van,
47,4,7,svm_linear,71,opel,opel,
47,4,7,svm_linear,91,opel,opel,
47,4,7,svm_linear,98,opel,saab,
47,4,7,svm_linear,105,saab,saab,
47,4,7,svm_linear,108,bus,bus,
47,4,7,svm_linear,124,van,van,
47,4,7,svm_linear,133,van,van,
47,4,7,svm_linear,152,opel,saab,
47,4,7,svm_linear,160,opel,bus,
47,4,7,svm_linear,162,saab,saab,
47,4,7,svm_linear,168,bus,bus,
47,4,7,svm_linear,192,saab,saab,
47,4,7,svm_linear,200,van,van,
47,4,7,svm_linear,208,bus,bus,
47,4,7,svm_linear,220,opel,opel,
47,4,7,svm_linear,237,bus,bus,
47,4,7,svm_linear,242,bus,bus,
47,4,7,svm_linear,250,van,van,
47,4,7,svm_linear,256,saab,opel,
47,4,7,svm_linear,260,saab,saab,
47,4,7,svm_linear,263,van,van,
47,4,7,svm_linear,265,bus,bus,
47,4,7,svm_linear,267,saab,saab,
47,4,7,svm_linear,272,van,van,
47,4,7,svm_linear,287,van,van,
47,4,7,svm_linear,291,van,van,
47,4,7,svm_linear,304,bus,bus,
47,4,7,svm_linear,310,saab,opel,
47,4,7,svm_linear,312,bus,bus,
47,4,7,svm_linear,313,opel,saab,
47,4,7,svm_linear,334,bus,bus,
47,4,7,svm_linear,348,van,van,
47,4,7,svm_linear,350,opel,opel,
47,4,7,svm_linear,357,saab,saab,
47,4,7,svm_linear,358,opel,opel,
47,4,7,svm_linear,408,bus,bus,
47,4,7,svm_linear,436,van,van,
47,4,7,svm_linear,437,opel,saab,
47,4,7,svm_linear,449,van,van,
47,4,7,svm_linear,470,van,van,
47,4,7,svm_linear,476,opel,opel,
47,4,7,svm_linear,479,bus,bus,
47,4,7,svm_linear,482,opel,saab,
47,4,7,svm_linear,490,saab,saab,
47,4,7,svm_linear,491,saab,saab,
47,4,7,svm_linear,500,opel,opel,
47,4,7,svm_linear,503,saab,saab,
47,4,7,svm_linear,515,opel,bus,
47,4,7,svm_linear,518,saab,opel,
47,4,7,svm_linear,524,opel,opel,
47,4,7,svm_linear,536,saab,opel,
47,4,7,svm_linear,550,van,van,
47,4,7,svm_linear,562,saab,saab,
47,4,7,svm_linear,568,bus,bus,
47,4,7,svm_linear,585,van,van,
47,4,7,svm_linear,589,opel,opel,
47,4,7,svm_linear,604,opel,opel,
47,4,7,svm_linear,623,saab,saab,
47,4,7,svm_linear,632,bus,bus,
47,4,7,svm_linear,657,van,van,
47,4,7,svm_linear,660,van,van,
47,4,7,svm_linear,672,bus,bus,
47,4,7,svm_linear,696,saab,opel,
47,4,7,svm_linear,718,opel,saab,
47,4,7,svm_linear,727,bus,bus,
47,4,7,svm_linear,730,opel,opel,
47,4,7,svm_linear,734,van,van,
47,4,7,svm_linear,745,bus,bus,
47,4,7,svm_linear,760,opel,saab,
47,4,7,svm_linear,767,bus,bus,
47,4,7,svm_linear,773,bus,bus,
47,4,7,svm_linear,783,saab,saab,
47,4,7,svm_linear,794,bus,bus,
47,4,7,svm_linear,812,bus,bus,
47,4,7,svm_linear,813,van,van,
47,4,7,svm_linear,830,bus,bus,
47,4,7,svm_linear,841,saab,saab,
47,4,7,svm_unscaled,22,bus,bus,
47,4,7,svm_unscaled,30,van,van,
47,4,7,svm_unscaled,31,saab,van,
47,4,7,svm_unscaled,43,saab,opel,
47,4,7,svm_unscaled,51,saab,opel,
47,4,7,svm_unscaled,58,opel,saab,
47,4,7,svm_unscaled,62,van,van,
47,4,7,svm_unscaled,71,opel,opel,
47,4,7,svm_unscaled,91,opel,saab,
47,4,7,svm_unscaled,98,opel,saab,
47,4,7,svm_unscaled,105,saab,saab,
47,4,7,svm_unscaled,108,bus,bus,
47,4,7,svm_unscaled,124,van,van,
47,4,7,svm_unscaled,133,van,van,
47,4,7,svm_unscaled,152,opel,saab,
47,4,7,svm_unscaled,160,opel,bus,
47,4,7,svm_unscaled,162,saab,opel,
47,4,7,svm_unscaled,168,bus,bus,
47,4,7,svm_unscaled,192,saab,saab,
47,4,7,svm_unscaled,200,van,van,
47,4,7,svm_unscaled,208,bus,bus,
47,4,7,svm_unscaled,220,opel,opel,
47,4,7,svm_unscaled,237,bus,bus,
47,4,7,svm_unscaled,242,bus,bus,
47,4,7,svm_unscaled,250,van,van,
47,4,7,svm_unscaled,256,saab,opel,
47,4,7,svm_unscaled,260,saab,saab,
47,4,7,svm_unscaled,263,van,van,
47,4,7,svm_unscaled,265,bus,bus,
47,4,7,svm_unscaled,267,saab,saab,
47,4,7,svm_unscaled,272,van,van,
47,4,7,svm_unscaled,287,van,van,
47,4,7,svm_unscaled,291,van,van,
47,4,7,svm_unscaled,304,bus,bus,
47,4,7,svm_unscaled,310,saab,opel,
47,4,7,svm_unscaled,312,bus,bus,
47,4,7,svm_unscaled,313,opel,saab,
47,4,7,svm_unscaled,334,bus,bus,
47,4,7,svm_unscaled,348,van,van,
47,4,7,svm_unscaled,350,opel,opel,
47,4,7,svm_unscaled,357,saab,saab,
47,4,7,svm_unscaled,358,opel,opel,
47,4,7,svm_unscaled,408,bus,bus,
47,4,7,svm_unscaled,436,van,van,
47,4,7,svm_unscaled,437,opel,saab,
47,4,7,svm_unscaled,449,van,van,
47,4,7,svm_unscaled,470,van,van,
47,4,7,svm_unscaled,476,opel,opel,
47,4,7,svm_unscaled,479,bus,bus,
47,4,7,svm_unscaled,482,opel,saab,
47,4,7,svm_unscaled,490,saab,saab,
47,4,7,svm_unscaled,491,saab,saab,
47,4,7,svm_unscaled,500,opel,opel,
47,4,7,svm_unscaled,503,saab,saab,
47,4,7,svm_unscaled,515,opel,saab,
47,4,7,svm_unscaled,518,saab,saab,
47,4,7,svm_unscaled,524,opel,saab,
47,4,7,svm_unscaled,536,saab,opel,
47,4,7,svm_unscaled,550,van,van,
47,4,7,svm_unscaled,562,saab,saab,
47,4,7,svm_unscaled,568,bus,bus,
47,4,7,svm_unscaled,585,van,van,
47,4,7,svm_unscaled,589,opel,opel,
47,4,7,svm_unscaled,604,opel,opel,
47,4,7,svm_unscaled,623,saab,saab,
47,4,7,svm_unscaled,632,bus,bus,
47,4,7,svm_unscaled,657,van,van,
47,4,7,svm_unscaled,660,van,van,
47,4,7,svm_unscaled,672,bus,bus,
47,4,7,svm_unscaled,696,saab,opel,
47,4,7,svm_unscaled,718,opel,opel,
47,4,7,svm_unscaled,727,bus,bus,
47,4,7,svm_unscaled,730,opel,opel,
47,4,7,svm_unscaled,734,van,van,
47,4,7,svm_unscaled,745,bus,bus,
47,4,7,svm_unscaled,760,opel,saab,
47,4,7,svm_unscaled,767,bus,bus,
47,4,7,svm_unscaled,773,bus,bus,
47,4,7,svm_unscaled,783,saab,opel,
47,4,7,svm_unscaled,794,bus,bus,
47,4,7,svm_unscaled,812,bus,bus,
47,4,7,svm_unscaled,813,van,van,
47,4,7,svm_unscaled,830,bus,bus,
47,4,7,svm_unscaled,841,saab,saab,
48,4,8,centroid,7,van,van,
48,4,8,centroid,8,van,van,
48,4,8,centroid,9,saab,saab,
48,4,8,centroid,11,saab,van,
48,4,8,centroid,13,van,van,
48,4,8,centroid,19,opel,opel,
48,4,8,centroid,21,van,van,
48,4,8,centroid,38,saab,opel,
48,4,8,centroid,41,van,van,
48,4,8,centroid,56,saab,saab,
48,4,8,centroid,57,van,van,
48,4,8,centroid,61,opel,van,
48,4,8,centroid,64,bus,opel,
48,4,8,centroid,70,opel,opel,
48,4,8,centroid,101,van,van,
48,4,8,centroid,104,bus,opel,
48,4,8,centroid,123,saab,van,
48,4,8,centroid,129,bus,opel,
48,4,8,centroid,132,saab,saab,
48,4,8,centroid,149,van,van,
48,4,8,centroid,161,opel,saab,
48,4,8,centroid,169,van,van,
48,4,8,centroid,177,bus,van,
48,4,8,centroid,178,bus,van,
48,4,8,centroid,182,bus,van,
48,4,8,centroid,190,opel,saab,
48,4,8,centroid,226,saab,saab,
48,4,8,centroid,231,saab,van,
48,4,8,centroid,236,bus,bus,
48,4,8,centroid,240,opel,van,
48,4,8,centroid,244,van,bus,
48,4,8,centroid,261,saab,opel,
48,4,8,centroid,279,bus,van,
48,4,8,centroid,281,bus,bus,
48,4,8,centroid,302,bus,van,
48,4,8,centroid,308,opel,saab,
48,4,8,centroid,318,van,van,
48,4,8,centroid,320,saab,opel,
48,4,8,centroid,349,opel,van,
48,4,8,centroid,364,opel,van,
48,4,8,centroid,377,saab,van,
48,4,8,centroid,381,bus,opel,
48,4,8,centroid,389,opel,opel,
48,4,8,centroid,403,van,van,
48,4,8,centroid,414,van,van,
48,4,8,centroid,428,saab,saab,
48,4,8,centroid,439,saab,opel,
48,4,8,centroid,444,bus,opel,
48,4,8,centroid,473,opel,saab,
48,4,8,centroid,511,opel,van,
48,4,8,centroid,527,opel,saab,
48,4,8,centroid,528,bus,saab,
48,4,8,centroid,533,van,van,
48,4,8,centroid,538,opel,opel,
48,4,8,centroid,545,van,van,
48,4,8,centroid,554,saab,saab,
48,4,8,centroid,556,bus,opel,
48,4,8,centroid,595,opel,bus,
48,4,8,centroid,598,bus,bus,
48,4,8,centroid,603,saab,saab,
48,4,8,centroid,628,bus,saab,
48,4,8,centroid,631,opel,opel,
48,4,8,centroid,641,bus,bus,
48,4,8,centroid,650,saab,opel,
48,4,8,centroid,686,opel,van,
48,4,8,centroid,692,saab,saab,
48,4,8,centroid,698,bus,van,
48,4,8,centroid,700,opel,opel,
48,4,8,centroid,702,opel,saab,
48,4,8,centroid,744,van,saab,
48,4,8,centroid,747,bus,van,
48,4,8,centroid,750,saab,saab,
48,4,8,centroid,764,saab,opel,
48,4,8,centroid,785,bus,bus,
48,4,8,centroid,796,opel,van,
48,4,8,centroid,800,van,van,
48,4,8,centroid,804,opel,opel,
48,4,8,centroid,805,bus,bus,
48,4,8,centroid,807,saab,opel,
48,4,8,centroid,809,saab,van,
48,4,8,centroid,814,bus,bus,
48,4,8,centroid,816,van,bus,
48,4,8,centroid,829,van,bus,
48,4,8,centroid,838,van,van,
48,4,8,knn,7,van,van,
48,4,8,knn,8,van,van,
48,4,8,knn,9,saab,saab,
48,4,8,knn,11,saab,van,
48,4,8,knn,13,van,van,
48,4,8,knn,19,opel,saab,
48,4,8,knn,21,van,opel,
48,4,8,knn,38,saab,saab,
48,4,8,knn,41,van,van,
48,4,8,knn,56,saab,opel,
48,4,8,knn,57,van,van,
48,4,8,knn,61,opel,saab,
48,4,8,knn,64,bus,bus,
48,4,8,knn,70,opel,opel,
48,4,8,knn,101,van,van,
48,4,8,knn,104,bus,bus,
48,4,8,knn,123,saab,van,
48,4,8,knn,129,bus,opel,
48,4,8,knn,132,saab,saab,
48,4,8,knn,149,van,saab,
48,4,8,knn,161,opel,saab,
48,4,8,knn,169,van,van,
48,4,8,knn,177,bus,bus,
48,4,8,knn,178,bus,bus,
48,4,8,knn,182,bus,bus,
48,4,8,knn,190,opel,saab,
48,4,8,knn,226,saab,saab,
48,4,8,knn,231,saab,van,
48,4,8,knn,236,bus,bus,
48,4,8,knn,240,opel,saab,
48,4,8,knn,244,van,van,
48,4,8,knn,261,saab,opel,
48,4,8,knn,279,bus,bus,
48,4,8,knn,281,bus,bus,
48,4,8,knn,302,bus,bus,
48,4,8,knn,308,opel,saab,
48,4,8,knn,318,van,saab,
48,4,8,knn,320,saab,saab,
48,4,8,knn,349,opel,van,
48,4,8,knn,364,opel,saab,
48,4,8,knn,377,saab,van,
48,4,8,knn,381,bus,bus,
48,4,8,knn,389,opel,opel,
48,4,8,knn,403,van,van,
48,4,8,knn,414,van,van,
48,4,8,knn,428,saab,saab,
48,4,8,knn,439,saab,saab,
48,4,8,knn,444,bus,bus,
48,4,8,knn,473,opel,saab,
48,4,8,knn,511,opel,saab,
48,4,8,knn,527,opel,opel,
48,4,8,knn,528,bus,bus,
48,4,8,knn,533,van,van,
48,4,8,knn,538,opel,saab,
48,4,8,knn,545,van,van,
48,4,8,knn,554,saab,saab,
48,4,8,knn,556,bus,bus,
48,4,8,knn,595,opel,saab,
48,4,8,knn,598,bus,bus,
48,4,8,knn,603,saab,saab,
48,4,8,knn,628,bus,bus,
48,4,8,knn,631,opel,opel,
48,4,8,knn,641,bus,bus,
48,4,8,knn,650,saab,opel,
48,4,8,knn,686,opel,van,
48,4,8,knn,692,saab,opel,
48,4,8,knn,698,bus,bus,
48,4,8,knn,700,opel,saab,
48,4,8,knn,702,opel,saab,
48,4,8,knn,744,van,van,
48,4,8,knn,747,bus,bus,
48,4,8,knn,750,saab,opel,
48,4,8,knn,764,saab,opel,
48,4,8,knn,785,bus,bus,
48,4,8,knn,796,opel,van,
48,4,8,knn,800,van,bus,
48,4,8,knn,804,opel,saab,
48,4,8,knn,805,bus,bus,
48,4,8,knn,807,saab,opel,
48,4,8,knn,809,saab,saab,
48,4,8,knn,814,bus,bus,
48,4,8,knn,816,van,van,
48,4,8,knn,829,van,van,
48,4,8,knn,838,van,van,
48,4,8,svm,7,van,van,1.5651158113300618
48,4,8,svm,8,van,van,1.995288459390613
48,4,8,svm,9,saab,saab,0.7405375719624399
48,4,8,svm,11,saab,opel,0.03255683223566708
48,4,8,svm,13,van,van,1.5015566121095678
48,4,8,svm,19,opel,opel,1.1615857202796074
48,4,8,svm,21,van,opel,0.38243693673462875
48,4,8,svm,38,saab,saab,0.10365161162488556
48,4,8,svm,41,van,van,2.0606312336153896
48,4,8,svm,56,saab,saab,1.126972138144513
48,4,8,svm,57,van,van,1.6021295896716676
48,4,8,svm,61,opel,saab,0.8932075932310664
48,4,8,svm,64,bus,bus,0.8833634579501586
48,4,8,svm,70,opel,opel,1.0295771185216587
48,4,8,svm,101,van,van,0.8600802539784014
48,4,8,svm,104,bus,bus,1.3537968023345848
48,4,8,svm,123,saab,opel,0.8157581684841166
48,4,8,svm,129,bus,bus,0.4297023729354782
48,4,8,svm,132,saab,saab,0.9759094649541353
48,4,8,svm,149,van,van,0.7302559249435219
48,4,8,svm,161,opel,saab,0.13720338737942628
48,4,8,svm,169,van,van,1.9974876980527143
48,4,8,svm,177,bus,van,0.41712705346097545
48,4,8,svm,178,bus,bus,1.117039296265803
48,4,8,svm,182,bus,bus,2.1978745028014908
48,4,8,svm,190,opel,opel,0.3928165624882909
48,4,8,svm,226,saab,saab,1.0296265308298043
48,4,8,svm,231,saab,van,0.2968202021374143
48,4,8,svm,236,bus,bus,1.975082096910208
48,4,8,svm,240,opel,opel,1.0321581450498751
48,4,8,svm,244,van,van,1.5139910969965906
48,4,8,svm,261,saab,opel,1.4588853766906988
48,4,8,svm,279,bus,bus,2.002864088719498
48,4,8,svm,281,bus,bus,1.3721766811557015
48,4,8,svm,302,bus,bus,2.175419471723301
48,4,8,svm,308,opel,opel,1.3839292260262992
48,4,8,svm,318,van,van,1.3264581220277187
48,4,8,svm,320,saab,saab,1.1317400741479446
48,4,8,svm,349,opel,van,0.3505680592051453
48,4,8,svm,364,opel,opel,0.6164736421282864
48,4,8,svm,377,saab,saab,0.42963116875895757
48,4,8,svm,381,bus,bus,1.0276230685020804
48,4,8,svm,389,opel,opel,1.1551273143960428
48,4,8,svm,403,van,van,1.990288177010938
48,4,8,svm,414,van,van,1.0242442108257408
48,4,8,svm,428,saab,saab,1.4171626251810063
48,4,8,svm,439,saab,saab,1.188159846060163
48,4,8,svm,444,bus,bus,1.0249252219361515
48,4,8,svm,473,opel,opel,1.0973131821740398
48,4,8,svm,511,opel,saab,1.209428047635205
48,4,8,svm,527,opel,saab,0.29647766179362023
48,4,8,svm,528,bus,bus,1.6242986190087334
48,4,8,svm,533,van,van,2.075422052468141
48,4,8,svm,538,opel,opel,0.83089504020026
48,4,8,svm,545,van,van,2.413588172960063
48,4,8,svm,554,saab,saab,1.1982338595673245
48,4,8,svm,556,bus,bus,0.6328678573950275
48,4,8,svm,595,opel,opel,0.14292922633482075
48,4,8,svm,598,bus,bus,0.9780844271313682
48,4,8,svm,603,saab,opel,0.384731050336951
48,4,8,svm,628,bus,bus,0.6307280606745936
48,4,8,svm,631,opel,opel,1.4602123481104399
48,4,8,svm,641,bus,bus,1.562676290148868
48,4,8,svm,650,saab,opel,0.49585418524875413
48,4,8,svm,686,opel,opel,0.10015030376380912
48,4,8,svm,692,saab,saab,1.0656738027292292
48,4,8,svm,698,bus,bus,0.6781811645824434
48,4,8,svm,700,opel,opel,1.2069824450333149
48,4,8,svm,702,opel,opel,0.010296810484398122
48,4,8,svm,744,van,van,0.6864178338614715
48,4,8,svm,747,bus,bus,1.309628966321256
48,4,8,svm,750,saab,saab,1.3420764108300567
48,4,8,svm,764,saab,saab,1.0532205526711358
48,4,8,svm,785,bus,bus,1.5963629108121564
48,4,8,svm,796,opel,van,0.19412607263394377
48,4,8,svm,800,van,van,0.6951100905811836
48,4,8,svm,804,opel,opel,1.43610589674459
48,4,8,svm,805,bus,bus,1.0666506153512698
48,4,8,svm,807,saab,saab,0.7351374365171139
48,4,8,svm,809,saab,saab,0.5449159114232955
48,4,8,svm,814,bus,bus,1.4888039017612158
48,4,8,svm,816,van,van,2.2595204521927688
48,4,8,svm,829,van,van,1.658315387596235
48,4,8,svm,838,van,van,1.1701387794750495
48,4,8,mlp,7,van,van,
48,4,8,mlp,8,van,van,
48,4,8,mlp,9,saab,saab,
48,4,8,mlp,11,saab,opel,
48,4,8,mlp,13,van,van,
48,4,8,mlp,19,opel,opel,
48,4,8,mlp,21,van,van,
48,4,8,mlp,38,saab,saab,
48,4,8,mlp,41,van,van,
48,4,8,mlp,56,saab,saab,
48,4,8,mlp,57,van,van,
48,4,8,mlp,61,opel,opel,
48,4,8,mlp,64,bus,bus,
48,4,8,mlp,70,opel,opel,
48,4,8,mlp,101,van,van,
48,4,8,mlp,104,bus,bus,
48,4,8,mlp,123,saab,opel,
48,4,8,mlp,129,bus,bus,
48,4,8,mlp,132,saab,saab,
48,4,8,mlp,149,van,van,
48,4,8,mlp,161,opel,saab,
48,4,8,mlp,169,van,van,
48,4,8,mlp,177,bus,van,
48,4,8,mlp,178,bus,bus,
48,4,8,mlp,182,bus,bus,
48,4,8,mlp,190,opel,opel,
48,4,8,mlp,226,saab,saab,
48,4,8,mlp,231,saab,saab,
48,4,8,mlp,236,bus,bus,
48,4,8,mlp,240,opel,saab,
48,4,8,mlp,244,van,van,
48,4,8,mlp,261,saab,saab,
48,4,8,mlp,279,bus,bus,
48,4,8,mlp,281,bus,bus,
48,4,8,mlp,302,bus,bus,
48,4,8,mlp,308,opel,saab,
48,4,8,mlp,318,van,van,
48,4,8,mlp,320,saab,opel,
48,4,8,mlp,349,opel,opel,
48,4,8,mlp,364,opel,saab,
48,4,8,mlp,377,saab,saab,
48,4,8,mlp,381,bus,bus,
48,4,8,mlp,389,opel,opel,
48,4,8,mlp,403,van,van,
48,4,8,mlp,414,van,van,
48,4,8,mlp,428,saab,saab,
48,4,8,mlp,439,saab,saab,
48,4,8,mlp,444,bus,bus,
48,4,8,mlp,473,opel,opel,
48,4,8,mlp,511,opel,saab,
48,4,8,mlp,527,opel,saab,
48,4,8,mlp,528,bus,bus,
48,4,8,mlp,533,van,van,
48,4,8,mlp,538,opel,opel,
48,4,8,mlp,545,van,van,
48,4,8,mlp,554,saab,saab,
48,4,8,mlp,556,bus,bus,
48,4,8,mlp,595,opel,bus,
48,4,8,mlp,598,bus,bus,
48,4,8,mlp,603,saab,opel,
48,4,8,mlp,628,bus,bus,
48,4,8,mlp,631,opel,opel,
48,4,8,mlp,641,bus,bus,
48,4,8,mlp,650,saab,opel,
48,4,8,mlp,686,opel,van,
48,4,8,mlp,692,saab,saab,
48,4,8,mlp,698,bus,bus,
48,4,8,mlp,700,opel,saab,
48,4,8,mlp,702,opel,opel,
48,4,8,mlp,744,van,van,
48,4,8,mlp,747,bus,bus,
48,4,8,mlp,750,saab,saab,
48,4,8,mlp,764,saab,saab,
48,4,8,mlp,785,bus,bus,
48,4,8,mlp,796,opel,van,
48,4,8,mlp,800,van,van,
48,4,8,mlp,804,opel,saab,
48,4,8,mlp,805,bus,bus,
48,4,8,mlp,807,saab,saab,
48,4,8,mlp,809,saab,saab,
48,4,8,mlp,814,bus,bus,
48,4,8,mlp,816,van,van,
48,4,8,mlp,829,van,van,
48,4,8,mlp,838,van,van,
48,4,8,rbf,7,van,van,
48,4,8,rbf,8,van,van,
48,4,8,rbf,9,saab,opel,
48,4,8,rbf,11,saab,saab,
48,4,8,rbf,13,van,van,
48,4,8,rbf,19,opel,opel,
48,4,8,rbf,21,van,van,
48,4,8,rbf,38,saab,opel,
48,4,8,rbf,41,van,van,
48,4,8,rbf,56,saab,saab,
48,4,8,rbf,57,van,van,
48,4,8,rbf,61,opel,opel,
48,4,8,rbf,64,bus,bus,
48,4,8,rbf,70,opel,opel,
48,4,8,rbf,101,van,van,
48,4,8,rbf,104,bus,bus,
48,4,8,rbf,123,saab,opel,
48,4,8,rbf,129,bus,bus,
48,4,8,rbf,132,saab,opel,
48,4,8,rbf,149,van,van,
48,4,8,rbf,161,opel,saab,
48,4,8,rbf,169,van,van,
48,4,8,rbf,177,bus,van,
48,4,8,rbf,178,bus,bus,
48,4,8,rbf,182,bus,bus,
48,4,8,rbf,190,opel,saab,
48,4,8,rbf,226,saab,saab,
48,4,8,rbf,231,saab,van,
48,4,8,rbf,236,bus,bus,
48,4,8,rbf,240,opel,saab,
48,4,8,rbf,244,van,van,
48,4,8,rbf,261,saab,saab,
48,4,8,rbf,279,bus,bus,
48,4,8,rbf,281,bus,bus,
48,4,8,rbf,302,bus,bus,
48,4,8,rbf,308,opel,saab,
48,4,8,rbf,318,van,van,
48,4,8,rbf,320,saab,opel,
48,4,8,rbf,349,opel,opel,
48,4,8,rbf,364,opel,bus,
48,4,8,rbf,377,saab,van,
48,4,8,rbf,381,bus,bus,
48,4,8,rbf,389,opel,opel,
48,4,8,rbf,403,van,van,
48,4,8,rbf,414,van,van,
48,4,8,rbf,428,saab,saab,
48,4,8,rbf,439,saab,opel,
48,4,8,rbf,444,bus,bus,
48,4,8,rbf,473,opel,opel,
48,4,8,rbf,511,opel,opel,
48,4,8,rbf,527,opel,saab,
48,4,8,rbf,528,bus,bus,
48,4,8,rbf,533,van,van,
48,4,8,rbf,538,opel,opel,
48,4,8,rbf,545,van,van,
48,4,8,rbf,554,saab,saab,
48,4,8,rbf,556,bus,bus,
48,4,8,rbf,595,opel,bus,
48,4,8,rbf,598,bus,bus,
48,4,8,rbf,603,saab,opel,
48,4,8,rbf,628,bus,bus,
48,4,8,rbf,631,opel,opel,
48,4,8,rbf,641,bus,bus,
48,4,8,rbf,650,saab,opel,
48,4,8,rbf,686,opel,van,
48,4,8,rbf,692,saab,saab,
48,4,8,rbf,698,bus,bus,
48,4,8,rbf,700,opel,saab,
48,4,8,rbf,702,opel,saab,
48,4,8,rbf,744,van,van,
48,4,8,rbf,747,bus,bus,
48,4,8,rbf,750,saab,saab,
48,4,8,rbf,764,saab,opel,
48,4,8,rbf,785,bus,bus,
48,4,8,rbf,796,opel,van,
48,4,8,rbf,800,van,van,
48,4,8,rbf,804,opel,saab,
48,4,8,rbf,805,bus,bus,
48,4,8,rbf,807,saab,opel,
48,4,8,rbf,809,saab,opel,
48,4,8,rbf,814,bus,bus,
48,4,8,rbf,816,van,van,
48,4,8,rbf,829,van,van,
48,4,8,rbf,838,van,van,
48,4,8,svm_linear,7,van,van,
48,4,8,svm_linear,8,van,van,
48,4,8,svm_linear,9,saab,opel,
48,4,8,svm_linear,11,saab,opel,
48,4,8,svm_linear,13,van,van,
48,4,8,svm_linear,19,opel,opel,
48,4,8,svm_linear,21,van,van,
48,4,8,svm_linear,38,saab,saab,
48,4,8,svm_linear,41,van,van,
48,4,8,svm_linear,56,saab,saab,
48,4,8,svm_linear,57,van,van,
48,4,8,svm_linear,61,opel,opel,
48,4,8,svm_linear,64,bus,bus,
48,4,8,svm_linear,70,opel,bus,
48,4,8,svm_linear,101,van,van,
48,4,8,svm_linear,104,bus,bus,
48,4,8,svm_linear,123,saab,opel,
48,4,8,svm_linear,129,bus,bus,
48,4,8,svm_linear,132,saab,saab,
48,4,8,svm_linear,149,van,van,
48,4,8,svm_linear,161,opel,saab,
48,4,8,svm_linear,169,van,van,
48,4,8,svm_linear,177,bus,van,
48,4,8,svm_linear,178,bus,bus,
48,4,8,svm_linear,182,bus,bus,
48,4,8,svm_linear,190,opel,opel,
48,4,8,svm_linear,226,saab,saab,
48,4,8,svm_linear,231,saab,opel,
48,4,8,svm_linear,236,bus,bus,
48,4,8,svm_linear,240,opel,opel,
48,4,8,svm_linear,244,van,van,
48,4,8,svm_linear,261,saab,opel,
48,4,8,svm_linear,279,bus,bus,
48,4,8,svm_linear,281,bus,bus,
48,4,8,svm_linear,302,bus,bus,
48,4,8,svm_linear,308,opel,saab,
48,4,8,svm_linear,318,van,van,
48,4,8,svm_linear,320,saab,saab,
48,4,8,svm_linear,349,opel,van,
48,4,8,svm_linear,364,opel,opel,
48,4,8,svm_linear,377,saab,opel,
48,4,8,svm_linear,381,bus,bus,
48,4,8,svm_linear,389,opel,opel,
48,4,8,svm_linear,403,van,van,
48,4,8,svm_linear,414,van,van,
48,4,8,svm_linear,428,saab,saab,
48,4,8,svm_linear,439,saab,opel,
48,4,8,svm_linear,444,bus,bus,
48,4,8,svm_linear,473,opel,opel,
48,4,8,svm_linear,511,opel,opel,
48,4,8,svm_linear,527,opel,saab,
48,4,8,svm_linear,528,bus,bus,
48,4,8,svm_linear,533,van,van,
48,4,8,svm_linear,538,opel,opel,
48,4,8,svm_linear,545,van,van,
48,4,8,svm_linear,554,saab,saab,
48,4,8,svm_linear,556,bus,bus,
48,4,8,svm_linear,595,opel,opel,
48,4,8,svm_linear,598,bus,bus,
48,4,8,svm_linear,603,saab,saab,
48,4,8,svm_linear,628,bus,bus,
48,4,8,svm_linear,631,opel,opel,
48,4,8,svm_linear,641,bus,bus,
48,4,8,svm_linear,650,saab,opel,
48,4,8,svm_linear,686,opel,opel,
48,4,8,svm_linear,692,saab,saab,
48,4,8,svm_linear,698,bus,bus,
48,4,8,svm_linear,700,opel,opel,
48,4,8,svm_linear,702,opel,saab,
48,4,8,svm_linear,744,van,van,
48,4,8,svm_linear,747,bus,opel,
48,4,8,svm_linear,750,saab,saab,
48,4,8,svm_linear,764,saab,saab,
48,4,8,svm_linear,785,bus,bus,
48,4,8,svm_linear,796,opel,van,
48,4,8,svm_linear,800,van,van,
48,4,8,svm_linear,804,opel,saab,
48,4,8,svm_linear,805,bus,bus,
48,4,8,svm_linear,807,saab,saab,
48,4,8,svm_linear,809,saab,bus,
48,4,8,svm_linear,814,bus,bus,
48,4,8,svm_linear,816,van,van,
48,4,8,svm_linear,829,van,van,
48,4,8,svm_linear,838,van,van,
48,4,8,svm_unscaled,7,van,van,
48,4,8,svm_unscaled,8,van,van,
48,4,8,svm_unscaled,9,saab,opel,
48,4,8,svm_unscaled,11,saab,opel,
48,4,8,svm_unscaled,13,van,van,
48,4,8,svm_unscaled,19,opel,opel,
48,4,8,svm_unscaled,21,van,van,
48,4,8,svm_unscaled,38,saab,opel,
48,4,8,svm_unscaled,41,van,van,
48,4,8,svm_unscaled,56,saab,saab,
48,4,8,svm_unscaled,57,van,van,
48,4,8,svm_unscaled,61,opel,opel,
48,4,8,svm_unscaled,64,bus,bus,
48,4,8,svm_unscaled,70,opel,opel,
48,4,8,svm_unscaled,101,van,van,
48,4,8,svm_unscaled,104,bus,bus,
48,4,8,svm_unscaled,123,saab,opel,
48,4,8,svm_unscaled,129,bus,opel,
48,4,8,svm_unscaled,132,saab,saab,
48,4,8,svm_unscaled,149,van,van,
48,4,8,svm_unscaled,161,opel,saab,
48,4,8,svm_unscaled,169,van,van,
48,4,8,svm_unscaled,177,bus,van,
48,4,8,svm_unscaled,178,bus,bus,
48,4,8,svm_unscaled,182,bus,bus,
48,4,8,svm_unscaled,190,opel,saab,
48,4,8,svm_unscaled,226,saab,saab,
48,4,8,svm_unscaled,231,saab,opel,
48,4,8,svm_unscaled,236,bus,bus,
48,4,8,svm_unscaled,240,opel,saab,
48,4,8,svm_unscaled,244,van,van,
48,4,8,svm_unscaled,261,saab,saab,
48,4,8,svm_unscaled,279,bus,bus,
48,4,8,svm_unscaled,281,bus,bus,
48,4,8,svm_unscaled,302,bus,bus,
48,4,8,svm_unscaled,308,opel,saab,
48,4,8,svm_unscaled,318,van,van,
48,4,8,svm_unscaled,320,saab,opel,
48,4,8,svm_unscaled,349,opel,van,
48,4,8,svm_unscaled,364,opel,saab,
48,4,8,svm_unscaled,377,saab,van,
48,4,8,svm_unscaled,381,bus,bus,
48,4,8,svm_unscaled,389,opel,opel,
48,4,8,svm_unscaled,403,van,van,
48,4,8,svm_unscaled,414,van,van,
48,4,8,svm_unscaled,428,saab,saab,
48,4,8,svm_unscaled,439,saab,opel,
48,4,8,svm_unscaled,444,bus,bus,
48,4,8,svm_unscaled,473,opel,opel,
48,4,8,svm_unscaled,511,opel,opel,
48,4,8,svm_unscaled,527,opel,saab,
48,4,8,svm_unscaled,528,bus,bus,
48,4,8,svm_unscaled,533,van,van,
48,4,8,svm_unscaled,538,opel,opel,
48,4,8,svm_unscaled,545,van,van,
48,4,8,svm_unscaled,554,saab,saab,
48,4,8,svm_unscaled,556,bus,bus,
48,4,8,svm_unscaled,595,opel,opel,
48,4,8,svm_unscaled,598,bus,bus,
48,4,8,svm_unscaled,603,saab,saab,
48,4,8,svm_unscaled,628,bus,bus,
48,4,8,svm_unscaled,631,opel,opel,
48,4,8,svm_unscaled,641,bus,bus,
48,4,8,svm_unscaled,650,saab,opel,
48,4,8,svm_unscaled,686,opel,van,
48,4,8,svm_unscaled,692,saab,saab,
48,4,8,svm_unscaled,698,bus,bus,
48,4,8,svm_unscaled,700,opel,opel,
48,4,8,svm_unscaled,702,opel,saab,
48,4,8,svm_unscaled,744,van,van,
48,4,8,svm_unscaled,747,bus,bus,
48,4,8,svm_unscaled,750,saab,saab,
48,4,8,svm_unscaled,764,saab,saab,
48,4,8,svm_unscaled,785,bus,bus,
48,4,8,svm_unscaled,796,opel,van,
48,4,8,svm_unscaled,800,van,van,
48,4,8,svm_unscaled,804,opel,saab,
48,4,8,svm_unscaled,805,bus,bus,
48,4,8,svm_unscaled,807,saab,saab,
48,4,8,svm_unscaled,809,saab,bus,
48,4,8,svm_unscaled,814,bus,bus,
48,4,8,svm_unscaled,816,van,van,
48,4,8,svm_unscaled,829,van,van,
48,4,8,svm_unscaled,838,van,van,
49,4,9,centroid,0,van,opel,
49,4,9,centroid,14,bus,opel,
49,4,9,centroid,34,opel,saab,
49,4,9,centroid,48,van,bus,
49,4,9,centroid,53,bus,van,
49,4,9,centroid,73,opel,van,
49,4,9,centroid,79,bus,bus,
49,4,9,centroid,95,opel,opel,
49,4,9,centroid,96,saab,van,
49,4,9,centroid,113,opel,van,
49,4,9,centroid,116,opel,opel,
49,4,9,centroid,125,van,van,
49,4,9,centroid,128,van,saab,
49,4,9,centroid,151,bus,opel,
49,4,9,centroid,153,saab,opel,
49,4,9,centroid,165,opel,opel,
49,4,9,centroid,167,saab,opel,
49,4,9,centroid,171,bus,opel,
49,4,9,centroid,181,opel,van,
49,4,9,centroid,186,bus,saab,
49,4,9,centroid,191,van,van,
49,4,9,centroid,196,saab,opel,
49,4,9,centroid,199,bus,bus,
49,4,9,centroid,202,opel,opel,
49,4,9,centroid,209,opel,opel,
49,4,9,centroid,215,opel,bus,
49,4,9,centroid,216,saab,bus,
49,4,9,centroid,218,bus,van,
49,4,9,centroid,227,van,van,
49,4,9,centroid,229,saab,bus,
49,4,9,centroid,238,opel,opel,
49,4,9,centroid,246,bus,van,
49,4,9,centroid,252,van,van,
49,4,9,centroid,292,bus,bus,
49,4,9,centroid,296,bus,opel,
49,4,9,centroid,315,van,van,
49,4,9,centroid,324,saab,saab,
49,4,9,centroid,335,saab,opel,
49,4,9,centroid,337,bus,opel,
49,4,9,centroid,353,bus,bus,
49,4,9,centroid,361,saab,saab,
49,4,9,centroid,362,saab,opel,
49,4,9,centroid,380,opel,van,
49,4,9,centroid,396,bus,opel,
49,4,9,centroid,418,bus,bus,
49,4,9,centroid,443,opel,opel,
49,4,9,centroid,446,saab,opel,
49,4,9,centroid,450,bus,bus,
49,4,9,centroid,454,saab,opel,
49,4,9,centroid,460,van,van,
49,4,9,centroid,487,saab,saab,
49,4,9,centroid,495,bus,bus,
49,4,9,centroid,512,opel,opel,
49,4,9,centroid,560,opel,opel,
49,4,9,centroid,563,opel,van,
49,4,9,centroid,566,saab,opel,
49,4,9,centroid,578,opel,saab,
49,4,9,centroid,580,bus,bus,
49,4,9,centroid,581,van,van,
49,4,9,centroid,584,bus,opel,
49,4,9,centroid,591,opel,van,
49,4,9,centroid,597,van,van,
49,4,9,centroid,602,opel,opel,
49,4,9,centroid,605,saab,opel,
49,4,9,centroid,622,saab,saab,
49,4,9,centroid,627,bus,van,
49,4,9,centroid,633,opel,opel,
49,4,9,centroid,644,van,saab,
49,4,9,centroid,646,bus,van,
49,4,9,centroid,654,saab,saab,
49,4,9,centroid,659,saab,opel,
49,4,9,centroid,665,van,bus,
49,4,9,centroid,668,van,saab,
49,4,9,centroid,687,bus,opel,
49,4,9,centroid,703,van,van,
49,4,9,centroid,708,van,bus,
49,4,9,centroid,722,van,saab,
49,4,9,centroid,739,van,van,
49,4,9,centroid,740,saab,opel,
49,4,9,centroid,755,van,van,
49,4,9,centroid,757,saab,van,
49,4,9,centroid,769,saab,van,
49,4,9,centroid,782,opel,opel,
49,4,9,centroid,789,saab,bus,
49,4,9,knn,0,van,van,
49,4,9,knn,14,bus,bus,
49,4,9,knn,34,opel,saab,
49,4,9,knn,48,van,van,
49,4,9,knn,53,bus,bus,
49,4,9,knn,73,opel,opel,
49,4,9,knn,79,bus,bus,
49,4,9,knn,95,opel,opel,
49,4,9,knn,96,saab,opel,
49,4,9,knn,113,opel,saab,
49,4,9,knn,116,opel,opel,
49,4,9,knn,125,van,van,
49,4,9,knn,128,van,van,
49,4,9,knn,151,bus,bus,
49,4,9,knn,153,saab,saab,
49,4,9,knn,165,opel,saab,
49,4,9,knn,167,saab,saab,
49,4,9,knn,171,bus,bus,
49,4,9,knn,181,opel,opel,
49,4,9,knn,186,bus,bus,
49,4,9,knn,191,van,van,
49,4,9,knn,196,saab,opel,
49,4,9,knn,199,bus,bus,
49,4,9,knn,202,opel,opel,
49,4,9,knn,209,opel,opel,
49,4,9,knn,215,opel,opel,
49,4,9,knn,216,saab,bus,
49,4,9,knn,218,bus,bus,
49,4,9,knn,227,van,van,
49,4,9,knn,229,saab,bus,
49,4,9,knn,238,opel,opel,
49,4,9,knn,246,bus,bus,
49,4,9,knn,252,van,van,
49,4,9,knn,292,bus,bus,
49,4,9,knn,296,bus,bus,
49,4,9,knn,315,van,van,
49,4,9,knn,324,saab,saab,
49,4,9,knn,335,saab,saab,
49,4,9,knn,337,bus,bus,
49,4,9,knn,353,bus,bus,
49,4,9,knn,361,saab,opel,
49,4,9,knn,362,saab,opel,
49,4,9,knn,380,opel,saab,
49,4,9,knn,396,bus,bus,
49,4,9,knn,418,bus,bus,
49,4,9,knn,443,opel,opel,
49,4,9,knn,446,saab,opel,
49,4,9,knn,450,bus,bus,
49,4,9,knn,454,saab,opel,
49,4,9,knn,460,van,van,
49,4,9,knn,487,saab,opel,
49,4,9,knn,495,bus,bus,
49,4,9,knn,512,opel,opel,
49,4,9,knn,560,opel,opel,
49,4,9,knn,563,opel,opel,
49,4,9,knn,566,saab,saab,
49,4,9,knn,578,opel,opel,
49,4,9,knn,580,bus,bus,
49,4,9,knn,581,van,van,
49,4,9,knn,584,bus,bus,
49,4,9,knn,591,opel,opel,
49,4,9,knn,597,van,van,
49,4,9,knn,602,opel,opel,
49,4,9,knn,605,saab,saab,
49,4,9,knn,622,saab,saab,
49,4,9,knn,627,bus,bus,
49,4,9,knn,633,opel,saab,
49,4,9,knn,644,van,van,
49,4,9,knn,646,bus,bus,
49,4,9,knn,654,saab,saab,
49,4,9,knn,659,saab,saab,
49,4,9,knn,665,van,van,
49,4,9,knn,668,van,van,
49,4,9,knn,687,bus,bus,
49,4,9,knn,703,van,opel,
49,4,9,knn,708,van,van,
49,4,9,knn,722,van,van,
49,4,9,knn,739,van,van,
49,4,9,knn,740,saab,saab,
49,4,9,knn,755,van,van,
49,4,9,knn,757,saab,opel,
49,4,9,knn,769,saab,saab,
49,4,9,knn,782,opel,opel,
49,4,9,knn,789,saab,saab,
49,4,9,svm,0,van,van,0.9929082565314862
49,4,9,svm,14,bus,bus,1.5679281298243253
49,4,9,svm,34,opel,saab,0.02308166380529686
49,4,9,svm,48,van,van,1.919079179434021
49,4,9,svm,53,bus,bus,1.5104697812366878
49,4,9,svm,73,opel,opel,1.3970395651113998
49,4,9,svm,79,bus,bus,0.8116029275920107
49,4,9,svm,95,opel,opel,1.0106328961478108
49,4,9,svm,96,saab,opel,0.8982264417680303
49,4,9,svm,113,opel,van,0.04144162140547944
49,4,9,svm,116,opel,opel,0.32113813742023445
49,4,9,svm,125,van,van,1.3441304263867822
49,4,9,svm,128,van,van,1.7341464183168855
49,4,9,svm,151,bus,bus,1.7229509407951566
49,4,9,svm,153,saab,saab,0.9306368779050249
49,4,9,svm,165,opel,opel,1.1078861860633145
49,4,9,svm,167,saab,saab,0.8890219044613032
49,4,9,svm,171,bus,bus,1.1740012094182777
49,4,9,svm,181,opel,opel,1.1573278208431645
49,4,9,svm,186,bus,bus,1.3797997303668108
49,4,9,svm,191,van,van,0.9827404877978085
49,4,9,svm,196,saab,opel,0.43380044602719736
49,4,9,svm,199,bus,bus,1.1610854522369307
49,4,9,svm,202,opel,opel,0.8293882627640864
49,4,9,svm,209,opel,opel,1.0019811656551003
49,4,9,svm,215,opel,saab,0.21716614355118402
49,4,9,svm,216,saab,bus,0.0012623636155610907
49,4,9,svm,218,bus,bus,0.8862463279970485
49,4,9,svm,227,van,van,1.0306168319815323
49,4,9,svm,229,saab,bus,0.2139292843761334
49,4,9,svm,238,opel,opel,1.422421084514295
49,4,9,svm,246,bus,bus,1.5748677976223517
49,4,9,svm,252,van,van,0.9716714698189177
49,4,9,svm,292,bus,bus,1.4838432567880733
49,4,9,svm,296,bus,bus,1.1739162971422092
49,4,9,svm,315,van,van,1.6087987341764274
49,4,9,svm,324,saab,saab,1.0495897364629867
49,4,9,svm,335,saab,saab,1.243090494028479
49,4,9,svm,337,bus,bus,1.370895974426251
49,4,9,svm,353,bus,bus,1.34360964316389
49,4,9,svm,361,saab,saab,1.1616484527871225
49,4,9,svm,362,saab,saab,0.5959850328166865
49,4,9,svm,380,opel,opel,0.34731983992241133
49,4,9,svm,396,bus,bus,0.9766561601541075
49,4,9,svm,418,bus,bus,1.3682762482524513
49,4,9,svm,443,opel,opel,1.2379781391229407
49,4,9,svm,446,saab,saab,0.3230532771808381
49,4,9,svm,450,bus,bus,1.50895377751166
49,4,9,svm,454,saab,saab,0.7432067071172601
49,4,9,svm,460,van,van,0.6178080718718881
49,4,9,svm,487,saab,saab,0.17217737578146636
49,4,9,svm,495,bus,bus,1.4748002978678847
49,4,9,svm,512,opel,opel,0.41194811908953244
49,4,9,svm,560,opel,opel,0.9711275952197236
49,4,9,svm,563,opel,opel,1.3417736174994985
49,4,9,svm,566,saab,saab,0.916383709265292
49,4,9,svm,578,opel,saab,0.7231712140531785
49,4,9,svm,580,bus,bus,1.393018908493116
49,4,9,svm,581,van,van,0.5091744517773931
49,4,9,svm,584,bus,bus,1.3310390422286429
49,4,9,svm,591,opel,opel,1.015561076850152
49,4,9,svm,597,van,van,1.7396994202783977
49,4,9,svm,602,opel,opel,0.9784626868745251
49,4,9,svm,605,saab,opel,0.28438273975756645
49,4,9,svm,622,saab,saab,1.3254524413636912
49,4,9,svm,627,bus,bus,1.119503134266473
49,4,9,svm,633,opel,opel,0.451136283847724
49,4,9,svm,644,van,van,1.2044138089187688
49,4,9,svm,646,bus,bus,1.3089533526586732
49,4,9,svm,654,saab,saab,0.012802909065083856
49,4,9,svm,659,saab,opel,0.3977330233570542
49,4,9,svm,665,van,van,1.2091872296468673
49,4,9,svm,668,van,van,1.4947533442615941
49,4,9,svm,687,bus,bus,0.6885221431751869
49,4,9,svm,703,van,van,0.863972276801128
49,4,9,svm,708,van,van,1.4012294356169814
49,4,9,svm,722,van,van,1.5079279301586923
49,4,9,svm,739,van,van,1.861901139207372
49,4,9,svm,740,saab,saab,1.0193952765338685
49,4,9,svm,755,van,van,1.424359064222759
49,4,9,svm,757,saab,opel,0.4755197528405728
49,4,9,svm,769,saab,saab,0.46511226101200176
49,4,9,svm,782,opel,opel,1.560668068840696
49,4,9,svm,789,saab,saab,1.1064512923637384
49,4,9,mlp,0,van,van,
49,4,9,mlp,14,bus,bus,
49,4,9,mlp,34,opel,opel,
49,4,9,mlp,48,van,van,
49,4,9,mlp,53,bus,bus,
49,4,9,mlp,73,opel,opel,
49,4,9,mlp,79,bus,bus,
49,4,9,mlp,95,opel,opel,
49,4,9,mlp,96,saab,saab,
49,4,9,mlp,113,opel,saab,
49,4,9,mlp,116,opel,opel,
49,4,9,mlp,125,van,van,
49,4,9,mlp,128,van,van,
49,4,9,mlp,151,bus,bus,
49,4,9,mlp,153,saab,saab,
49,4,9,mlp,165,opel,opel,
49,4,9,mlp,167,saab,saab,
49,4,9,mlp,171,bus,bus,
49,4,9,mlp,181,opel,opel,
49,4,9,mlp,186,bus,bus,
49,4,9,mlp,191,van,van,
49,4,9,mlp,196,saab,opel,
49,4,9,mlp,199,bus,bus,
49,4,9,mlp,202,opel,saab,
49,4,9,mlp,209,opel,opel,
49,4,9,mlp,215,opel,opel,
49,4,9,mlp,216,saab,bus,
49,4,9,mlp,218,bus,bus,
49,4,9,mlp,227,van,van,
49,4,9,mlp,229,saab,bus,
49,4,9,mlp,238,opel,opel,
49,4,9,mlp,246,bus,bus,
49,4,9,mlp,252,van,van,
49,4,9,mlp,292,bus,bus,
49,4,9,mlp,296,bus,bus,
49,4,9,mlp,315,van,van,
49,4,9,mlp,324,saab,saab,
49,4,9,mlp,335,saab,saab,
49,4,9,mlp,337,bus,bus,
49,4,9,mlp,353,bus,bus,
49,4,9,mlp,361,saab,saab,
49,4,9,mlp,362,saab,saab,
49,4,9,mlp,380,opel,bus,
49,4,9,mlp,396,bus,bus,
49,4,9,mlp,418,bus,bus,
49,4,9,mlp,443,opel,opel,
49,4,9,mlp,446,saab,opel,
49,4,9,mlp,450,bus,bus,
49,4,9,mlp,454,saab,saab,
49,4,9,mlp,460,van,van,
49,4,9,mlp,487,saab,bus,
49,4,9,mlp,495,bus,bus,
49,4,9,mlp,512,opel,opel,
49,4,9,mlp,560,opel,opel,
49,4,9,mlp,563,opel,opel,
49,4,9,mlp,566,saab,saab,
49,4,9,mlp,578,opel,opel,
49,4,9,mlp,580,bus,bus,
49,4,9,mlp,581,van,van,
49,4,9,mlp,584,bus,bus,
49,4,9,mlp,591,opel,opel,
49,4,9,mlp,597,van,van,
49,4,9,mlp,602,opel,opel,
49,4,9,mlp,605,saab,opel,
49,4,9,mlp,622,saab,saab,
49,4,9,mlp,627,bus,bus,
49,4,9,mlp,633,opel,opel,
49,4,9,mlp,644,van,van,
49,4,9,mlp,646,bus,bus,
49,4,9,mlp,654,saab,opel,
49,4,9,mlp,659,saab,opel,
49,4,9,mlp,665,van,van,
49,4,9,mlp,668,van,van,
49,4,9,mlp,687,bus,bus,
49,4,9,mlp,703,van,van,
49,4,9,mlp,708,van,van,
49,4,9,mlp,722,van,van,
49,4,9,mlp,739,van,van,
49,4,9,mlp,740,saab,saab,
49,4,9,mlp,755,van,van,
49,4,9,mlp,757,saab,opel,
49,4,9,mlp,769,saab,saab,
49,4,9,mlp,782,opel,opel,
49,4,9,mlp,789,saab,saab,
49,4,9,rbf,0,van,van,
49,4,9,rbf,14,bus,bus,
49,4,9,rbf,34,opel,opel,
49,4,9,rbf,48,van,van,
49,4,9,rbf,53,bus,bus,
49,4,9,rbf,73,opel,saab,
49,4,9,rbf,79,bus,bus,
49,4,9,rbf,95,opel,opel,
49,4,9,rbf,96,saab,saab,
49,4,9,rbf,113,opel,van,
49,4,9,rbf,116,opel,saab,
49,4,9,rbf,125,van,van,
49,4,9,rbf,128,van,van,
49,4,9,rbf,151,bus,bus,
49,4,9,rbf,153,saab,saab,
49,4,9,rbf,165,opel,opel,
49,4,9,rbf,167,saab,saab,
49,4,9,rbf,171,bus,bus,
49,4,9,rbf,181,opel,saab,
49,4,9,rbf,186,bus,bus,
49,4,9,rbf,191,van,van,
49,4,9,rbf,196,saab,saab,
49,4,9,rbf,199,bus,bus,
49,4,9,rbf,202,opel,saab,
49,4,9,rbf,209,opel,opel,
49,4,9,rbf,215,opel,opel,
49,4,9,rbf,216,saab,bus,
49,4,9,rbf,218,bus,bus,
49,4,9,rbf,227,van,van,
49,4,9,rbf,229,saab,bus,
49,4,9,rbf,238,opel,opel,
49,4,9,rbf,246,bus,bus,
49,4,9,rbf,252,van,van,
49,4,9,rbf,292,bus,bus,
49,4,9,rbf,296,bus,bus,
49,4,9,rbf,315,van,van,
49,4,9,rbf,324,saab,saab,
49,4,9,rbf,335,saab,opel,
49,4,9,rbf,337,bus,bus,
49,4,9,rbf,353,bus,bus,
49,4,9,rbf,361,saab,saab,
49,4,9,rbf,362,saab,opel,
49,4,9,rbf,380,opel,bus,
49,4,9,rbf,396,bus,bus,
49,4,9,rbf,418,bus,bus,
49,4,9,rbf,443,opel,saab,
49,4,9,rbf,446,saab,saab,
49,4,9,rbf,450,bus,bus,
49,4,9,rbf,454,saab,saab,
49,4,9,rbf,460,van,van,
49,4,9,rbf,487,saab,bus,
49,4,9,rbf,495,bus,bus,
49,4,9,rbf,512,opel,opel,
49,4,9,rbf,560,opel,opel,
49,4,9,rbf,563,opel,opel,
49,4,9,rbf,566,saab,saab,
49,4,9,rbf,578,opel,opel,
49,4,9,rbf,580,bus,bus,
49,4,9,rbf,581,van,van,
49,4,9,rbf,584,bus,bus,
49,4,9,rbf,591,opel,saab,
49,4,9,rbf,597,van,van,
49,4,9,rbf,602,opel,saab,
49,4,9,rbf,605,saab,opel,
49,4,9,rbf,622,saab,saab,
49,4,9,rbf,627,bus,bus,
49,4,9,rbf,633,opel,saab,
49,4,9,rbf,644,van,van,
49,4,9,rbf,646,bus,bus,
49,4,9,rbf,654,saab,opel,
49,4,9,rbf,659,saab,saab,
49,4,9,rbf,665,van,van,
49,4,9,rbf,668,van,van,
49,4,9,rbf,687,bus,bus,
49,4,9,rbf,703,van,van,
49,4,9,rbf,708,van,van,
49,4,9,rbf,722,van,van,
49,4,9,rbf,739,van,van,
49,4,9,rbf,740,saab,saab,
49,4,9,rbf,755,van,van,
49,4,9,rbf,757,saab,saab,
49,4,9,rbf,769,saab,saab,
49,4,9,rbf,782,opel,opel,
49,4,9,rbf,789,saab,opel,
49,4,9,svm_linear,0,van,van,
49,4,9,svm_linear,14,bus,bus,
49,4,9,svm_linear,34,opel,opel,
49,4,9,svm_linear,48,van,van,
49,4,9,svm_linear,53,bus,bus,
49,4,9,svm_linear,73,opel,saab,
49,4,9,svm_linear,79,bus,bus,
49,4,9,svm_linear,95,opel,opel,
49,4,9,svm_linear,96,saab,saab,
49,4,9,svm_linear,113,opel,saab,
49,4,9,svm_linear,116,opel,saab,
49,4,9,svm_linear,125,van,van,
49,4,9,svm_linear,128,van,van,
49,4,9,svm_linear,151,bus,bus,
49,4,9,svm_linear,153,saab,saab,
49,4,9,svm_linear,165,opel,opel,
49,4,9,svm_linear,167,saab,saab,
49,4,9,svm_linear,171,bus,bus,
49,4,9,svm_linear,181,opel,opel,
49,4,9,svm_linear,186,bus,bus,
49,4,9,svm_linear,191,van,van,
49,4,9,svm_linear,196,saab,opel,
49,4,9,svm_linear,199,bus,bus,
49,4,9,svm_linear,202,opel,opel,
49,4,9,svm_linear,209,opel,opel,
49,4,9,svm_linear,215,opel,saab,
49,4,9,svm_linear,216,saab,opel,
49,4,9,svm_linear,218,bus,bus,
49,4,9,svm_linear,227,van,van,
49,4,9,svm_linear,229,saab,bus,
49,4,9,svm_linear,238,opel,opel,
49,4,9,svm_linear,246,bus,bus,
49,4,9,svm_linear,252,van,van,
49,4,9,svm_linear,292,bus,bus,
49,4,9,svm_linear,296,bus,bus,
49,4,9,svm_linear,315,van,van,
49,4,9,svm_linear,324,saab,saab,
49,4,9,svm_linear,335,saab,saab,
49,4,9,svm_linear,337,bus,bus,
49,4,9,svm_linear,353,bus,bus,
49,4,9,svm_linear,361,saab,saab,
49,4,9,svm_linear,362,saab,opel,
49,4,9,svm_linear,380,opel,saab,
49,4,9,svm_linear,396,bus,bus,
49,4,9,svm_linear,418,bus,bus,
49,4,9,svm_linear,443,opel,opel,
49,4,9,svm_linear,446,saab,opel,
49,4,9,svm_linear,450,bus,bus,
49,4,9,svm_linear,454,saab,saab,
49,4,9,svm_linear,460,van,van,
49,4,9,svm_linear,487,saab,saab,
49,4,9,svm_linear,495,bus,bus,
49,4,9,svm_linear,512,opel,opel,
49,4,9,svm_linear,560,opel,opel,
49,4,9,svm_linear,563,opel,saab,
49,4,9,svm_linear,566,saab,saab,
49,4,9,svm_linear,578,opel,opel,
49,4,9,svm_linear,580,bus,bus,
49,4,9,svm_linear,581,van,van,
49,4,9,svm_linear,584,bus,bus,
49,4,9,svm_linear,591,opel,saab,
49,4,9,svm_linear,597,van,van,
49,4,9,svm_linear,602,opel,opel,
49,4,9,svm_linear,605,saab,opel,
49,4,9,svm_linear,622,saab,saab,
49,4,9,svm_linear,627,bus,bus,
49,4,9,svm_linear,633,opel,opel,
49,4,9,svm_linear,644,van,van,
49,4,9,svm_linear,646,bus,bus,
49,4,9,svm_linear,654,saab,opel,
49,4,9,svm_linear,659,saab,opel,
49,4,9,svm_linear,665,van,van,
49,4,9,svm_linear,668,van,van,
49,4,9,svm_linear,687,bus,bus,
49,4,9,svm_linear,703,van,van,
49,4,9,svm_linear,708,van,van,
49,4,9,svm_linear,722,van,van,
49,4,9,svm_linear,739,van,van,
49,4,9,svm_linear,740,saab,saab,
49,4,9,svm_linear,755,van,van,
49,4,9,svm_linear,757,saab,opel,
49,4,9,svm_linear,769,saab,saab,
49,4,9,svm_linear,782,opel,opel,
49,4,9,svm_linear,789,saab,saab,
49,4,9,svm_unscaled,0,van,van,
49,4,9,svm_unscaled,14,bus,bus,
49,4,9,svm_unscaled,34,opel,opel,
49,4,9,svm_unscaled,48,van,van,
49,4,9,svm_unscaled,53,bus,bus,
49,4,9,svm_unscaled,73,opel,opel,
49,4,9,svm_unscaled,79,bus,bus,
49,4,9,svm_unscaled,95,opel,opel,
49,4,9,svm_unscaled,96,saab,opel,
49,4,9,svm_unscaled,113,opel,saab,
49,4,9,svm_unscaled,116,opel,opel,
49,4,9,svm_unscaled,125,van,van,
49,4,9,svm_unscaled,128,van,van,
49,4,9,svm_unscaled,151,bus,bus,
49,4,9,svm_unscaled,153,saab,saab,
49,4,9,svm_unscaled,165,opel,opel,
49,4,9,svm_unscaled,167,saab,saab,
49,4,9,svm_unscaled,171,bus,bus,
49,4,9,svm_unscaled,181,opel,van,
49,4,9,svm_unscaled,186,bus,bus,
49,4,9,svm_unscaled,191,van,van,
49,4,9,svm_unscaled,196,saab,opel,
49,4,9,svm_unscaled,199,bus,bus,
49,4,9,svm_unscaled,202,opel,opel,
49,4,9,svm_unscaled,209,opel,opel,
49,4,9,svm_unscaled,215,opel,saab,
49,4,9,svm_unscaled,216,saab,bus,
49,4,9,svm_unscaled,218,bus,bus,
49,4,9,svm_unscaled,227,van,van,
49,4,9,svm_unscaled,229,saab,bus,
49,4,9,svm_unscaled,238,opel,opel,
49,4,9,svm_unscaled,246,bus,bus,
49,4,9,svm_unscaled,252,van,van,
49,4,9,svm_unscaled,292,bus,bus,
49,4,9,svm_unscaled,296,bus,bus,
49,4,9,svm_unscaled,315,van,van,
49,4,9,svm_unscaled,324,saab,saab,
49,4,9,svm_unscaled,335,saab,saab,
49,4,9,svm_unscaled,337,bus,bus,
49,4,9,svm_unscaled,353,bus,bus,
49,4,9,svm_unscaled,361,saab,saab,
49,4,9,svm_unscaled,362,saab,saab,
49,4,9,svm_unscaled,380,opel,saab,
49,4,9,svm_unscaled,396,bus,bus,
49,4,9,svm_unscaled,418,bus,bus,
49,4,9,svm_unscaled,443,opel,opel,
49,4,9,svm_unscaled,446,saab,saab,
49,4,9,svm_unscaled,450,bus,bus,
49,4,9,svm_unscaled,454,saab,saab,
49,4,9,svm_unscaled,460,van,van,
49,4,9,svm_unscaled,487,saab,bus,
49,4,9,svm_unscaled,495,bus,bus,
49,4,9,svm_unscaled,512,opel,opel,
49,4,9,svm_unscaled,560,opel,opel,
49,4,9,svm_unscaled,563,opel,saab,
49,4,9,svm_unscaled,566,saab,saab,
49,4,9,svm_unscaled,578,opel,opel,
49,4,9,svm_unscaled,580,bus,bus,
49,4,9,svm_unscaled,581,van,van,
49,4,9,svm_unscaled,584,bus,bus,
49,4,9,svm_unscaled,591,opel,opel,
49,4,9,svm_unscaled,597,van,van,
49,4,9,svm_unscaled,602,opel,opel,
49,4,9,svm_unscaled,605,saab,opel,
49,4,9,svm_unscaled,622,saab,saab,
49,4,9,svm_unscaled,627,bus,bus,
49,4,9,svm_unscaled,633,opel,opel,
49,4,9,svm_unscaled,644,van,van,
49,4,9,svm_unscaled,646,bus,bus,
49,4,9,svm_unscaled,654,saab,saab,
49,4,9,svm_unscaled,659,saab,opel,
49,4,9,svm_unscaled,665,van,van,
49,4,9,svm_unscaled,668,van,van,
49,4,9,svm_unscaled,687,bus,bus,
49,4,9,svm_unscaled,703,van,van,
49,4,9,svm_unscaled,708,van,van,
49,4,9,svm_unscaled,722,van,van,
49,4,9,svm_unscaled,739,van,van,
49,4,9,svm_unscaled,740,saab,saab,
49,4,9,svm_unscaled,755,van,van,
49,4,9,svm_unscaled,757,saab,saab,
49,4,9,svm_unscaled,769,saab,saab,
49,4,9,svm_unscaled,782,opel,opel,
49,4,9,svm_unscaled,789,saab,saab,
